{
"type": "FeatureCollection",
"name": "buildings",
"crs": { "type": "name", "properties": { "name": "urn:ogc:def:crs:OGC:1.3:CRS84" } },
"features": [
{ "type": "Feature", "properties": { "element": "way", "id": 422761018, "building": "apartments", "building:levels": null, "name": "101", "name:ko": null, "name:en": null, "amenity": null, "shop": null, "office": null, "tourism": null, "social_facility": null, "healthcare": null, "addr:street": null, "addr:housenumber": null, "start_date": null, "centroid_x_5179": 1169458.588694514, "centroid_y_5179": 1890957.3411166992, "footprint_area_m2": 1253.7604698867165 }, "geometry": { "type": "Polygon", "coordinates": [ [ [ 129.403978099999989, 37.0020173 ], [ 129.4039396, 37.0019062 ], [ 129.4050014, 37.0016719 ], [ 129.4050399, 37.0017829 ], [ 129.403978099999989, 37.0020173 ] ] ] } },
{ "type": "Feature", "properties": { "element": "way", "id": 422761019, "building": "apartments", "building:levels": null, "name": "102", "name:ko": null, "name:en": null, "amenity": null, "shop": null, "office": null, "tourism": null, "social_facility": null, "healthcare": null, "addr:street": null, "addr:housenumber": null, "start_date": null, "centroid_x_5179": 1169453.9408580603, "centroid_y_5179": 1890928.7955430595, "footprint_area_m2": 1378.2479223364769 }, "geometry": { "type": "Polygon", "coordinates": [ [ [ 129.4038878, 37.0017578 ], [ 129.4038515, 37.0016407 ], [ 129.4049743, 37.0014187 ], [ 129.4050106, 37.0015358 ], [ 129.4038878, 37.0017578 ] ] ] } },
{ "type": "Feature", "properties": { "element": "way", "id": 422761020, "building": "apartments", "building:levels": null, "name": "103", "name:ko": null, "name:en": null, "amenity": null, "shop": null, "office": null, "tourism": null, "social_facility": null, "healthcare": null, "addr:street": null, "addr:housenumber": null, "start_date": null, "centroid_x_5179": 1169447.4769352416, "centroid_y_5179": 1890903.3769249558, "footprint_area_m2": 1314.8276757076401 }, "geometry": { "type": "Polygon", "coordinates": [ [ [ 129.4038161, 37.0015364 ], [ 129.4037783, 37.0014248 ], [ 129.404889200000014, 37.0011844 ], [ 129.404927, 37.0012961 ], [ 129.4038161, 37.0015364 ] ] ] } },
{ "type": "Feature", "properties": { "element": "way", "id": 422761021, "building": "apartments", "building:levels": null, "name": "104", "name:ko": null, "name:en": null, "amenity": null, "shop": null, "office": null, "tourism": null, "social_facility": null, "healthcare": null, "addr:street": null, "addr:housenumber": null, "start_date": null, "centroid_x_5179": 1169443.5728050193, "centroid_y_5179": 1890878.2735510527, "footprint_area_m2": 1279.2644406967427 }, "geometry": { "type": "Polygon", "coordinates": [ [ [ 129.403769399999987, 37.0013068 ], [ 129.4037329, 37.0011972 ], [ 129.4048373, 37.0009631 ], [ 129.4048737, 37.0010726 ], [ 129.403769399999987, 37.0013068 ] ] ] } },
{ "type": "Feature", "properties": { "element": "way", "id": 422761022, "building": "apartments", "building:levels": null, "name": "105", "name:ko": null, "name:en": null, "amenity": null, "shop": null, "office": null, "tourism": null, "social_facility": null, "healthcare": null, "addr:street": null, "addr:housenumber": null, "start_date": null, "centroid_x_5179": 1169452.0365270467, "centroid_y_5179": 1890849.3461884421, "footprint_area_m2": 997.02766404856663 }, "geometry": { "type": "Polygon", "coordinates": [ [ [ 129.4039645, 37.001024 ], [ 129.403928, 37.0009188 ], [ 129.4048191, 37.0007216 ], [ 129.4048556, 37.0008268 ], [ 129.4039645, 37.001024 ] ] ] } },
{ "type": "Feature", "properties": { "element": "way", "id": 422761023, "building": "apartments", "building:levels": null, "name": "201", "name:ko": null, "name:en": null, "amenity": null, "shop": null, "office": null, "tourism": null, "social_facility": null, "healthcare": null, "addr:street": null, "addr:housenumber": null, "start_date": null, "centroid_x_5179": 1169539.8523447895, "centroid_y_5179": 1890937.052685325, "footprint_area_m2": 517.59479983630854 }, "geometry": { "type": "Polygon", "coordinates": [ [ [ 129.4051847, 37.0017473 ], [ 129.4051507, 37.0016404 ], [ 129.40561120000001, 37.001547 ], [ 129.4056452, 37.0016539 ], [ 129.4051847, 37.0017473 ] ] ] } },
{ "type": "Feature", "properties": { "element": "way", "id": 422761024, "building": "apartments", "building:levels": null, "name": "202", "name:ko": null, "name:en": null, "amenity": null, "shop": null, "office": null, "tourism": null, "social_facility": null, "healthcare": null, "addr:street": null, "addr:housenumber": null, "start_date": null, "centroid_x_5179": 1169535.4691990898, "centroid_y_5179": 1890909.7137982592, "footprint_area_m2": 471.28204316683252 }, "geometry": { "type": "Polygon", "coordinates": [ [ [ 129.4051371, 37.0014988 ], [ 129.4051038, 37.0013984 ], [ 129.4055481, 37.0013045 ], [ 129.405581399999988, 37.0014048 ], [ 129.4051371, 37.0014988 ] ] ] } },
{ "type": "Feature", "properties": { "element": "way", "id": 422761025, "building": "apartments", "building:levels": null, "name": "203", "name:ko": null, "name:en": null, "amenity": null, "shop": null, "office": null, "tourism": null, "social_facility": null, "healthcare": null, "addr:street": null, "addr:housenumber": null, "start_date": null, "centroid_x_5179": 1169534.4827565879, "centroid_y_5179": 1890882.7597607162, "footprint_area_m2": 362.96731854748907 }, "geometry": { "type": "Polygon", "coordinates": [ [ [ 129.4051786, 37.0012404 ], [ 129.405150099999986, 37.0011311 ], [ 129.4054722, 37.0010775 ], [ 129.4055007, 37.0011869 ], [ 129.4051786, 37.0012404 ] ] ] } },
{ "type": "Feature", "properties": { "element": "way", "id": 422761026, "building": "apartments", "building:levels": null, "name": "204", "name:ko": null, "name:en": null, "amenity": null, "shop": null, "office": null, "tourism": null, "social_facility": null, "healthcare": null, "addr:street": null, "addr:housenumber": null, "start_date": null, "centroid_x_5179": 1169531.3472641273, "centroid_y_5179": 1890854.9571448963, "footprint_area_m2": 621.89629288962033 }, "geometry": { "type": "Polygon", "coordinates": [ [ [ 129.4050291, 37.0010211 ], [ 129.404993100000013, 37.0009134 ], [ 129.405538799999988, 37.000797 ], [ 129.405574800000011, 37.0009047 ], [ 129.4050291, 37.0010211 ] ] ] } },
{ "type": "Feature", "properties": { "element": "way", "id": 422761027, "building": "apartments", "building:levels": null, "name": "205", "name:ko": null, "name:en": null, "amenity": null, "shop": null, "office": null, "tourism": null, "social_facility": null, "healthcare": null, "addr:street": null, "addr:housenumber": null, "start_date": null, "centroid_x_5179": 1169520.2687264089, "centroid_y_5179": 1890831.4429674493, "footprint_area_m2": 462.99525026365609 }, "geometry": { "type": "Polygon", "coordinates": [ [ [ 129.404976299999987, 37.0007959 ], [ 129.4049398, 37.000684 ], [ 129.4053322, 37.0006025 ], [ 129.4053686, 37.0007144 ], [ 129.404976299999987, 37.0007959 ] ] ] } },
{ "type": "Feature", "properties": { "element": "way", "id": 466987453, "building": "yes", "building:levels": null, "name": "국립통고산 자연휴양림 정보센터", "name:ko": null, "name:en": null, "amenity": null, "shop": null, "office": null, "tourism": "information", "social_facility": null, "healthcare": null, "addr:street": null, "addr:housenumber": null, "start_date": null, "centroid_x_5179": 1150668.2495920714, "centroid_y_5179": 1883040.8858383899, "footprint_area_m2": 118.6457686666908 }, "geometry": { "type": "Polygon", "coordinates": [ [ [ 129.1917228, 36.9337151 ], [ 129.191882600000014, 36.9337738 ], [ 129.1919183, 36.9337118 ], [ 129.1917584, 36.9336531 ], [ 129.1917228, 36.9337151 ] ] ] } },
{ "type": "Feature", "properties": { "element": "way", "id": 466987456, "building": "yes", "building:levels": null, "name": "휴양관", "name:ko": null, "name:en": null, "amenity": null, "shop": null, "office": null, "tourism": null, "social_facility": null, "healthcare": null, "addr:street": null, "addr:housenumber": null, "start_date": null, "centroid_x_5179": 1150756.6147704676, "centroid_y_5179": 1881737.0441680192, "footprint_area_m2": 264.99210723006416 }, "geometry": { "type": "Polygon", "coordinates": [ [ [ 129.1926197, 36.9220533 ], [ 129.1926152, 36.9218468 ], [ 129.19248540000001, 36.9218486 ], [ 129.1924899, 36.922055 ], [ 129.1926197, 36.9220533 ] ] ] } },
{ "type": "Feature", "properties": { "element": "way", "id": 471396460, "building": "yes", "building:levels": null, "name": "울진근남우체국", "name:ko": null, "name:en": null, "amenity": "post_office", "shop": null, "office": null, "tourism": null, "social_facility": null, "healthcare": null, "addr:street": null, "addr:housenumber": null, "start_date": null, "centroid_x_5179": 1168805.3253683199, "centroid_y_5179": 1886601.6351896848, "footprint_area_m2": 191.42035588437724 }, "geometry": { "type": "Polygon", "coordinates": [ [ [ 129.3960667, 36.9627348 ], [ 129.3961665, 36.9628086 ], [ 129.3962875, 36.962704 ], [ 129.3961876, 36.9626302 ], [ 129.3960667, 36.9627348 ] ] ] } },
{ "type": "Feature", "properties": { "element": "way", "id": 472033303, "building": "apartments", "building:levels": null, "name": null, "name:ko": null, "name:en": null, "amenity": null, "shop": null, "office": null, "tourism": null, "social_facility": null, "healthcare": null, "addr:street": null, "addr:housenumber": null, "start_date": null, "centroid_x_5179": 1165996.7320475709, "centroid_y_5179": 1902807.2588986915, "footprint_area_m2": 789.38899340474563 }, "geometry": { "type": "Polygon", "coordinates": [ [ [ 129.368336199999987, 37.1094573 ], [ 129.367964300000011, 37.109064 ], [ 129.3681049, 37.1089945 ], [ 129.3684709, 37.1093856 ], [ 129.368336199999987, 37.1094573 ] ] ] } },
{ "type": "Feature", "properties": { "element": "way", "id": 472033304, "building": "apartments", "building:levels": null, "name": null, "name:ko": null, "name:en": null, "amenity": null, "shop": null, "office": null, "tourism": null, "social_facility": null, "healthcare": null, "addr:street": null, "addr:housenumber": null, "start_date": null, "centroid_x_5179": 1165969.2293078499, "centroid_y_5179": 1902832.6412836402, "footprint_area_m2": 887.90479057828497 }, "geometry": { "type": "Polygon", "coordinates": [ [ [ 129.3680357, 37.109724 ], [ 129.368187400000011, 37.1096539 ], [ 129.367751700000014, 37.1091741 ], [ 129.3676455, 37.1092386 ], [ 129.3680357, 37.109724 ] ] ] } },
{ "type": "Feature", "properties": { "element": "way", "id": 472033308, "building": "apartments", "building:levels": null, "name": null, "name:ko": null, "name:en": null, "amenity": null, "shop": null, "office": null, "tourism": null, "social_facility": null, "healthcare": null, "addr:street": null, "addr:housenumber": null, "start_date": null, "centroid_x_5179": 1165955.7326711894, "centroid_y_5179": 1902744.3304607142, "footprint_area_m2": 908.2057466743945 }, "geometry": { "type": "Polygon", "coordinates": [ [ [ 129.367840300000012, 37.1089021 ], [ 129.3679988, 37.1088129 ], [ 129.367649199999988, 37.1084319 ], [ 129.367484600000012, 37.1085114 ], [ 129.367840300000012, 37.1089021 ] ] ] } },
{ "type": "Feature", "properties": { "element": "way", "id": 472033310, "building": "apartments", "building:levels": null, "name": null, "name:ko": null, "name:en": null, "amenity": null, "shop": null, "office": null, "tourism": null, "social_facility": null, "healthcare": null, "addr:street": null, "addr:housenumber": null, "start_date": null, "centroid_x_5179": 1165924.5678535611, "centroid_y_5179": 1902764.9688424806, "footprint_area_m2": 755.63697339023122 }, "geometry": { "type": "Polygon", "coordinates": [ [ [ 129.367513800000012, 37.1090962 ], [ 129.3676408, 37.109023 ], [ 129.3672709, 37.108612 ], [ 129.3671565, 37.1086884 ], [ 129.367513800000012, 37.1090962 ] ] ] } },
{ "type": "Feature", "properties": { "element": "way", "id": 472033311, "building": "apartments", "building:levels": null, "name": null, "name:ko": null, "name:en": null, "amenity": null, "shop": null, "office": null, "tourism": null, "social_facility": null, "healthcare": null, "addr:street": null, "addr:housenumber": null, "start_date": null, "centroid_x_5179": 1165892.6388862836, "centroid_y_5179": 1902783.8485603917, "footprint_area_m2": 936.48489177867873 }, "geometry": { "type": "Polygon", "coordinates": [ [ [ 129.367166700000013, 37.1093058 ], [ 129.3673062, 37.109232 ], [ 129.3669157, 37.1087558 ], [ 129.3667809, 37.1088375 ], [ 129.367166700000013, 37.1093058 ] ] ] } },
{ "type": "Feature", "properties": { "element": "way", "id": 472033317, "building": "yes", "building:levels": null, "name": "배드민턴장", "name:ko": null, "name:en": null, "amenity": null, "shop": null, "office": null, "tourism": null, "social_facility": null, "healthcare": null, "addr:street": null, "addr:housenumber": null, "start_date": null, "centroid_x_5179": 1165865.0332675022, "centroid_y_5179": 1902809.5060743636, "footprint_area_m2": 794.13473273202794 }, "geometry": { "type": "Polygon", "coordinates": [ [ [ 129.366739, 37.1094522 ], [ 129.3665202, 37.1091991 ], [ 129.3667297, 37.1090811 ], [ 129.3669577, 37.1093416 ], [ 129.366739, 37.1094522 ] ] ] } },
{ "type": "Feature", "properties": { "element": "way", "id": 472033319, "building": "yes", "building:levels": null, "name": "상록골프랜드", "name:ko": null, "name:en": null, "amenity": null, "shop": null, "office": null, "tourism": null, "social_facility": null, "healthcare": null, "addr:street": null, "addr:housenumber": null, "start_date": null, "centroid_x_5179": 1165864.7736700554, "centroid_y_5179": 1902886.7604801592, "footprint_area_m2": 849.92165992132232 }, "geometry": { "type": "Polygon", "coordinates": [ [ [ 129.3666191, 37.1101233 ], [ 129.366543900000011, 37.1100503 ], [ 129.366493100000014, 37.1100747 ], [ 129.3664525, 37.1100114 ], [ 129.366924, 37.1097861 ], [ 129.3669911, 37.1098591 ], [ 129.3669322, 37.1098866 ], [ 129.3670176, 37.1099563 ], [ 129.3666191, 37.1101233 ] ] ] } },
{ "type": "Feature", "properties": { "element": "way", "id": 472033329, "building": "commercial", "building:levels": "4", "name": "한울원자력본부 직원사택 복지관", "name:ko": null, "name:en": null, "amenity": null, "shop": null, "office": null, "tourism": null, "social_facility": null, "healthcare": null, "addr:street": "울진북로", "addr:housenumber": "2149", "start_date": null, "centroid_x_5179": 1166160.5092843336, "centroid_y_5179": 1902697.2013220785, "footprint_area_m2": 2980.917158753758 }, "geometry": { "type": "Polygon", "coordinates": [ [ [ 129.3700614, 37.1086367 ], [ 129.370257900000013, 37.1085606 ], [ 129.37007, 37.1083051 ], [ 129.3702518, 37.1082142 ], [ 129.3703807, 37.1083466 ], [ 129.370491, 37.108273 ], [ 129.370280900000012, 37.1080754 ], [ 129.370132500000011, 37.1078244 ], [ 129.3696137, 37.1081164 ], [ 129.369727399999988, 37.1082737 ], [ 129.3697732, 37.1082516 ], [ 129.3700614, 37.1086367 ] ] ] } },
{ "type": "Feature", "properties": { "element": "way", "id": 472033343, "building": "apartments", "building:levels": null, "name": null, "name:ko": null, "name:en": null, "amenity": null, "shop": null, "office": null, "tourism": null, "social_facility": null, "healthcare": null, "addr:street": null, "addr:housenumber": null, "start_date": null, "centroid_x_5179": 1165990.2175554514, "centroid_y_5179": 1902569.7869259398, "footprint_area_m2": 508.00995141335761 }, "geometry": { "type": "Polygon", "coordinates": [ [ [ 129.3679871, 37.1072258 ], [ 129.3678986, 37.1071016 ], [ 129.3681924, 37.1069464 ], [ 129.368288, 37.1070734 ], [ 129.3679871, 37.1072258 ] ] ] } },
{ "type": "Feature", "properties": { "element": "way", "id": 472033344, "building": "apartments", "building:levels": null, "name": null, "name:ko": null, "name:en": null, "amenity": null, "shop": null, "office": null, "tourism": null, "social_facility": null, "healthcare": null, "addr:street": null, "addr:housenumber": null, "start_date": null, "centroid_x_5179": 1166028.949266501, "centroid_y_5179": 1902573.0118738234, "footprint_area_m2": 1024.5034268497784 }, "geometry": { "type": "Polygon", "coordinates": [ [ [ 129.3686985, 37.1074093 ], [ 129.3688259, 37.1073556 ], [ 129.3684154, 37.1068335 ], [ 129.3682313, 37.1069266 ], [ 129.3683304, 37.1070536 ], [ 129.368376399999988, 37.107031 ], [ 129.3686985, 37.1074093 ] ] ] } },
{ "type": "Feature", "properties": { "element": "way", "id": 472033345, "building": "apartments", "building:levels": null, "name": null, "name:ko": null, "name:en": null, "amenity": null, "shop": null, "office": null, "tourism": null, "social_facility": null, "healthcare": null, "addr:street": null, "addr:housenumber": null, "start_date": null, "centroid_x_5179": 1165984.4567070839, "centroid_y_5179": 1902628.0011037677, "footprint_area_m2": 838.20673153923849 }, "geometry": { "type": "Polygon", "coordinates": [ [ [ 129.367956600000014, 37.1073841 ], [ 129.3682972, 37.1077862 ], [ 129.368162899999987, 37.1078624 ], [ 129.367934, 37.1075645 ], [ 129.3678668, 37.1075984 ], [ 129.3677712, 37.1074855 ], [ 129.367956600000014, 37.1073841 ] ] ] } },
{ "type": "Feature", "properties": { "element": "way", "id": 472033350, "building": "residential", "building:levels": null, "name": null, "name:ko": null, "name:en": null, "amenity": null, "shop": null, "office": null, "tourism": null, "social_facility": null, "healthcare": null, "addr:street": null, "addr:housenumber": null, "start_date": null, "centroid_x_5179": 1166050.5317864821, "centroid_y_5179": 1902652.626944494, "footprint_area_m2": 1146.0601958182388 }, "geometry": { "type": "Polygon", "coordinates": [ [ [ 129.368664, 37.1080736 ], [ 129.3684763, 37.1078555 ], [ 129.368959100000012, 37.1076095 ], [ 129.3691361, 37.1077998 ], [ 129.369007399999987, 37.1078555 ], [ 129.368959100000012, 37.107802 ], [ 129.3687016, 37.1079218 ], [ 129.3687773, 37.1080163 ], [ 129.368664, 37.1080736 ] ] ] } },
{ "type": "Feature", "properties": { "element": "way", "id": 472033351, "building": "residential", "building:levels": null, "name": null, "name:ko": null, "name:en": null, "amenity": null, "shop": null, "office": null, "tourism": null, "social_facility": null, "healthcare": null, "addr:street": null, "addr:housenumber": null, "start_date": null, "centroid_x_5179": 1166072.4545872656, "centroid_y_5179": 1902681.0390937971, "footprint_area_m2": 1226.4530403968367 }, "geometry": { "type": "Polygon", "coordinates": [ [ [ 129.3688125, 37.1082287 ], [ 129.368689100000012, 37.1080897 ], [ 129.368817799999988, 37.1080148 ], [ 129.3688473, 37.1080497 ], [ 129.3691102, 37.10791 ], [ 129.3691586, 37.1079667 ], [ 129.36927510000001, 37.1079062 ], [ 129.3693946, 37.1080544 ], [ 129.3692416, 37.1081303 ], [ 129.3692202, 37.1081089 ], [ 129.3689412, 37.1082501 ], [ 129.368887699999988, 37.1081908 ], [ 129.3688125, 37.1082287 ] ] ] } },
{ "type": "Feature", "properties": { "element": "way", "id": 472033355, "building": "residential", "building:levels": null, "name": null, "name:ko": null, "name:en": null, "amenity": null, "shop": null, "office": null, "tourism": null, "social_facility": null, "healthcare": null, "addr:street": null, "addr:housenumber": null, "start_date": null, "centroid_x_5179": 1166300.6663047341, "centroid_y_5179": 1902694.8086039233, "footprint_area_m2": 894.05152864533466 }, "geometry": { "type": "Polygon", "coordinates": [ [ [ 129.371471899999989, 37.1083245 ], [ 129.3717404, 37.1083245 ], [ 129.3717591, 37.1079986 ], [ 129.3714812, 37.1079874 ], [ 129.371471899999989, 37.1083245 ] ] ] } },
{ "type": "Feature", "properties": { "element": "way", "id": 472033356, "building": "yes", "building:levels": null, "name": null, "name:ko": null, "name:en": null, "amenity": null, "shop": null, "office": "research", "tourism": null, "social_facility": null, "healthcare": null, "addr:street": null, "addr:housenumber": null, "start_date": null, "centroid_x_5179": 1166213.8472455633, "centroid_y_5179": 1902581.0998921616, "footprint_area_m2": 1206.4545554829292 }, "geometry": { "type": "Polygon", "coordinates": [ [ [ 129.3705792, 37.1074206 ], [ 129.3703313, 37.1071484 ], [ 129.3705323, 37.1070404 ], [ 129.3708045, 37.1068916 ], [ 129.3708993, 37.1070134 ], [ 129.370634599999988, 37.1071545 ], [ 129.3707509, 37.1072765 ], [ 129.3705792, 37.1074206 ] ] ] } },
{ "type": "Feature", "properties": { "element": "way", "id": 472033361, "building": "apartments", "building:levels": null, "name": null, "name:ko": null, "name:en": null, "amenity": null, "shop": null, "office": null, "tourism": null, "social_facility": null, "healthcare": null, "addr:street": null, "addr:housenumber": null, "start_date": null, "centroid_x_5179": 1166383.8867080088, "centroid_y_5179": 1902869.5308135261, "footprint_area_m2": 625.93068202824179 }, "geometry": { "type": "Polygon", "coordinates": [ [ [ 129.3724542, 37.1098957 ], [ 129.3723445, 37.1097989 ], [ 129.3727298, 37.1095382 ], [ 129.37283020000001, 37.1096294 ], [ 129.3724542, 37.1098957 ] ] ] } },
{ "type": "Feature", "properties": { "element": "way", "id": 472033362, "building": "apartments", "building:levels": null, "name": null, "name:ko": null, "name:en": null, "amenity": null, "shop": null, "office": null, "tourism": null, "social_facility": null, "healthcare": null, "addr:street": null, "addr:housenumber": null, "start_date": null, "centroid_x_5179": 1166364.5618970322, "centroid_y_5179": 1902848.6403899905, "footprint_area_m2": 544.90720910071991 }, "geometry": { "type": "Polygon", "coordinates": [ [ [ 129.3722248, 37.1096976 ], [ 129.372122100000013, 37.1096241 ], [ 129.3725071, 37.1093643 ], [ 129.372603700000013, 37.1094469 ], [ 129.3722248, 37.1096976 ] ] ] } },
{ "type": "Feature", "properties": { "element": "way", "id": 472033363, "building": "apartments", "building:levels": null, "name": null, "name:ko": null, "name:en": null, "amenity": null, "shop": null, "office": null, "tourism": null, "social_facility": null, "healthcare": null, "addr:street": null, "addr:housenumber": null, "start_date": null, "centroid_x_5179": 1166346.2851363576, "centroid_y_5179": 1902829.2427843951, "footprint_area_m2": 536.65219814418651 }, "geometry": { "type": "Polygon", "coordinates": [ [ [ 129.3720036, 37.1095345 ], [ 129.3719102, 37.1094562 ], [ 129.372318799999988, 37.1091862 ], [ 129.3724029, 37.109257 ], [ 129.3720036, 37.1095345 ] ] ] } },
{ "type": "Feature", "properties": { "element": "way", "id": 472033364, "building": "apartments", "building:levels": null, "name": null, "name:ko": null, "name:en": null, "amenity": null, "shop": null, "office": null, "tourism": null, "social_facility": null, "healthcare": null, "addr:street": null, "addr:housenumber": null, "start_date": null, "centroid_x_5179": 1166322.2969677937, "centroid_y_5179": 1902814.5512036751, "footprint_area_m2": 498.13608054860379 }, "geometry": { "type": "Polygon", "coordinates": [ [ [ 129.3717304, 37.1094004 ], [ 129.3716417, 37.1093315 ], [ 129.372031600000014, 37.1090671 ], [ 129.372126400000013, 37.1091305 ], [ 129.3717304, 37.1094004 ] ] ] } },
{ "type": "Feature", "properties": { "element": "way", "id": 472033403, "building": "apartments", "building:levels": null, "name": null, "name:ko": null, "name:en": null, "amenity": null, "shop": null, "office": null, "tourism": null, "social_facility": null, "healthcare": null, "addr:street": null, "addr:housenumber": null, "start_date": null, "centroid_x_5179": 1166130.451098599, "centroid_y_5179": 1902902.0232313755, "footprint_area_m2": 1352.7175907224332 }, "geometry": { "type": "Polygon", "coordinates": [ [ [ 129.369427, 37.1102174 ], [ 129.3693523, 37.1100423 ], [ 129.3700528, 37.1098896 ], [ 129.3701322, 37.1100721 ], [ 129.369427, 37.1102174 ] ] ] } },
{ "type": "Feature", "properties": { "element": "way", "id": 472033404, "building": "apartments", "building:levels": null, "name": null, "name:ko": null, "name:en": null, "amenity": null, "shop": null, "office": null, "tourism": null, "social_facility": null, "healthcare": null, "addr:street": null, "addr:housenumber": null, "start_date": null, "centroid_x_5179": 1166213.7887138801, "centroid_y_5179": 1902881.9767738932, "footprint_area_m2": 1518.4647697147359 }, "geometry": { "type": "Polygon", "coordinates": [ [ [ 129.3703377, 37.1100274 ], [ 129.3702769, 37.1098338 ], [ 129.3710055, 37.1096885 ], [ 129.371075499999989, 37.1098896 ], [ 129.3703377, 37.1100274 ] ] ] } },
{ "type": "Feature", "properties": { "element": "way", "id": 472035524, "building": "apartments", "building:levels": null, "name": null, "name:ko": null, "name:en": null, "amenity": null, "shop": null, "office": null, "tourism": null, "social_facility": null, "healthcare": null, "addr:street": null, "addr:housenumber": null, "start_date": null, "centroid_x_5179": 1165915.264745493, "centroid_y_5179": 1902670.4476521481, "footprint_area_m2": 803.67256772506835 }, "geometry": { "type": "Polygon", "coordinates": [ [ [ 129.3675297, 37.1081569 ], [ 129.3673916, 37.1082134 ], [ 129.3671934, 37.1079791 ], [ 129.3670483, 37.1080553 ], [ 129.3669846, 37.1079735 ], [ 129.3672501, 37.1078098 ], [ 129.3675297, 37.1081569 ] ] ] } },
{ "type": "Feature", "properties": { "element": "way", "id": 472035545, "building": "yes", "building:levels": null, "name": "부구터미널", "name:ko": null, "name:en": null, "amenity": "bus_station", "shop": null, "office": null, "tourism": null, "social_facility": null, "healthcare": null, "addr:street": null, "addr:housenumber": null, "start_date": null, "centroid_x_5179": 1166565.6857814626, "centroid_y_5179": 1902147.7669687597, "footprint_area_m2": 142.70720649490556 }, "geometry": { "type": "Polygon", "coordinates": [ [ [ 129.3744533, 37.1032598 ], [ 129.3743897, 37.103138 ], [ 129.374491, 37.1031044 ], [ 129.374554499999988, 37.1032262 ], [ 129.3744533, 37.1032598 ] ] ] } },
{ "type": "Feature", "properties": { "element": "way", "id": 472035546, "building": "school", "building:levels": null, "name": null, "name:ko": null, "name:en": null, "amenity": null, "shop": null, "office": null, "tourism": null, "social_facility": null, "healthcare": null, "addr:street": null, "addr:housenumber": null, "start_date": null, "centroid_x_5179": 1166348.4762672205, "centroid_y_5179": 1902083.7309141734, "footprint_area_m2": 1617.7471172250173 }, "geometry": { "type": "Polygon", "coordinates": [ [ [ 129.3713449, 37.1026483 ], [ 129.3713573, 37.1025324 ], [ 129.3726507, 37.1026266 ], [ 129.37263870000001, 37.1027623 ], [ 129.3713449, 37.1026483 ] ] ] } },
{ "type": "Feature", "properties": { "element": "way", "id": 472035558, "building": "apartments", "building:levels": null, "name": "가", "name:ko": null, "name:en": null, "amenity": null, "shop": null, "office": null, "tourism": null, "social_facility": null, "healthcare": null, "addr:street": null, "addr:housenumber": null, "start_date": null, "centroid_x_5179": 1165850.625157878, "centroid_y_5179": 1902001.258647254, "footprint_area_m2": 276.82423196501026 }, "geometry": { "type": "Polygon", "coordinates": [ [ [ 129.3664781, 37.1020745 ], [ 129.366272900000013, 37.1020315 ], [ 129.366315, 37.1019036 ], [ 129.3665203, 37.1019466 ], [ 129.3664781, 37.1020745 ] ] ] } },
{ "type": "Feature", "properties": { "element": "way", "id": 472035559, "building": "apartments", "building:levels": null, "name": "나", "name:ko": null, "name:en": null, "amenity": null, "shop": null, "office": null, "tourism": null, "social_facility": null, "healthcare": null, "addr:street": null, "addr:housenumber": null, "start_date": null, "centroid_x_5179": 1165876.2113106586, "centroid_y_5179": 1901983.3402154809, "footprint_area_m2": 645.30949454103529 }, "geometry": { "type": "Polygon", "coordinates": [ [ [ 129.3663666, 37.1018092 ], [ 129.366397799999987, 37.1017061 ], [ 129.3665943, 37.101744 ], [ 129.3665877, 37.1017658 ], [ 129.3667811, 37.101803 ], [ 129.3667872, 37.1017829 ], [ 129.3669974, 37.1018234 ], [ 129.366966100000013, 37.1019269 ], [ 129.366758800000014, 37.101887 ], [ 129.366753100000011, 37.1019058 ], [ 129.3665581, 37.1018683 ], [ 129.366564399999987, 37.1018473 ], [ 129.3663666, 37.1018092 ] ] ] } },
{ "type": "Feature", "properties": { "element": "way", "id": 472035560, "building": "apartments", "building:levels": null, "name": "다", "name:ko": null, "name:en": null, "amenity": null, "shop": null, "office": null, "tourism": null, "social_facility": null, "healthcare": null, "addr:street": null, "addr:housenumber": null, "start_date": null, "centroid_x_5179": 1165908.217211687, "centroid_y_5179": 1901963.8550980599, "footprint_area_m2": 455.13234871897913 }, "geometry": { "type": "Polygon", "coordinates": [ [ [ 129.3668036, 37.1016633 ], [ 129.3668338, 37.1015627 ], [ 129.367045600000012, 37.1016032 ], [ 129.3670534, 37.1015772 ], [ 129.3672651, 37.1016176 ], [ 129.3672336, 37.1017222 ], [ 129.367031200000014, 37.1016835 ], [ 129.3670246, 37.1017055 ], [ 129.3668036, 37.1016633 ] ] ] } },
{ "type": "Feature", "properties": { "element": "way", "id": 472035561, "building": "apartments", "building:levels": null, "name": "라", "name:ko": null, "name:en": null, "amenity": null, "shop": null, "office": null, "tourism": null, "social_facility": null, "healthcare": null, "addr:street": null, "addr:housenumber": null, "start_date": null, "centroid_x_5179": 1165905.4358042509, "centroid_y_5179": 1901936.903702541, "footprint_area_m2": 694.1649022766303 }, "geometry": { "type": "Polygon", "coordinates": [ [ [ 129.3666886, 37.1013944 ], [ 129.3667235, 37.1012786 ], [ 129.3669107, 37.1013145 ], [ 129.366903, 37.1013402 ], [ 129.3671095, 37.1013798 ], [ 129.367117400000012, 37.1013537 ], [ 129.3673196, 37.1013924 ], [ 129.367286400000012, 37.1015025 ], [ 129.3670879, 37.1014644 ], [ 129.3670804, 37.1014893 ], [ 129.3668687, 37.1014487 ], [ 129.3668743, 37.1014301 ], [ 129.3666886, 37.1013944 ] ] ] } },
{ "type": "Feature", "properties": { "element": "way", "id": 472035562, "building": "apartments", "building:levels": null, "name": "마", "name:ko": null, "name:en": null, "amenity": null, "shop": null, "office": null, "tourism": null, "social_facility": null, "healthcare": null, "addr:street": null, "addr:housenumber": null, "start_date": null, "centroid_x_5179": 1165903.1152585221, "centroid_y_5179": 1901910.1907337622, "footprint_area_m2": 592.89408376732274 }, "geometry": { "type": "Polygon", "coordinates": [ [ [ 129.3666632, 37.1011495 ], [ 129.3666919, 37.1010515 ], [ 129.366893, 37.1010889 ], [ 129.3668869, 37.1011099 ], [ 129.3670653, 37.101143 ], [ 129.367072900000011, 37.1011169 ], [ 129.3672736, 37.1011542 ], [ 129.3672448, 37.1012528 ], [ 129.367049400000013, 37.1012166 ], [ 129.367042199999986, 37.1012411 ], [ 129.366856399999989, 37.1012066 ], [ 129.366862200000014, 37.1011865 ], [ 129.3666632, 37.1011495 ] ] ] } },
{ "type": "Feature", "properties": { "element": "way", "id": 472035571, "building": "public", "building:levels": null, "name": "스포츠센터", "name:ko": null, "name:en": null, "amenity": null, "shop": null, "office": null, "tourism": null, "social_facility": null, "healthcare": null, "addr:street": null, "addr:housenumber": null, "start_date": null, "centroid_x_5179": 1166491.7336135509, "centroid_y_5179": 1901724.8538677662, "footprint_area_m2": 2299.5510073991086 }, "geometry": { "type": "Polygon", "coordinates": [ [ [ 129.3734088, 37.0993043 ], [ 129.3733954, 37.0990027 ], [ 129.3736207, 37.0989941 ], [ 129.3736341, 37.0990861 ], [ 129.3737092, 37.0991439 ], [ 129.3737494, 37.0992465 ], [ 129.3737199, 37.0993535 ], [ 129.3736716, 37.0994583 ], [ 129.3736395, 37.0995054 ], [ 129.3735939, 37.0994861 ], [ 129.3735563, 37.0995139 ], [ 129.3737011, 37.0996102 ], [ 129.3737923, 37.0996145 ], [ 129.3738487, 37.0996487 ], [ 129.3736582, 37.0997963 ], [ 129.373333699999989, 37.0995525 ], [ 129.3732747, 37.0995503 ], [ 129.373245200000014, 37.0995097 ], [ 129.373258600000014, 37.0994754 ], [ 129.373392700000011, 37.0993792 ], [ 129.3733766, 37.0993599 ], [ 129.3734249, 37.0993236 ], [ 129.3734088, 37.0993043 ] ] ] } },
{ "type": "Feature", "properties": { "element": "way", "id": 472035575, "building": "museum", "building:levels": null, "name": "원자력홍보관", "name:ko": null, "name:en": null, "amenity": null, "shop": null, "office": null, "tourism": "museum", "social_facility": null, "healthcare": null, "addr:street": null, "addr:housenumber": null, "start_date": null, "centroid_x_5179": 1166335.9707841785, "centroid_y_5179": 1901447.3857792516, "footprint_area_m2": 2019.8211357619298 }, "geometry": { "type": "Polygon", "coordinates": [ [ [ 129.3716441, 37.0973108 ], [ 129.3718158, 37.0970349 ], [ 129.372076, 37.0968209 ], [ 129.3717005, 37.0965428 ], [ 129.371534200000013, 37.0966883 ], [ 129.371708500000011, 37.0968487 ], [ 129.371582499999988, 37.096975 ], [ 129.37144570000001, 37.0972317 ], [ 129.3716441, 37.0973108 ] ] ] } },
{ "type": "Feature", "properties": { "element": "way", "id": 472035576, "building": "public", "building:levels": null, "name": null, "name:ko": null, "name:en": null, "amenity": null, "shop": null, "office": null, "tourism": null, "social_facility": null, "healthcare": null, "addr:street": null, "addr:housenumber": null, "start_date": null, "centroid_x_5179": 1166456.9831569241, "centroid_y_5179": 1901434.6842758281, "footprint_area_m2": 5482.3933980383936 }, "geometry": { "type": "Polygon", "coordinates": [ [ [ 129.3720116, 37.0965984 ], [ 129.372148399999986, 37.0964701 ], [ 129.3721913, 37.0965086 ], [ 129.3722584, 37.0964444 ], [ 129.3723254, 37.0964316 ], [ 129.3724139, 37.0964572 ], [ 129.3724622, 37.0965064 ], [ 129.3725105, 37.0965428 ], [ 129.3725829, 37.0964979 ], [ 129.3726097, 37.0964808 ], [ 129.372548099999989, 37.0964358 ], [ 129.3726392, 37.0963674 ], [ 129.3726929, 37.0963995 ], [ 129.3729102, 37.0962283 ], [ 129.373140799999987, 37.0964123 ], [ 129.3730818, 37.0964594 ], [ 129.373532399999988, 37.0967781 ], [ 129.373457300000013, 37.0968423 ], [ 129.3737899, 37.0971033 ], [ 129.3738892, 37.0970691 ], [ 129.3739428, 37.0971076 ], [ 129.3739669, 37.0970819 ], [ 129.3741037, 37.0971675 ], [ 129.3740635, 37.0971974 ], [ 129.3741037, 37.0972295 ], [ 129.3738918, 37.0974071 ], [ 129.373843599999987, 37.0973686 ], [ 129.3737658, 37.0974199 ], [ 129.373647799999986, 37.0973344 ], [ 129.3737175, 37.0972766 ], [ 129.3736826, 37.0972424 ], [ 129.373639700000012, 37.0972167 ], [ 129.3736236, 37.0972402 ], [ 129.373261500000012, 37.0969792 ], [ 129.373309799999987, 37.0969364 ], [ 129.3732588, 37.0968937 ], [ 129.3732803, 37.0968723 ], [ 129.3732292, 37.0968355 ], [ 129.3731307, 37.0967633 ], [ 129.3732154, 37.0966898 ], [ 129.3730449, 37.0965648 ], [ 129.372971799999988, 37.0964872 ], [ 129.372904799999986, 37.0965407 ], [ 129.372978499999988, 37.0965931 ], [ 129.372876600000012, 37.0966808 ], [ 129.3727144, 37.0965599 ], [ 129.372481, 37.0967482 ], [ 129.372363, 37.0967717 ], [ 129.3722637, 37.0967717 ], [ 129.3721806, 37.0967332 ], [ 129.3720116, 37.0965984 ] ] ] } },
{ "type": "Feature", "properties": { "element": "way", "id": 472035585, "building": "school", "building:levels": null, "name": null, "name:ko": null, "name:en": null, "amenity": null, "shop": null, "office": null, "tourism": null, "social_facility": null, "healthcare": null, "addr:street": null, "addr:housenumber": null, "start_date": null, "centroid_x_5179": 1170673.7332064111, "centroid_y_5179": 1897980.4024289011, "footprint_area_m2": 2735.9385668315108 }, "geometry": { "type": "Polygon", "coordinates": [ [ [ 129.4207164, 37.065342 ], [ 129.4196593, 37.0648911 ], [ 129.419578, 37.0650111 ], [ 129.419334099999986, 37.0648878 ], [ 129.4193056, 37.0649365 ], [ 129.4190739, 37.0648489 ], [ 129.4193056, 37.064505 ], [ 129.4195171, 37.0645861 ], [ 129.4194683, 37.0646997 ], [ 129.4207773, 37.0652609 ], [ 129.4207164, 37.065342 ] ] ] } },
{ "type": "Feature", "properties": { "element": "way", "id": 472035587, "building": "school", "building:levels": null, "name": null, "name:ko": null, "name:en": null, "amenity": null, "shop": null, "office": null, "tourism": null, "social_facility": null, "healthcare": null, "addr:street": null, "addr:housenumber": null, "start_date": null, "centroid_x_5179": 1170809.8135536418, "centroid_y_5179": 1898034.1961570806, "footprint_area_m2": 2080.1637947015233 }, "geometry": { "type": "Polygon", "coordinates": [ [ [ 129.420838300000014, 37.0655561 ], [ 129.4207448, 37.0654588 ], [ 129.4217693, 37.0649332 ], [ 129.4218588, 37.0650143 ], [ 129.421005, 37.0654782 ], [ 129.421110700000014, 37.0656047 ], [ 129.4214034, 37.065449 ], [ 129.4214929, 37.0655691 ], [ 129.4211148, 37.0657507 ], [ 129.421037500000011, 37.0656599 ], [ 129.421078200000011, 37.0656274 ], [ 129.4209684, 37.0655009 ], [ 129.420838300000014, 37.0655561 ] ] ] } },
{ "type": "Feature", "properties": { "element": "way", "id": 472035589, "building": "school", "building:levels": null, "name": null, "name:ko": null, "name:en": null, "amenity": null, "shop": null, "office": null, "tourism": null, "social_facility": null, "healthcare": null, "addr:street": null, "addr:housenumber": null, "start_date": null, "centroid_x_5179": 1170890.8650696639, "centroid_y_5179": 1897859.59392284, "footprint_area_m2": 2657.2585102838893 }, "geometry": { "type": "Polygon", "coordinates": [ [ [ 129.42144, 37.0637978 ], [ 129.421423800000014, 37.0636291 ], [ 129.422558, 37.0636032 ], [ 129.4225702, 37.0637751 ], [ 129.422358800000012, 37.0637783 ], [ 129.422371, 37.0639146 ], [ 129.4228507, 37.0638821 ], [ 129.4228507, 37.0639957 ], [ 129.422200299999986, 37.0640184 ], [ 129.4221921, 37.0639276 ], [ 129.4222978, 37.0639211 ], [ 129.4222856, 37.0637783 ], [ 129.42144, 37.0637978 ] ] ] } },
{ "type": "Feature", "properties": { "element": "way", "id": 472035590, "building": "school", "building:levels": null, "name": null, "name:ko": null, "name:en": null, "amenity": null, "shop": null, "office": null, "tourism": null, "social_facility": null, "healthcare": null, "addr:street": null, "addr:housenumber": null, "start_date": null, "centroid_x_5179": 1170804.5390015794, "centroid_y_5179": 1897821.8731836309, "footprint_area_m2": 1858.007194129153 }, "geometry": { "type": "Polygon", "coordinates": [ [ [ 129.420927799999987, 37.0636518 ], [ 129.420911499999988, 37.0633858 ], [ 129.4209684, 37.0633793 ], [ 129.420976599999989, 37.0632982 ], [ 129.4210457, 37.0632787 ], [ 129.4210416, 37.0632268 ], [ 129.421366799999987, 37.0632009 ], [ 129.421399400000013, 37.0636486 ], [ 129.420927799999987, 37.0636518 ] ] ] } },
{ "type": "Feature", "properties": { "element": "way", "id": 472035591, "building": "yes", "building:levels": null, "name": null, "name:ko": null, "name:en": null, "amenity": "library", "shop": null, "office": null, "tourism": null, "social_facility": null, "healthcare": null, "addr:street": null, "addr:housenumber": null, "start_date": null, "centroid_x_5179": 1170589.3888836717, "centroid_y_5179": 1897983.1768062334, "footprint_area_m2": 321.67605517052198 }, "geometry": { "type": "Polygon", "coordinates": [ [ [ 129.4186684, 37.0650245 ], [ 129.418644199999989, 37.0649004 ], [ 129.4189017, 37.0648533 ], [ 129.4189259, 37.0649731 ], [ 129.4186684, 37.0650245 ] ] ] } },
{ "type": "Feature", "properties": { "element": "way", "id": 472037370, "building": "school", "building:levels": null, "name": null, "name:ko": null, "name:en": null, "amenity": null, "shop": null, "office": null, "tourism": null, "social_facility": null, "healthcare": null, "addr:street": null, "addr:housenumber": null, "start_date": null, "centroid_x_5179": 1166290.0713086198, "centroid_y_5179": 1902033.6154201974, "footprint_area_m2": 1014.2670082758073 }, "geometry": { "type": "Polygon", "coordinates": [ [ [ 129.371472, 37.102393 ], [ 129.3715109, 37.1020458 ], [ 129.3712172, 37.1020091 ], [ 129.3711888, 37.1023676 ], [ 129.371472, 37.102393 ] ] ] } },
{ "type": "Feature", "properties": { "element": "way", "id": 472037371, "building": "school", "building:levels": null, "name": null, "name:ko": null, "name:en": null, "amenity": null, "shop": null, "office": null, "tourism": null, "social_facility": null, "healthcare": null, "addr:street": null, "addr:housenumber": null, "start_date": null, "centroid_x_5179": 1166261.9421538524, "centroid_y_5179": 1902068.751238985, "footprint_area_m2": 496.49921428696166 }, "geometry": { "type": "Polygon", "coordinates": [ [ [ 129.370803099999989, 37.1025652 ], [ 129.3712667, 37.1025906 ], [ 129.371273800000012, 37.1024805 ], [ 129.3707995, 37.1024608 ], [ 129.370803099999989, 37.1025652 ] ] ] } },
{ "type": "Feature", "properties": { "element": "way", "id": 472037372, "building": "yes", "building:levels": null, "name": "북면농협 하나로마트", "name:ko": null, "name:en": null, "amenity": null, "shop": "supermarket", "office": null, "tourism": null, "social_facility": null, "healthcare": null, "addr:street": null, "addr:housenumber": null, "start_date": null, "centroid_x_5179": 1166486.9157944247, "centroid_y_5179": 1902041.9494465964, "footprint_area_m2": 587.1871641781571 }, "geometry": { "type": "Polygon", "coordinates": [ [ [ 129.373610899999989, 37.1024164 ], [ 129.373370599999987, 37.1021571 ], [ 129.3735108, 37.1020625 ], [ 129.3737588, 37.1023402 ], [ 129.373610899999989, 37.1024164 ] ] ] } },
{ "type": "Feature", "properties": { "element": "way", "id": 472037373, "building": "yes", "building:levels": null, "name": "북면농협", "name:ko": null, "name:en": null, "amenity": "bank", "shop": null, "office": null, "tourism": null, "social_facility": null, "healthcare": null, "addr:street": null, "addr:housenumber": null, "start_date": null, "centroid_x_5179": 1166478.6736657496, "centroid_y_5179": 1902067.1157616258, "footprint_area_m2": 446.23013399633578 }, "geometry": { "type": "Polygon", "coordinates": [ [ [ 129.3734877, 37.1026105 ], [ 129.373309, 37.1024176 ], [ 129.3734569, 37.1023316 ], [ 129.3736448, 37.1025208 ], [ 129.3734877, 37.1026105 ] ] ] } },
{ "type": "Feature", "properties": { "element": "way", "id": 472037375, "building": "commercial", "building:levels": null, "name": null, "name:ko": null, "name:en": null, "amenity": null, "shop": null, "office": null, "tourism": null, "social_facility": null, "healthcare": null, "addr:street": null, "addr:housenumber": null, "start_date": null, "centroid_x_5179": 1166469.0988674499, "centroid_y_5179": 1901948.8642788085, "footprint_area_m2": 165.26829143532839 }, "geometry": { "type": "Polygon", "coordinates": [ [ [ 129.373329500000011, 37.1015059 ], [ 129.3732502, 37.1013243 ], [ 129.373386399999987, 37.1013535 ], [ 129.373427099999986, 37.1014394 ], [ 129.373329500000011, 37.1015059 ] ] ] } },
{ "type": "Feature", "properties": { "element": "way", "id": 472037376, "building": "commercial", "building:levels": null, "name": null, "name:ko": null, "name:en": null, "amenity": null, "shop": null, "office": null, "tourism": null, "social_facility": null, "healthcare": null, "addr:street": null, "addr:housenumber": null, "start_date": null, "centroid_x_5179": 1166437.8780813694, "centroid_y_5179": 1901935.9385060333, "footprint_area_m2": 309.6515910205751 }, "geometry": { "type": "Polygon", "coordinates": [ [ [ 129.373114, 37.1013843 ], [ 129.3731526, 37.1012854 ], [ 129.3728538, 37.1012092 ], [ 129.372825400000011, 37.1013065 ], [ 129.373114, 37.1013843 ] ] ] } },
{ "type": "Feature", "properties": { "element": "way", "id": 472037377, "building": "commercial", "building:levels": null, "name": null, "name:ko": null, "name:en": null, "amenity": null, "shop": null, "office": null, "tourism": null, "social_facility": null, "healthcare": null, "addr:street": null, "addr:housenumber": null, "start_date": null, "centroid_x_5179": 1166433.7110982069, "centroid_y_5179": 1901984.496281262, "footprint_area_m2": 350.88442132961973 }, "geometry": { "type": "Polygon", "coordinates": [ [ [ 129.372898600000013, 37.101869 ], [ 129.3728701, 37.1016064 ], [ 129.3730124, 37.1016032 ], [ 129.3730246, 37.1018707 ], [ 129.372898600000013, 37.101869 ] ] ] } },
{ "type": "Feature", "properties": { "element": "way", "id": 472037380, "building": "commercial", "building:levels": null, "name": null, "name:ko": null, "name:en": null, "amenity": null, "shop": null, "office": null, "tourism": null, "social_facility": null, "healthcare": null, "addr:street": null, "addr:housenumber": null, "start_date": null, "centroid_x_5179": 1166555.9542010219, "centroid_y_5179": 1902132.8781679205, "footprint_area_m2": 112.72858283226898 }, "geometry": { "type": "Polygon", "coordinates": [ [ [ 129.3743593, 37.1031216 ], [ 129.3742799, 37.1030157 ], [ 129.3743594, 37.1029778 ], [ 129.3744388, 37.1030836 ], [ 129.3743593, 37.1031216 ] ] ] } },
{ "type": "Feature", "properties": { "element": "way", "id": 472037381, "building": "commercial", "building:levels": null, "name": null, "name:ko": null, "name:en": null, "amenity": null, "shop": null, "office": null, "tourism": null, "social_facility": null, "healthcare": null, "addr:street": null, "addr:housenumber": null, "start_date": null, "centroid_x_5179": 1166548.7602604604, "centroid_y_5179": 1902121.406532194, "footprint_area_m2": 78.008503021447552 }, "geometry": { "type": "Polygon", "coordinates": [ [ [ 129.3742727, 37.1030055 ], [ 129.3742076, 37.102936 ], [ 129.374286899999987, 37.1028888 ], [ 129.3743398, 37.1029634 ], [ 129.3742727, 37.1030055 ] ] ] } },
{ "type": "Feature", "properties": { "element": "way", "id": 472037382, "building": "commercial", "building:levels": null, "name": null, "name:ko": null, "name:en": null, "amenity": null, "shop": null, "office": null, "tourism": null, "social_facility": null, "healthcare": null, "addr:street": null, "addr:housenumber": null, "start_date": null, "centroid_x_5179": 1166512.1088975954, "centroid_y_5179": 1902167.1869450754, "footprint_area_m2": 476.71672558781211 }, "geometry": { "type": "Polygon", "coordinates": [ [ [ 129.3738275, 37.1034103 ], [ 129.3738047, 37.1034224 ], [ 129.373883799999987, 37.1035106 ], [ 129.3739099, 37.1034988 ], [ 129.373921200000012, 37.103513 ], [ 129.3739889, 37.1034945 ], [ 129.3740297, 37.1034593 ], [ 129.3739998, 37.1033992 ], [ 129.373948500000012, 37.1033284 ], [ 129.3738981, 37.1032762 ], [ 129.3738016, 37.1032085 ], [ 129.373703400000011, 37.1032602 ], [ 129.3738275, 37.1034103 ] ] ] } },
{ "type": "Feature", "properties": { "element": "way", "id": 472037383, "building": "commercial", "building:levels": null, "name": "용추골 미궁 순대국", "name:ko": null, "name:en": null, "amenity": null, "shop": null, "office": null, "tourism": null, "social_facility": null, "healthcare": null, "addr:street": null, "addr:housenumber": null, "start_date": null, "centroid_x_5179": 1166567.8013870039, "centroid_y_5179": 1902187.0567197637, "footprint_area_m2": 159.27536187435405 }, "geometry": { "type": "Polygon", "coordinates": [ [ [ 129.374427, 37.1035987 ], [ 129.3743843, 37.1035306 ], [ 129.374587600000012, 37.1034706 ], [ 129.3746181, 37.1035452 ], [ 129.374427, 37.1035987 ] ] ] } },
{ "type": "Feature", "properties": { "element": "way", "id": 472037384, "building": "yes", "building:levels": null, "name": "홈마트", "name:ko": null, "name:en": null, "amenity": null, "shop": "supermarket", "office": null, "tourism": null, "social_facility": null, "healthcare": null, "addr:street": null, "addr:housenumber": null, "start_date": null, "centroid_x_5179": 1166572.8862558231, "centroid_y_5179": 1902201.177725655, "footprint_area_m2": 286.25275701058416 }, "geometry": { "type": "Polygon", "coordinates": [ [ [ 129.374620099999987, 37.1035647 ], [ 129.3744433, 37.1036117 ], [ 129.3745103, 37.1037576 ], [ 129.3746851, 37.1037155 ], [ 129.374620099999987, 37.1035647 ] ] ] } },
{ "type": "Feature", "properties": { "element": "way", "id": 472037385, "building": "commercial", "building:levels": null, "name": null, "name:ko": null, "name:en": null, "amenity": null, "shop": null, "office": null, "tourism": null, "social_facility": null, "healthcare": null, "addr:street": null, "addr:housenumber": null, "start_date": null, "centroid_x_5179": 1166572.0090750617, "centroid_y_5179": 1902226.2114849801, "footprint_area_m2": 262.69014941170826 }, "geometry": { "type": "Polygon", "coordinates": [ [ [ 129.374403699999988, 37.1039341 ], [ 129.3743916, 37.1038752 ], [ 129.374686700000012, 37.1038143 ], [ 129.3746947, 37.1039351 ], [ 129.374403699999988, 37.1039341 ] ] ] } },
{ "type": "Feature", "properties": { "element": "way", "id": 472037386, "building": "commercial", "building:levels": null, "name": null, "name:ko": null, "name:en": null, "amenity": null, "shop": null, "office": null, "tourism": null, "social_facility": null, "healthcare": null, "addr:street": null, "addr:housenumber": null, "start_date": null, "centroid_x_5179": 1166576.7848437289, "centroid_y_5179": 1902214.0589050059, "footprint_area_m2": 107.29574251497719 }, "geometry": { "type": "Polygon", "coordinates": [ [ [ 129.3745298, 37.1038239 ], [ 129.3745097, 37.1037715 ], [ 129.374686700000012, 37.1037287 ], [ 129.374713500000013, 37.1037865 ], [ 129.3745298, 37.1038239 ] ] ] } },
{ "type": "Feature", "properties": { "element": "way", "id": 472037387, "building": "commercial", "building:levels": null, "name": null, "name:ko": null, "name:en": null, "amenity": null, "shop": null, "office": null, "tourism": null, "social_facility": null, "healthcare": null, "addr:street": null, "addr:housenumber": null, "start_date": null, "centroid_x_5179": 1166553.7591941289, "centroid_y_5179": 1902310.0871113227, "footprint_area_m2": 138.35248369475039 }, "geometry": { "type": "Polygon", "coordinates": [ [ [ 129.3742988, 37.1046918 ], [ 129.3743081, 37.104593 ], [ 129.374449199999987, 37.1046014 ], [ 129.3744399, 37.1047003 ], [ 129.3742988, 37.1046918 ] ] ] } },
{ "type": "Feature", "properties": { "element": "way", "id": 472037391, "building": "commercial", "building:levels": null, "name": null, "name:ko": null, "name:en": null, "amenity": null, "shop": null, "office": null, "tourism": null, "social_facility": null, "healthcare": null, "addr:street": null, "addr:housenumber": null, "start_date": null, "centroid_x_5179": 1166367.1074341419, "centroid_y_5179": 1901966.1183958158, "footprint_area_m2": 282.72252769100498 }, "geometry": { "type": "Polygon", "coordinates": [ [ [ 129.3721281, 37.1016893 ], [ 129.3721352, 37.1014747 ], [ 129.3722697, 37.1014719 ], [ 129.3722591, 37.1016893 ], [ 129.3721281, 37.1016893 ] ] ] } },
{ "type": "Feature", "properties": { "element": "way", "id": 472037392, "building": "commercial", "building:levels": null, "name": null, "name:ko": null, "name:en": null, "amenity": null, "shop": null, "office": null, "tourism": null, "social_facility": null, "healthcare": null, "addr:street": null, "addr:housenumber": null, "start_date": null, "centroid_x_5179": 1166366.1413294214, "centroid_y_5179": 1901995.4322785926, "footprint_area_m2": 225.39019991107671 }, "geometry": { "type": "Polygon", "coordinates": [ [ [ 129.3721246, 37.101932 ], [ 129.3721352, 37.1017598 ], [ 129.3722555, 37.1017457 ], [ 129.3722555, 37.1019377 ], [ 129.3721246, 37.101932 ] ] ] } },
{ "type": "Feature", "properties": { "element": "way", "id": 472037393, "building": "yes", "building:levels": null, "name": "수협", "name:ko": null, "name:en": null, "amenity": "bank", "shop": null, "office": null, "tourism": null, "social_facility": null, "healthcare": null, "addr:street": null, "addr:housenumber": null, "start_date": null, "centroid_x_5179": 1166517.445919445, "centroid_y_5179": 1902199.559934709, "footprint_area_m2": 156.82466127043273 }, "geometry": { "type": "Polygon", "coordinates": [ [ [ 129.37387720000001, 37.1037285 ], [ 129.3738262, 37.1036611 ], [ 129.374008, 37.103585 ], [ 129.374052799999987, 37.1036556 ], [ 129.37387720000001, 37.1037285 ] ] ] } },
{ "type": "Feature", "properties": { "element": "way", "id": 472037394, "building": "yes", "building:levels": null, "name": "울진북면우체국", "name:ko": null, "name:en": null, "amenity": "post_office", "shop": null, "office": null, "tourism": null, "social_facility": null, "healthcare": null, "addr:street": null, "addr:housenumber": null, "start_date": null, "centroid_x_5179": 1166381.0503449487, "centroid_y_5179": 1902310.6942586384, "footprint_area_m2": 241.64115393079013 }, "geometry": { "type": "Polygon", "coordinates": [ [ [ 129.3723618, 37.1047663 ], [ 129.3723132, 37.1046487 ], [ 129.3725011, 37.1045993 ], [ 129.3725497, 37.1047169 ], [ 129.3723618, 37.1047663 ] ] ] } },
{ "type": "Feature", "properties": { "element": "way", "id": 472037395, "building": "public", "building:levels": null, "name": "북면사무소", "name:ko": "북면사무소", "name:en": null, "amenity": null, "shop": null, "office": "government", "tourism": null, "social_facility": null, "healthcare": null, "addr:street": "부구3길", "addr:housenumber": "12", "start_date": null, "centroid_x_5179": 1166438.4263909836, "centroid_y_5179": 1902334.309215314, "footprint_area_m2": 827.23984172170367 }, "geometry": { "type": "Polygon", "coordinates": [ [ [ 129.373052199999989, 37.1050096 ], [ 129.37280530000001, 37.1048686 ], [ 129.3729209, 37.1047398 ], [ 129.373071399999986, 37.1048257 ], [ 129.373289199999988, 37.1047898 ], [ 129.373334, 37.1049632 ], [ 129.373052199999989, 37.1050096 ] ] ] } },
{ "type": "Feature", "properties": { "element": "way", "id": 481523314, "building": "yes", "building:levels": null, "name": "죽변시외버스정류장", "name:ko": null, "name:en": null, "amenity": "bus_station", "shop": null, "office": null, "tourism": null, "social_facility": null, "healthcare": null, "addr:street": null, "addr:housenumber": null, "start_date": null, "centroid_x_5179": 1170280.3876365742, "centroid_y_5179": 1896771.1525889649, "footprint_area_m2": 99.05601322685942 }, "geometry": { "type": "Polygon", "coordinates": [ [ [ 129.415021, 37.0541433 ], [ 129.414973300000014, 37.0540261 ], [ 129.415050799999989, 37.0540061 ], [ 129.4150985, 37.0541232 ], [ 129.415021, 37.0541433 ] ] ] } },
{ "type": "Feature", "properties": { "element": "way", "id": 483062257, "building": "apartments", "building:levels": null, "name": "A동", "name:ko": null, "name:en": null, "amenity": null, "shop": null, "office": null, "tourism": null, "social_facility": null, "healthcare": null, "addr:street": null, "addr:housenumber": null, "start_date": null, "centroid_x_5179": 1169390.5834554995, "centroid_y_5179": 1890687.6840867484, "footprint_area_m2": 720.93305621581726 }, "geometry": { "type": "Polygon", "coordinates": [ [ [ 129.4036907, 36.9997171 ], [ 129.4035638, 36.9997062 ], [ 129.4036396, 36.9991378 ], [ 129.403766600000012, 36.9991486 ], [ 129.4036907, 36.9997171 ] ] ] } },
{ "type": "Feature", "properties": { "element": "way", "id": 483062258, "building": "apartments", "building:levels": null, "name": "B동", "name:ko": null, "name:en": null, "amenity": null, "shop": null, "office": null, "tourism": null, "social_facility": null, "healthcare": null, "addr:street": null, "addr:housenumber": null, "start_date": null, "centroid_x_5179": 1169406.0447654303, "centroid_y_5179": 1890733.2855056992, "footprint_area_m2": 685.66699635201803 }, "geometry": { "type": "Polygon", "coordinates": [ [ [ 129.403878099999986, 37.0001111 ], [ 129.403947100000011, 36.9995701 ], [ 129.4038201, 36.9995598 ], [ 129.4037511, 37.0001008 ], [ 129.403878099999986, 37.0001111 ] ] ] } },
{ "type": "Feature", "properties": { "element": "way", "id": 483062260, "building": "yes", "building:levels": null, "name": null, "name:ko": null, "name:en": null, "amenity": null, "shop": null, "office": null, "tourism": null, "social_facility": null, "healthcare": null, "addr:street": null, "addr:housenumber": null, "start_date": null, "centroid_x_5179": 1169383.512262756, "centroid_y_5179": 1890866.1449785649, "footprint_area_m2": 300.57075091233418 }, "geometry": { "type": "Polygon", "coordinates": [ [ [ 129.403753599999988, 37.0010815 ], [ 129.4037079, 37.0009463 ], [ 129.4034981, 37.0009915 ], [ 129.4035438, 37.0011267 ], [ 129.403753599999988, 37.0010815 ] ] ] } },
{ "type": "Feature", "properties": { "element": "way", "id": 490278676, "building": "yes", "building:levels": null, "name": null, "name:ko": null, "name:en": null, "amenity": null, "shop": null, "office": null, "tourism": null, "social_facility": null, "healthcare": null, "addr:street": null, "addr:housenumber": null, "start_date": null, "centroid_x_5179": 1156173.724333782, "centroid_y_5179": 1869525.071360606, "footprint_area_m2": 96.524297569768194 }, "geometry": { "type": "Polygon", "coordinates": [ [ [ 129.2507594, 36.8110687 ], [ 129.2509069, 36.8110655 ], [ 129.2509047, 36.8109994 ], [ 129.25075720000001, 36.8110027 ], [ 129.2507594, 36.8110687 ] ] ] } },
{ "type": "Feature", "properties": { "element": "way", "id": 490278677, "building": "yes", "building:levels": null, "name": null, "name:ko": null, "name:en": null, "amenity": null, "shop": null, "office": null, "tourism": null, "social_facility": null, "healthcare": null, "addr:street": null, "addr:housenumber": null, "start_date": null, "centroid_x_5179": 1156114.2657115681, "centroid_y_5179": 1869519.1133062881, "footprint_area_m2": 125.32673290074167 }, "geometry": { "type": "Polygon", "coordinates": [ [ [ 129.2500781, 36.8110193 ], [ 129.250235, 36.8110397 ], [ 129.250251, 36.8109611 ], [ 129.250094100000013, 36.8109407 ], [ 129.2500781, 36.8110193 ] ] ] } },
{ "type": "Feature", "properties": { "element": "way", "id": 490278678, "building": "yes", "building:levels": null, "name": null, "name:ko": null, "name:en": null, "amenity": null, "shop": null, "office": null, "tourism": null, "social_facility": null, "healthcare": null, "addr:street": null, "addr:housenumber": null, "start_date": null, "centroid_x_5179": 1156091.2761421977, "centroid_y_5179": 1869522.5107254381, "footprint_area_m2": 65.949470196674213 }, "geometry": { "type": "Polygon", "coordinates": [ [ [ 129.249852800000014, 36.8110547 ], [ 129.249961500000012, 36.8110558 ], [ 129.249962399999987, 36.8109945 ], [ 129.249853800000011, 36.8109934 ], [ 129.249852800000014, 36.8110547 ] ] ] } },
{ "type": "Feature", "properties": { "element": "way", "id": 490278679, "building": "yes", "building:levels": null, "name": null, "name:ko": null, "name:en": null, "amenity": null, "shop": null, "office": null, "tourism": null, "social_facility": null, "healthcare": null, "addr:street": null, "addr:housenumber": null, "start_date": null, "centroid_x_5179": 1156073.5939849564, "centroid_y_5179": 1869533.3457409146, "footprint_area_m2": 149.7963821861585 }, "geometry": { "type": "Polygon", "coordinates": [ [ [ 129.2496315, 36.8111728 ], [ 129.2497938, 36.8111707 ], [ 129.2497919, 36.8110775 ], [ 129.2496296, 36.8110796 ], [ 129.2496315, 36.8111728 ] ] ] } },
{ "type": "Feature", "properties": { "element": "way", "id": 490278680, "building": "yes", "building:levels": null, "name": null, "name:ko": null, "name:en": null, "amenity": null, "shop": null, "office": null, "tourism": null, "social_facility": null, "healthcare": null, "addr:street": null, "addr:housenumber": null, "start_date": null, "centroid_x_5179": 1156025.2097221503, "centroid_y_5179": 1869512.8498299243, "footprint_area_m2": 125.50224851656557 }, "geometry": { "type": "Polygon", "coordinates": [ [ [ 129.2490804, 36.811001 ], [ 129.249272100000013, 36.810957 ], [ 129.2492502, 36.8108959 ], [ 129.2490585, 36.8109399 ], [ 129.2490804, 36.811001 ] ] ] } },
{ "type": "Feature", "properties": { "element": "way", "id": 528384886, "building": "yes", "building:levels": null, "name": null, "name:ko": null, "name:en": null, "amenity": null, "shop": null, "office": null, "tourism": null, "social_facility": null, "healthcare": null, "addr:street": null, "addr:housenumber": null, "start_date": null, "centroid_x_5179": 1168631.8430310271, "centroid_y_5179": 1888599.45481533, "footprint_area_m2": 82.310039499810401 }, "geometry": { "type": "Polygon", "coordinates": [ [ [ 129.394601599999987, 36.9807426 ], [ 129.3946928, 36.9808079 ], [ 129.394749600000011, 36.9807573 ], [ 129.3946584, 36.9806919 ], [ 129.394601599999987, 36.9807426 ] ] ] } },
{ "type": "Feature", "properties": { "element": "way", "id": 528384887, "building": "yes", "building:levels": null, "name": null, "name:ko": null, "name:en": null, "amenity": null, "shop": null, "office": null, "tourism": null, "social_facility": null, "healthcare": null, "addr:street": null, "addr:housenumber": null, "start_date": null, "centroid_x_5179": 1168659.1608629408, "centroid_y_5179": 1888613.388101331, "footprint_area_m2": 522.72183217393012 }, "geometry": { "type": "Polygon", "coordinates": [ [ [ 129.3947521, 36.9808805 ], [ 129.3948953, 36.9809793 ], [ 129.395005700000013, 36.9810234 ], [ 129.3951476, 36.9808154 ], [ 129.3951088, 36.9807986 ], [ 129.395136400000013, 36.9807581 ], [ 129.395044899999988, 36.9807182 ], [ 129.3950135, 36.9807642 ], [ 129.39496650000001, 36.9807437 ], [ 129.394893700000011, 36.9808504 ], [ 129.3949673, 36.9808825 ], [ 129.394931, 36.9809358 ], [ 129.3947959, 36.9808433 ], [ 129.3947521, 36.9808805 ] ] ] } },
{ "type": "Feature", "properties": { "element": "way", "id": 528384888, "building": "yes", "building:levels": null, "name": null, "name:ko": null, "name:en": null, "amenity": null, "shop": null, "office": null, "tourism": null, "social_facility": null, "healthcare": null, "addr:street": null, "addr:housenumber": null, "start_date": null, "centroid_x_5179": 1168673.9311210723, "centroid_y_5179": 1888624.2925773852, "footprint_area_m2": 386.9765974296489 }, "geometry": { "type": "Polygon", "coordinates": [ [ [ 129.394998500000014, 36.9811143 ], [ 129.395070299999986, 36.9811427 ], [ 129.3951161, 36.9810687 ], [ 129.3951524, 36.9810831 ], [ 129.3953024, 36.980841 ], [ 129.3951944, 36.9807983 ], [ 129.394998500000014, 36.9811143 ] ] ] } },
{ "type": "Feature", "properties": { "element": "way", "id": 528384889, "building": "yes", "building:levels": null, "name": null, "name:ko": null, "name:en": null, "amenity": null, "shop": null, "office": null, "tourism": null, "social_facility": null, "healthcare": null, "addr:street": null, "addr:housenumber": null, "start_date": null, "centroid_x_5179": 1168705.4081396274, "centroid_y_5179": 1888642.8354974061, "footprint_area_m2": 323.53201318846925 }, "geometry": { "type": "Polygon", "coordinates": [ [ [ 129.395594, 36.9812407 ], [ 129.395586, 36.9810479 ], [ 129.395560499999988, 36.9810486 ], [ 129.3955592, 36.9810185 ], [ 129.3954304, 36.981022 ], [ 129.395431699999989, 36.981052 ], [ 129.395411200000012, 36.9810525 ], [ 129.3954144, 36.9811284 ], [ 129.3954559, 36.9811273 ], [ 129.3954608, 36.9812443 ], [ 129.395594, 36.9812407 ] ] ] } },
{ "type": "Feature", "properties": { "element": "way", "id": 528384891, "building": "yes", "building:levels": null, "name": null, "name:ko": null, "name:en": null, "amenity": null, "shop": null, "office": null, "tourism": null, "social_facility": null, "healthcare": null, "addr:street": null, "addr:housenumber": null, "start_date": null, "centroid_x_5179": 1168677.4646900638, "centroid_y_5179": 1888660.2115925867, "footprint_area_m2": 800.86980754237811 }, "geometry": { "type": "Polygon", "coordinates": [ [ [ 129.3949436, 36.9811657 ], [ 129.394887899999986, 36.9813324 ], [ 129.3950685, 36.9813709 ], [ 129.3950901, 36.9813062 ], [ 129.395537100000013, 36.9814015 ], [ 129.3955712, 36.9812996 ], [ 129.3949436, 36.9811657 ] ] ] } },
{ "type": "Feature", "properties": { "element": "way", "id": 528385681, "building": "yes", "building:levels": null, "name": null, "name:ko": null, "name:en": null, "amenity": null, "shop": null, "office": null, "tourism": null, "social_facility": null, "healthcare": null, "addr:street": null, "addr:housenumber": null, "start_date": null, "centroid_x_5179": 1168590.3162624647, "centroid_y_5179": 1888577.7578677405, "footprint_area_m2": 34.856040188107926 }, "geometry": { "type": "Polygon", "coordinates": [ [ [ 129.3942113, 36.9806044 ], [ 129.3942408, 36.9805304 ], [ 129.3941975, 36.9805194 ], [ 129.394168, 36.9805933 ], [ 129.3942113, 36.9806044 ] ] ] } },
{ "type": "Feature", "properties": { "element": "way", "id": 528385682, "building": "yes", "building:levels": null, "name": null, "name:ko": null, "name:en": null, "amenity": null, "shop": null, "office": null, "tourism": null, "social_facility": null, "healthcare": null, "addr:street": null, "addr:housenumber": null, "start_date": null, "centroid_x_5179": 1168581.0225705104, "centroid_y_5179": 1888590.2722888659, "footprint_area_m2": 130.57619975985054 }, "geometry": { "type": "Polygon", "coordinates": [ [ [ 129.3940169, 36.9807018 ], [ 129.3941496, 36.9807393 ], [ 129.3941888, 36.9806508 ], [ 129.394056, 36.9806133 ], [ 129.3940169, 36.9807018 ] ] ] } },
{ "type": "Feature", "properties": { "element": "way", "id": 528386796, "building": "yes", "building:levels": null, "name": null, "name:ko": null, "name:en": null, "amenity": null, "shop": null, "office": null, "tourism": null, "social_facility": null, "healthcare": null, "addr:street": null, "addr:housenumber": null, "start_date": null, "centroid_x_5179": 1168574.9118092852, "centroid_y_5179": 1888579.0518055826, "footprint_area_m2": 52.674345294278965 }, "geometry": { "type": "Polygon", "coordinates": [ [ [ 129.3939847, 36.9806172 ], [ 129.3940331, 36.9806318 ], [ 129.3940787, 36.9805354 ], [ 129.3940303, 36.9805208 ], [ 129.3939847, 36.9806172 ] ] ] } },
{ "type": "Feature", "properties": { "element": "way", "id": 528393524, "building": "yes", "building:levels": null, "name": null, "name:ko": null, "name:en": null, "amenity": null, "shop": null, "office": null, "tourism": null, "social_facility": null, "healthcare": null, "addr:street": null, "addr:housenumber": null, "start_date": null, "centroid_x_5179": 1168038.3113441006, "centroid_y_5179": 1888748.1416369611, "footprint_area_m2": 196.99221212089139 }, "geometry": { "type": "Polygon", "coordinates": [ [ [ 129.3880194, 36.982282 ], [ 129.3881653, 36.9822291 ], [ 129.388136, 36.9821776 ], [ 129.38809040000001, 36.9821941 ], [ 129.3880392, 36.9821042 ], [ 129.387939, 36.9821406 ], [ 129.3880194, 36.982282 ] ] ] } },
{ "type": "Feature", "properties": { "element": "way", "id": 528393528, "building": "yes", "building:levels": null, "name": null, "name:ko": null, "name:en": null, "amenity": null, "shop": null, "office": null, "tourism": null, "social_facility": null, "healthcare": null, "addr:street": null, "addr:housenumber": null, "start_date": null, "centroid_x_5179": 1168218.8423245361, "centroid_y_5179": 1888653.7918665772, "footprint_area_m2": 41.374303089176756 }, "geometry": { "type": "Polygon", "coordinates": [ [ [ 129.390007, 36.9813393 ], [ 129.3900968, 36.9813339 ], [ 129.3900925, 36.9812876 ], [ 129.3900026, 36.9812929 ], [ 129.390007, 36.9813393 ] ] ] } },
{ "type": "Feature", "properties": { "element": "way", "id": 528393530, "building": "yes", "building:levels": null, "name": null, "name:ko": null, "name:en": null, "amenity": null, "shop": null, "office": null, "tourism": null, "social_facility": null, "healthcare": null, "addr:street": null, "addr:housenumber": null, "start_date": null, "centroid_x_5179": 1168249.8562783562, "centroid_y_5179": 1888655.8888559451, "footprint_area_m2": 592.94600742939178 }, "geometry": { "type": "Polygon", "coordinates": [ [ [ 129.3902349, 36.9814561 ], [ 129.390593, 36.9813468 ], [ 129.3905727, 36.9813044 ], [ 129.3906359, 36.9812851 ], [ 129.3906098, 36.9812304 ], [ 129.390526200000011, 36.9812559 ], [ 129.390502199999986, 36.9812058 ], [ 129.3902578, 36.9812804 ], [ 129.3902721, 36.9813102 ], [ 129.3901788, 36.9813386 ], [ 129.3902349, 36.9814561 ] ] ] } },
{ "type": "Feature", "properties": { "element": "way", "id": 528393541, "building": "yes", "building:levels": null, "name": null, "name:ko": null, "name:en": null, "amenity": null, "shop": null, "office": null, "tourism": null, "social_facility": null, "healthcare": null, "addr:street": null, "addr:housenumber": null, "start_date": null, "centroid_x_5179": 1168326.9943089159, "centroid_y_5179": 1888659.368185376, "footprint_area_m2": 129.13443890833753 }, "geometry": { "type": "Polygon", "coordinates": [ [ [ 129.3912314, 36.9814271 ], [ 129.391361499999988, 36.9813029 ], [ 129.3912996, 36.9812615 ], [ 129.3911695, 36.9813858 ], [ 129.3912314, 36.9814271 ] ] ] } },
{ "type": "Feature", "properties": { "element": "way", "id": 528393543, "building": "yes", "building:levels": null, "name": null, "name:ko": null, "name:en": null, "amenity": null, "shop": null, "office": null, "tourism": null, "social_facility": null, "healthcare": null, "addr:street": null, "addr:housenumber": null, "start_date": null, "centroid_x_5179": 1168370.3115975556, "centroid_y_5179": 1888632.856284905, "footprint_area_m2": 67.346760586842038 }, "geometry": { "type": "Polygon", "coordinates": [ [ [ 129.391682, 36.9811239 ], [ 129.3918094, 36.981125 ], [ 129.391810099999987, 36.9810715 ], [ 129.3916827, 36.9810704 ], [ 129.391682, 36.9811239 ] ] ] } },
{ "type": "Feature", "properties": { "element": "way", "id": 528393545, "building": "yes", "building:levels": null, "name": null, "name:ko": null, "name:en": null, "amenity": null, "shop": null, "office": null, "tourism": null, "social_facility": null, "healthcare": null, "addr:street": null, "addr:housenumber": null, "start_date": null, "centroid_x_5179": 1168383.176175884, "centroid_y_5179": 1888631.5162916728, "footprint_area_m2": 62.493170991456928 }, "geometry": { "type": "Polygon", "coordinates": [ [ [ 129.3918282, 36.98111 ], [ 129.391954199999986, 36.9811068 ], [ 129.3919522, 36.9810566 ], [ 129.3918262, 36.9810599 ], [ 129.3918282, 36.98111 ] ] ] } },
{ "type": "Feature", "properties": { "element": "way", "id": 528419893, "building": "yes", "building:levels": null, "name": null, "name:ko": null, "name:en": null, "amenity": null, "shop": null, "office": null, "tourism": null, "social_facility": null, "healthcare": null, "addr:street": null, "addr:housenumber": null, "start_date": null, "centroid_x_5179": 1169654.5324618663, "centroid_y_5179": 1890166.5424265352, "footprint_area_m2": 1940.8616973232974 }, "geometry": { "type": "Polygon", "coordinates": [ [ [ 129.4066675, 36.994928 ], [ 129.4066697, 36.9948897 ], [ 129.406714099999988, 36.9948914 ], [ 129.406737600000014, 36.9944954 ], [ 129.4066972, 36.9944939 ], [ 129.4066997, 36.9944523 ], [ 129.40636, 36.9944394 ], [ 129.4063573, 36.9944854 ], [ 129.4063114, 36.9944836 ], [ 129.4062872, 36.9948907 ], [ 129.4063386, 36.9948926 ], [ 129.4063372, 36.9949155 ], [ 129.4066675, 36.994928 ] ] ] } },
{ "type": "Feature", "properties": { "element": "way", "id": 528419896, "building": "yes", "building:levels": null, "name": null, "name:ko": null, "name:en": null, "amenity": "theatre", "shop": null, "office": null, "tourism": null, "social_facility": null, "healthcare": null, "addr:street": null, "addr:housenumber": null, "start_date": null, "centroid_x_5179": 1169632.3308906767, "centroid_y_5179": 1890232.8108040339, "footprint_area_m2": 2127.9661850245066 }, "geometry": { "type": "Polygon", "coordinates": [ [ [ 129.406271, 36.9956416 ], [ 129.406229, 36.9955558 ], [ 129.406182300000012, 36.9955055 ], [ 129.4060585, 36.9953451 ], [ 129.4060936, 36.9949721 ], [ 129.4064368, 36.994987 ], [ 129.4064181, 36.9952202 ], [ 129.406376099999989, 36.9952202 ], [ 129.4063808, 36.9952444 ], [ 129.406446100000011, 36.9952929 ], [ 129.406485800000013, 36.9953824 ], [ 129.4065022, 36.9954645 ], [ 129.406527899999986, 36.9955428 ], [ 129.406271, 36.9956416 ] ] ] } },
{ "type": "Feature", "properties": { "element": "way", "id": 528419899, "building": "roof", "building:levels": null, "name": "연호정", "name:ko": null, "name:en": null, "amenity": null, "shop": null, "office": null, "tourism": null, "social_facility": null, "healthcare": null, "addr:street": null, "addr:housenumber": null, "start_date": null, "centroid_x_5179": 1169741.8784894694, "centroid_y_5179": 1890088.2569195996, "footprint_area_m2": 139.83382521476022 }, "geometry": { "type": "Polygon", "coordinates": [ [ [ 129.4073936, 36.9940061 ], [ 129.4073943, 36.9939201 ], [ 129.4075588, 36.9939209 ], [ 129.407558099999989, 36.994007 ], [ 129.4073936, 36.9940061 ] ] ] } },
{ "type": "Feature", "properties": { "element": "way", "id": 528419901, "building": "hospital", "building:levels": null, "name": null, "name:ko": null, "name:en": null, "amenity": null, "shop": null, "office": null, "tourism": null, "social_facility": null, "healthcare": null, "addr:street": null, "addr:housenumber": null, "start_date": null, "centroid_x_5179": 1169934.8955609661, "centroid_y_5179": 1889953.3944807146, "footprint_area_m2": 2147.9991863371993 }, "geometry": { "type": "Polygon", "coordinates": [ [ [ 129.409215100000011, 36.9929296 ], [ 129.409114100000011, 36.9928321 ], [ 129.4097423, 36.9924167 ], [ 129.4098554, 36.9925257 ], [ 129.4095903, 36.9927011 ], [ 129.4096246, 36.9927338 ], [ 129.4099501, 36.9925324 ], [ 129.410077, 36.9926483 ], [ 129.4095352, 36.9929825 ], [ 129.409429499999987, 36.9929016 ], [ 129.409421400000014, 36.992869 ], [ 129.409566399999989, 36.9927731 ], [ 129.4095198, 36.9927281 ], [ 129.409215100000011, 36.9929296 ] ] ] } },
{ "type": "Feature", "properties": { "element": "way", "id": 528419904, "building": "yes", "building:levels": null, "name": "울진군청", "name:ko": null, "name:en": null, "amenity": "townhall", "shop": null, "office": null, "tourism": null, "social_facility": null, "healthcare": null, "addr:street": null, "addr:housenumber": null, "start_date": null, "centroid_x_5179": 1169127.2278914673, "centroid_y_5179": 1889977.1686900889, "footprint_area_m2": 1737.7148519145233 }, "geometry": { "type": "Polygon", "coordinates": [ [ [ 129.400211500000012, 36.9930555 ], [ 129.3999571, 36.9930319 ], [ 129.3999732, 36.9929206 ], [ 129.4002242, 36.9929438 ], [ 129.4002276, 36.9929201 ], [ 129.4002872, 36.9929255 ], [ 129.400279500000011, 36.9929808 ], [ 129.4007919, 36.9930263 ], [ 129.4007967, 36.9929906 ], [ 129.401034, 36.9930109 ], [ 129.4010227, 36.9930956 ], [ 129.401060199999989, 36.9930987 ], [ 129.401045, 36.9932184 ], [ 129.4008294, 36.993201 ], [ 129.4008345, 36.9931605 ], [ 129.4006809, 36.9931486 ], [ 129.4006748, 36.9931989 ], [ 129.400494400000014, 36.9931852 ], [ 129.40050260000001, 36.9931157 ], [ 129.4004103, 36.9931087 ], [ 129.4003984, 36.99321 ], [ 129.400265499999989, 36.9932001 ], [ 129.4002765, 36.9931058 ], [ 129.400240700000012, 36.9931031 ], [ 129.400246, 36.9930581 ], [ 129.400211500000012, 36.9930555 ] ] ] } },
{ "type": "Feature", "properties": { "element": "way", "id": 528419910, "building": "yes", "building:levels": null, "name": "울진종합버스터미널", "name:ko": null, "name:en": null, "amenity": "bus_station", "shop": null, "office": null, "tourism": null, "social_facility": null, "healthcare": null, "addr:street": null, "addr:housenumber": null, "start_date": null, "centroid_x_5179": 1168852.2345483236, "centroid_y_5179": 1888929.0144307516, "footprint_area_m2": 911.51290224893148 }, "geometry": { "type": "Polygon", "coordinates": [ [ [ 129.3972349, 36.9839032 ], [ 129.3970112, 36.9835343 ], [ 129.3972137, 36.9834559 ], [ 129.3974375, 36.9838247 ], [ 129.3972349, 36.9839032 ] ] ] } },
{ "type": "Feature", "properties": { "element": "way", "id": 528419912, "building": "yes", "building:levels": null, "name": null, "name:ko": null, "name:en": null, "amenity": "fire_station", "shop": null, "office": null, "tourism": null, "social_facility": null, "healthcare": null, "addr:street": null, "addr:housenumber": null, "start_date": null, "centroid_x_5179": 1168590.0378103985, "centroid_y_5179": 1890015.0137801748, "footprint_area_m2": 1000.7386306392901 }, "geometry": { "type": "Polygon", "coordinates": [ [ [ 129.3944338, 36.9937746 ], [ 129.394378, 36.993491 ], [ 129.3944098, 36.993487 ], [ 129.394380500000011, 36.993338 ], [ 129.394671100000011, 36.9933015 ], [ 129.394691599999987, 36.9934057 ], [ 129.394722, 36.9934018 ], [ 129.394731799999988, 36.9934518 ], [ 129.3945904, 36.9934696 ], [ 129.3946293, 36.9936675 ], [ 129.394549, 36.9936776 ], [ 129.3945649, 36.9937581 ], [ 129.3944338, 36.9937746 ] ] ] } },
{ "type": "Feature", "properties": { "element": "way", "id": 528419915, "building": "school", "building:levels": "4", "name": null, "name:ko": null, "name:en": null, "amenity": null, "shop": null, "office": null, "tourism": null, "social_facility": null, "healthcare": null, "addr:street": null, "addr:housenumber": null, "start_date": null, "centroid_x_5179": 1169108.4274799461, "centroid_y_5179": 1890258.3731197806, "footprint_area_m2": 1853.4107107211873 }, "geometry": { "type": "Polygon", "coordinates": [ [ [ 129.399494, 36.9957598 ], [ 129.3994763, 36.995665 ], [ 129.401221099999987, 36.9954578 ], [ 129.401242, 36.99557 ], [ 129.400627500000013, 36.995643 ], [ 129.400635099999988, 36.9956838 ], [ 129.400507, 36.995699 ], [ 129.4004962, 36.9956408 ], [ 129.399494, 36.9957598 ] ] ] } },
{ "type": "Feature", "properties": { "element": "way", "id": 528419918, "building": "school", "building:levels": null, "name": "연송관", "name:ko": null, "name:en": null, "amenity": null, "shop": null, "office": null, "tourism": null, "social_facility": null, "healthcare": null, "addr:street": null, "addr:housenumber": null, "start_date": null, "centroid_x_5179": 1169036.1865218689, "centroid_y_5179": 1890238.5128760906, "footprint_area_m2": 715.75258854430763 }, "geometry": { "type": "Polygon", "coordinates": [ [ [ 129.399415299999987, 36.9955609 ], [ 129.3993822, 36.9953686 ], [ 129.399752, 36.9953279 ], [ 129.3997851, 36.9955202 ], [ 129.399415299999987, 36.9955609 ] ] ] } },
{ "type": "Feature", "properties": { "element": "way", "id": 528419921, "building": "school", "building:levels": null, "name": null, "name:ko": null, "name:en": null, "amenity": null, "shop": null, "office": null, "tourism": null, "social_facility": null, "healthcare": null, "addr:street": null, "addr:housenumber": null, "start_date": null, "centroid_x_5179": 1169515.671276249, "centroid_y_5179": 1890246.5129739561, "footprint_area_m2": 809.24298378894548 }, "geometry": { "type": "Polygon", "coordinates": [ [ [ 129.4053733, 36.9955269 ], [ 129.4053926, 36.9954342 ], [ 129.4045826, 36.9953265 ], [ 129.4045634, 36.9954183 ], [ 129.4048095, 36.995451 ], [ 129.404798699999986, 36.9955027 ], [ 129.4048941, 36.9955154 ], [ 129.4049047, 36.9954646 ], [ 129.4053733, 36.9955269 ] ] ] } },
{ "type": "Feature", "properties": { "element": "way", "id": 528419923, "building": "school", "building:levels": null, "name": null, "name:ko": null, "name:en": null, "amenity": null, "shop": null, "office": null, "tourism": null, "social_facility": null, "healthcare": null, "addr:street": null, "addr:housenumber": null, "start_date": null, "centroid_x_5179": 1169526.2016374837, "centroid_y_5179": 1890220.9211718251, "footprint_area_m2": 902.19489259316288 }, "geometry": { "type": "Polygon", "coordinates": [ [ [ 129.404664, 36.9951927 ], [ 129.4046782, 36.9951012 ], [ 129.405534100000011, 36.9951857 ], [ 129.405519199999986, 36.9952819 ], [ 129.404968700000012, 36.9952275 ], [ 129.4049575, 36.9952994 ], [ 129.404839, 36.9952877 ], [ 129.404850900000014, 36.9952111 ], [ 129.404664, 36.9951927 ] ] ] } },
{ "type": "Feature", "properties": { "element": "way", "id": 528419925, "building": "school", "building:levels": null, "name": null, "name:ko": null, "name:en": null, "amenity": null, "shop": null, "office": null, "tourism": null, "social_facility": null, "healthcare": null, "addr:street": null, "addr:housenumber": null, "start_date": null, "centroid_x_5179": 1169530.7891846907, "centroid_y_5179": 1890272.9656019181, "footprint_area_m2": 626.70050041255047 }, "geometry": { "type": "Polygon", "coordinates": [ [ [ 129.4049293, 36.9956621 ], [ 129.4049528, 36.9955483 ], [ 129.4053271, 36.9955976 ], [ 129.4052888, 36.9957834 ], [ 129.4052519, 36.9957785 ], [ 129.4052462, 36.9958064 ], [ 129.4050808, 36.9957846 ], [ 129.4051014, 36.9956848 ], [ 129.4049293, 36.9956621 ] ] ] } },
{ "type": "Feature", "properties": { "element": "way", "id": 528419928, "building": "school", "building:levels": null, "name": null, "name:ko": null, "name:en": null, "amenity": null, "shop": null, "office": null, "tourism": null, "social_facility": null, "healthcare": null, "addr:street": null, "addr:housenumber": null, "start_date": null, "centroid_x_5179": 1169589.2085748957, "centroid_y_5179": 1890462.5605230276, "footprint_area_m2": 1308.3092299601842 }, "geometry": { "type": "Polygon", "coordinates": [ [ [ 129.4052474, 36.9972715 ], [ 129.4052829, 36.9971739 ], [ 129.406421, 36.9974384 ], [ 129.406380899999988, 36.9975484 ], [ 129.405738500000012, 36.9973992 ], [ 129.4057296, 36.9974236 ], [ 129.4056468, 36.9974044 ], [ 129.4056603, 36.9973674 ], [ 129.4052474, 36.9972715 ] ] ] } },
{ "type": "Feature", "properties": { "element": "way", "id": 528419930, "building": "school", "building:levels": null, "name": null, "name:ko": null, "name:en": null, "amenity": null, "shop": null, "office": null, "tourism": null, "social_facility": null, "healthcare": null, "addr:street": null, "addr:housenumber": null, "start_date": null, "centroid_x_5179": 1169597.6698456749, "centroid_y_5179": 1890487.1874693083, "footprint_area_m2": 971.84463012154629 }, "geometry": { "type": "Polygon", "coordinates": [ [ [ 129.4054978, 36.9975406 ], [ 129.405535, 36.9974345 ], [ 129.4063945, 36.9976267 ], [ 129.4063573, 36.9977329 ], [ 129.4054978, 36.9975406 ] ] ] } },
{ "type": "Feature", "properties": { "element": "way", "id": 528419932, "building": "dormitory", "building:levels": null, "name": null, "name:ko": null, "name:en": null, "amenity": null, "shop": null, "office": null, "tourism": null, "social_facility": null, "healthcare": null, "addr:street": null, "addr:housenumber": null, "start_date": null, "centroid_x_5179": 1169599.2687070156, "centroid_y_5179": 1890560.949555665, "footprint_area_m2": 1652.1549714685257 }, "geometry": { "type": "Polygon", "coordinates": [ [ [ 129.405594799999989, 36.9981717 ], [ 129.405646600000011, 36.9979923 ], [ 129.4060742, 36.9980711 ], [ 129.406068299999987, 36.9980915 ], [ 129.4061142, 36.9981 ], [ 129.406085100000013, 36.9982006 ], [ 129.4059828, 36.9981817 ], [ 129.4059531, 36.9982842 ], [ 129.4064663, 36.9983791 ], [ 129.4064319, 36.9984979 ], [ 129.405803, 36.9983816 ], [ 129.4058121, 36.9983503 ], [ 129.405775299999988, 36.9983435 ], [ 129.4057951, 36.9982753 ], [ 129.405849, 36.9982853 ], [ 129.405856699999987, 36.9982587 ], [ 129.4058695, 36.9982611 ], [ 129.405880200000013, 36.9982243 ], [ 129.405594799999989, 36.9981717 ] ] ] } },
{ "type": "Feature", "properties": { "element": "way", "id": 528419934, "building": "school", "building:levels": null, "name": "연호관", "name:ko": null, "name:en": null, "amenity": null, "shop": null, "office": null, "tourism": null, "social_facility": null, "healthcare": null, "addr:street": null, "addr:housenumber": null, "start_date": null, "centroid_x_5179": 1169652.1980204878, "centroid_y_5179": 1890508.8090665583, "footprint_area_m2": 1398.2444784743357 }, "geometry": { "type": "Polygon", "coordinates": [ [ [ 129.406339300000013, 36.9979216 ], [ 129.4064597, 36.9975348 ], [ 129.4067921, 36.9976008 ], [ 129.4066717, 36.9979877 ], [ 129.4065875, 36.997971 ], [ 129.4065781, 36.9980013 ], [ 129.4064225, 36.9979704 ], [ 129.406432, 36.99794 ], [ 129.406339300000013, 36.9979216 ] ] ] } },
{ "type": "Feature", "properties": { "element": "way", "id": 528419937, "building": "school", "building:levels": null, "name": null, "name:ko": null, "name:en": null, "amenity": null, "shop": null, "office": null, "tourism": null, "social_facility": null, "healthcare": null, "addr:street": null, "addr:housenumber": null, "start_date": null, "centroid_x_5179": 1169605.5062343809, "centroid_y_5179": 1890520.3399640354, "footprint_area_m2": 731.22024793355217 }, "geometry": { "type": "Polygon", "coordinates": [ [ [ 129.405982, 36.9979751 ], [ 129.405991199999988, 36.9979416 ], [ 129.4059503, 36.9979345 ], [ 129.405959700000011, 36.9979001 ], [ 129.4057721, 36.9978674 ], [ 129.4057994, 36.9977677 ], [ 129.405858, 36.997778 ], [ 129.405863, 36.9977599 ], [ 129.406219599999986, 36.9978222 ], [ 129.4062045, 36.9978773 ], [ 129.406264599999986, 36.9978878 ], [ 129.4062442, 36.9979625 ], [ 129.4062663, 36.9979664 ], [ 129.4062533, 36.9980141 ], [ 129.406214, 36.9980072 ], [ 129.4062118, 36.9980152 ], [ 129.405982, 36.9979751 ] ] ] } },
{ "type": "Feature", "properties": { "element": "way", "id": 528419940, "building": "school", "building:levels": null, "name": null, "name:ko": null, "name:en": null, "amenity": null, "shop": null, "office": null, "tourism": null, "social_facility": null, "healthcare": null, "addr:street": null, "addr:housenumber": null, "start_date": null, "centroid_x_5179": 1169642.8760228748, "centroid_y_5179": 1890547.9178147342, "footprint_area_m2": 567.3058616315127 }, "geometry": { "type": "Polygon", "coordinates": [ [ [ 129.406258799999989, 36.998153 ], [ 129.4063114, 36.9980079 ], [ 129.4066765, 36.9980923 ], [ 129.4066238, 36.9982375 ], [ 129.406258799999989, 36.998153 ] ] ] } },
{ "type": "Feature", "properties": { "element": "way", "id": 528419942, "building": "school", "building:levels": null, "name": null, "name:ko": null, "name:en": null, "amenity": null, "shop": null, "office": null, "tourism": null, "social_facility": null, "healthcare": null, "addr:street": null, "addr:housenumber": null, "start_date": null, "centroid_x_5179": 1169550.9435755964, "centroid_y_5179": 1890473.5607197015, "footprint_area_m2": 145.14236971381675 }, "geometry": { "type": "Polygon", "coordinates": [ [ [ 129.405469399999987, 36.9975342 ], [ 129.4055009, 36.9974304 ], [ 129.4053672, 36.9974045 ], [ 129.4053357, 36.9975083 ], [ 129.405469399999987, 36.9975342 ] ] ] } },
{ "type": "Feature", "properties": { "element": "way", "id": 528419945, "building": "school", "building:levels": null, "name": "연원관", "name:ko": null, "name:en": null, "amenity": null, "shop": null, "office": null, "tourism": null, "social_facility": null, "healthcare": null, "addr:street": null, "addr:housenumber": null, "start_date": null, "centroid_x_5179": 1169592.4913653692, "centroid_y_5179": 1890080.2532689918, "footprint_area_m2": 932.23620791823805 }, "geometry": { "type": "Polygon", "coordinates": [ [ [ 129.405538799999988, 36.9939983 ], [ 129.4055557, 36.99381 ], [ 129.4060542, 36.9938384 ], [ 129.4060373, 36.9940268 ], [ 129.405538799999988, 36.9939983 ] ] ] } },
{ "type": "Feature", "properties": { "element": "way", "id": 528447766, "building": "yes", "building:levels": null, "name": null, "name:ko": null, "name:en": null, "amenity": null, "shop": null, "office": null, "tourism": null, "social_facility": null, "healthcare": null, "addr:street": null, "addr:housenumber": null, "start_date": null, "centroid_x_5179": 1167432.1414678216, "centroid_y_5179": 1888638.9435257285, "footprint_area_m2": 15.536527235945961 }, "geometry": { "type": "Polygon", "coordinates": [ [ [ 129.3812053, 36.9813446 ], [ 129.3812428, 36.9813232 ], [ 129.381218, 36.9812954 ], [ 129.3811805, 36.9813169 ], [ 129.3812053, 36.9813446 ] ] ] } },
{ "type": "Feature", "properties": { "element": "way", "id": 528447768, "building": "yes", "building:levels": null, "name": null, "name:ko": null, "name:en": null, "amenity": null, "shop": null, "office": null, "tourism": null, "social_facility": null, "healthcare": null, "addr:street": null, "addr:housenumber": null, "start_date": null, "centroid_x_5179": 1167415.8868391044, "centroid_y_5179": 1888635.0576107469, "footprint_area_m2": 9.5506221344291848 }, "geometry": { "type": "Polygon", "coordinates": [ [ [ 129.381005499999986, 36.9812954 ], [ 129.3810384, 36.9813058 ], [ 129.381051, 36.9812804 ], [ 129.3810181, 36.98127 ], [ 129.381005499999986, 36.9812954 ] ] ] } },
{ "type": "Feature", "properties": { "element": "way", "id": 528447770, "building": "yes", "building:levels": null, "name": null, "name:ko": null, "name:en": null, "amenity": null, "shop": null, "office": null, "tourism": null, "social_facility": null, "healthcare": null, "addr:street": null, "addr:housenumber": null, "start_date": null, "centroid_x_5179": 1167414.3209037208, "centroid_y_5179": 1888630.9365864515, "footprint_area_m2": 9.8021616263803963 }, "geometry": { "type": "Polygon", "coordinates": [ [ [ 129.380988, 36.9812611 ], [ 129.3810181, 36.98127 ], [ 129.3810315, 36.981241 ], [ 129.3810014, 36.9812321 ], [ 129.380988, 36.9812611 ] ] ] } },
{ "type": "Feature", "properties": { "element": "way", "id": 528447772, "building": "yes", "building:levels": null, "name": null, "name:ko": null, "name:en": null, "amenity": null, "shop": null, "office": null, "tourism": null, "social_facility": null, "healthcare": null, "addr:street": null, "addr:housenumber": null, "start_date": null, "centroid_x_5179": 1167440.9353756038, "centroid_y_5179": 1888641.1465550738, "footprint_area_m2": 16.786048231123175 }, "geometry": { "type": "Polygon", "coordinates": [ [ [ 129.3813126, 36.981365 ], [ 129.381342100000012, 36.9813286 ], [ 129.3813092, 36.9813116 ], [ 129.3812797, 36.981348 ], [ 129.3813126, 36.981365 ] ] ] } },
{ "type": "Feature", "properties": { "element": "way", "id": 528447774, "building": "yes", "building:levels": null, "name": null, "name:ko": null, "name:en": null, "amenity": null, "shop": null, "office": null, "tourism": null, "social_facility": null, "healthcare": null, "addr:street": null, "addr:housenumber": null, "start_date": null, "centroid_x_5179": 1167539.1798328417, "centroid_y_5179": 1888620.2016134674, "footprint_area_m2": 7.1506881543866658 }, "geometry": { "type": "Polygon", "coordinates": [ [ [ 129.382396199999988, 36.9811464 ], [ 129.382420200000013, 36.9811478 ], [ 129.3824229, 36.9811178 ], [ 129.3823989, 36.9811164 ], [ 129.382396199999988, 36.9811464 ] ] ] } },
{ "type": "Feature", "properties": { "element": "way", "id": 528447776, "building": "yes", "building:levels": null, "name": null, "name:ko": null, "name:en": null, "amenity": null, "shop": null, "office": null, "tourism": null, "social_facility": null, "healthcare": null, "addr:street": null, "addr:housenumber": null, "start_date": null, "centroid_x_5179": 1167579.8950282298, "centroid_y_5179": 1888623.0296126497, "footprint_area_m2": 4.920260398979158 }, "geometry": { "type": "Polygon", "coordinates": [ [ [ 129.3828522, 36.9811582 ], [ 129.382881700000013, 36.9811593 ], [ 129.382882599999988, 36.9811424 ], [ 129.3828531, 36.9811414 ], [ 129.3828522, 36.9811582 ] ] ] } },
{ "type": "Feature", "properties": { "element": "way", "id": 528450006, "building": "yes", "building:levels": null, "name": null, "name:ko": null, "name:en": null, "amenity": null, "shop": null, "office": null, "tourism": null, "social_facility": null, "healthcare": null, "addr:street": null, "addr:housenumber": null, "start_date": null, "centroid_x_5179": 1167386.2009209266, "centroid_y_5179": 1888822.4820026529, "footprint_area_m2": 124.95991830186111 }, "geometry": { "type": "Polygon", "coordinates": [ [ [ 129.3806916, 36.9830459 ], [ 129.380796, 36.9830377 ], [ 129.3807813, 36.9829177 ], [ 129.3806769, 36.9829259 ], [ 129.3806916, 36.9830459 ] ] ] } },
{ "type": "Feature", "properties": { "element": "way", "id": 528450009, "building": "yes", "building:levels": null, "name": null, "name:ko": null, "name:en": null, "amenity": null, "shop": null, "office": null, "tourism": null, "social_facility": null, "healthcare": null, "addr:street": null, "addr:housenumber": null, "start_date": null, "centroid_x_5179": 1167379.3009093956, "centroid_y_5179": 1888839.566250243, "footprint_area_m2": 114.01608024077403 }, "geometry": { "type": "Polygon", "coordinates": [ [ [ 129.380660799999987, 36.9832055 ], [ 129.380746499999987, 36.983152 ], [ 129.380664700000011, 36.9830684 ], [ 129.380579, 36.9831219 ], [ 129.380660799999987, 36.9832055 ] ] ] } },
{ "type": "Feature", "properties": { "element": "way", "id": 528450012, "building": "yes", "building:levels": null, "name": null, "name:ko": null, "name:en": null, "amenity": null, "shop": null, "office": null, "tourism": null, "social_facility": null, "healthcare": null, "addr:street": null, "addr:housenumber": null, "start_date": null, "centroid_x_5179": 1167416.1605410229, "centroid_y_5179": 1888822.6687528682, "footprint_area_m2": 135.25369455718507 }, "geometry": { "type": "Polygon", "coordinates": [ [ [ 129.380997400000012, 36.9830309 ], [ 129.3810895, 36.9830572 ], [ 129.3811485, 36.9829254 ], [ 129.3810564, 36.9828991 ], [ 129.380997400000012, 36.9830309 ] ] ] } },
{ "type": "Feature", "properties": { "element": "way", "id": 528450016, "building": "yes", "building:levels": null, "name": null, "name:ko": null, "name:en": null, "amenity": null, "shop": null, "office": null, "tourism": null, "social_facility": null, "healthcare": null, "addr:street": null, "addr:housenumber": null, "start_date": null, "centroid_x_5179": 1167401.9725596525, "centroid_y_5179": 1888795.9908186076, "footprint_area_m2": 35.239026062493856 }, "geometry": { "type": "Polygon", "coordinates": [ [ [ 129.380863299999987, 36.9827534 ], [ 129.380921199999989, 36.9827765 ], [ 129.3809521, 36.9827273 ], [ 129.3808942, 36.9827041 ], [ 129.380863299999987, 36.9827534 ] ] ] } },
{ "type": "Feature", "properties": { "element": "way", "id": 528450020, "building": "yes", "building:levels": null, "name": null, "name:ko": null, "name:en": null, "amenity": null, "shop": null, "office": null, "tourism": null, "social_facility": null, "healthcare": null, "addr:street": null, "addr:housenumber": null, "start_date": null, "centroid_x_5179": 1167397.5529280084, "centroid_y_5179": 1888811.0446104479, "footprint_area_m2": 116.60646661375139 }, "geometry": { "type": "Polygon", "coordinates": [ [ [ 129.380862, 36.9829484 ], [ 129.380944, 36.9829047 ], [ 129.3808608, 36.9828051 ], [ 129.3807788, 36.9828487 ], [ 129.380862, 36.9829484 ] ] ] } },
{ "type": "Feature", "properties": { "element": "way", "id": 528450023, "building": "yes", "building:levels": null, "name": null, "name:ko": null, "name:en": null, "amenity": null, "shop": null, "office": null, "tourism": null, "social_facility": null, "healthcare": null, "addr:street": null, "addr:housenumber": null, "start_date": null, "centroid_x_5179": 1167422.4474995963, "centroid_y_5179": 1888805.8216365438, "footprint_area_m2": 117.80173061357607 }, "geometry": { "type": "Polygon", "coordinates": [ [ [ 129.3811369, 36.9828959 ], [ 129.3812232, 36.9828489 ], [ 129.3811428, 36.9827546 ], [ 129.3810564, 36.9828016 ], [ 129.3811369, 36.9828959 ] ] ] } },
{ "type": "Feature", "properties": { "element": "way", "id": 528450025, "building": "yes", "building:levels": null, "name": null, "name:ko": null, "name:en": null, "amenity": null, "shop": null, "office": null, "tourism": null, "social_facility": null, "healthcare": null, "addr:street": null, "addr:housenumber": null, "start_date": null, "centroid_x_5179": 1167413.9835184012, "centroid_y_5179": 1888798.5513802383, "footprint_area_m2": 31.661087450238767 }, "geometry": { "type": "Polygon", "coordinates": [ [ [ 129.3810336, 36.9827995 ], [ 129.3810886, 36.982747 ], [ 129.3810527, 36.982723 ], [ 129.3809977, 36.9827755 ], [ 129.3810336, 36.9827995 ] ] ] } },
{ "type": "Feature", "properties": { "element": "way", "id": 528454875, "building": "yes", "building:levels": null, "name": null, "name:ko": null, "name:en": null, "amenity": null, "shop": null, "office": null, "tourism": null, "social_facility": null, "healthcare": null, "addr:street": null, "addr:housenumber": null, "start_date": null, "centroid_x_5179": 1167446.5673062559, "centroid_y_5179": 1888889.4862864956, "footprint_area_m2": 72.2314417244243 }, "geometry": { "type": "Polygon", "coordinates": [ [ [ 129.3815017, 36.9835879 ], [ 129.381402400000013, 36.9835194 ], [ 129.3813568, 36.9835615 ], [ 129.3814561, 36.9836301 ], [ 129.3815017, 36.9835879 ] ] ] } },
{ "type": "Feature", "properties": { "element": "way", "id": 528454876, "building": "yes", "building:levels": null, "name": null, "name:ko": null, "name:en": null, "amenity": null, "shop": null, "office": null, "tourism": null, "social_facility": null, "healthcare": null, "addr:street": null, "addr:housenumber": null, "start_date": null, "centroid_x_5179": 1167447.1836239754, "centroid_y_5179": 1888876.1639375929, "footprint_area_m2": 7.4598890788788639 }, "geometry": { "type": "Polygon", "coordinates": [ [ [ 129.3814132, 36.9834647 ], [ 129.3814547, 36.9834626 ], [ 129.3814533, 36.9834445 ], [ 129.3814117, 36.9834466 ], [ 129.3814132, 36.9834647 ] ] ] } },
{ "type": "Feature", "properties": { "element": "way", "id": 528454878, "building": "yes", "building:levels": null, "name": null, "name:ko": null, "name:en": null, "amenity": null, "shop": null, "office": null, "tourism": null, "social_facility": null, "healthcare": null, "addr:street": null, "addr:housenumber": null, "start_date": null, "centroid_x_5179": 1167447.3388816186, "centroid_y_5179": 1888868.425643753, "footprint_area_m2": 65.690651070453825 }, "geometry": { "type": "Polygon", "coordinates": [ [ [ 129.381477499999988, 36.983424 ], [ 129.3814668, 36.9833394 ], [ 129.381389, 36.9833457 ], [ 129.3813997, 36.9834303 ], [ 129.381477499999988, 36.983424 ] ] ] } },
{ "type": "Feature", "properties": { "element": "way", "id": 528454879, "building": "yes", "building:levels": null, "name": null, "name:ko": null, "name:en": null, "amenity": null, "shop": null, "office": null, "tourism": null, "social_facility": null, "healthcare": null, "addr:street": null, "addr:housenumber": null, "start_date": null, "centroid_x_5179": 1167416.7981708779, "centroid_y_5179": 1888874.7538475958, "footprint_area_m2": 116.42631562669143 }, "geometry": { "type": "Polygon", "coordinates": [ [ [ 129.3810014, 36.9834562 ], [ 129.3811423, 36.9835076 ], [ 129.3811819, 36.9834384 ], [ 129.3810411, 36.983387 ], [ 129.3810014, 36.9834562 ] ] ] } },
{ "type": "Feature", "properties": { "element": "way", "id": 528454880, "building": "yes", "building:levels": null, "name": null, "name:ko": null, "name:en": null, "amenity": null, "shop": null, "office": null, "tourism": null, "social_facility": null, "healthcare": null, "addr:street": null, "addr:housenumber": null, "start_date": null, "centroid_x_5179": 1167406.1322868168, "centroid_y_5179": 1888855.4410691117, "footprint_area_m2": 83.374675303534218 }, "geometry": { "type": "Polygon", "coordinates": [ [ [ 129.380896799999988, 36.9832612 ], [ 129.3809585, 36.983333 ], [ 129.3810384, 36.9832892 ], [ 129.3809767, 36.9832174 ], [ 129.380896799999988, 36.9832612 ] ] ] } },
{ "type": "Feature", "properties": { "element": "way", "id": 528454881, "building": "yes", "building:levels": null, "name": null, "name:ko": null, "name:en": null, "amenity": null, "shop": null, "office": null, "tourism": null, "social_facility": null, "healthcare": null, "addr:street": null, "addr:housenumber": null, "start_date": null, "centroid_x_5179": 1167428.9566136794, "centroid_y_5179": 1888835.33177635, "footprint_area_m2": 25.923751427049375 }, "geometry": { "type": "Polygon", "coordinates": [ [ [ 129.3811811, 36.9831123 ], [ 129.3812136, 36.9831276 ], [ 129.381257799999986, 36.9830676 ], [ 129.3812254, 36.9830523 ], [ 129.3811811, 36.9831123 ] ] ] } },
{ "type": "Feature", "properties": { "element": "way", "id": 528454882, "building": "yes", "building:levels": null, "name": null, "name:ko": null, "name:en": null, "amenity": null, "shop": null, "office": null, "tourism": null, "social_facility": null, "healthcare": null, "addr:street": null, "addr:housenumber": null, "start_date": null, "centroid_x_5179": 1167428.3156938059, "centroid_y_5179": 1888849.674862342, "footprint_area_m2": 131.92067963162947 }, "geometry": { "type": "Polygon", "coordinates": [ [ [ 129.3811181, 36.9832076 ], [ 129.3812522, 36.9832923 ], [ 129.381312799999989, 36.983231 ], [ 129.3811787, 36.9831463 ], [ 129.3811181, 36.9832076 ] ] ] } },
{ "type": "Feature", "properties": { "element": "way", "id": 528454884, "building": "yes", "building:levels": null, "name": null, "name:ko": null, "name:en": null, "amenity": null, "shop": null, "office": null, "tourism": null, "social_facility": null, "healthcare": null, "addr:street": null, "addr:housenumber": null, "start_date": null, "centroid_x_5179": 1167404.1839094767, "centroid_y_5179": 1888843.714961757, "footprint_area_m2": 19.363075342542569 }, "geometry": { "type": "Polygon", "coordinates": [ [ [ 129.380921, 36.9831948 ], [ 129.3809813, 36.9831712 ], [ 129.380965300000014, 36.983145 ], [ 129.3809049, 36.9831686 ], [ 129.380921, 36.9831948 ] ] ] } },
{ "type": "Feature", "properties": { "element": "way", "id": 528454885, "building": "yes", "building:levels": null, "name": null, "name:ko": null, "name:en": null, "amenity": null, "shop": null, "office": null, "tourism": null, "social_facility": null, "healthcare": null, "addr:street": null, "addr:housenumber": null, "start_date": null, "centroid_x_5179": 1167396.3335967902, "centroid_y_5179": 1888844.2307350885, "footprint_area_m2": 58.105963286221851 }, "geometry": { "type": "Polygon", "coordinates": [ [ [ 129.380836499999987, 36.9832226 ], [ 129.3809085, 36.9832 ], [ 129.3808737, 36.9831293 ], [ 129.380801600000012, 36.9831519 ], [ 129.380836499999987, 36.9832226 ] ] ] } },
{ "type": "Feature", "properties": { "element": "way", "id": 528460470, "building": "yes", "building:levels": null, "name": null, "name:ko": null, "name:en": null, "amenity": null, "shop": null, "office": null, "tourism": null, "social_facility": null, "healthcare": null, "addr:street": null, "addr:housenumber": null, "start_date": null, "centroid_x_5179": 1167447.7441247108, "centroid_y_5179": 1888934.1138005529, "footprint_area_m2": 128.07467267585736 }, "geometry": { "type": "Polygon", "coordinates": [ [ [ 129.381362599999989, 36.9839879 ], [ 129.3814266, 36.9839045 ], [ 129.3815429, 36.9839736 ], [ 129.3814792, 36.9840454 ], [ 129.3814195, 36.984014 ], [ 129.381362599999989, 36.9839879 ] ] ] } },
{ "type": "Feature", "properties": { "element": "way", "id": 528460471, "building": "yes", "building:levels": null, "name": null, "name:ko": null, "name:en": null, "amenity": null, "shop": null, "office": null, "tourism": null, "social_facility": null, "healthcare": null, "addr:street": null, "addr:housenumber": null, "start_date": null, "centroid_x_5179": 1167448.2937674015, "centroid_y_5179": 1888944.5923545333, "footprint_area_m2": 85.562665235091572 }, "geometry": { "type": "Polygon", "coordinates": [ [ [ 129.3813791, 36.9840631 ], [ 129.3814195, 36.984014 ], [ 129.3814792, 36.9840454 ], [ 129.381542700000011, 36.9840787 ], [ 129.3815022, 36.9841278 ], [ 129.3813791, 36.9840631 ] ] ] } },
{ "type": "Feature", "properties": { "element": "way", "id": 528460473, "building": "yes", "building:levels": null, "name": null, "name:ko": null, "name:en": null, "amenity": null, "shop": null, "office": null, "tourism": null, "social_facility": null, "healthcare": null, "addr:street": null, "addr:housenumber": null, "start_date": null, "centroid_x_5179": 1167440.4796290742, "centroid_y_5179": 1888939.437990153, "footprint_area_m2": 36.850649009573118 }, "geometry": { "type": "Polygon", "coordinates": [ [ [ 129.381326, 36.98404 ], [ 129.3813791, 36.9840631 ], [ 129.3814195, 36.984014 ], [ 129.381362599999989, 36.9839879 ], [ 129.381326, 36.98404 ] ] ] } },
{ "type": "Feature", "properties": { "element": "way", "id": 528460474, "building": "yes", "building:levels": null, "name": null, "name:ko": null, "name:en": null, "amenity": null, "shop": null, "office": null, "tourism": null, "social_facility": null, "healthcare": null, "addr:street": null, "addr:housenumber": null, "start_date": null, "centroid_x_5179": 1167430.8197851588, "centroid_y_5179": 1888933.618348845, "footprint_area_m2": 104.22868530022937 }, "geometry": { "type": "Polygon", "coordinates": [ [ [ 129.3811758, 36.98398 ], [ 129.381308600000011, 36.9840336 ], [ 129.3813486, 36.9839703 ], [ 129.3812158, 36.9839167 ], [ 129.3811758, 36.98398 ] ] ] } },
{ "type": "Feature", "properties": { "element": "way", "id": 528460475, "building": "yes", "building:levels": null, "name": null, "name:ko": null, "name:en": null, "amenity": null, "shop": null, "office": null, "tourism": null, "social_facility": null, "healthcare": null, "addr:street": null, "addr:housenumber": null, "start_date": null, "centroid_x_5179": 1167438.2139009545, "centroid_y_5179": 1888913.6867981805, "footprint_area_m2": 65.255461509132232 }, "geometry": { "type": "Polygon", "coordinates": [ [ [ 129.38134070000001, 36.9838504 ], [ 129.3813997, 36.9837636 ], [ 129.381341, 36.9837381 ], [ 129.3812819, 36.9838249 ], [ 129.38134070000001, 36.9838504 ] ] ] } },
{ "type": "Feature", "properties": { "element": "way", "id": 528460478, "building": "yes", "building:levels": null, "name": null, "name:ko": null, "name:en": null, "amenity": null, "shop": null, "office": null, "tourism": null, "social_facility": null, "healthcare": null, "addr:street": null, "addr:housenumber": null, "start_date": null, "centroid_x_5179": 1167425.9489939532, "centroid_y_5179": 1888890.2365804673, "footprint_area_m2": 98.057654477722224 }, "geometry": { "type": "Polygon", "coordinates": [ [ [ 129.381121799999988, 36.9835658 ], [ 129.38120760000001, 36.9836537 ], [ 129.381271, 36.9836142 ], [ 129.381222, 36.983564 ], [ 129.3812379, 36.9835541 ], [ 129.3812011, 36.9835164 ], [ 129.381121799999988, 36.9835658 ] ] ] } },
{ "type": "Feature", "properties": { "element": "way", "id": 528462840, "building": "yes", "building:levels": null, "name": null, "name:ko": null, "name:en": null, "amenity": null, "shop": null, "office": null, "tourism": null, "social_facility": null, "healthcare": null, "addr:street": null, "addr:housenumber": null, "start_date": null, "centroid_x_5179": 1167496.9527617788, "centroid_y_5179": 1889025.6175026239, "footprint_area_m2": 35.317597482388649 }, "geometry": { "type": "Polygon", "coordinates": [ [ [ 129.3820193, 36.9848306 ], [ 129.382073, 36.9847856 ], [ 129.3820313, 36.9847539 ], [ 129.3819777, 36.9847989 ], [ 129.3820193, 36.9848306 ] ] ] } },
{ "type": "Feature", "properties": { "element": "way", "id": 528462841, "building": "yes", "building:levels": null, "name": null, "name:ko": null, "name:en": null, "amenity": null, "shop": null, "office": null, "tourism": null, "social_facility": null, "healthcare": null, "addr:street": null, "addr:housenumber": null, "start_date": null, "centroid_x_5179": 1167499.7197449564, "centroid_y_5179": 1889046.5225035138, "footprint_area_m2": 141.21008381838459 }, "geometry": { "type": "Polygon", "coordinates": [ [ [ 129.382031399999988, 36.9850534 ], [ 129.3821575, 36.9849827 ], [ 129.3820907, 36.9849068 ], [ 129.3819646, 36.9849775 ], [ 129.382031399999988, 36.9850534 ] ] ] } },
{ "type": "Feature", "properties": { "element": "way", "id": 528462842, "building": "yes", "building:levels": null, "name": null, "name:ko": null, "name:en": null, "amenity": null, "shop": null, "office": null, "tourism": null, "social_facility": null, "healthcare": null, "addr:street": null, "addr:housenumber": null, "start_date": null, "centroid_x_5179": 1167442.9237545829, "centroid_y_5179": 1889128.5930219525, "footprint_area_m2": 73.699282808050071 }, "geometry": { "type": "Polygon", "coordinates": [ [ [ 129.3814132, 36.985783 ], [ 129.3815137, 36.9857251 ], [ 129.3814697, 36.9856763 ], [ 129.3813691, 36.9857341 ], [ 129.3814132, 36.985783 ] ] ] } },
{ "type": "Feature", "properties": { "element": "way", "id": 528462843, "building": "yes", "building:levels": null, "name": null, "name:ko": null, "name:en": null, "amenity": null, "shop": null, "office": null, "tourism": null, "social_facility": null, "healthcare": null, "addr:street": null, "addr:housenumber": null, "start_date": null, "centroid_x_5179": 1167435.1338162625, "centroid_y_5179": 1889183.6985998964, "footprint_area_m2": 52.565087905126845 }, "geometry": { "type": "Polygon", "coordinates": [ [ [ 129.381362200000012, 36.9861815 ], [ 129.3813084, 36.9862285 ], [ 129.3813701, 36.9862735 ], [ 129.381423899999987, 36.9862265 ], [ 129.381362200000012, 36.9861815 ] ] ] } },
{ "type": "Feature", "properties": { "element": "way", "id": 528462844, "building": "yes", "building:levels": null, "name": null, "name:ko": null, "name:en": null, "amenity": null, "shop": null, "office": null, "tourism": null, "social_facility": null, "healthcare": null, "addr:street": null, "addr:housenumber": null, "start_date": null, "centroid_x_5179": 1167425.4814784075, "centroid_y_5179": 1889167.6469002257, "footprint_area_m2": 46.384185709026028 }, "geometry": { "type": "Polygon", "coordinates": [ [ [ 129.3812495, 36.9861279 ], [ 129.381308600000011, 36.9860829 ], [ 129.381258800000012, 36.9860413 ], [ 129.3811998, 36.9860863 ], [ 129.3812495, 36.9861279 ] ] ] } },
{ "type": "Feature", "properties": { "element": "way", "id": 528462845, "building": "yes", "building:levels": null, "name": null, "name:ko": null, "name:en": null, "amenity": null, "shop": null, "office": null, "tourism": null, "social_facility": null, "healthcare": null, "addr:street": null, "addr:housenumber": null, "start_date": null, "centroid_x_5179": 1167446.390906814, "centroid_y_5179": 1889161.0509669431, "footprint_area_m2": 241.80481248636204 }, "geometry": { "type": "Polygon", "coordinates": [ [ [ 129.381415800000013, 36.9861408 ], [ 129.3816304, 36.9859544 ], [ 129.3815593, 36.9859021 ], [ 129.3813447, 36.9860885 ], [ 129.381415800000013, 36.9861408 ] ] ] } },
{ "type": "Feature", "properties": { "element": "way", "id": 528462846, "building": "yes", "building:levels": null, "name": null, "name:ko": null, "name:en": null, "amenity": null, "shop": null, "office": null, "tourism": null, "social_facility": null, "healthcare": null, "addr:street": null, "addr:housenumber": null, "start_date": null, "centroid_x_5179": 1167397.6042268982, "centroid_y_5179": 1889231.0349392479, "footprint_area_m2": 2542.4749242338717 }, "geometry": { "type": "Polygon", "coordinates": [ [ [ 129.3807453, 36.987032 ], [ 129.3814078, 36.9864729 ], [ 129.381165, 36.9862893 ], [ 129.3805025, 36.9868485 ], [ 129.3807453, 36.987032 ] ] ] } },
{ "type": "Feature", "properties": { "element": "way", "id": 528475198, "building": "yes", "building:levels": null, "name": null, "name:ko": null, "name:en": null, "amenity": null, "shop": null, "office": null, "tourism": null, "social_facility": null, "healthcare": null, "addr:street": null, "addr:housenumber": null, "start_date": null, "centroid_x_5179": 1167489.0215256058, "centroid_y_5179": 1888917.4592554257, "footprint_area_m2": 15.496663930351691 }, "geometry": { "type": "Polygon", "coordinates": [ [ [ 129.381936200000013, 36.9838354 ], [ 129.3819308, 36.983799 ], [ 129.381888300000014, 36.983803 ], [ 129.3818937, 36.9838394 ], [ 129.381936200000013, 36.9838354 ] ] ] } },
{ "type": "Feature", "properties": { "element": "way", "id": 528475200, "building": "yes", "building:levels": null, "name": null, "name:ko": null, "name:en": null, "amenity": null, "shop": null, "office": null, "tourism": null, "social_facility": null, "healthcare": null, "addr:street": null, "addr:housenumber": null, "start_date": null, "centroid_x_5179": 1167479.647357998, "centroid_y_5179": 1888919.832352004, "footprint_area_m2": 21.005746752794934 }, "geometry": { "type": "Polygon", "coordinates": [ [ [ 129.3818316, 36.9838654 ], [ 129.3818262, 36.9838161 ], [ 129.381783399999989, 36.9838191 ], [ 129.38178880000001, 36.9838684 ], [ 129.3818316, 36.9838654 ] ] ] } },
{ "type": "Feature", "properties": { "element": "way", "id": 528475202, "building": "yes", "building:levels": null, "name": null, "name:ko": null, "name:en": null, "amenity": null, "shop": null, "office": null, "tourism": null, "social_facility": null, "healthcare": null, "addr:street": null, "addr:housenumber": null, "start_date": null, "centroid_x_5179": 1167471.1198895629, "centroid_y_5179": 1888927.1857466442, "footprint_area_m2": 115.91308876680543 }, "geometry": { "type": "Polygon", "coordinates": [ [ [ 129.381610099999989, 36.9839196 ], [ 129.3816594, 36.9839243 ], [ 129.3816568, 36.9839414 ], [ 129.3817895, 36.9839542 ], [ 129.3818005, 36.9838813 ], [ 129.3816771, 36.9838695 ], [ 129.3816749, 36.983884 ], [ 129.3816163, 36.9838783 ], [ 129.381610099999989, 36.9839196 ] ] ] } },
{ "type": "Feature", "properties": { "element": "way", "id": 528637421, "building": "apartments", "building:levels": null, "name": "금광골든캐슬", "name:ko": null, "name:en": null, "amenity": null, "shop": null, "office": null, "tourism": null, "social_facility": null, "healthcare": null, "addr:street": null, "addr:housenumber": null, "start_date": null, "centroid_x_5179": 1169073.9590446709, "centroid_y_5179": 1890826.5271239944, "footprint_area_m2": 895.41815895699938 }, "geometry": { "type": "Polygon", "coordinates": [ [ [ 129.4004481, 37.0009645 ], [ 129.399939499999988, 37.0004394 ], [ 129.3998315, 37.0005062 ], [ 129.4003401, 37.0010312 ], [ 129.4004481, 37.0009645 ] ] ] } },
{ "type": "Feature", "properties": { "element": "way", "id": 528637422, "building": "yes", "building:levels": null, "name": "울진과학체험관", "name:ko": null, "name:en": null, "amenity": null, "shop": null, "office": null, "tourism": null, "social_facility": null, "healthcare": null, "addr:street": null, "addr:housenumber": null, "start_date": null, "centroid_x_5179": 1169857.179536772, "centroid_y_5179": 1890361.3607731897, "footprint_area_m2": 1196.6219735909162 }, "geometry": { "type": "Polygon", "coordinates": [ [ [ 129.4085399, 36.9964414 ], [ 129.408594099999988, 36.9963726 ], [ 129.4085344, 36.996349 ], [ 129.408622400000013, 36.9962069 ], [ 129.4090917, 36.9963923 ], [ 129.40911, 36.9963777 ], [ 129.409213099999988, 36.9964151 ], [ 129.409164800000013, 36.9964999 ], [ 129.4090632, 36.996463 ], [ 129.4090836, 36.9964271 ], [ 129.4090297, 36.9964075 ], [ 129.4089921, 36.9964735 ], [ 129.409079, 36.9965537 ], [ 129.4090165, 36.9965969 ], [ 129.4087882, 36.996501 ], [ 129.4085399, 36.9964414 ] ] ] } },
{ "type": "Feature", "properties": { "element": "way", "id": 528637423, "building": "yes", "building:levels": null, "name": "충혼탑", "name:ko": null, "name:en": null, "amenity": null, "shop": null, "office": null, "tourism": null, "social_facility": null, "healthcare": null, "addr:street": null, "addr:housenumber": null, "start_date": null, "centroid_x_5179": 1168868.5658271727, "centroid_y_5179": 1890273.6280949723, "footprint_area_m2": 26.96118196896191 }, "geometry": { "type": "Polygon", "coordinates": [ [ [ 129.39773550000001, 36.9958164 ], [ 129.3977448, 36.9957742 ], [ 129.397682, 36.9957654 ], [ 129.3976728, 36.9958076 ], [ 129.39773550000001, 36.9958164 ] ] ] } },
{ "type": "Feature", "properties": { "element": "way", "id": 528637425, "building": "school", "building:levels": null, "name": null, "name:ko": null, "name:en": null, "amenity": null, "shop": null, "office": null, "tourism": null, "social_facility": null, "healthcare": null, "addr:street": null, "addr:housenumber": null, "start_date": null, "centroid_x_5179": 1169152.9158288147, "centroid_y_5179": 1890279.4527672664, "footprint_area_m2": 635.03524287362461 }, "geometry": { "type": "Polygon", "coordinates": [ [ [ 129.400671499999987, 36.9958829 ], [ 129.40065, 36.995753 ], [ 129.401136400000013, 36.9957016 ], [ 129.401157899999987, 36.9958315 ], [ 129.400671499999987, 36.9958829 ] ] ] } },
{ "type": "Feature", "properties": { "element": "way", "id": 528637426, "building": "apartments", "building:levels": null, "name": "승민엘리시안", "name:ko": null, "name:en": null, "amenity": null, "shop": null, "office": null, "tourism": null, "social_facility": null, "healthcare": null, "addr:street": null, "addr:housenumber": null, "start_date": null, "centroid_x_5179": 1169570.9054834896, "centroid_y_5179": 1889986.5904897077, "footprint_area_m2": 679.72651198607639 }, "geometry": { "type": "Polygon", "coordinates": [ [ [ 129.4058987, 36.99316 ], [ 129.4059016, 36.9931153 ], [ 129.4057759, 36.9930517 ], [ 129.405473, 36.9930394 ], [ 129.4054755, 36.9930009 ], [ 129.4051795, 36.9929889 ], [ 129.405174, 36.9930768 ], [ 129.4054352, 36.9930874 ], [ 129.4054318, 36.993141 ], [ 129.4058987, 36.99316 ] ] ] } },
{ "type": "Feature", "properties": { "element": "way", "id": 528637427, "building": "yes", "building:levels": null, "name": null, "name:ko": null, "name:en": null, "amenity": "fast_food", "shop": null, "office": null, "tourism": null, "social_facility": null, "healthcare": null, "addr:street": null, "addr:housenumber": null, "start_date": null, "centroid_x_5179": 1169496.1172562628, "centroid_y_5179": 1889936.3331257948, "footprint_area_m2": 171.98363568850652 }, "geometry": { "type": "Polygon", "coordinates": [ [ [ 129.4045926, 36.9925977 ], [ 129.4047358, 36.9925655 ], [ 129.4047683, 36.9926856 ], [ 129.4046275, 36.9927095 ], [ 129.4045926, 36.9925977 ] ] ] } },
{ "type": "Feature", "properties": { "element": "way", "id": 528637428, "building": "apartments", "building:levels": null, "name": "103", "name:ko": null, "name:en": null, "amenity": null, "shop": null, "office": null, "tourism": null, "social_facility": null, "healthcare": null, "addr:street": null, "addr:housenumber": null, "start_date": null, "centroid_x_5179": 1168716.1801736329, "centroid_y_5179": 1889851.624612591, "footprint_area_m2": 636.04635405810689 }, "geometry": { "type": "Polygon", "coordinates": [ [ [ 129.396087200000011, 36.9922132 ], [ 129.3961343, 36.9921684 ], [ 129.3961067, 36.9921499 ], [ 129.396151300000014, 36.9921075 ], [ 129.3959759, 36.9919897 ], [ 129.3957328, 36.9918266 ], [ 129.395641, 36.9919138 ], [ 129.396087200000011, 36.9922132 ] ] ] } },
{ "type": "Feature", "properties": { "element": "way", "id": 528637429, "building": "apartments", "building:levels": null, "name": "104", "name:ko": null, "name:en": null, "amenity": null, "shop": null, "office": null, "tourism": null, "social_facility": null, "healthcare": null, "addr:street": null, "addr:housenumber": null, "start_date": null, "centroid_x_5179": 1168742.6917534599, "centroid_y_5179": 1889801.2164879758, "footprint_area_m2": 487.32004325086211 }, "geometry": { "type": "Polygon", "coordinates": [ [ [ 129.396321199999988, 36.9917147 ], [ 129.3964077, 36.991631 ], [ 129.3960573, 36.9913999 ], [ 129.395970799999986, 36.9914837 ], [ 129.396321199999988, 36.9917147 ] ] ] } },
{ "type": "Feature", "properties": { "element": "way", "id": 528637430, "building": "apartments", "building:levels": null, "name": "101", "name:ko": null, "name:en": null, "amenity": null, "shop": null, "office": null, "tourism": null, "social_facility": null, "healthcare": null, "addr:street": null, "addr:housenumber": null, "start_date": null, "centroid_x_5179": 1168694.6474479006, "centroid_y_5179": 1889761.3218298112, "footprint_area_m2": 675.26859758810406 }, "geometry": { "type": "Polygon", "coordinates": [ [ [ 129.395832, 36.9913926 ], [ 129.3959238, 36.9913012 ], [ 129.3956068, 36.9910982 ], [ 129.395529900000014, 36.9910994 ], [ 129.395529, 36.9910643 ], [ 129.395350900000011, 36.991067 ], [ 129.395353300000011, 36.9911617 ], [ 129.3954688, 36.9911599 ], [ 129.395832, 36.9913926 ] ] ] } },
{ "type": "Feature", "properties": { "element": "way", "id": 528637431, "building": "apartments", "building:levels": null, "name": "102", "name:ko": null, "name:en": null, "amenity": null, "shop": null, "office": null, "tourism": null, "social_facility": null, "healthcare": null, "addr:street": null, "addr:housenumber": null, "start_date": null, "centroid_x_5179": 1168665.8195261115, "centroid_y_5179": 1889810.9056308577, "footprint_area_m2": 612.34244778993821 }, "geometry": { "type": "Polygon", "coordinates": [ [ [ 129.395492100000013, 36.9918349 ], [ 129.3955866, 36.9917437 ], [ 129.3953187, 36.9915666 ], [ 129.3952272, 36.9915635 ], [ 129.395229699999987, 36.9915188 ], [ 129.395070299999986, 36.9915132 ], [ 129.3950654, 36.9916048 ], [ 129.3951482, 36.9916077 ], [ 129.395492100000013, 36.9918349 ] ] ] } },
{ "type": "Feature", "properties": { "element": "way", "id": 528637432, "building": "apartments", "building:levels": null, "name": "현대아파트", "name:ko": null, "name:en": null, "amenity": null, "shop": null, "office": null, "tourism": null, "social_facility": null, "healthcare": null, "addr:street": null, "addr:housenumber": null, "start_date": null, "centroid_x_5179": 1168936.1867095351, "centroid_y_5179": 1888865.3145926665, "footprint_area_m2": 1983.3027070711296 }, "geometry": { "type": "Polygon", "coordinates": [ [ [ 129.398551200000014, 36.9834986 ], [ 129.3981862, 36.9827702 ], [ 129.3981149, 36.982793 ], [ 129.39809360000001, 36.9827503 ], [ 129.3976092, 36.9829164 ], [ 129.3976734, 36.9830331 ], [ 129.398034700000011, 36.9829186 ], [ 129.3980511, 36.9829517 ], [ 129.3981043, 36.982935 ], [ 129.398290300000014, 36.9833117 ], [ 129.3981398, 36.9833591 ], [ 129.3981913, 36.9834634 ], [ 129.398364500000014, 36.9834089 ], [ 129.398428599999988, 36.9835379 ], [ 129.398551200000014, 36.9834986 ] ] ] } },
{ "type": "Feature", "properties": { "element": "way", "id": 528637433, "building": "yes", "building:levels": null, "name": null, "name:ko": null, "name:en": null, "amenity": null, "shop": null, "office": null, "tourism": null, "social_facility": null, "healthcare": null, "addr:street": null, "addr:housenumber": null, "start_date": null, "centroid_x_5179": 1169395.5851051514, "centroid_y_5179": 1887499.9837717165, "footprint_area_m2": 1885.4220381108109 }, "geometry": { "type": "Polygon", "coordinates": [ [ [ 129.403296899999987, 36.970855 ], [ 129.40331230000001, 36.9708131 ], [ 129.4032938, 36.9707319 ], [ 129.4032106, 36.9706802 ], [ 129.4032044, 36.9706211 ], [ 129.4031305, 36.9705325 ], [ 129.4030165, 36.9704808 ], [ 129.402887099999987, 36.9704906 ], [ 129.4027762, 36.97053 ], [ 129.4027022, 36.9706137 ], [ 129.4027022, 36.9707171 ], [ 129.4027577, 36.9707885 ], [ 129.402847, 36.9708328 ], [ 129.402958, 36.9708426 ], [ 129.4030042, 36.970914 ], [ 129.4031397, 36.9709411 ], [ 129.4032229, 36.970919 ], [ 129.4032661, 36.9709017 ], [ 129.403296899999987, 36.970855 ] ] ] } },
{ "type": "Feature", "properties": { "element": "way", "id": 528637434, "building": "yes", "building:levels": null, "name": "울진아쿠아리움", "name:ko": null, "name:en": null, "amenity": null, "shop": null, "office": null, "tourism": "aquarium", "social_facility": null, "healthcare": null, "addr:street": null, "addr:housenumber": null, "start_date": null, "centroid_x_5179": 1169800.2141356734, "centroid_y_5179": 1887527.2221746284, "footprint_area_m2": 1775.4455462719829 }, "geometry": { "type": "Polygon", "coordinates": [ [ [ 129.4077489, 36.9711797 ], [ 129.4077825, 36.97114 ], [ 129.4077938, 36.9710567 ], [ 129.4077504, 36.9710106 ], [ 129.4077088, 36.9709867 ], [ 129.407846400000011, 36.9708341 ], [ 129.4073918, 36.9705726 ], [ 129.4073741, 36.9706088 ], [ 129.407370500000013, 36.9706678 ], [ 129.4073985, 36.9707133 ], [ 129.4072375, 36.9709039 ], [ 129.4077489, 36.9711797 ] ] ] } },
{ "type": "Feature", "properties": { "element": "way", "id": 528637435, "building": "roof", "building:levels": null, "name": null, "name:ko": null, "name:en": null, "amenity": null, "shop": null, "office": null, "tourism": null, "social_facility": null, "healthcare": null, "addr:street": null, "addr:housenumber": null, "start_date": null, "centroid_x_5179": 1169703.7742494927, "centroid_y_5179": 1887461.4587754065, "footprint_area_m2": 2296.0873755298594 }, "geometry": { "type": "Polygon", "coordinates": [ [ [ 129.406165499999986, 36.9704683 ], [ 129.406214, 36.9703941 ], [ 129.4061677, 36.9703365 ], [ 129.406217700000013, 36.9702691 ], [ 129.4061931, 36.9701608 ], [ 129.4062362, 36.9700599 ], [ 129.4065197, 36.9700796 ], [ 129.4066583, 36.9701313 ], [ 129.4067569, 36.9702199 ], [ 129.40683, 36.97036 ], [ 129.4066891, 36.9704069 ], [ 129.4065814, 36.970526 ], [ 129.406496, 36.9705041 ], [ 129.4064213, 36.9705864 ], [ 129.406165499999986, 36.9704683 ] ] ] } },
{ "type": "Feature", "properties": { "element": "way", "id": 528637436, "building": "yes", "building:levels": null, "name": null, "name:ko": null, "name:en": null, "amenity": null, "shop": null, "office": null, "tourism": null, "social_facility": null, "healthcare": null, "addr:street": null, "addr:housenumber": null, "start_date": null, "centroid_x_5179": 1169380.2829537019, "centroid_y_5179": 1887418.3874482589, "footprint_area_m2": 2362.1090887626733 }, "geometry": { "type": "Polygon", "coordinates": [ [ [ 129.403212599999989, 36.9701488 ], [ 129.4032212, 36.9701027 ], [ 129.4032641, 36.9700491 ], [ 129.40328550000001, 36.969987 ], [ 129.4032775, 36.9699098 ], [ 129.4032238, 36.9698584 ], [ 129.403151400000013, 36.9698241 ], [ 129.4030549, 36.9698198 ], [ 129.4030012, 36.9698348 ], [ 129.4029327, 36.9698833 ], [ 129.402840700000013, 36.9698646 ], [ 129.402490199999988, 36.969823 ], [ 129.4024767, 36.9698953 ], [ 129.402301, 36.9698744 ], [ 129.4022912, 36.9699276 ], [ 129.4022507, 36.9699228 ], [ 129.4022381, 36.9699906 ], [ 129.4022812, 36.9699957 ], [ 129.402273400000013, 36.9700375 ], [ 129.403212599999989, 36.9701488 ] ] ] } },
{ "type": "Feature", "properties": { "element": "way", "id": 528637437, "building": "yes", "building:levels": null, "name": null, "name:ko": null, "name:en": null, "amenity": null, "shop": null, "office": null, "tourism": null, "social_facility": null, "healthcare": null, "addr:street": null, "addr:housenumber": null, "start_date": null, "centroid_x_5179": 1169252.5208883083, "centroid_y_5179": 1887367.9121446486, "footprint_area_m2": 411.95532048813368 }, "geometry": { "type": "Polygon", "coordinates": [ [ [ 129.4014899, 36.9696508 ], [ 129.4014048, 36.9694011 ], [ 129.401249400000012, 36.9694349 ], [ 129.4013344, 36.9696846 ], [ 129.4014899, 36.9696508 ] ] ] } },
{ "type": "Feature", "properties": { "element": "way", "id": 528637439, "building": "yes", "building:levels": null, "name": null, "name:ko": null, "name:en": null, "amenity": null, "shop": null, "office": null, "tourism": null, "social_facility": null, "healthcare": null, "addr:street": null, "addr:housenumber": null, "start_date": null, "centroid_x_5179": 1169545.0565532329, "centroid_y_5179": 1887532.671259365, "footprint_area_m2": 299.01228835885399 }, "geometry": { "type": "Polygon", "coordinates": [ [ [ 129.404707800000011, 36.9711056 ], [ 129.4045898, 36.9710789 ], [ 129.4046732, 36.9708441 ], [ 129.4047938, 36.9708715 ], [ 129.404707800000011, 36.9711056 ] ] ] } },
{ "type": "Feature", "properties": { "element": "way", "id": 528637450, "building": "roof", "building:levels": null, "name": null, "name:ko": null, "name:en": null, "amenity": null, "shop": null, "office": null, "tourism": null, "social_facility": null, "healthcare": null, "addr:street": null, "addr:housenumber": null, "start_date": null, "centroid_x_5179": 1170235.1983416867, "centroid_y_5179": 1887128.9523859969, "footprint_area_m2": 123.12406233092067 }, "geometry": { "type": "Polygon", "coordinates": [ [ [ 129.4123056, 36.9671509 ], [ 129.4124182, 36.9671675 ], [ 129.412393400000013, 36.9672745 ], [ 129.4122808, 36.9672579 ], [ 129.4123056, 36.9671509 ] ] ] } },
{ "type": "Feature", "properties": { "element": "way", "id": 528641845, "building": "yes", "building:levels": null, "name": null, "name:ko": null, "name:en": null, "amenity": null, "shop": null, "office": null, "tourism": null, "social_facility": null, "healthcare": null, "addr:street": null, "addr:housenumber": null, "start_date": null, "centroid_x_5179": 1169696.3701048945, "centroid_y_5179": 1890388.09933648, "footprint_area_m2": 253.22544966794544 }, "geometry": { "type": "Polygon", "coordinates": [ [ [ 129.406908499999986, 36.9967084 ], [ 129.406945, 36.9965947 ], [ 129.4071566, 36.9966379 ], [ 129.407120099999986, 36.9967516 ], [ 129.406908499999986, 36.9967084 ] ] ] } },
{ "type": "Feature", "properties": { "element": "way", "id": 528643639, "building": "yes", "building:levels": null, "name": "덕구온천", "name:ko": null, "name:en": null, "amenity": "public_bath", "shop": null, "office": null, "tourism": null, "social_facility": null, "healthcare": null, "addr:street": null, "addr:housenumber": null, "start_date": null, "centroid_x_5179": 1158534.5555647851, "centroid_y_5179": 1899279.8446825186, "footprint_area_m2": 3872.9901149369698 }, "geometry": { "type": "Polygon", "coordinates": [ [ [ 129.2837307, 37.0790548 ], [ 129.2837348, 37.0790655 ], [ 129.2837656, 37.0790877 ], [ 129.283796200000012, 37.0790861 ], [ 129.2838127, 37.0790781 ], [ 129.283823500000011, 37.0790657 ], [ 129.283824, 37.0790449 ], [ 129.2838219, 37.0790384 ], [ 129.2838131, 37.0790304 ], [ 129.2837944, 37.0790217 ], [ 129.283794, 37.0786804 ], [ 129.2838174, 37.0786668 ], [ 129.2838175, 37.0786081 ], [ 129.2838836, 37.0786079 ], [ 129.2838827, 37.0783829 ], [ 129.2834123, 37.0783841 ], [ 129.2834131, 37.0785874 ], [ 129.2832051, 37.0785882 ], [ 129.283174, 37.0785828 ], [ 129.2831558, 37.0785834 ], [ 129.2831318, 37.0785886 ], [ 129.2831194, 37.0785974 ], [ 129.2831123, 37.0786069 ], [ 129.283108199999987, 37.0786164 ], [ 129.2831081, 37.0786392 ], [ 129.2831131, 37.0786499 ], [ 129.283136899999988, 37.0786644 ], [ 129.2831521, 37.0786682 ], [ 129.283185, 37.0786682 ], [ 129.2831874, 37.0790085 ], [ 129.283172799999988, 37.0790158 ], [ 129.2831582, 37.0790271 ], [ 129.283152800000011, 37.0790518 ], [ 129.2831596, 37.0790644 ], [ 129.283180499999986, 37.0790732 ], [ 129.2831969, 37.0790744 ], [ 129.2832127, 37.0790725 ], [ 129.2832263, 37.0790665 ], [ 129.2832326, 37.0790564 ], [ 129.2832328, 37.0790468 ], [ 129.2837307, 37.0790548 ] ] ] } },
{ "type": "Feature", "properties": { "element": "way", "id": 529658722, "building": "yes", "building:levels": null, "name": null, "name:ko": null, "name:en": null, "amenity": null, "shop": null, "office": null, "tourism": null, "social_facility": null, "healthcare": null, "addr:street": null, "addr:housenumber": null, "start_date": null, "centroid_x_5179": 1169246.0723049028, "centroid_y_5179": 1890065.8021081623, "footprint_area_m2": 1394.9139302413205 }, "geometry": { "type": "Polygon", "coordinates": [ [ [ 129.4015954, 36.9938208 ], [ 129.4016058, 36.9936493 ], [ 129.4018046, 36.9936571 ], [ 129.4017974, 36.993776 ], [ 129.402246, 36.9937936 ], [ 129.4022338, 36.9939914 ], [ 129.401661100000013, 36.993969 ], [ 129.40167, 36.9938238 ], [ 129.4015954, 36.9938208 ] ] ] } },
{ "type": "Feature", "properties": { "element": "way", "id": 529658724, "building": "school", "building:levels": null, "name": null, "name:ko": null, "name:en": null, "amenity": null, "shop": null, "office": null, "tourism": null, "social_facility": null, "healthcare": null, "addr:street": null, "addr:housenumber": null, "start_date": null, "centroid_x_5179": 1169020.9771730143, "centroid_y_5179": 1889327.4722570172, "footprint_area_m2": 951.63532521336037 }, "geometry": { "type": "Polygon", "coordinates": [ [ [ 129.3987822, 36.9873524 ], [ 129.3987593, 36.9872455 ], [ 129.3996353, 36.9871259 ], [ 129.399658100000011, 36.9872327 ], [ 129.3987822, 36.9873524 ] ] ] } },
{ "type": "Feature", "properties": { "element": "way", "id": 529658726, "building": "yes", "building:levels": null, "name": null, "name:ko": null, "name:en": null, "amenity": "library", "shop": null, "office": null, "tourism": null, "social_facility": null, "healthcare": null, "addr:street": null, "addr:housenumber": null, "start_date": null, "centroid_x_5179": 1169045.5614704103, "centroid_y_5179": 1889233.7414586418, "footprint_area_m2": 638.41718371891625 }, "geometry": { "type": "Polygon", "coordinates": [ [ [ 129.399257, 36.9864838 ], [ 129.3992356, 36.9863372 ], [ 129.399670500000013, 36.9862967 ], [ 129.3996919, 36.9864433 ], [ 129.399257, 36.9864838 ] ] ] } },
{ "type": "Feature", "properties": { "element": "way", "id": 529658727, "building": "yes", "building:levels": null, "name": "울진교육지원청", "name:ko": "울진교육지원청", "name:en": null, "amenity": null, "shop": null, "office": "government", "tourism": null, "social_facility": null, "healthcare": null, "addr:street": "월변7길", "addr:housenumber": "17", "start_date": null, "centroid_x_5179": 1168990.2866355055, "centroid_y_5179": 1889238.0085387395, "footprint_area_m2": 791.84383150291092 }, "geometry": { "type": "Polygon", "coordinates": [ [ [ 129.3985915, 36.9865327 ], [ 129.3987946, 36.9865149 ], [ 129.3988, 36.9865544 ], [ 129.3989099, 36.9865448 ], [ 129.398902, 36.9864873 ], [ 129.3991311, 36.9864672 ], [ 129.3991136, 36.9863395 ], [ 129.3985715, 36.986387 ], [ 129.3985915, 36.9865327 ] ] ] } },
{ "type": "Feature", "properties": { "element": "way", "id": 529658728, "building": "public", "building:levels": null, "name": "경북 울진경찰서", "name:ko": "경북 울진경찰서", "name:en": null, "amenity": "police", "shop": null, "office": null, "tourism": null, "social_facility": null, "healthcare": null, "addr:street": null, "addr:housenumber": null, "start_date": null, "centroid_x_5179": 1168904.3566037868, "centroid_y_5179": 1889054.5533264326, "footprint_area_m2": 1242.9023266048471 }, "geometry": { "type": "Polygon", "coordinates": [ [ [ 129.3976255, 36.9849348 ], [ 129.3975508, 36.9847335 ], [ 129.3980281, 36.9846205 ], [ 129.3981044, 36.9848263 ], [ 129.3979917, 36.9848529 ], [ 129.397997800000013, 36.9848767 ], [ 129.3979956, 36.9848949 ], [ 129.397991600000012, 36.9849154 ], [ 129.39798110000001, 36.9849386 ], [ 129.397961900000013, 36.9849562 ], [ 129.3979353, 36.9849707 ], [ 129.3978971, 36.9849769 ], [ 129.397861, 36.9849776 ], [ 129.3978314, 36.9849754 ], [ 129.3977989, 36.9849612 ], [ 129.3977669, 36.9849344 ], [ 129.397745, 36.9849065 ], [ 129.3976255, 36.9849348 ] ] ] } },
{ "type": "Feature", "properties": { "element": "way", "id": 529658731, "building": "yes", "building:levels": null, "name": "울진우체국", "name:ko": null, "name:en": null, "amenity": "post_office", "shop": null, "office": null, "tourism": null, "social_facility": null, "healthcare": null, "addr:street": null, "addr:housenumber": null, "start_date": null, "centroid_x_5179": 1169371.9179218791, "centroid_y_5179": 1890065.0675944148, "footprint_area_m2": 736.9658466662836 }, "geometry": { "type": "Polygon", "coordinates": [ [ [ 129.4031506, 36.9939331 ], [ 129.4034675, 36.9939445 ], [ 129.403480699999989, 36.9937095 ], [ 129.403163799999987, 36.9936982 ], [ 129.4031506, 36.9939331 ] ] ] } },
{ "type": "Feature", "properties": { "element": "way", "id": 529658735, "building": "public", "building:levels": null, "name": "울진읍사무소", "name:ko": "울진읍사무소", "name:en": null, "amenity": null, "shop": null, "office": "government", "tourism": null, "social_facility": null, "healthcare": null, "addr:street": "읍내10길", "addr:housenumber": "19", "start_date": null, "centroid_x_5179": 1169338.6483260291, "centroid_y_5179": 1890438.5116935782, "footprint_area_m2": 541.33647165541629 }, "geometry": { "type": "Polygon", "coordinates": [ [ [ 129.4031723, 36.9972875 ], [ 129.4032056, 36.9970892 ], [ 129.4030659, 36.9970742 ], [ 129.4030517, 36.9971591 ], [ 129.4028214, 36.9971344 ], [ 129.4028023, 36.9972479 ], [ 129.4031723, 36.9972875 ] ] ] } },
{ "type": "Feature", "properties": { "element": "way", "id": 529658736, "building": "yes", "building:levels": null, "name": null, "name:ko": null, "name:en": null, "amenity": null, "shop": "supermarket", "office": null, "tourism": null, "social_facility": null, "healthcare": null, "addr:street": null, "addr:housenumber": null, "start_date": null, "centroid_x_5179": 1169287.1970293028, "centroid_y_5179": 1890660.8262220412, "footprint_area_m2": 1120.5325862502739 }, "geometry": { "type": "Polygon", "coordinates": [ [ [ 129.402218, 36.999288 ], [ 129.4022502, 36.9990773 ], [ 129.40265740000001, 36.999117 ], [ 129.402663, 36.9990802 ], [ 129.402767899999986, 36.9990904 ], [ 129.402730100000014, 36.999338 ], [ 129.402218, 36.999288 ] ] ] } },
{ "type": "Feature", "properties": { "element": "way", "id": 529658737, "building": "apartments", "building:levels": null, "name": "광림아파트", "name:ko": null, "name:en": null, "amenity": null, "shop": null, "office": null, "tourism": null, "social_facility": null, "healthcare": null, "addr:street": null, "addr:housenumber": null, "start_date": null, "centroid_x_5179": 1169361.6401074955, "centroid_y_5179": 1890790.0373445363, "footprint_area_m2": 636.261081922475 }, "geometry": { "type": "Polygon", "coordinates": [ [ [ 129.4033456, 37.0005834 ], [ 129.4034574, 37.0003514 ], [ 129.4034982, 37.000364 ], [ 129.403548699999988, 37.0002594 ], [ 129.403248, 37.0001669 ], [ 129.4032075, 37.000251 ], [ 129.403348599999987, 37.0002944 ], [ 129.4032268, 37.0005469 ], [ 129.4033456, 37.0005834 ] ] ] } },
{ "type": "Feature", "properties": { "element": "way", "id": 529658738, "building": "yes", "building:levels": null, "name": null, "name:ko": null, "name:en": null, "amenity": "bank", "shop": null, "office": null, "tourism": null, "social_facility": null, "healthcare": null, "addr:street": null, "addr:housenumber": null, "start_date": null, "centroid_x_5179": 1169306.8714568699, "centroid_y_5179": 1890053.5155715442, "footprint_area_m2": 271.40753291524982 }, "geometry": { "type": "Polygon", "coordinates": [ [ [ 129.4024752, 36.9937762 ], [ 129.40251090000001, 36.9936453 ], [ 129.4026831, 36.9936536 ], [ 129.4026407, 36.99383 ], [ 129.402544799999987, 36.9938175 ], [ 129.40255160000001, 36.9937863 ], [ 129.4024752, 36.9937762 ] ] ] } },
{ "type": "Feature", "properties": { "element": "way", "id": 529678108, "building": "yes", "building:levels": null, "name": null, "name:ko": null, "name:en": null, "amenity": "bank", "shop": null, "office": null, "tourism": null, "social_facility": null, "healthcare": null, "addr:street": null, "addr:housenumber": null, "start_date": null, "centroid_x_5179": 1169203.6347980266, "centroid_y_5179": 1889985.345489546, "footprint_area_m2": 922.20984631822489 }, "geometry": { "type": "Polygon", "coordinates": [ [ [ 129.4015566, 36.9932884 ], [ 129.401564799999989, 36.9929836 ], [ 129.4012587, 36.9929783 ], [ 129.4012505, 36.9932832 ], [ 129.4015566, 36.9932884 ] ] ] } },
{ "type": "Feature", "properties": { "element": "way", "id": 529678110, "building": "yes", "building:levels": null, "name": null, "name:ko": null, "name:en": null, "amenity": null, "shop": null, "office": "government", "tourism": null, "social_facility": null, "healthcare": null, "addr:street": null, "addr:housenumber": null, "start_date": null, "centroid_x_5179": 1169097.9443098023, "centroid_y_5179": 1889940.4632569556, "footprint_area_m2": 999.49596998406946 }, "geometry": { "type": "Polygon", "coordinates": [ [ [ 129.400407800000011, 36.9928766 ], [ 129.40041020000001, 36.9926218 ], [ 129.400013199999989, 36.9926194 ], [ 129.4000108, 36.9928743 ], [ 129.400407800000011, 36.9928766 ] ] ] } },
{ "type": "Feature", "properties": { "element": "way", "id": 529678111, "building": "apartments", "building:levels": null, "name": null, "name:ko": null, "name:en": null, "amenity": null, "shop": null, "office": null, "tourism": null, "social_facility": null, "healthcare": null, "addr:street": null, "addr:housenumber": null, "start_date": null, "centroid_x_5179": 1169560.7267366997, "centroid_y_5179": 1890035.3496844778, "footprint_area_m2": 318.54410342667552 }, "geometry": { "type": "Polygon", "coordinates": [ [ [ 129.4055672, 36.9935831 ], [ 129.4055759, 36.9934699 ], [ 129.4052921, 36.993456 ], [ 129.4052834, 36.9935692 ], [ 129.4055672, 36.9935831 ] ] ] } },
{ "type": "Feature", "properties": { "element": "way", "id": 529678112, "building": "apartments", "building:levels": null, "name": null, "name:ko": null, "name:en": "KB Bank", "amenity": "bank", "shop": null, "office": null, "tourism": null, "social_facility": null, "healthcare": null, "addr:street": null, "addr:housenumber": null, "start_date": null, "centroid_x_5179": 1169492.5279468482, "centroid_y_5179": 1890025.316034782, "footprint_area_m2": 386.65040699168344 }, "geometry": { "type": "Polygon", "coordinates": [ [ [ 129.404731700000013, 36.9935727 ], [ 129.4047423, 36.9933141 ], [ 129.4045911, 36.9933102 ], [ 129.4045805, 36.9935688 ], [ 129.404731700000013, 36.9935727 ] ] ] } },
{ "type": "Feature", "properties": { "element": "way", "id": 529678120, "building": "roof", "building:levels": null, "name": null, "name:ko": null, "name:en": null, "amenity": null, "shop": null, "office": null, "tourism": null, "social_facility": null, "healthcare": null, "addr:street": null, "addr:housenumber": null, "start_date": null, "centroid_x_5179": 1169689.1528685219, "centroid_y_5179": 1890011.646852701, "footprint_area_m2": 133.60235280280006 }, "geometry": { "type": "Polygon", "coordinates": [ [ [ 129.406975499999987, 36.9934076 ], [ 129.406922900000012, 36.9933761 ], [ 129.4068782, 36.9933281 ], [ 129.406852, 36.993266 ], [ 129.4068574, 36.9931885 ], [ 129.4068868, 36.9931286 ], [ 129.406848200000013, 36.9931163 ], [ 129.4068173, 36.9931842 ], [ 129.4068158, 36.9932697 ], [ 129.406837599999989, 36.99334 ], [ 129.4068959, 36.9934001 ], [ 129.4069515, 36.9934333 ], [ 129.406975499999987, 36.9934076 ] ] ] } },
{ "type": "Feature", "properties": { "element": "way", "id": 529678121, "building": "roof", "building:levels": null, "name": null, "name:ko": null, "name:en": null, "amenity": null, "shop": null, "office": null, "tourism": null, "social_facility": null, "healthcare": null, "addr:street": null, "addr:housenumber": null, "start_date": null, "centroid_x_5179": 1169707.9777870316, "centroid_y_5179": 1890007.7098711589, "footprint_area_m2": 108.87141337139593 }, "geometry": { "type": "Polygon", "coordinates": [ [ [ 129.4071356, 36.9933176 ], [ 129.407095, 36.9931652 ], [ 129.4070539, 36.9931722 ], [ 129.4070235, 36.9932095 ], [ 129.407028200000013, 36.9932505 ], [ 129.4070422, 36.9932822 ], [ 129.407084200000014, 36.9933139 ], [ 129.4071356, 36.9933176 ] ] ] } },
{ "type": "Feature", "properties": { "element": "way", "id": 529678127, "building": "roof", "building:levels": null, "name": null, "name:ko": null, "name:en": null, "amenity": null, "shop": null, "office": null, "tourism": null, "social_facility": null, "healthcare": null, "addr:street": null, "addr:housenumber": null, "start_date": null, "centroid_x_5179": 1169917.8354448432, "centroid_y_5179": 1890390.3125195534, "footprint_area_m2": 56.75777318399588 }, "geometry": { "type": "Polygon", "coordinates": [ [ [ 129.409469, 36.9966518 ], [ 129.409482, 36.9966789 ], [ 129.409512299999989, 36.9966907 ], [ 129.409548699999988, 36.9966875 ], [ 129.40957130000001, 36.9966592 ], [ 129.4095623, 36.9966301 ], [ 129.4095256, 36.9966137 ], [ 129.409489400000012, 36.9966209 ], [ 129.409479800000014, 36.9966355 ], [ 129.409469, 36.9966518 ] ] ] } },
{ "type": "Feature", "properties": { "element": "way", "id": 542016775, "building": "house", "building:levels": null, "name": null, "name:ko": null, "name:en": null, "amenity": null, "shop": null, "office": null, "tourism": null, "social_facility": null, "healthcare": null, "addr:street": null, "addr:housenumber": null, "start_date": null, "centroid_x_5179": 1164024.2762577771, "centroid_y_5179": 1891344.753278509, "footprint_area_m2": 97.109483336405091 }, "geometry": { "type": "Polygon", "coordinates": [ [ [ 129.343447, 37.0062921 ], [ 129.343570699999987, 37.0062427 ], [ 129.343610500000011, 37.0063063 ], [ 129.343486899999988, 37.0063557 ], [ 129.343447, 37.0062921 ] ] ] } },
{ "type": "Feature", "properties": { "element": "way", "id": 542016776, "building": "house", "building:levels": null, "name": null, "name:ko": null, "name:en": null, "amenity": null, "shop": null, "office": null, "tourism": null, "social_facility": null, "healthcare": null, "addr:street": null, "addr:housenumber": null, "start_date": null, "centroid_x_5179": 1164023.9105076396, "centroid_y_5179": 1891331.1906222298, "footprint_area_m2": 100.35919002789738 }, "geometry": { "type": "Polygon", "coordinates": [ [ [ 129.3434393, 37.0061796 ], [ 129.343547699999988, 37.0061146 ], [ 129.3436041, 37.0061746 ], [ 129.3434957, 37.0062395 ], [ 129.3434393, 37.0061796 ] ] ] } },
{ "type": "Feature", "properties": { "element": "way", "id": 542016777, "building": "house", "building:levels": null, "name": null, "name:ko": null, "name:en": null, "amenity": null, "shop": null, "office": null, "tourism": null, "social_facility": null, "healthcare": null, "addr:street": null, "addr:housenumber": null, "start_date": null, "centroid_x_5179": 1164051.3251833159, "centroid_y_5179": 1891288.305826151, "footprint_area_m2": 91.991010898325442 }, "geometry": { "type": "Polygon", "coordinates": [ [ [ 129.343742600000013, 37.0058014 ], [ 129.343835399999989, 37.005723 ], [ 129.3438981, 37.0057704 ], [ 129.343805300000014, 37.0058488 ], [ 129.343742600000013, 37.0058014 ] ] ] } },
{ "type": "Feature", "properties": { "element": "way", "id": 542016780, "building": "house", "building:levels": null, "name": null, "name:ko": null, "name:en": null, "amenity": null, "shop": null, "office": null, "tourism": null, "social_facility": null, "healthcare": null, "addr:street": null, "addr:housenumber": null, "start_date": null, "centroid_x_5179": 1164032.403030121, "centroid_y_5179": 1891189.6178659396, "footprint_area_m2": 88.761899295946563 }, "geometry": { "type": "Polygon", "coordinates": [ [ [ 129.3435081, 37.0049095 ], [ 129.343541499999986, 37.004848 ], [ 129.343664499999988, 37.0048906 ], [ 129.34363110000001, 37.0049521 ], [ 129.3435081, 37.0049095 ] ] ] } },
{ "type": "Feature", "properties": { "element": "way", "id": 542016781, "building": "house", "building:levels": null, "name": null, "name:ko": null, "name:en": null, "amenity": null, "shop": null, "office": null, "tourism": null, "social_facility": null, "healthcare": null, "addr:street": null, "addr:housenumber": null, "start_date": null, "centroid_x_5179": 1164119.351362559, "centroid_y_5179": 1891148.9042246144, "footprint_area_m2": 130.27786928353888 }, "geometry": { "type": "Polygon", "coordinates": [ [ [ 129.3444777, 37.0045599 ], [ 129.3445252, 37.0044477 ], [ 129.34463070000001, 37.0044762 ], [ 129.344583199999988, 37.0045884 ], [ 129.3444777, 37.0045599 ] ] ] } },
{ "type": "Feature", "properties": { "element": "way", "id": 542016782, "building": "yes", "building:levels": null, "name": null, "name:ko": null, "name:en": null, "amenity": null, "shop": null, "office": null, "tourism": null, "social_facility": null, "healthcare": null, "addr:street": null, "addr:housenumber": null, "start_date": null, "centroid_x_5179": 1164210.1978736995, "centroid_y_5179": 1891238.947475034, "footprint_area_m2": 350.24124809994839 }, "geometry": { "type": "Polygon", "coordinates": [ [ [ 129.3455241, 37.005419 ], [ 129.3454537, 37.0052724 ], [ 129.345664699999986, 37.0052079 ], [ 129.345735, 37.0053545 ], [ 129.3455241, 37.005419 ] ] ] } },
{ "type": "Feature", "properties": { "element": "way", "id": 542016783, "building": "yes", "building:levels": null, "name": null, "name:ko": null, "name:en": null, "amenity": null, "shop": null, "office": null, "tourism": null, "social_facility": null, "healthcare": null, "addr:street": null, "addr:housenumber": null, "start_date": null, "centroid_x_5179": 1164108.6512498809, "centroid_y_5179": 1891260.3650976978, "footprint_area_m2": 160.15829558689785 }, "geometry": { "type": "Polygon", "coordinates": [ [ [ 129.3443574, 37.0055358 ], [ 129.3444648, 37.005443 ], [ 129.3445591, 37.0055125 ], [ 129.3444518, 37.0056053 ], [ 129.3443574, 37.0055358 ] ] ] } },
{ "type": "Feature", "properties": { "element": "way", "id": 542016784, "building": "yes", "building:levels": null, "name": null, "name:ko": null, "name:en": null, "amenity": null, "shop": null, "office": null, "tourism": null, "social_facility": null, "healthcare": null, "addr:street": null, "addr:housenumber": null, "start_date": null, "centroid_x_5179": 1164149.1326894511, "centroid_y_5179": 1891261.4727955833, "footprint_area_m2": 138.49177455506407 }, "geometry": { "type": "Polygon", "coordinates": [ [ [ 129.344826899999987, 37.0055709 ], [ 129.3448698, 37.0055473 ], [ 129.3448907, 37.005497 ], [ 129.3448627, 37.0054646 ], [ 129.344916, 37.0054353 ], [ 129.3450025, 37.0055355 ], [ 129.3448627, 37.0056125 ], [ 129.344826899999987, 37.0055709 ] ] ] } },
{ "type": "Feature", "properties": { "element": "way", "id": 542016789, "building": "yes", "building:levels": null, "name": null, "name:ko": null, "name:en": null, "amenity": null, "shop": null, "office": null, "tourism": null, "social_facility": null, "healthcare": null, "addr:street": null, "addr:housenumber": null, "start_date": null, "centroid_x_5179": 1172872.7396837596, "centroid_y_5179": 1871824.0504312464, "footprint_area_m2": 165.84273334393239 }, "geometry": { "type": "Polygon", "coordinates": [ [ [ 129.4383746, 36.8288119 ], [ 129.4385378, 36.8287792 ], [ 129.438568, 36.8288758 ], [ 129.4384048, 36.8289085 ], [ 129.4383746, 36.8288119 ] ] ] } },
{ "type": "Feature", "properties": { "element": "way", "id": 542016790, "building": "yes", "building:levels": null, "name": null, "name:ko": null, "name:en": null, "amenity": null, "shop": null, "office": null, "tourism": null, "social_facility": null, "healthcare": null, "addr:street": null, "addr:housenumber": null, "start_date": null, "centroid_x_5179": 1172910.0484142494, "centroid_y_5179": 1871827.4175897655, "footprint_area_m2": 69.497861895379401 }, "geometry": { "type": "Polygon", "coordinates": [ [ [ 129.43882450000001, 36.8288832 ], [ 129.438895699999989, 36.8288126 ], [ 129.4389559, 36.8288516 ], [ 129.438884699999988, 36.8289221 ], [ 129.43882450000001, 36.8288832 ] ] ] } },
{ "type": "Feature", "properties": { "element": "way", "id": 542016791, "building": "yes", "building:levels": null, "name": null, "name:ko": null, "name:en": null, "amenity": null, "shop": null, "office": null, "tourism": null, "social_facility": null, "healthcare": null, "addr:street": null, "addr:housenumber": null, "start_date": null, "centroid_x_5179": 1172855.3597049932, "centroid_y_5179": 1871789.678266193, "footprint_area_m2": 137.80335566058054 }, "geometry": { "type": "Polygon", "coordinates": [ [ [ 129.4381728, 36.82853 ], [ 129.438310800000011, 36.828468 ], [ 129.4383646, 36.8285447 ], [ 129.4382266, 36.8286067 ], [ 129.4381728, 36.82853 ] ] ] } },
{ "type": "Feature", "properties": { "element": "way", "id": 542016792, "building": "yes", "building:levels": null, "name": null, "name:ko": null, "name:en": null, "amenity": null, "shop": null, "office": null, "tourism": null, "social_facility": null, "healthcare": null, "addr:street": null, "addr:housenumber": null, "start_date": null, "centroid_x_5179": 1172827.2583391089, "centroid_y_5179": 1871785.2512230263, "footprint_area_m2": 121.5121299464755 }, "geometry": { "type": "Polygon", "coordinates": [ [ [ 129.4378672, 36.8285177 ], [ 129.437931, 36.8284347 ], [ 129.438038299999988, 36.8284875 ], [ 129.4379745, 36.8285705 ], [ 129.4378672, 36.8285177 ] ] ] } },
{ "type": "Feature", "properties": { "element": "way", "id": 542016793, "building": "yes", "building:levels": null, "name": null, "name:ko": null, "name:en": null, "amenity": null, "shop": null, "office": null, "tourism": null, "social_facility": null, "healthcare": null, "addr:street": null, "addr:housenumber": null, "start_date": null, "centroid_x_5179": 1172780.5385071314, "centroid_y_5179": 1871866.694368267, "footprint_area_m2": 191.54185128925621 }, "geometry": { "type": "Polygon", "coordinates": [ [ [ 129.4375665, 36.8292042 ], [ 129.4375665, 36.8292856 ], [ 129.437328799999989, 36.8292856 ], [ 129.437328799999989, 36.8292042 ], [ 129.4375665, 36.8292042 ] ] ] } },
{ "type": "Feature", "properties": { "element": "way", "id": 542016794, "building": "school", "building:levels": null, "name": null, "name:ko": null, "name:en": null, "amenity": null, "shop": null, "office": null, "tourism": null, "social_facility": null, "healthcare": null, "addr:street": null, "addr:housenumber": null, "start_date": null, "centroid_x_5179": 1172801.3663561307, "centroid_y_5179": 1871939.0159467598, "footprint_area_m2": 874.23877365919748 }, "geometry": { "type": "Polygon", "coordinates": [ [ [ 129.437226, 36.8298544 ], [ 129.4381665, 36.8298371 ], [ 129.4381692, 36.8299309 ], [ 129.4372287, 36.8299483 ], [ 129.437226, 36.8298544 ] ] ] } },
{ "type": "Feature", "properties": { "element": "way", "id": 542016796, "building": "yes", "building:levels": null, "name": null, "name:ko": null, "name:en": null, "amenity": null, "shop": null, "office": null, "tourism": null, "social_facility": null, "healthcare": null, "addr:street": null, "addr:housenumber": null, "start_date": null, "centroid_x_5179": 1172807.6286410377, "centroid_y_5179": 1871837.1588835148, "footprint_area_m2": 92.261525061059444 }, "geometry": { "type": "Polygon", "coordinates": [ [ [ 129.4376905, 36.8290182 ], [ 129.4377034, 36.8289214 ], [ 129.4377986, 36.8289295 ], [ 129.4377857, 36.8290263 ], [ 129.4376905, 36.8290182 ] ] ] } },
{ "type": "Feature", "properties": { "element": "way", "id": 542016797, "building": "yes", "building:levels": null, "name": null, "name:ko": null, "name:en": null, "amenity": null, "shop": null, "office": null, "tourism": null, "social_facility": null, "healthcare": null, "addr:street": null, "addr:housenumber": null, "start_date": null, "centroid_x_5179": 1172790.5175683063, "centroid_y_5179": 1871837.2558558872, "footprint_area_m2": 123.96701082426168 }, "geometry": { "type": "Polygon", "coordinates": [ [ [ 129.4374953, 36.8289234 ], [ 129.4376293, 36.8289414 ], [ 129.437610299999989, 36.8290323 ], [ 129.437476299999986, 36.8290143 ], [ 129.4374953, 36.8289234 ] ] ] } },
{ "type": "Feature", "properties": { "element": "way", "id": 542024254, "building": "yes", "building:levels": null, "name": null, "name:ko": null, "name:en": null, "amenity": null, "shop": null, "office": null, "tourism": "apartment", "social_facility": null, "healthcare": null, "addr:street": null, "addr:housenumber": null, "start_date": null, "centroid_x_5179": 1158318.4732291191, "centroid_y_5179": 1899255.0934703988, "footprint_area_m2": 1649.1039134838975 }, "geometry": { "type": "Polygon", "coordinates": [ [ [ 129.2810671, 37.0788968 ], [ 129.2810863, 37.0785423 ], [ 129.2813631, 37.0785519 ], [ 129.2813756, 37.0783208 ], [ 129.2813325, 37.0782741 ], [ 129.281105599999989, 37.0782663 ], [ 129.2810964, 37.0784353 ], [ 129.2808925, 37.0784283 ], [ 129.2808675, 37.0788899 ], [ 129.2810671, 37.0788968 ] ] ] } },
{ "type": "Feature", "properties": { "element": "way", "id": 542024255, "building": "yes", "building:levels": null, "name": null, "name:ko": null, "name:en": null, "amenity": null, "shop": null, "office": null, "tourism": null, "social_facility": null, "healthcare": null, "addr:street": null, "addr:housenumber": null, "start_date": null, "centroid_x_5179": 1158375.0710769829, "centroid_y_5179": 1899254.2428757004, "footprint_area_m2": 579.20508240989784 }, "geometry": { "type": "Polygon", "coordinates": [ [ [ 129.2817588, 37.0784444 ], [ 129.28152990000001, 37.0784402 ], [ 129.2815262, 37.0785696 ], [ 129.2816613, 37.0785721 ], [ 129.2816598, 37.0786223 ], [ 129.2819182, 37.078627 ], [ 129.2819225, 37.0784791 ], [ 129.2817579, 37.0784761 ], [ 129.2817588, 37.0784444 ] ] ] } },
{ "type": "Feature", "properties": { "element": "way", "id": 542024256, "building": "yes", "building:levels": null, "name": null, "name:ko": null, "name:en": null, "amenity": null, "shop": null, "office": null, "tourism": null, "social_facility": null, "healthcare": null, "addr:street": null, "addr:housenumber": null, "start_date": null, "centroid_x_5179": 1158370.8349647315, "centroid_y_5179": 1899230.4847801791, "footprint_area_m2": 185.29639840428388 }, "geometry": { "type": "Polygon", "coordinates": [ [ [ 129.2815812, 37.0783664 ], [ 129.2815888, 37.0782638 ], [ 129.2817712, 37.0782725 ], [ 129.2817636, 37.0783751 ], [ 129.2815812, 37.0783664 ] ] ] } },
{ "type": "Feature", "properties": { "element": "way", "id": 542024257, "building": "yes", "building:levels": null, "name": null, "name:ko": null, "name:en": null, "amenity": null, "shop": null, "office": null, "tourism": null, "social_facility": null, "healthcare": null, "addr:street": null, "addr:housenumber": null, "start_date": null, "centroid_x_5179": 1158405.1872586282, "centroid_y_5179": 1899260.0638798764, "footprint_area_m2": 151.96605409826287 }, "geometry": { "type": "Polygon", "coordinates": [ [ [ 129.281970300000012, 37.0785765 ], [ 129.282062599999989, 37.0785017 ], [ 129.2821672, 37.0785838 ], [ 129.2820748, 37.0786586 ], [ 129.281970300000012, 37.0785765 ] ] ] } },
{ "type": "Feature", "properties": { "element": "way", "id": 542024258, "building": "yes", "building:levels": null, "name": null, "name:ko": null, "name:en": null, "amenity": null, "shop": null, "office": null, "tourism": null, "social_facility": null, "healthcare": null, "addr:street": null, "addr:housenumber": null, "start_date": null, "centroid_x_5179": 1158600.7438064232, "centroid_y_5179": 1899317.4196312905, "footprint_area_m2": 70.265692186319086 }, "geometry": { "type": "Polygon", "coordinates": [ [ [ 129.284197400000011, 37.0790861 ], [ 129.284196799999989, 37.0790431 ], [ 129.2843624, 37.0790416 ], [ 129.284363, 37.0790846 ], [ 129.284197400000011, 37.0790861 ] ] ] } },
{ "type": "Feature", "properties": { "element": "way", "id": 589546183, "building": "yes", "building:levels": null, "name": null, "name:ko": null, "name:en": null, "amenity": null, "shop": null, "office": null, "tourism": null, "social_facility": null, "healthcare": null, "addr:street": null, "addr:housenumber": null, "start_date": null, "centroid_x_5179": 1157988.4167513901, "centroid_y_5179": 1883977.8968551776, "footprint_area_m2": 439.07965404948146 }, "geometry": { "type": "Polygon", "coordinates": [ [ [ 129.2743662, 36.9410178 ], [ 129.2743635, 36.9408665 ], [ 129.274269299999986, 36.9408676 ], [ 129.274270800000011, 36.9409521 ], [ 129.2741767, 36.9409531 ], [ 129.2741757, 36.9408939 ], [ 129.2739863, 36.940896 ], [ 129.2739885, 36.9410221 ], [ 129.2743662, 36.9410178 ] ] ] } },
{ "type": "Feature", "properties": { "element": "way", "id": 660653393, "building": "yes", "building:levels": null, "name": null, "name:ko": null, "name:en": null, "amenity": null, "shop": null, "office": null, "tourism": null, "social_facility": null, "healthcare": null, "addr:street": null, "addr:housenumber": null, "start_date": null, "centroid_x_5179": 1169675.9335763818, "centroid_y_5179": 1890348.2387219844, "footprint_area_m2": 505.16728624568344 }, "geometry": { "type": "Polygon", "coordinates": [ [ [ 129.4065919, 36.996327 ], [ 129.4066587, 36.9961974 ], [ 129.4069962, 36.9963085 ], [ 129.4069294, 36.996438 ], [ 129.4065919, 36.996327 ] ] ] } },
{ "type": "Feature", "properties": { "element": "way", "id": 660653394, "building": "yes", "building:levels": null, "name": null, "name:ko": null, "name:en": null, "amenity": null, "shop": null, "office": null, "tourism": null, "social_facility": null, "healthcare": null, "addr:street": null, "addr:housenumber": null, "start_date": null, "centroid_x_5179": 1169902.2762415516, "centroid_y_5179": 1890450.6061822677, "footprint_area_m2": 1109.3226610563615 }, "geometry": { "type": "Polygon", "coordinates": [ [ [ 129.409127, 36.9971736 ], [ 129.4091261, 36.9970081 ], [ 129.409496100000013, 36.9970067 ], [ 129.409498899999988, 36.9974868 ], [ 129.409336599999989, 36.9974874 ], [ 129.409334800000011, 36.9971729 ], [ 129.409127, 36.9971736 ] ] ] } },
{ "type": "Feature", "properties": { "element": "way", "id": 660653395, "building": "yes", "building:levels": null, "name": null, "name:ko": null, "name:en": null, "amenity": null, "shop": null, "office": null, "tourism": null, "social_facility": null, "healthcare": null, "addr:street": null, "addr:housenumber": null, "start_date": null, "centroid_x_5179": 1169953.1360166555, "centroid_y_5179": 1890641.0724504357, "footprint_area_m2": 195.93953126779519 }, "geometry": { "type": "Polygon", "coordinates": [ [ [ 129.4098567, 36.9989556 ], [ 129.409847, 36.9988749 ], [ 129.4100905, 36.9988562 ], [ 129.410100300000011, 36.9989369 ], [ 129.4098567, 36.9989556 ] ] ] } },
{ "type": "Feature", "properties": { "element": "way", "id": 660653396, "building": "yes", "building:levels": null, "name": null, "name:ko": null, "name:en": null, "amenity": null, "shop": null, "office": null, "tourism": null, "social_facility": null, "healthcare": null, "addr:street": null, "addr:housenumber": null, "start_date": null, "centroid_x_5179": 1169685.8275546795, "centroid_y_5179": 1890895.3511180193, "footprint_area_m2": 528.92960124079843 }, "geometry": { "type": "Polygon", "coordinates": [ [ [ 129.4068691, 37.0013457 ], [ 129.4068332, 37.0012002 ], [ 129.4071875, 37.0011445 ], [ 129.4072234, 37.00129 ], [ 129.4068691, 37.0013457 ] ] ] } },
{ "type": "Feature", "properties": { "element": "way", "id": 660653397, "building": "yes", "building:levels": null, "name": null, "name:ko": null, "name:en": null, "amenity": null, "shop": null, "office": null, "tourism": null, "social_facility": null, "healthcare": null, "addr:street": null, "addr:housenumber": null, "start_date": null, "centroid_x_5179": 1169696.230175067, "centroid_y_5179": 1890866.4678045681, "footprint_area_m2": 531.6686329837803 }, "geometry": { "type": "Polygon", "coordinates": [ [ [ 129.4070199, 37.0010969 ], [ 129.4069744, 37.0009139 ], [ 129.4072574, 37.0008691 ], [ 129.4073029, 37.0010521 ], [ 129.4070199, 37.0010969 ] ] ] } },
{ "type": "Feature", "properties": { "element": "way", "id": 660653398, "building": "yes", "building:levels": null, "name": null, "name:ko": null, "name:en": null, "amenity": null, "shop": null, "office": null, "tourism": null, "social_facility": null, "healthcare": null, "addr:street": null, "addr:housenumber": null, "start_date": null, "centroid_x_5179": 1169287.1908735533, "centroid_y_5179": 1890625.8693587549, "footprint_area_m2": 385.92655060397772 }, "geometry": { "type": "Polygon", "coordinates": [ [ [ 129.4023314, 36.9989541 ], [ 129.4023262, 36.998833 ], [ 129.4026484, 36.9988241 ], [ 129.4026537, 36.9989452 ], [ 129.4023314, 36.9989541 ] ] ] } },
{ "type": "Feature", "properties": { "element": "way", "id": 660653399, "building": "yes", "building:levels": null, "name": null, "name:ko": null, "name:en": null, "amenity": null, "shop": null, "office": null, "tourism": null, "social_facility": null, "healthcare": null, "addr:street": null, "addr:housenumber": null, "start_date": null, "centroid_x_5179": 1169303.6972876557, "centroid_y_5179": 1890576.0572062414, "footprint_area_m2": 566.08838774549304 }, "geometry": { "type": "Polygon", "coordinates": [ [ [ 129.4024016, 36.9984727 ], [ 129.4024154, 36.9983617 ], [ 129.4029267, 36.998402 ], [ 129.4029129, 36.998513 ], [ 129.4024016, 36.9984727 ] ] ] } },
{ "type": "Feature", "properties": { "element": "way", "id": 660653400, "building": "yes", "building:levels": null, "name": null, "name:ko": null, "name:en": null, "amenity": null, "shop": null, "office": null, "tourism": null, "social_facility": null, "healthcare": null, "addr:street": null, "addr:housenumber": null, "start_date": null, "centroid_x_5179": 1169307.2301485026, "centroid_y_5179": 1890557.0813386862, "footprint_area_m2": 621.56162591948373 }, "geometry": { "type": "Polygon", "coordinates": [ [ [ 129.402424200000013, 36.9983026 ], [ 129.4024387, 36.9981864 ], [ 129.4029749, 36.9982289 ], [ 129.4029605, 36.9983451 ], [ 129.402424200000013, 36.9983026 ] ] ] } },
{ "type": "Feature", "properties": { "element": "way", "id": 660653401, "building": "yes", "building:levels": null, "name": null, "name:ko": null, "name:en": null, "amenity": null, "shop": null, "office": null, "tourism": null, "social_facility": null, "healthcare": null, "addr:street": null, "addr:housenumber": null, "start_date": null, "centroid_x_5179": 1169309.5989472677, "centroid_y_5179": 1890538.470332124, "footprint_area_m2": 542.14053084181739 }, "geometry": { "type": "Polygon", "coordinates": [ [ [ 129.4024575, 36.9981281 ], [ 129.4024718, 36.9980227 ], [ 129.4029865, 36.9980672 ], [ 129.4029722, 36.9981726 ], [ 129.4024575, 36.9981281 ] ] ] } },
{ "type": "Feature", "properties": { "element": "way", "id": 660653402, "building": "yes", "building:levels": null, "name": null, "name:ko": null, "name:en": null, "amenity": null, "shop": null, "office": null, "tourism": null, "social_facility": null, "healthcare": null, "addr:street": null, "addr:housenumber": null, "start_date": null, "centroid_x_5179": 1169312.2179418304, "centroid_y_5179": 1890520.3107504547, "footprint_area_m2": 558.54105013355229 }, "geometry": { "type": "Polygon", "coordinates": [ [ [ 129.4024868, 36.9979704 ], [ 129.4024992, 36.9978601 ], [ 129.403008, 36.9978968 ], [ 129.4029955, 36.998007 ], [ 129.4024868, 36.9979704 ] ] ] } },
{ "type": "Feature", "properties": { "element": "way", "id": 660653403, "building": "yes", "building:levels": null, "name": null, "name:ko": null, "name:en": null, "amenity": null, "shop": null, "office": null, "tourism": null, "social_facility": null, "healthcare": null, "addr:street": null, "addr:housenumber": null, "start_date": null, "centroid_x_5179": 1169345.2587559705, "centroid_y_5179": 1890561.5626802891, "footprint_area_m2": 210.0233553012585 }, "geometry": { "type": "Polygon", "coordinates": [ [ [ 129.4030656, 36.9984202 ], [ 129.4030913, 36.9981927 ], [ 129.403212700000012, 36.9982057 ], [ 129.403131, 36.9984239 ], [ 129.4030656, 36.9984202 ] ] ] } },
{ "type": "Feature", "properties": { "element": "way", "id": 660653404, "building": "yes", "building:levels": null, "name": null, "name:ko": null, "name:en": null, "amenity": null, "shop": null, "office": null, "tourism": null, "social_facility": null, "healthcare": null, "addr:street": null, "addr:housenumber": null, "start_date": null, "centroid_x_5179": 1169356.9820245758, "centroid_y_5179": 1890528.6343192267, "footprint_area_m2": 443.03130105722198 }, "geometry": { "type": "Polygon", "coordinates": [ [ [ 129.403131, 36.9981349 ], [ 129.403152, 36.9979652 ], [ 129.4032081, 36.9979726 ], [ 129.40323140000001, 36.9978551 ], [ 129.403387900000013, 36.9978794 ], [ 129.403348200000011, 36.9980062 ], [ 129.4032384, 36.9981479 ], [ 129.403131, 36.9981349 ] ] ] } },
{ "type": "Feature", "properties": { "element": "way", "id": 660653405, "building": "yes", "building:levels": null, "name": null, "name:ko": null, "name:en": null, "amenity": null, "shop": null, "office": null, "tourism": null, "social_facility": null, "healthcare": null, "addr:street": null, "addr:housenumber": null, "start_date": null, "centroid_x_5179": 1169330.9499228082, "centroid_y_5179": 1890459.9226713127, "footprint_area_m2": 329.26035330898537 }, "geometry": { "type": "Polygon", "coordinates": [ [ [ 129.4027998, 36.9974204 ], [ 129.4028482, 36.9972935 ], [ 129.4030885, 36.9973518 ], [ 129.4030402, 36.9974788 ], [ 129.4027998, 36.9974204 ] ] ] } },
{ "type": "Feature", "properties": { "element": "way", "id": 660653406, "building": "yes", "building:levels": null, "name": null, "name:ko": null, "name:en": null, "amenity": null, "shop": null, "office": null, "tourism": null, "social_facility": null, "healthcare": null, "addr:street": null, "addr:housenumber": null, "start_date": null, "centroid_x_5179": 1169308.0489802766, "centroid_y_5179": 1890456.8114009779, "footprint_area_m2": 267.01724595462599 }, "geometry": { "type": "Polygon", "coordinates": [ [ [ 129.4026202, 36.9974878 ], [ 129.4026485, 36.9972294 ], [ 129.4027523, 36.9972366 ], [ 129.402724, 36.9974951 ], [ 129.4026202, 36.9974878 ] ] ] } },
{ "type": "Feature", "properties": { "element": "way", "id": 660653407, "building": "yes", "building:levels": null, "name": null, "name:ko": null, "name:en": null, "amenity": null, "shop": null, "office": null, "tourism": null, "social_facility": null, "healthcare": null, "addr:street": null, "addr:housenumber": null, "start_date": null, "centroid_x_5179": 1169390.0662321739, "centroid_y_5179": 1890422.5305666812, "footprint_area_m2": 575.30115627628913 }, "geometry": { "type": "Polygon", "coordinates": [ [ [ 129.4033088, 36.9970618 ], [ 129.403324199999986, 36.9969605 ], [ 129.4038908, 36.9970154 ], [ 129.4038754, 36.9971167 ], [ 129.4033088, 36.9970618 ] ] ] } },
{ "type": "Feature", "properties": { "element": "way", "id": 660653408, "building": "yes", "building:levels": null, "name": null, "name:ko": null, "name:en": null, "amenity": null, "shop": null, "office": null, "tourism": null, "social_facility": null, "healthcare": null, "addr:street": null, "addr:housenumber": null, "start_date": null, "centroid_x_5179": 1169391.0975788177, "centroid_y_5179": 1890406.6735849702, "footprint_area_m2": 590.31512192180469 }, "geometry": { "type": "Polygon", "coordinates": [ [ [ 129.40334, 36.9969332 ], [ 129.403353, 36.9968198 ], [ 129.4038756, 36.9968579 ], [ 129.4038627, 36.9969713 ], [ 129.40334, 36.9969332 ] ] ] } },
{ "type": "Feature", "properties": { "element": "way", "id": 660653409, "building": "yes", "building:levels": null, "name": "울진군보건소", "name:ko": null, "name:en": null, "amenity": null, "shop": null, "office": null, "tourism": null, "social_facility": null, "healthcare": "yes", "addr:street": null, "addr:housenumber": null, "start_date": null, "centroid_x_5179": 1169480.024618098, "centroid_y_5179": 1890333.2472467986, "footprint_area_m2": 542.44204776456934 }, "geometry": { "type": "Polygon", "coordinates": [ [ [ 129.404574200000013, 36.9963695 ], [ 129.404367, 36.9962487 ], [ 129.4044404, 36.9961683 ], [ 129.4045289, 36.99622 ], [ 129.404676599999988, 36.9960584 ], [ 129.404795299999989, 36.9961276 ], [ 129.404574200000013, 36.9963695 ] ] ] } },
{ "type": "Feature", "properties": { "element": "way", "id": 660653410, "building": "yes", "building:levels": null, "name": null, "name:ko": null, "name:en": null, "amenity": null, "shop": null, "office": null, "tourism": null, "social_facility": null, "healthcare": null, "addr:street": null, "addr:housenumber": null, "start_date": null, "centroid_x_5179": 1169444.6699989897, "centroid_y_5179": 1890515.9595908597, "footprint_area_m2": 216.11881739616319 }, "geometry": { "type": "Polygon", "coordinates": [ [ [ 129.404102099999989, 36.997906 ], [ 129.404109299999988, 36.9978212 ], [ 129.4043661, 36.997835 ], [ 129.404359, 36.9979198 ], [ 129.404102099999989, 36.997906 ] ] ] } },
{ "type": "Feature", "properties": { "element": "way", "id": 660653411, "building": "yes", "building:levels": null, "name": null, "name:ko": null, "name:en": null, "amenity": null, "shop": null, "office": null, "tourism": null, "social_facility": null, "healthcare": null, "addr:street": null, "addr:housenumber": null, "start_date": null, "centroid_x_5179": 1169404.9110118523, "centroid_y_5179": 1890584.1304103476, "footprint_area_m2": 233.02831602114776 }, "geometry": { "type": "Polygon", "coordinates": [ [ [ 129.403737299999989, 36.9986105 ], [ 129.4037739, 36.9983643 ], [ 129.4038684, 36.9983732 ], [ 129.4038318, 36.9986194 ], [ 129.403737299999989, 36.9986105 ] ] ] } },
{ "type": "Feature", "properties": { "element": "way", "id": 660653412, "building": "yes", "building:levels": null, "name": null, "name:ko": null, "name:en": null, "amenity": null, "shop": null, "office": null, "tourism": null, "social_facility": null, "healthcare": null, "addr:street": null, "addr:housenumber": null, "start_date": null, "centroid_x_5179": 1169399.3549827663, "centroid_y_5179": 1890619.2196928652, "footprint_area_m2": 167.58578800675411 }, "geometry": { "type": "Polygon", "coordinates": [ [ [ 129.403694, 36.9988915 ], [ 129.4037018, 36.9987235 ], [ 129.4038027, 36.9987265 ], [ 129.403794799999986, 36.9988945 ], [ 129.403694, 36.9988915 ] ] ] } },
{ "type": "Feature", "properties": { "element": "way", "id": 660653413, "building": "yes", "building:levels": null, "name": null, "name:ko": null, "name:en": null, "amenity": null, "shop": null, "office": null, "tourism": null, "social_facility": null, "healthcare": null, "addr:street": null, "addr:housenumber": null, "start_date": null, "centroid_x_5179": 1169382.2038795962, "centroid_y_5179": 1890750.6201711192, "footprint_area_m2": 281.06102653795949 }, "geometry": { "type": "Polygon", "coordinates": [ [ [ 129.403624400000012, 37.0001229 ], [ 129.4036615, 36.9998802 ], [ 129.403546, 36.9998689 ], [ 129.4035089, 37.0001117 ], [ 129.403624400000012, 37.0001229 ] ] ] } },
{ "type": "Feature", "properties": { "element": "way", "id": 660653414, "building": "yes", "building:levels": null, "name": null, "name:ko": null, "name:en": null, "amenity": null, "shop": null, "office": null, "tourism": null, "social_facility": null, "healthcare": null, "addr:street": null, "addr:housenumber": null, "start_date": null, "centroid_x_5179": 1169361.961730815, "centroid_y_5179": 1890737.1898436553, "footprint_area_m2": 321.11892850336847 }, "geometry": { "type": "Polygon", "coordinates": [ [ [ 129.4033959, 37.00003 ], [ 129.403431500000011, 36.9997571 ], [ 129.403294499999987, 36.9997457 ], [ 129.4032785, 36.9998685 ], [ 129.4033133, 36.9998714 ], [ 129.4032937, 37.0000215 ], [ 129.4033959, 37.00003 ] ] ] } },
{ "type": "Feature", "properties": { "element": "way", "id": 660653415, "building": "yes", "building:levels": null, "name": null, "name:ko": null, "name:en": null, "amenity": null, "shop": null, "office": null, "tourism": null, "social_facility": null, "healthcare": null, "addr:street": null, "addr:housenumber": null, "start_date": null, "centroid_x_5179": 1169262.135632793, "centroid_y_5179": 1890715.2182925423, "footprint_area_m2": 47.571109104942941 }, "geometry": { "type": "Polygon", "coordinates": [ [ [ 129.4021717, 36.9997107 ], [ 129.4021874, 36.999665 ], [ 129.402285400000011, 36.9996865 ], [ 129.4022697, 36.9997322 ], [ 129.4021717, 36.9997107 ] ] ] } },
{ "type": "Feature", "properties": { "element": "way", "id": 660653416, "building": "yes", "building:levels": null, "name": null, "name:ko": null, "name:en": null, "amenity": null, "shop": null, "office": null, "tourism": null, "social_facility": null, "healthcare": null, "addr:street": null, "addr:housenumber": null, "start_date": null, "centroid_x_5179": 1169273.7010841833, "centroid_y_5179": 1890718.5073675441, "footprint_area_m2": 55.387092693836934 }, "geometry": { "type": "Polygon", "coordinates": [ [ [ 129.402294500000011, 36.999737 ], [ 129.402309800000012, 36.9996911 ], [ 129.4024239, 36.9997153 ], [ 129.4024086, 36.9997612 ], [ 129.402294500000011, 36.999737 ] ] ] } },
{ "type": "Feature", "properties": { "element": "way", "id": 660653417, "building": "yes", "building:levels": null, "name": null, "name:ko": null, "name:en": null, "amenity": null, "shop": null, "office": null, "tourism": null, "social_facility": null, "healthcare": null, "addr:street": null, "addr:housenumber": null, "start_date": null, "centroid_x_5179": 1169264.2033698445, "centroid_y_5179": 1890556.4374786562, "footprint_area_m2": 404.98899288669435 }, "geometry": { "type": "Polygon", "coordinates": [ [ [ 129.40211450000001, 36.9984138 ], [ 129.4021912, 36.9981018 ], [ 129.4023178, 36.9981217 ], [ 129.402241, 36.9984336 ], [ 129.40211450000001, 36.9984138 ] ] ] } },
{ "type": "Feature", "properties": { "element": "way", "id": 660653418, "building": "yes", "building:levels": null, "name": null, "name:ko": null, "name:en": null, "amenity": null, "shop": null, "office": null, "tourism": null, "social_facility": null, "healthcare": null, "addr:street": null, "addr:housenumber": null, "start_date": null, "centroid_x_5179": 1169300.0220106316, "centroid_y_5179": 1890245.5196412806, "footprint_area_m2": 410.6432366500469 }, "geometry": { "type": "Polygon", "coordinates": [ [ [ 129.4023585, 36.99551 ], [ 129.402363400000013, 36.9953994 ], [ 129.4027388, 36.9954101 ], [ 129.402733899999987, 36.9955207 ], [ 129.4023585, 36.99551 ] ] ] } },
{ "type": "Feature", "properties": { "element": "way", "id": 660653419, "building": "yes", "building:levels": null, "name": null, "name:ko": null, "name:en": null, "amenity": null, "shop": null, "office": null, "tourism": null, "social_facility": null, "healthcare": null, "addr:street": null, "addr:housenumber": null, "start_date": null, "centroid_x_5179": 1169301.0779035895, "centroid_y_5179": 1890188.3557140459, "footprint_area_m2": 755.29424988743858 }, "geometry": { "type": "Polygon", "coordinates": [ [ [ 129.4023779, 36.9950561 ], [ 129.402388300000013, 36.9948241 ], [ 129.4027175, 36.9948336 ], [ 129.402707, 36.9950656 ], [ 129.4023779, 36.9950561 ] ] ] } },
{ "type": "Feature", "properties": { "element": "way", "id": 660653420, "building": "yes", "building:levels": null, "name": null, "name:ko": null, "name:en": null, "amenity": null, "shop": null, "office": null, "tourism": null, "social_facility": null, "healthcare": null, "addr:street": null, "addr:housenumber": null, "start_date": null, "centroid_x_5179": 1169194.517460888, "centroid_y_5179": 1890086.3542317902, "footprint_area_m2": 299.35911841208679 }, "geometry": { "type": "Polygon", "coordinates": [ [ [ 129.4012435, 36.9941374 ], [ 129.401252699999986, 36.9939478 ], [ 129.4014123, 36.9939527 ], [ 129.40140310000001, 36.9941423 ], [ 129.4012435, 36.9941374 ] ] ] } },
{ "type": "Feature", "properties": { "element": "way", "id": 660653421, "building": "yes", "building:levels": null, "name": null, "name:ko": null, "name:en": null, "amenity": null, "shop": null, "office": null, "tourism": null, "social_facility": null, "healthcare": null, "addr:street": null, "addr:housenumber": null, "start_date": null, "centroid_x_5179": 1169196.1054819538, "centroid_y_5179": 1889928.4936615387, "footprint_area_m2": 520.91819740429298 }, "geometry": { "type": "Polygon", "coordinates": [ [ [ 129.401232099999987, 36.9927949 ], [ 129.401250299999987, 36.9923736 ], [ 129.4013093, 36.9923865 ], [ 129.4013683, 36.9925193 ], [ 129.4013587, 36.9927426 ], [ 129.4014603, 36.9927454 ], [ 129.4014579, 36.9928011 ], [ 129.401232099999987, 36.9927949 ] ] ] } },
{ "type": "Feature", "properties": { "element": "way", "id": 660653422, "building": "yes", "building:levels": null, "name": null, "name:ko": null, "name:en": null, "amenity": null, "shop": null, "office": null, "tourism": null, "social_facility": null, "healthcare": null, "addr:street": null, "addr:housenumber": null, "start_date": null, "centroid_x_5179": 1169207.9177185001, "centroid_y_5179": 1890015.3052308762, "footprint_area_m2": 642.14484049196915 }, "geometry": { "type": "Polygon", "coordinates": [ [ [ 129.4013549, 36.9934941 ], [ 129.4014622, 36.9935026 ], [ 129.401722299999989, 36.9934041 ], [ 129.401655299999987, 36.9932906 ], [ 129.4013683, 36.9933805 ], [ 129.4013549, 36.9933205 ], [ 129.401250299999987, 36.9933184 ], [ 129.4012342, 36.9934598 ], [ 129.4013549, 36.9934941 ] ] ] } },
{ "type": "Feature", "properties": { "element": "way", "id": 660653426, "building": "yes", "building:levels": null, "name": null, "name:ko": null, "name:en": null, "amenity": null, "shop": null, "office": null, "tourism": null, "social_facility": null, "healthcare": null, "addr:street": null, "addr:housenumber": null, "start_date": null, "centroid_x_5179": 1169491.8595995933, "centroid_y_5179": 1890088.8790822572, "footprint_area_m2": 230.07837602723038 }, "geometry": { "type": "Polygon", "coordinates": [ [ [ 129.4045964, 36.9941017 ], [ 129.404723600000011, 36.994109 ], [ 129.40473990000001, 36.9939267 ], [ 129.4046128, 36.9939195 ], [ 129.4045964, 36.9941017 ] ] ] } },
{ "type": "Feature", "properties": { "element": "way", "id": 660653427, "building": "yes", "building:levels": null, "name": null, "name:ko": null, "name:en": null, "amenity": null, "shop": null, "office": null, "tourism": null, "social_facility": null, "healthcare": null, "addr:street": null, "addr:housenumber": null, "start_date": null, "centroid_x_5179": 1169499.7428397785, "centroid_y_5179": 1890068.5169685613, "footprint_area_m2": 272.23730784456745 }, "geometry": { "type": "Polygon", "coordinates": [ [ [ 129.4046131, 36.9938801 ], [ 129.4046164, 36.9938368 ], [ 129.4046942, 36.9937619 ], [ 129.4048711, 36.9937705 ], [ 129.404861899999986, 36.9938922 ], [ 129.4046131, 36.9938801 ] ] ] } },
{ "type": "Feature", "properties": { "element": "way", "id": 660653428, "building": "yes", "building:levels": null, "name": null, "name:ko": null, "name:en": null, "amenity": null, "shop": null, "office": null, "tourism": null, "social_facility": null, "healthcare": null, "addr:street": null, "addr:housenumber": null, "start_date": null, "centroid_x_5179": 1169510.9665123706, "centroid_y_5179": 1889981.7256236975, "footprint_area_m2": 527.14693684617475 }, "geometry": { "type": "Polygon", "coordinates": [ [ [ 129.4046237, 36.9931111 ], [ 129.4046164, 36.9929996 ], [ 129.4050937, 36.9929797 ], [ 129.405101, 36.9930912 ], [ 129.4046237, 36.9931111 ] ] ] } },
{ "type": "Feature", "properties": { "element": "way", "id": 660653429, "building": "apartments", "building:levels": null, "name": "남양아너스빌2차아파트", "name:ko": null, "name:en": null, "amenity": null, "shop": null, "office": null, "tourism": null, "social_facility": null, "healthcare": null, "addr:street": null, "addr:housenumber": null, "start_date": null, "centroid_x_5179": 1169593.3641073166, "centroid_y_5179": 1889873.5901315368, "footprint_area_m2": 252.72735569239256 }, "geometry": { "type": "Polygon", "coordinates": [ [ [ 129.405619300000012, 36.9921011 ], [ 129.405620199999987, 36.9920098 ], [ 129.4059004, 36.9920115 ], [ 129.4058995, 36.9921028 ], [ 129.405619300000012, 36.9921011 ] ] ] } },
{ "type": "Feature", "properties": { "element": "way", "id": 660653430, "building": "yes", "building:levels": null, "name": null, "name:ko": null, "name:en": null, "amenity": null, "shop": null, "office": null, "tourism": null, "social_facility": null, "healthcare": null, "addr:street": null, "addr:housenumber": null, "start_date": null, "centroid_x_5179": 1169563.0426146588, "centroid_y_5179": 1889877.8831057304, "footprint_area_m2": 192.32610816120999 }, "geometry": { "type": "Polygon", "coordinates": [ [ [ 129.4053, 36.9921431 ], [ 129.4052972, 36.9920615 ], [ 129.405543099999988, 36.9920602 ], [ 129.4055458, 36.9921369 ], [ 129.4053, 36.9921431 ] ] ] } },
{ "type": "Feature", "properties": { "element": "way", "id": 660653431, "building": "yes", "building:levels": null, "name": null, "name:ko": null, "name:en": null, "amenity": null, "shop": null, "office": null, "tourism": null, "social_facility": null, "healthcare": null, "addr:street": null, "addr:housenumber": null, "start_date": null, "centroid_x_5179": 1169649.8121521431, "centroid_y_5179": 1889865.484530122, "footprint_area_m2": 396.11981559105084 }, "geometry": { "type": "Polygon", "coordinates": [ [ [ 129.4065454, 36.9921003 ], [ 129.4061786, 36.9919268 ], [ 129.4062386, 36.9918459 ], [ 129.406605399999989, 36.9920193 ], [ 129.4065454, 36.9921003 ] ] ] } },
{ "type": "Feature", "properties": { "element": "way", "id": 660653432, "building": "yes", "building:levels": null, "name": null, "name:ko": null, "name:en": null, "amenity": null, "shop": null, "office": null, "tourism": null, "social_facility": null, "healthcare": null, "addr:street": null, "addr:housenumber": null, "start_date": null, "centroid_x_5179": 1169733.2174671511, "centroid_y_5179": 1889886.1533099979, "footprint_area_m2": 271.93081042271365 }, "geometry": { "type": "Polygon", "coordinates": [ [ [ 129.407184300000011, 36.992187 ], [ 129.4071882, 36.9920936 ], [ 129.4074826, 36.9921015 ], [ 129.407478700000013, 36.9921949 ], [ 129.407184300000011, 36.992187 ] ] ] } },
{ "type": "Feature", "properties": { "element": "way", "id": 660653433, "building": "yes", "building:levels": null, "name": "울진그랜드호텔", "name:ko": null, "name:en": null, "amenity": null, "shop": null, "office": null, "tourism": "hotel", "social_facility": null, "healthcare": null, "addr:street": null, "addr:housenumber": null, "start_date": null, "centroid_x_5179": 1169952.8714364092, "centroid_y_5179": 1889848.1741234604, "footprint_area_m2": 592.88718563424686 }, "geometry": { "type": "Polygon", "coordinates": [ [ [ 129.4098086, 36.9919253 ], [ 129.4096016, 36.9917024 ], [ 129.4097753, 36.9915995 ], [ 129.4099823, 36.9918224 ], [ 129.4098086, 36.9919253 ] ] ] } },
{ "type": "Feature", "properties": { "element": "way", "id": 660653434, "building": "yes", "building:levels": null, "name": null, "name:ko": null, "name:en": null, "amenity": null, "shop": null, "office": null, "tourism": null, "social_facility": null, "healthcare": null, "addr:street": null, "addr:housenumber": null, "start_date": null, "centroid_x_5179": 1169837.3707248454, "centroid_y_5179": 1889732.6770756238, "footprint_area_m2": 654.46463501225173 }, "geometry": { "type": "Polygon", "coordinates": [ [ [ 129.4083359, 36.9909644 ], [ 129.4083272, 36.9906285 ], [ 129.4086895, 36.9906226 ], [ 129.4086926, 36.9907455 ], [ 129.408432299999987, 36.9907498 ], [ 129.4084377, 36.9909627 ], [ 129.4083359, 36.9909644 ] ] ] } },
{ "type": "Feature", "properties": { "element": "way", "id": 660653435, "building": "yes", "building:levels": null, "name": null, "name:ko": null, "name:en": null, "amenity": null, "shop": null, "office": null, "tourism": null, "social_facility": null, "healthcare": null, "addr:street": null, "addr:housenumber": null, "start_date": null, "centroid_x_5179": 1169490.0943114276, "centroid_y_5179": 1889798.4343331573, "footprint_area_m2": 258.26342583630515 }, "geometry": { "type": "Polygon", "coordinates": [ [ [ 129.4044836, 36.9913022 ], [ 129.4046174, 36.9913369 ], [ 129.404604400000011, 36.991369 ], [ 129.4047177, 36.9913984 ], [ 129.4046799, 36.9914911 ], [ 129.4045217, 36.99145 ], [ 129.4045379, 36.99141 ], [ 129.4044491, 36.991387 ], [ 129.4044836, 36.9913022 ] ] ] } },
{ "type": "Feature", "properties": { "element": "way", "id": 660653436, "building": "yes", "building:levels": null, "name": null, "name:ko": null, "name:en": null, "amenity": null, "shop": null, "office": null, "tourism": null, "social_facility": null, "healthcare": null, "addr:street": null, "addr:housenumber": null, "start_date": null, "centroid_x_5179": 1169508.6559548248, "centroid_y_5179": 1889821.8696601987, "footprint_area_m2": 220.8304832233506 }, "geometry": { "type": "Polygon", "coordinates": [ [ [ 129.4047287, 36.9915251 ], [ 129.4049144, 36.9915805 ], [ 129.404865, 36.9916861 ], [ 129.4046792, 36.9916307 ], [ 129.4047287, 36.9915251 ] ] ] } },
{ "type": "Feature", "properties": { "element": "way", "id": 660653437, "building": "yes", "building:levels": null, "name": null, "name:ko": null, "name:en": null, "amenity": null, "shop": null, "office": null, "tourism": null, "social_facility": null, "healthcare": null, "addr:street": null, "addr:housenumber": null, "start_date": null, "centroid_x_5179": 1169159.2553482372, "centroid_y_5179": 1889880.4324517234, "footprint_area_m2": 426.71567790915424 }, "geometry": { "type": "Polygon", "coordinates": [ [ [ 129.4006857, 36.9922498 ], [ 129.400686, 36.9921417 ], [ 129.401085599999988, 36.9921425 ], [ 129.4010853, 36.9922506 ], [ 129.4006857, 36.9922498 ] ] ] } },
{ "type": "Feature", "properties": { "element": "way", "id": 660653438, "building": "yes", "building:levels": null, "name": "울진작은영화관", "name:ko": null, "name:en": null, "amenity": "cinema", "shop": null, "office": null, "tourism": null, "social_facility": null, "healthcare": null, "addr:street": null, "addr:housenumber": null, "start_date": null, "centroid_x_5179": 1169097.7064194269, "centroid_y_5179": 1889882.3886692575, "footprint_area_m2": 374.85179050814014 }, "geometry": { "type": "Polygon", "coordinates": [ [ [ 129.4002949, 36.9923156 ], [ 129.400289500000014, 36.9921142 ], [ 129.400053500000013, 36.9921635 ], [ 129.400066900000013, 36.9922171 ], [ 129.4000984, 36.9922307 ], [ 129.4001495, 36.9923403 ], [ 129.4002949, 36.9923156 ] ] ] } },
{ "type": "Feature", "properties": { "element": "way", "id": 660653439, "building": "yes", "building:levels": null, "name": null, "name:ko": null, "name:en": null, "amenity": null, "shop": null, "office": null, "tourism": null, "social_facility": null, "healthcare": null, "addr:street": null, "addr:housenumber": null, "start_date": null, "centroid_x_5179": 1169097.9378647499, "centroid_y_5179": 1889864.2638293467, "footprint_area_m2": 134.96993006956603 }, "geometry": { "type": "Polygon", "coordinates": [ [ [ 129.4001233, 36.9921142 ], [ 129.4001072, 36.9920157 ], [ 129.4002788, 36.9920264 ], [ 129.400289500000014, 36.9920885 ], [ 129.4001233, 36.9921142 ] ] ] } },
{ "type": "Feature", "properties": { "element": "way", "id": 660653440, "building": "yes", "building:levels": null, "name": null, "name:ko": null, "name:en": null, "amenity": null, "shop": null, "office": null, "tourism": null, "social_facility": null, "healthcare": null, "addr:street": null, "addr:housenumber": null, "start_date": null, "centroid_x_5179": 1169099.6313193082, "centroid_y_5179": 1889850.415217181, "footprint_area_m2": 161.84589468858132 }, "geometry": { "type": "Polygon", "coordinates": [ [ [ 129.4001313, 36.9919942 ], [ 129.400276100000013, 36.9920007 ], [ 129.4002681, 36.9918636 ], [ 129.400155399999989, 36.9918764 ], [ 129.4001313, 36.9919942 ] ] ] } },
{ "type": "Feature", "properties": { "element": "way", "id": 660653441, "building": "yes", "building:levels": null, "name": null, "name:ko": null, "name:en": null, "amenity": null, "shop": null, "office": null, "tourism": null, "social_facility": null, "healthcare": null, "addr:street": null, "addr:housenumber": null, "start_date": null, "centroid_x_5179": 1169102.8821333752, "centroid_y_5179": 1889838.2704030233, "footprint_area_m2": 30.167063410108177 }, "geometry": { "type": "Polygon", "coordinates": [ [ [ 129.4001849, 36.9918529 ], [ 129.400276100000013, 36.9918464 ], [ 129.4002681, 36.99178 ], [ 129.4001849, 36.9918529 ] ] ] } },
{ "type": "Feature", "properties": { "element": "way", "id": 660653442, "building": "yes", "building:levels": null, "name": null, "name:ko": null, "name:en": null, "amenity": null, "shop": null, "office": null, "tourism": null, "social_facility": null, "healthcare": null, "addr:street": null, "addr:housenumber": null, "start_date": null, "centroid_x_5179": 1169208.691526931, "centroid_y_5179": 1889888.0296257008, "footprint_area_m2": 372.05288888517612 }, "geometry": { "type": "Polygon", "coordinates": [ [ [ 129.4012825, 36.9922956 ], [ 129.4012885, 36.9922513 ], [ 129.401273800000013, 36.9922479 ], [ 129.4012775, 36.9921829 ], [ 129.4015177, 36.9921916 ], [ 129.4015145, 36.9922324 ], [ 129.401588800000013, 36.9922361 ], [ 129.4016461, 36.9923012 ], [ 129.4016153, 36.9923284 ], [ 129.4012825, 36.9922956 ] ] ] } },
{ "type": "Feature", "properties": { "element": "way", "id": 660653443, "building": "yes", "building:levels": null, "name": null, "name:ko": null, "name:en": null, "amenity": null, "shop": null, "office": null, "tourism": null, "social_facility": null, "healthcare": null, "addr:street": null, "addr:housenumber": null, "start_date": null, "centroid_x_5179": 1169200.7928759286, "centroid_y_5179": 1889868.8018747107, "footprint_area_m2": 302.24794906302191 }, "geometry": { "type": "Polygon", "coordinates": [ [ [ 129.4012697, 36.9921782 ], [ 129.401265099999989, 36.9919921 ], [ 129.4014295, 36.9919896 ], [ 129.401434, 36.9921757 ], [ 129.4012697, 36.9921782 ] ] ] } },
{ "type": "Feature", "properties": { "element": "way", "id": 660653444, "building": "yes", "building:levels": null, "name": null, "name:ko": null, "name:en": null, "amenity": null, "shop": null, "office": null, "tourism": null, "social_facility": null, "healthcare": null, "addr:street": null, "addr:housenumber": null, "start_date": null, "centroid_x_5179": 1169149.3669459224, "centroid_y_5179": 1889855.744069698, "footprint_area_m2": 153.82304602990021 }, "geometry": { "type": "Polygon", "coordinates": [ [ [ 129.4006795, 36.9920192 ], [ 129.4008591, 36.9920185 ], [ 129.4008586, 36.9919318 ], [ 129.400679, 36.9919325 ], [ 129.4006795, 36.9920192 ] ] ] } },
{ "type": "Feature", "properties": { "element": "way", "id": 660653445, "building": "yes", "building:levels": null, "name": null, "name:ko": null, "name:en": null, "amenity": null, "shop": null, "office": null, "tourism": null, "social_facility": null, "healthcare": null, "addr:street": null, "addr:housenumber": null, "start_date": null, "centroid_x_5179": 1169199.6645319988, "centroid_y_5179": 1889847.4202438376, "footprint_area_m2": 262.67324084003866 }, "geometry": { "type": "Polygon", "coordinates": [ [ [ 129.4012927, 36.9919835 ], [ 129.4012256, 36.9917993 ], [ 129.4013276, 36.99178 ], [ 129.4013732, 36.9918786 ], [ 129.4014214, 36.99187 ], [ 129.4014483, 36.9919707 ], [ 129.4012927, 36.9919835 ] ] ] } },
{ "type": "Feature", "properties": { "element": "way", "id": 660653446, "building": "yes", "building:levels": null, "name": null, "name:ko": null, "name:en": null, "amenity": null, "shop": null, "office": null, "tourism": null, "social_facility": null, "healthcare": null, "addr:street": null, "addr:housenumber": null, "start_date": null, "centroid_x_5179": 1169249.9548141458, "centroid_y_5179": 1889915.2843501179, "footprint_area_m2": 190.25771766664818 }, "geometry": { "type": "Polygon", "coordinates": [ [ [ 129.4018897, 36.9925778 ], [ 129.4019735, 36.9925829 ], [ 129.4019875, 36.9924337 ], [ 129.4018297, 36.9924242 ], [ 129.4018213, 36.9925141 ], [ 129.401895200000013, 36.9925185 ], [ 129.4018897, 36.9925778 ] ] ] } },
{ "type": "Feature", "properties": { "element": "way", "id": 660653447, "building": "yes", "building:levels": null, "name": null, "name:ko": null, "name:en": null, "amenity": null, "shop": null, "office": null, "tourism": null, "social_facility": null, "healthcare": null, "addr:street": null, "addr:housenumber": null, "start_date": null, "centroid_x_5179": 1169374.5709765023, "centroid_y_5179": 1890130.7411764252, "footprint_area_m2": 306.68898227193199 }, "geometry": { "type": "Polygon", "coordinates": [ [ [ 129.403230799999989, 36.9944506 ], [ 129.403234700000013, 36.9943949 ], [ 129.4033168, 36.9943986 ], [ 129.4033236, 36.9943018 ], [ 129.403446300000013, 36.9943073 ], [ 129.403431399999988, 36.9945174 ], [ 129.4033215, 36.9945125 ], [ 129.403323699999987, 36.9944805 ], [ 129.4032714, 36.9944781 ], [ 129.4032733, 36.9944525 ], [ 129.403230799999989, 36.9944506 ] ] ] } },
{ "type": "Feature", "properties": { "element": "way", "id": 660653448, "building": "yes", "building:levels": null, "name": null, "name:ko": null, "name:en": null, "amenity": null, "shop": null, "office": null, "tourism": null, "social_facility": null, "healthcare": null, "addr:street": null, "addr:housenumber": null, "start_date": null, "centroid_x_5179": 1169439.7854471651, "centroid_y_5179": 1890224.4451298185, "footprint_area_m2": 329.31564787428943 }, "geometry": { "type": "Polygon", "coordinates": [ [ [ 129.4039637, 36.9952981 ], [ 129.4039674, 36.9951857 ], [ 129.4042638, 36.9951919 ], [ 129.404260099999988, 36.9953043 ], [ 129.4039637, 36.9952981 ] ] ] } },
{ "type": "Feature", "properties": { "element": "way", "id": 660653449, "building": "yes", "building:levels": null, "name": null, "name:ko": null, "name:en": null, "amenity": null, "shop": null, "office": null, "tourism": null, "social_facility": null, "healthcare": null, "addr:street": null, "addr:housenumber": null, "start_date": null, "centroid_x_5179": 1169359.4210301666, "centroid_y_5179": 1890205.7028865693, "footprint_area_m2": 506.7810353631408 }, "geometry": { "type": "Polygon", "coordinates": [ [ [ 129.403112, 36.9952208 ], [ 129.4031286, 36.9951069 ], [ 129.4030833, 36.9951004 ], [ 129.4031152, 36.9949568 ], [ 129.403341, 36.9949888 ], [ 129.4032681, 36.9952382 ], [ 129.403112, 36.9952208 ] ] ] } },
{ "type": "Feature", "properties": { "element": "way", "id": 660653450, "building": "yes", "building:levels": null, "name": "울진군보건소", "name:ko": "울진군보건소", "name:en": null, "amenity": "clinic", "shop": null, "office": null, "tourism": null, "social_facility": null, "healthcare": "clinic", "addr:street": null, "addr:housenumber": null, "start_date": null, "centroid_x_5179": 1169480.9516755999, "centroid_y_5179": 1890296.8251474197, "footprint_area_m2": 365.43123186212011 }, "geometry": { "type": "Polygon", "coordinates": [ [ [ 129.4047354, 36.9959466 ], [ 129.4045968, 36.9957621 ], [ 129.4044494, 36.9958327 ], [ 129.404588, 36.9960173 ], [ 129.4047354, 36.9959466 ] ] ] } },
{ "type": "Feature", "properties": { "element": "way", "id": 660653451, "building": "yes", "building:levels": null, "name": null, "name:ko": null, "name:en": null, "amenity": null, "shop": null, "office": null, "tourism": null, "social_facility": null, "healthcare": null, "addr:street": null, "addr:housenumber": null, "start_date": null, "centroid_x_5179": 1169269.1276643542, "centroid_y_5179": 1890181.6297235477, "footprint_area_m2": 297.67558528055804 }, "geometry": { "type": "Polygon", "coordinates": [ [ [ 129.4021055, 36.9949821 ], [ 129.4021055, 36.9947979 ], [ 129.402269100000012, 36.9947979 ], [ 129.402269100000012, 36.9949821 ], [ 129.4021055, 36.9949821 ] ] ] } },
{ "type": "Feature", "properties": { "element": "way", "id": 660653452, "building": "yes", "building:levels": null, "name": null, "name:ko": null, "name:en": null, "amenity": null, "shop": null, "office": null, "tourism": null, "social_facility": null, "healthcare": null, "addr:street": null, "addr:housenumber": null, "start_date": null, "centroid_x_5179": 1169076.7814881823, "centroid_y_5179": 1890346.8045540457, "footprint_area_m2": 662.13053002751371 }, "geometry": { "type": "Polygon", "coordinates": [ [ [ 129.3998063, 36.9962099 ], [ 129.39990130000001, 36.9961546 ], [ 129.4003215, 36.9966156 ], [ 129.4002265, 36.9966709 ], [ 129.3998063, 36.9962099 ] ] ] } },
{ "type": "Feature", "properties": { "element": "way", "id": 660653453, "building": "yes", "building:levels": null, "name": null, "name:ko": null, "name:en": null, "amenity": null, "shop": null, "office": null, "tourism": null, "social_facility": null, "healthcare": null, "addr:street": null, "addr:housenumber": null, "start_date": null, "centroid_x_5179": 1169093.4003298893, "centroid_y_5179": 1890330.7128104684, "footprint_area_m2": 475.46829293239193 }, "geometry": { "type": "Polygon", "coordinates": [ [ [ 129.4000527, 36.9961334 ], [ 129.4001515, 36.9960763 ], [ 129.400441199999989, 36.9963962 ], [ 129.4003425, 36.9964533 ], [ 129.4000527, 36.9961334 ] ] ] } },
{ "type": "Feature", "properties": { "element": "way", "id": 660653454, "building": "yes", "building:levels": null, "name": null, "name:ko": null, "name:en": null, "amenity": null, "shop": null, "office": null, "tourism": null, "social_facility": null, "healthcare": null, "addr:street": null, "addr:housenumber": null, "start_date": null, "centroid_x_5179": 1169119.5372249526, "centroid_y_5179": 1890330.948829571, "footprint_area_m2": 433.72840760762631 }, "geometry": { "type": "Polygon", "coordinates": [ [ [ 129.400353, 36.996135 ], [ 129.4004457, 36.9960808 ], [ 129.4007282, 36.9963895 ], [ 129.4006355, 36.9964436 ], [ 129.400353, 36.996135 ] ] ] } },
{ "type": "Feature", "properties": { "element": "way", "id": 660653455, "building": "yes", "building:levels": null, "name": null, "name:ko": null, "name:en": null, "amenity": null, "shop": null, "office": null, "tourism": null, "social_facility": null, "healthcare": null, "addr:street": null, "addr:housenumber": null, "start_date": null, "centroid_x_5179": 1169138.183262096, "centroid_y_5179": 1890317.9177731951, "footprint_area_m2": 665.0686926996359 }, "geometry": { "type": "Polygon", "coordinates": [ [ [ 129.4008332, 36.9963417 ], [ 129.400966399999987, 36.9962605 ], [ 129.400661, 36.9959412 ], [ 129.4005278, 36.9960224 ], [ 129.4008332, 36.9963417 ] ] ] } },
{ "type": "Feature", "properties": { "element": "way", "id": 660653456, "building": "yes", "building:levels": null, "name": null, "name:ko": null, "name:en": null, "amenity": null, "shop": null, "office": null, "tourism": null, "social_facility": null, "healthcare": null, "addr:street": null, "addr:housenumber": null, "start_date": null, "centroid_x_5179": 1169199.9390713626, "centroid_y_5179": 1890313.1149607068, "footprint_area_m2": 758.67162796826938 }, "geometry": { "type": "Polygon", "coordinates": [ [ [ 129.401431699999989, 36.9962869 ], [ 129.401402100000013, 36.9961382 ], [ 129.4012621, 36.9961559 ], [ 129.4012428, 36.9960591 ], [ 129.4013548, 36.9960448 ], [ 129.4013296, 36.9959182 ], [ 129.4015129, 36.995895 ], [ 129.401587, 36.9962672 ], [ 129.401431699999989, 36.9962869 ] ] ] } },
{ "type": "Feature", "properties": { "element": "way", "id": 660653457, "building": "yes", "building:levels": null, "name": "A", "name:ko": null, "name:en": null, "amenity": null, "shop": null, "office": null, "tourism": null, "social_facility": null, "healthcare": null, "addr:street": null, "addr:housenumber": null, "start_date": null, "centroid_x_5179": 1169164.4043370397, "centroid_y_5179": 1890404.0471568492, "footprint_area_m2": 441.26284081015808 }, "geometry": { "type": "Polygon", "coordinates": [ [ [ 129.4008392, 36.9970278 ], [ 129.4008001, 36.9969474 ], [ 129.4012826, 36.9967976 ], [ 129.401321700000011, 36.9968781 ], [ 129.4008392, 36.9970278 ] ] ] } },
{ "type": "Feature", "properties": { "element": "way", "id": 660653458, "building": "yes", "building:levels": null, "name": "B", "name:ko": null, "name:en": null, "amenity": null, "shop": null, "office": null, "tourism": null, "social_facility": null, "healthcare": null, "addr:street": null, "addr:housenumber": null, "start_date": null, "centroid_x_5179": 1169146.8513294233, "centroid_y_5179": 1890384.0012030622, "footprint_area_m2": 325.5076766835561 }, "geometry": { "type": "Polygon", "coordinates": [ [ [ 129.4007417, 36.9968416 ], [ 129.4006832, 36.9967544 ], [ 129.400976899999989, 36.9966289 ], [ 129.4010353, 36.9967162 ], [ 129.4007417, 36.9968416 ] ] ] } },
{ "type": "Feature", "properties": { "element": "way", "id": 660653459, "building": "apartments", "building:levels": null, "name": "102", "name:ko": null, "name:en": null, "amenity": null, "shop": null, "office": null, "tourism": null, "social_facility": null, "healthcare": null, "addr:street": null, "addr:housenumber": null, "start_date": null, "centroid_x_5179": 1169047.3271494249, "centroid_y_5179": 1890645.7770878142, "footprint_area_m2": 1226.1649213367543 }, "geometry": { "type": "Polygon", "coordinates": [ [ [ 129.3993926, 36.9991907 ], [ 129.399450300000012, 36.9990409 ], [ 129.3996072, 36.9990795 ], [ 129.4001533, 36.9989628 ], [ 129.4002045, 36.9991157 ], [ 129.3996072, 36.9992434 ], [ 129.3993926, 36.9991907 ] ] ] } },
{ "type": "Feature", "properties": { "element": "way", "id": 660653460, "building": "apartments", "building:levels": null, "name": "101", "name:ko": null, "name:en": null, "amenity": null, "shop": null, "office": null, "tourism": null, "social_facility": null, "healthcare": null, "addr:street": null, "addr:housenumber": null, "start_date": null, "centroid_x_5179": 1169008.2427915244, "centroid_y_5179": 1890736.772776884, "footprint_area_m2": 959.56198909876036 }, "geometry": { "type": "Polygon", "coordinates": [ [ [ 129.3990761, 36.9999399 ], [ 129.3991816, 36.999861 ], [ 129.3991737, 36.9997395 ], [ 129.3993961, 36.9997302 ], [ 129.3994046, 36.999861 ], [ 129.399768, 37.0001711 ], [ 129.399696799999987, 37.0002243 ], [ 129.399334, 36.9999146 ], [ 129.399180699999988, 37.0000292 ], [ 129.3990761, 36.9999399 ] ] ] } },
{ "type": "Feature", "properties": { "element": "way", "id": 660653461, "building": "apartments", "building:levels": null, "name": "송림아파트", "name:ko": null, "name:en": null, "amenity": null, "shop": null, "office": null, "tourism": null, "social_facility": null, "healthcare": null, "addr:street": null, "addr:housenumber": null, "start_date": null, "centroid_x_5179": 1168985.3853191813, "centroid_y_5179": 1890590.3612762354, "footprint_area_m2": 1050.8750336757521 }, "geometry": { "type": "Polygon", "coordinates": [ [ [ 129.3986831, 36.9988221 ], [ 129.3986285, 36.9987185 ], [ 129.3995007, 36.9984249 ], [ 129.3995553, 36.9985285 ], [ 129.3986831, 36.9988221 ] ] ] } },
{ "type": "Feature", "properties": { "element": "way", "id": 660653462, "building": "yes", "building:levels": null, "name": null, "name:ko": null, "name:en": null, "amenity": null, "shop": null, "office": null, "tourism": null, "social_facility": null, "healthcare": null, "addr:street": null, "addr:housenumber": null, "start_date": null, "centroid_x_5179": 1169047.2153562391, "centroid_y_5179": 1890581.5133284982, "footprint_area_m2": 333.60674086980293 }, "geometry": { "type": "Polygon", "coordinates": [ [ [ 129.399742800000013, 36.9986735 ], [ 129.3997027, 36.9984035 ], [ 129.399826, 36.9983918 ], [ 129.3998662, 36.9986618 ], [ 129.399742800000013, 36.9986735 ] ] ] } },
{ "type": "Feature", "properties": { "element": "way", "id": 660653463, "building": "yes", "building:levels": null, "name": null, "name:ko": null, "name:en": null, "amenity": null, "shop": null, "office": null, "tourism": null, "social_facility": null, "healthcare": null, "addr:street": null, "addr:housenumber": null, "start_date": null, "centroid_x_5179": 1169173.7710732422, "centroid_y_5179": 1891121.6569601046, "footprint_area_m2": 492.81631398612285 }, "geometry": { "type": "Polygon", "coordinates": [ [ [ 129.401136, 37.003502 ], [ 129.4010825, 37.0034067 ], [ 129.4015183, 37.0032506 ], [ 129.4015719, 37.0033459 ], [ 129.401136, 37.003502 ] ] ] } },
{ "type": "Feature", "properties": { "element": "way", "id": 660653464, "building": "yes", "building:levels": null, "name": null, "name:ko": null, "name:en": null, "amenity": null, "shop": null, "office": null, "tourism": null, "social_facility": null, "healthcare": null, "addr:street": null, "addr:housenumber": null, "start_date": null, "centroid_x_5179": 1169413.3523420531, "centroid_y_5179": 1890691.7476728852, "footprint_area_m2": 70.255489236642077 }, "geometry": { "type": "Polygon", "coordinates": [ [ [ 129.4038578, 36.9994748 ], [ 129.4039024, 36.9994089 ], [ 129.4039859, 36.999445 ], [ 129.403941300000014, 36.9995109 ], [ 129.4038578, 36.9994748 ] ] ] } },
{ "type": "Feature", "properties": { "element": "way", "id": 660653465, "building": "yes", "building:levels": null, "name": null, "name:ko": null, "name:en": null, "amenity": null, "shop": null, "office": null, "tourism": null, "social_facility": null, "healthcare": null, "addr:street": null, "addr:housenumber": null, "start_date": null, "centroid_x_5179": 1169457.32878393, "centroid_y_5179": 1890652.1595948527, "footprint_area_m2": 131.19611623111751 }, "geometry": { "type": "Polygon", "coordinates": [ [ [ 129.4043409, 36.9991456 ], [ 129.4043421, 36.9990441 ], [ 129.4044729, 36.999045 ], [ 129.40447180000001, 36.9991465 ], [ 129.4043409, 36.9991456 ] ] ] } },
{ "type": "Feature", "properties": { "element": "way", "id": 660653466, "building": "yes", "building:levels": null, "name": null, "name:ko": null, "name:en": null, "amenity": null, "shop": null, "office": null, "tourism": null, "social_facility": null, "healthcare": null, "addr:street": null, "addr:housenumber": null, "start_date": null, "centroid_x_5179": 1169422.2568901284, "centroid_y_5179": 1890611.2113335701, "footprint_area_m2": 118.6125941582589 }, "geometry": { "type": "Polygon", "coordinates": [ [ [ 129.403942, 36.9987819 ], [ 129.403952299999986, 36.9986765 ], [ 129.4040655, 36.9986835 ], [ 129.40405530000001, 36.9987889 ], [ 129.403942, 36.9987819 ] ] ] } },
{ "type": "Feature", "properties": { "element": "way", "id": 660653467, "building": "yes", "building:levels": null, "name": null, "name:ko": null, "name:en": null, "amenity": null, "shop": null, "office": null, "tourism": null, "social_facility": null, "healthcare": null, "addr:street": null, "addr:housenumber": null, "start_date": null, "centroid_x_5179": 1169292.0112625619, "centroid_y_5179": 1890797.0024956395, "footprint_area_m2": 109.89816226635135 }, "geometry": { "type": "Polygon", "coordinates": [ [ [ 129.4026402, 37.0004858 ], [ 129.4026723, 37.0004204 ], [ 129.4025248, 37.0003743 ], [ 129.40249270000001, 37.0004397 ], [ 129.4026402, 37.0004858 ] ] ] } },
{ "type": "Feature", "properties": { "element": "way", "id": 660653468, "building": "yes", "building:levels": null, "name": null, "name:ko": null, "name:en": null, "amenity": null, "shop": null, "office": null, "tourism": null, "social_facility": null, "healthcare": null, "addr:street": null, "addr:housenumber": null, "start_date": null, "centroid_x_5179": 1168977.2606171311, "centroid_y_5179": 1888944.0789440682, "footprint_area_m2": 522.15389768681132 }, "geometry": { "type": "Polygon", "coordinates": [ [ [ 129.3984025, 36.9839277 ], [ 129.398353500000013, 36.9838413 ], [ 129.3988611, 36.9836579 ], [ 129.39891, 36.9837444 ], [ 129.3984025, 36.9839277 ] ] ] } },
{ "type": "Feature", "properties": { "element": "way", "id": 660653469, "building": "yes", "building:levels": null, "name": null, "name:ko": null, "name:en": null, "amenity": null, "shop": null, "office": null, "tourism": null, "social_facility": null, "healthcare": null, "addr:street": null, "addr:housenumber": null, "start_date": null, "centroid_x_5179": 1168890.221498844, "centroid_y_5179": 1889006.3301027517, "footprint_area_m2": 438.02141424807598 }, "geometry": { "type": "Polygon", "coordinates": [ [ [ 129.3975733, 36.9844807 ], [ 129.3975111, 36.9843202 ], [ 129.397763200000014, 36.9842579 ], [ 129.397825399999988, 36.9844184 ], [ 129.3975733, 36.9844807 ] ] ] } },
{ "type": "Feature", "properties": { "element": "way", "id": 660653470, "building": "yes", "building:levels": null, "name": null, "name:ko": null, "name:en": null, "amenity": null, "shop": null, "office": null, "tourism": null, "social_facility": null, "healthcare": null, "addr:street": null, "addr:housenumber": null, "start_date": null, "centroid_x_5179": 1168804.2827996046, "centroid_y_5179": 1889128.1157336582, "footprint_area_m2": 385.44133966603988 }, "geometry": { "type": "Polygon", "coordinates": [ [ [ 129.3966601, 36.9856387 ], [ 129.3966797, 36.9853167 ], [ 129.396797600000014, 36.9853232 ], [ 129.396784599999989, 36.9856435 ], [ 129.3966601, 36.9856387 ] ] ] } },
{ "type": "Feature", "properties": { "element": "way", "id": 660653471, "building": "yes", "building:levels": null, "name": null, "name:ko": null, "name:en": null, "amenity": null, "shop": null, "office": null, "tourism": null, "social_facility": null, "healthcare": null, "addr:street": null, "addr:housenumber": null, "start_date": null, "centroid_x_5179": 1168879.3677572256, "centroid_y_5179": 1889201.2835080088, "footprint_area_m2": 301.10308689149491 }, "geometry": { "type": "Polygon", "coordinates": [ [ [ 129.3975653, 36.9862495 ], [ 129.3974829, 36.9860388 ], [ 129.3976147, 36.9860059 ], [ 129.397697099999988, 36.9862165 ], [ 129.3975653, 36.9862495 ] ] ] } },
{ "type": "Feature", "properties": { "element": "way", "id": 660653472, "building": "yes", "building:levels": null, "name": null, "name:ko": null, "name:en": null, "amenity": null, "shop": null, "office": null, "tourism": null, "social_facility": null, "healthcare": null, "addr:street": null, "addr:housenumber": null, "start_date": null, "centroid_x_5179": 1168912.4292963904, "centroid_y_5179": 1889202.1855110361, "footprint_area_m2": 370.01079794281088 }, "geometry": { "type": "Polygon", "coordinates": [ [ [ 129.397916400000014, 36.9862506 ], [ 129.398088800000011, 36.9862043 ], [ 129.3980066, 36.9860091 ], [ 129.3978342, 36.9860555 ], [ 129.397916400000014, 36.9862506 ] ] ] } },
{ "type": "Feature", "properties": { "element": "way", "id": 660653473, "building": "apartments", "building:levels": null, "name": "거송팰리스아파트", "name:ko": null, "name:en": null, "amenity": null, "shop": null, "office": null, "tourism": null, "social_facility": null, "healthcare": null, "addr:street": null, "addr:housenumber": null, "start_date": null, "centroid_x_5179": 1168889.5330178495, "centroid_y_5179": 1889339.0371510803, "footprint_area_m2": 730.40182241495961 }, "geometry": { "type": "Polygon", "coordinates": [ [ [ 129.397656500000011, 36.9875641 ], [ 129.3977336, 36.9873499 ], [ 129.3975242, 36.9873018 ], [ 129.3975657, 36.9871867 ], [ 129.3978505, 36.9872522 ], [ 129.3978952, 36.9873204 ], [ 129.3977959, 36.9875961 ], [ 129.397656500000011, 36.9875641 ] ] ] } },
{ "type": "Feature", "properties": { "element": "way", "id": 660653474, "building": "yes", "building:levels": null, "name": null, "name:ko": null, "name:en": null, "amenity": null, "shop": null, "office": null, "tourism": null, "social_facility": null, "healthcare": null, "addr:street": null, "addr:housenumber": null, "start_date": null, "centroid_x_5179": 1169074.6231510243, "centroid_y_5179": 1889475.9864269746, "footprint_area_m2": 358.61988548480889 }, "geometry": { "type": "Polygon", "coordinates": [ [ [ 129.3997563, 36.988719 ], [ 129.3998212, 36.9884015 ], [ 129.3999326, 36.9884161 ], [ 129.3998676, 36.9887336 ], [ 129.3997563, 36.988719 ] ] ] } },
{ "type": "Feature", "properties": { "element": "way", "id": 660653475, "building": "yes", "building:levels": null, "name": null, "name:ko": null, "name:en": null, "amenity": null, "shop": null, "office": null, "tourism": null, "social_facility": null, "healthcare": null, "addr:street": null, "addr:housenumber": null, "start_date": null, "centroid_x_5179": 1168939.0408547898, "centroid_y_5179": 1889492.3773492405, "footprint_area_m2": 698.06298648119889 }, "geometry": { "type": "Polygon", "coordinates": [ [ [ 129.3982058, 36.9888831 ], [ 129.3981172, 36.988694 ], [ 129.398444899999987, 36.988596 ], [ 129.398533500000013, 36.9887852 ], [ 129.3982058, 36.9888831 ] ] ] } },
{ "type": "Feature", "properties": { "element": "way", "id": 660653476, "building": "yes", "building:levels": null, "name": null, "name:ko": null, "name:en": null, "amenity": null, "shop": null, "office": null, "tourism": null, "social_facility": null, "healthcare": null, "addr:street": null, "addr:housenumber": null, "start_date": null, "centroid_x_5179": 1168982.1373833159, "centroid_y_5179": 1889444.2912499502, "footprint_area_m2": 649.74869228808939 }, "geometry": { "type": "Polygon", "coordinates": [ [ [ 129.3989494, 36.9884935 ], [ 129.3987888, 36.9880683 ], [ 129.3986485, 36.9881001 ], [ 129.398806799999988, 36.988529 ], [ 129.3989494, 36.9884935 ] ] ] } },
{ "type": "Feature", "properties": { "element": "way", "id": 660653477, "building": "yes", "building:levels": null, "name": null, "name:ko": null, "name:en": null, "amenity": null, "shop": null, "office": null, "tourism": null, "social_facility": null, "healthcare": null, "addr:street": null, "addr:housenumber": null, "start_date": null, "centroid_x_5179": 1168972.6427737956, "centroid_y_5179": 1889532.1097406843, "footprint_area_m2": 595.92282646106321 }, "geometry": { "type": "Polygon", "coordinates": [ [ [ 129.3985342, 36.9890272 ], [ 129.3988101, 36.9889572 ], [ 129.3988891, 36.9891558 ], [ 129.3986132, 36.9892258 ], [ 129.3985342, 36.9890272 ] ] ] } },
{ "type": "Feature", "properties": { "element": "way", "id": 660653478, "building": "yes", "building:levels": null, "name": null, "name:ko": null, "name:en": null, "amenity": null, "shop": null, "office": null, "tourism": null, "social_facility": null, "healthcare": null, "addr:street": null, "addr:housenumber": null, "start_date": null, "centroid_x_5179": 1169131.6186827109, "centroid_y_5179": 1889777.6487613334, "footprint_area_m2": 301.2966933512144 }, "geometry": { "type": "Polygon", "coordinates": [ [ [ 129.400417, 36.9912855 ], [ 129.400569499999989, 36.9911563 ], [ 129.400639399999989, 36.9912106 ], [ 129.4006435, 36.991334 ], [ 129.400554, 36.9913852 ], [ 129.400417, 36.9912855 ] ] ] } },
{ "type": "Feature", "properties": { "element": "way", "id": 660653479, "building": "yes", "building:levels": null, "name": null, "name:ko": null, "name:en": null, "amenity": null, "shop": null, "office": null, "tourism": null, "social_facility": null, "healthcare": null, "addr:street": null, "addr:housenumber": null, "start_date": null, "centroid_x_5179": 1169046.7696013206, "centroid_y_5179": 1890083.6317277513, "footprint_area_m2": 374.12957681867073 }, "geometry": { "type": "Polygon", "coordinates": [ [ [ 129.3994917, 36.9940276 ], [ 129.3995697, 36.9939287 ], [ 129.3998439, 36.9940666 ], [ 129.3997659, 36.9941655 ], [ 129.3994917, 36.9940276 ] ] ] } },
{ "type": "Feature", "properties": { "element": "way", "id": 660653480, "building": "yes", "building:levels": null, "name": null, "name:ko": null, "name:en": null, "amenity": null, "shop": null, "office": null, "tourism": null, "social_facility": null, "healthcare": null, "addr:street": null, "addr:housenumber": null, "start_date": null, "centroid_x_5179": 1169006.7171447868, "centroid_y_5179": 1890061.3105128356, "footprint_area_m2": 329.554197765732 }, "geometry": { "type": "Polygon", "coordinates": [ [ [ 129.3990545, 36.9938671 ], [ 129.3991083, 36.9937571 ], [ 129.3993714, 36.9938393 ], [ 129.3993175, 36.9939493 ], [ 129.3990545, 36.9938671 ] ] ] } },
{ "type": "Feature", "properties": { "element": "way", "id": 660653481, "building": "yes", "building:levels": null, "name": null, "name:ko": null, "name:en": null, "amenity": null, "shop": null, "office": null, "tourism": null, "social_facility": null, "healthcare": null, "addr:street": null, "addr:housenumber": null, "start_date": null, "centroid_x_5179": 1169996.3070446958, "centroid_y_5179": 1889926.978900475, "footprint_area_m2": 639.23474081974962 }, "geometry": { "type": "Polygon", "coordinates": [ [ [ 129.4101705, 36.9925983 ], [ 129.4100287, 36.9924521 ], [ 129.410077699999988, 36.9924218 ], [ 129.4101205, 36.9924658 ], [ 129.4102586, 36.9923803 ], [ 129.410491, 36.9923537 ], [ 129.410518700000011, 36.9925077 ], [ 129.4102708, 36.9925362 ], [ 129.4101705, 36.9925983 ] ] ] } },
{ "type": "Feature", "properties": { "element": "way", "id": 660653482, "building": "yes", "building:levels": null, "name": null, "name:ko": null, "name:en": null, "amenity": null, "shop": null, "office": null, "tourism": null, "social_facility": null, "healthcare": null, "addr:street": null, "addr:housenumber": null, "start_date": null, "centroid_x_5179": 1170063.1548599212, "centroid_y_5179": 1889966.888658186, "footprint_area_m2": 1807.474896891868 }, "geometry": { "type": "Polygon", "coordinates": [ [ [ 129.4110656, 36.9930988 ], [ 129.411412500000012, 36.9926352 ], [ 129.41129380000001, 36.9925785 ], [ 129.4111553, 36.9927635 ], [ 129.4110736, 36.9927245 ], [ 129.4111845, 36.9925763 ], [ 129.411051, 36.9925125 ], [ 129.4107316, 36.9929393 ], [ 129.4110656, 36.9930988 ] ] ] } },
{ "type": "Feature", "properties": { "element": "way", "id": 660653483, "building": "yes", "building:levels": null, "name": null, "name:ko": null, "name:en": null, "amenity": null, "shop": null, "office": null, "tourism": null, "social_facility": null, "healthcare": null, "addr:street": null, "addr:housenumber": null, "start_date": null, "centroid_x_5179": 1170013.7884232653, "centroid_y_5179": 1889973.3168887661, "footprint_area_m2": 324.63034337166198 }, "geometry": { "type": "Polygon", "coordinates": [ [ [ 129.410434900000013, 36.9929947 ], [ 129.4103469, 36.9929049 ], [ 129.4105738, 36.992763 ], [ 129.410661800000014, 36.9928528 ], [ 129.410434900000013, 36.9929947 ] ] ] } },
{ "type": "Feature", "properties": { "element": "way", "id": 660653484, "building": "yes", "building:levels": null, "name": null, "name:ko": null, "name:en": null, "amenity": null, "shop": null, "office": null, "tourism": null, "social_facility": null, "healthcare": null, "addr:street": null, "addr:housenumber": null, "start_date": null, "centroid_x_5179": 1169990.7118728121, "centroid_y_5179": 1889991.1174332742, "footprint_area_m2": 196.12750855579884 }, "geometry": { "type": "Polygon", "coordinates": [ [ [ 129.410158700000011, 36.9930995 ], [ 129.4101535, 36.992993 ], [ 129.4103397, 36.9929873 ], [ 129.4103448, 36.9930938 ], [ 129.410158700000011, 36.9930995 ] ] ] } },
{ "type": "Feature", "properties": { "element": "way", "id": 660653485, "building": "yes", "building:levels": null, "name": null, "name:ko": null, "name:en": null, "amenity": null, "shop": null, "office": null, "tourism": null, "social_facility": null, "healthcare": null, "addr:street": null, "addr:housenumber": null, "start_date": null, "centroid_x_5179": 1169963.7503185028, "centroid_y_5179": 1890009.7513073233, "footprint_area_m2": 427.70509808208573 }, "geometry": { "type": "Polygon", "coordinates": [ [ [ 129.4097552, 36.9932676 ], [ 129.4097593, 36.9931557 ], [ 129.4101459, 36.9931647 ], [ 129.4101418, 36.9932766 ], [ 129.4097552, 36.9932676 ] ] ] } },
{ "type": "Feature", "properties": { "element": "way", "id": 660653486, "building": "yes", "building:levels": null, "name": null, "name:ko": null, "name:en": null, "amenity": null, "shop": null, "office": null, "tourism": null, "social_facility": null, "healthcare": null, "addr:street": null, "addr:housenumber": null, "start_date": null, "centroid_x_5179": 1169360.405603261, "centroid_y_5179": 1890677.4303133651, "footprint_area_m2": 141.82345375260866 }, "geometry": { "type": "Polygon", "coordinates": [ [ [ 129.4032336, 36.9993668 ], [ 129.403270600000013, 36.9992765 ], [ 129.403414199999986, 36.9993141 ], [ 129.4033772, 36.9994044 ], [ 129.4032336, 36.9993668 ] ] ] } },
{ "type": "Feature", "properties": { "element": "way", "id": 660653487, "building": "yes", "building:levels": null, "name": null, "name:ko": null, "name:en": null, "amenity": null, "shop": null, "office": null, "tourism": null, "social_facility": null, "healthcare": null, "addr:street": null, "addr:housenumber": null, "start_date": null, "centroid_x_5179": 1169387.0143696305, "centroid_y_5179": 1890590.248975948, "footprint_area_m2": 173.84110579291422 }, "geometry": { "type": "Polygon", "coordinates": [ [ [ 129.4035197, 36.9986016 ], [ 129.4035501, 36.9984775 ], [ 129.4036867, 36.9984988 ], [ 129.4036563, 36.9986229 ], [ 129.4035197, 36.9986016 ] ] ] } },
{ "type": "Feature", "properties": { "element": "way", "id": 660653488, "building": "yes", "building:levels": null, "name": null, "name:ko": null, "name:en": null, "amenity": null, "shop": null, "office": null, "tourism": null, "social_facility": null, "healthcare": null, "addr:street": null, "addr:housenumber": null, "start_date": null, "centroid_x_5179": 1169393.5835241373, "centroid_y_5179": 1890557.5870044844, "footprint_area_m2": 193.88275752658734 }, "geometry": { "type": "Polygon", "coordinates": [ [ [ 129.4036922, 36.9983422 ], [ 129.40355790000001, 36.9982566 ], [ 129.4036471, 36.9981673 ], [ 129.403781400000014, 36.9982529 ], [ 129.4036922, 36.9983422 ] ] ] } },
{ "type": "Feature", "properties": { "element": "way", "id": 660653489, "building": "yes", "building:levels": null, "name": null, "name:ko": null, "name:en": null, "amenity": null, "shop": null, "office": null, "tourism": null, "social_facility": null, "healthcare": null, "addr:street": null, "addr:housenumber": null, "start_date": null, "centroid_x_5179": 1169413.0051732797, "centroid_y_5179": 1890545.7771824244, "footprint_area_m2": 136.62434800251017 }, "geometry": { "type": "Polygon", "coordinates": [ [ [ 129.4038399, 36.9982311 ], [ 129.403852, 36.9980552 ], [ 129.4039304, 36.9980586 ], [ 129.403918299999987, 36.9982345 ], [ 129.4038399, 36.9982311 ] ] ] } },
{ "type": "Feature", "properties": { "element": "way", "id": 660653490, "building": "yes", "building:levels": null, "name": null, "name:ko": null, "name:en": null, "amenity": null, "shop": null, "office": null, "tourism": null, "social_facility": null, "healthcare": null, "addr:street": null, "addr:housenumber": null, "start_date": null, "centroid_x_5179": 1169400.6060510576, "centroid_y_5179": 1890540.3369916896, "footprint_area_m2": 115.75807103761051 }, "geometry": { "type": "Polygon", "coordinates": [ [ [ 129.403803, 36.9981569 ], [ 129.4037734, 36.9980266 ], [ 129.4036863, 36.9980393 ], [ 129.4037159, 36.9981695 ], [ 129.403803, 36.9981569 ] ] ] } },
{ "type": "Feature", "properties": { "element": "way", "id": 660653491, "building": "yes", "building:levels": null, "name": null, "name:ko": null, "name:en": null, "amenity": null, "shop": null, "office": null, "tourism": null, "social_facility": null, "healthcare": null, "addr:street": null, "addr:housenumber": null, "start_date": null, "centroid_x_5179": 1169433.189382182, "centroid_y_5179": 1890548.9916109047, "footprint_area_m2": 149.57438473653315 }, "geometry": { "type": "Polygon", "coordinates": [ [ [ 129.4040357, 36.9982182 ], [ 129.4040602, 36.9981044 ], [ 129.4041895, 36.9981222 ], [ 129.404165, 36.9982359 ], [ 129.4040357, 36.9982182 ] ] ] } },
{ "type": "Feature", "properties": { "element": "way", "id": 660653492, "building": "yes", "building:levels": null, "name": null, "name:ko": null, "name:en": null, "amenity": null, "shop": null, "office": null, "tourism": null, "social_facility": null, "healthcare": null, "addr:street": null, "addr:housenumber": null, "start_date": null, "centroid_x_5179": 1169510.8540561704, "centroid_y_5179": 1890534.0550523764, "footprint_area_m2": 140.5974677358162 }, "geometry": { "type": "Polygon", "coordinates": [ [ [ 129.404913099999987, 36.9980751 ], [ 129.4049003, 36.9979812 ], [ 129.405050100000011, 36.9979681 ], [ 129.4050629, 36.998062 ], [ 129.404913099999987, 36.9980751 ] ] ] } },
{ "type": "Feature", "properties": { "element": "way", "id": 660653493, "building": "yes", "building:levels": null, "name": null, "name:ko": null, "name:en": null, "amenity": null, "shop": null, "office": null, "tourism": null, "social_facility": null, "healthcare": null, "addr:street": null, "addr:housenumber": null, "start_date": null, "centroid_x_5179": 1169491.1675195887, "centroid_y_5179": 1890559.416462135, "footprint_area_m2": 175.05889523139527 }, "geometry": { "type": "Polygon", "coordinates": [ [ [ 129.404709, 36.9983254 ], [ 129.4046902, 36.998194 ], [ 129.4048234, 36.9981819 ], [ 129.4048421, 36.9983133 ], [ 129.404709, 36.9983254 ] ] ] } },
{ "type": "Feature", "properties": { "element": "way", "id": 660653494, "building": "yes", "building:levels": null, "name": null, "name:ko": null, "name:en": null, "amenity": null, "shop": null, "office": null, "tourism": null, "social_facility": null, "healthcare": null, "addr:street": null, "addr:housenumber": null, "start_date": null, "centroid_x_5179": 1169486.7250128558, "centroid_y_5179": 1890539.8659799306, "footprint_area_m2": 146.07162312601108 }, "geometry": { "type": "Polygon", "coordinates": [ [ [ 129.4046382, 36.9981325 ], [ 129.404621, 36.9980448 ], [ 129.4047855, 36.9980241 ], [ 129.4048028, 36.9981118 ], [ 129.4046382, 36.9981325 ] ] ] } },
{ "type": "Feature", "properties": { "element": "way", "id": 660653495, "building": "yes", "building:levels": null, "name": null, "name:ko": null, "name:en": null, "amenity": null, "shop": null, "office": null, "tourism": null, "social_facility": null, "healthcare": null, "addr:street": null, "addr:housenumber": null, "start_date": null, "centroid_x_5179": 1169499.3086350029, "centroid_y_5179": 1890589.1381906625, "footprint_area_m2": 186.88142734507335 }, "geometry": { "type": "Polygon", "coordinates": [ [ [ 129.4047639, 36.9985601 ], [ 129.4047826, 36.9984584 ], [ 129.4049647, 36.9984798 ], [ 129.404946, 36.9985815 ], [ 129.4047639, 36.9985601 ] ] ] } },
{ "type": "Feature", "properties": { "element": "way", "id": 660653496, "building": "yes", "building:levels": null, "name": null, "name:ko": null, "name:en": null, "amenity": null, "shop": null, "office": null, "tourism": null, "social_facility": null, "healthcare": null, "addr:street": null, "addr:housenumber": null, "start_date": null, "centroid_x_5179": 1169497.5990012423, "centroid_y_5179": 1890604.0549621491, "footprint_area_m2": 127.10206348808654 }, "geometry": { "type": "Polygon", "coordinates": [ [ [ 129.4047639, 36.9986879 ], [ 129.4047751, 36.9986074 ], [ 129.404933, 36.9986214 ], [ 129.404921800000011, 36.9987019 ], [ 129.4047639, 36.9986879 ] ] ] } },
{ "type": "Feature", "properties": { "element": "way", "id": 660653497, "building": "yes", "building:levels": null, "name": null, "name:ko": null, "name:en": null, "amenity": null, "shop": null, "office": null, "tourism": null, "social_facility": null, "healthcare": null, "addr:street": null, "addr:housenumber": null, "start_date": null, "centroid_x_5179": 1169515.2682046725, "centroid_y_5179": 1890596.3358324959, "footprint_area_m2": 183.89244634417801 }, "geometry": { "type": "Polygon", "coordinates": [ [ [ 129.4049675, 36.998645 ], [ 129.4049946, 36.9985032 ], [ 129.4051229, 36.9985188 ], [ 129.4050957, 36.9986607 ], [ 129.4049675, 36.998645 ] ] ] } },
{ "type": "Feature", "properties": { "element": "way", "id": 660653498, "building": "yes", "building:levels": null, "name": null, "name:ko": null, "name:en": null, "amenity": null, "shop": null, "office": null, "tourism": null, "social_facility": null, "healthcare": null, "addr:street": null, "addr:housenumber": null, "start_date": null, "centroid_x_5179": 1169513.8423560075, "centroid_y_5179": 1890570.3552009168, "footprint_area_m2": 162.51785721816361 }, "geometry": { "type": "Polygon", "coordinates": [ [ [ 129.4049525, 36.9984077 ], [ 129.4049345, 36.9983067 ], [ 129.405094100000014, 36.9982885 ], [ 129.4051122, 36.9983895 ], [ 129.4049525, 36.9984077 ] ] ] } },
{ "type": "Feature", "properties": { "element": "way", "id": 660653499, "building": "yes", "building:levels": null, "name": null, "name:ko": null, "name:en": null, "amenity": null, "shop": null, "office": null, "tourism": null, "social_facility": null, "healthcare": null, "addr:street": null, "addr:housenumber": null, "start_date": null, "centroid_x_5179": 1169512.450670704, "centroid_y_5179": 1890552.1403031193, "footprint_area_m2": 159.32821942696137 }, "geometry": { "type": "Polygon", "coordinates": [ [ [ 129.404934200000014, 36.9982449 ], [ 129.4049105, 36.9981494 ], [ 129.405073, 36.9981236 ], [ 129.4050967, 36.9982191 ], [ 129.404934200000014, 36.9982449 ] ] ] } },
{ "type": "Feature", "properties": { "element": "way", "id": 660653500, "building": "yes", "building:levels": null, "name": null, "name:ko": null, "name:en": null, "amenity": null, "shop": null, "office": null, "tourism": null, "social_facility": null, "healthcare": null, "addr:street": null, "addr:housenumber": null, "start_date": null, "centroid_x_5179": 1169507.5226316294, "centroid_y_5179": 1890624.3212193386, "footprint_area_m2": 368.68859449950344 }, "geometry": { "type": "Polygon", "coordinates": [ [ [ 129.4047735, 36.9988884 ], [ 129.4047698, 36.9987917 ], [ 129.4051555, 36.9987825 ], [ 129.4051591, 36.9988792 ], [ 129.4047735, 36.9988884 ] ] ] } },
{ "type": "Feature", "properties": { "element": "way", "id": 660653501, "building": "yes", "building:levels": null, "name": null, "name:ko": null, "name:en": null, "amenity": null, "shop": null, "office": null, "tourism": null, "social_facility": null, "healthcare": null, "addr:street": null, "addr:housenumber": null, "start_date": null, "centroid_x_5179": 1169509.0946706748, "centroid_y_5179": 1890676.4523937532, "footprint_area_m2": 642.59149333490029 }, "geometry": { "type": "Polygon", "coordinates": [ [ [ 129.4048276, 36.9994173 ], [ 129.4048325, 36.9992283 ], [ 129.4050291, 36.9992315 ], [ 129.4050311, 36.9991538 ], [ 129.4051527, 36.9991558 ], [ 129.4051498, 36.9992691 ], [ 129.40512, 36.9992687 ], [ 129.405116099999987, 36.999422 ], [ 129.4048276, 36.9994173 ] ] ] } },
{ "type": "Feature", "properties": { "element": "way", "id": 660653502, "building": "yes", "building:levels": null, "name": null, "name:ko": null, "name:en": null, "amenity": null, "shop": null, "office": null, "tourism": null, "social_facility": null, "healthcare": null, "addr:street": null, "addr:housenumber": null, "start_date": null, "centroid_x_5179": 1169497.7451966768, "centroid_y_5179": 1890643.6774582362, "footprint_area_m2": 154.92003482090342 }, "geometry": { "type": "Polygon", "coordinates": [ [ [ 129.4047721, 36.9990552 ], [ 129.4047766, 36.9989627 ], [ 129.4049459, 36.998968 ], [ 129.404941400000013, 36.9990605 ], [ 129.4047721, 36.9990552 ] ] ] } },
{ "type": "Feature", "properties": { "element": "way", "id": 660653503, "building": "yes", "building:levels": null, "name": null, "name:ko": null, "name:en": null, "amenity": null, "shop": null, "office": null, "tourism": null, "social_facility": null, "healthcare": null, "addr:street": null, "addr:housenumber": null, "start_date": null, "centroid_x_5179": 1169517.1366474247, "centroid_y_5179": 1890644.0489517953, "footprint_area_m2": 171.11149367436667 }, "geometry": { "type": "Polygon", "coordinates": [ [ [ 129.404976299999987, 36.9990545 ], [ 129.404976299999987, 36.9989684 ], [ 129.4051775, 36.9989684 ], [ 129.4051775, 36.9990545 ], [ 129.404976299999987, 36.9990545 ] ] ] } },
{ "type": "Feature", "properties": { "element": "way", "id": 660653505, "building": "yes", "building:levels": null, "name": null, "name:ko": null, "name:en": null, "amenity": null, "shop": null, "office": null, "tourism": null, "social_facility": null, "healthcare": null, "addr:street": null, "addr:housenumber": null, "start_date": null, "centroid_x_5179": 1169229.3477314711, "centroid_y_5179": 1890701.7482843529, "footprint_area_m2": 202.26672731231275 }, "geometry": { "type": "Polygon", "coordinates": [ [ [ 129.4017461, 36.9996159 ], [ 129.401774499999988, 36.9995154 ], [ 129.401968399999987, 36.9995504 ], [ 129.4019399, 36.9996509 ], [ 129.4017461, 36.9996159 ] ] ] } },
{ "type": "Feature", "properties": { "element": "way", "id": 660653506, "building": "yes", "building:levels": null, "name": null, "name:ko": null, "name:en": null, "amenity": null, "shop": null, "office": null, "tourism": null, "social_facility": null, "healthcare": null, "addr:street": null, "addr:housenumber": null, "start_date": null, "centroid_x_5179": 1169197.17142636, "centroid_y_5179": 1890763.133614776, "footprint_area_m2": 237.71982023667823 }, "geometry": { "type": "Polygon", "coordinates": [ [ [ 129.4014278, 37.00023 ], [ 129.401470499999988, 37.0000369 ], [ 129.4015914, 37.000054 ], [ 129.401548600000012, 37.0002471 ], [ 129.4014278, 37.00023 ] ] ] } },
{ "type": "Feature", "properties": { "element": "way", "id": 660653507, "building": "yes", "building:levels": null, "name": null, "name:ko": null, "name:en": null, "amenity": null, "shop": null, "office": null, "tourism": null, "social_facility": null, "healthcare": null, "addr:street": null, "addr:housenumber": null, "start_date": null, "centroid_x_5179": 1169193.1210405682, "centroid_y_5179": 1890690.0761880998, "footprint_area_m2": 232.96813213660346 }, "geometry": { "type": "Polygon", "coordinates": [ [ [ 129.4013482, 36.9995352 ], [ 129.401392, 36.9993909 ], [ 129.401519, 36.9994155 ], [ 129.4014981, 36.9994843 ], [ 129.4015518, 36.9994955 ], [ 129.401526600000011, 36.9995697 ], [ 129.4013482, 36.9995352 ] ] ] } },
{ "type": "Feature", "properties": { "element": "way", "id": 660653508, "building": "yes", "building:levels": null, "name": null, "name:ko": null, "name:en": null, "amenity": null, "shop": null, "office": null, "tourism": null, "social_facility": null, "healthcare": null, "addr:street": null, "addr:housenumber": null, "start_date": null, "centroid_x_5179": 1169212.0361769409, "centroid_y_5179": 1890699.9870674787, "footprint_area_m2": 73.823589990117085 }, "geometry": { "type": "Polygon", "coordinates": [ [ [ 129.4016, 36.9995955 ], [ 129.4016144, 36.9995298 ], [ 129.401724800000011, 36.9995453 ], [ 129.4017103, 36.999611 ], [ 129.4016, 36.9995955 ] ] ] } },
{ "type": "Feature", "properties": { "element": "way", "id": 660653509, "building": "yes", "building:levels": null, "name": null, "name:ko": null, "name:en": null, "amenity": null, "shop": null, "office": null, "tourism": null, "social_facility": null, "healthcare": null, "addr:street": null, "addr:housenumber": null, "start_date": null, "centroid_x_5179": 1169185.0901682351, "centroid_y_5179": 1890559.8989775884, "footprint_area_m2": 139.4108010235868 }, "geometry": { "type": "Polygon", "coordinates": [ [ [ 129.401237, 36.9983418 ], [ 129.4012593, 36.9982575 ], [ 129.4014195, 36.9982844 ], [ 129.4013972, 36.9983688 ], [ 129.401237, 36.9983418 ] ] ] } },
{ "type": "Feature", "properties": { "element": "way", "id": 660653510, "building": "yes", "building:levels": null, "name": null, "name:ko": null, "name:en": null, "amenity": null, "shop": null, "office": null, "tourism": null, "social_facility": null, "healthcare": null, "addr:street": null, "addr:housenumber": null, "start_date": null, "centroid_x_5179": 1169242.3670821828, "centroid_y_5179": 1890455.8117488171, "footprint_area_m2": 109.7475932653434 }, "geometry": { "type": "Polygon", "coordinates": [ [ [ 129.4018869, 36.9974183 ], [ 129.4019165, 36.9973079 ], [ 129.4020099, 36.9973005 ], [ 129.401974200000012, 36.9974333 ], [ 129.4018869, 36.9974183 ] ] ] } },
{ "type": "Feature", "properties": { "element": "way", "id": 660653511, "building": "yes", "building:levels": null, "name": null, "name:ko": null, "name:en": null, "amenity": null, "shop": null, "office": null, "tourism": null, "social_facility": null, "healthcare": null, "addr:street": null, "addr:housenumber": null, "start_date": null, "centroid_x_5179": 1169229.3135789856, "centroid_y_5179": 1890445.8612635466, "footprint_area_m2": 124.00272063436007 }, "geometry": { "type": "Polygon", "coordinates": [ [ [ 129.4017251, 36.9973005 ], [ 129.401848300000012, 36.9973407 ], [ 129.4018881, 36.9972631 ], [ 129.4017344, 36.9972128 ], [ 129.4017251, 36.9973005 ] ] ] } },
{ "type": "Feature", "properties": { "element": "way", "id": 660653512, "building": "yes", "building:levels": null, "name": null, "name:ko": null, "name:en": null, "amenity": null, "shop": null, "office": null, "tourism": null, "social_facility": null, "healthcare": null, "addr:street": null, "addr:housenumber": null, "start_date": null, "centroid_x_5179": 1169272.1397047683, "centroid_y_5179": 1890464.9863536819, "footprint_area_m2": 44.867690102490947 }, "geometry": { "type": "Polygon", "coordinates": [ [ [ 129.40222940000001, 36.9974608 ], [ 129.4022534, 36.9974072 ], [ 129.4023368, 36.997431 ], [ 129.4023312, 36.9974702 ], [ 129.40222940000001, 36.9974608 ] ] ] } },
{ "type": "Feature", "properties": { "element": "way", "id": 660653513, "building": "yes", "building:levels": null, "name": null, "name:ko": null, "name:en": null, "amenity": null, "shop": null, "office": null, "tourism": null, "social_facility": null, "healthcare": null, "addr:street": null, "addr:housenumber": null, "start_date": null, "centroid_x_5179": 1169266.9891255335, "centroid_y_5179": 1890439.954200929, "footprint_area_m2": 480.6638716518741 }, "geometry": { "type": "Polygon", "coordinates": [ [ [ 129.4020463, 36.9972439 ], [ 129.4021247, 36.9970876 ], [ 129.402354699999989, 36.9971611 ], [ 129.4023027, 36.9972648 ], [ 129.402416100000011, 36.9973011 ], [ 129.402389699999986, 36.9973538 ], [ 129.4020463, 36.9972439 ] ] ] } },
{ "type": "Feature", "properties": { "element": "way", "id": 660653514, "building": "yes", "building:levels": null, "name": null, "name:ko": null, "name:en": null, "amenity": null, "shop": null, "office": null, "tourism": null, "social_facility": null, "healthcare": null, "addr:street": null, "addr:housenumber": null, "start_date": null, "centroid_x_5179": 1169338.5127902029, "centroid_y_5179": 1890394.3754117717, "footprint_area_m2": 101.30672809943007 }, "geometry": { "type": "Polygon", "coordinates": [ [ [ 129.4029505, 36.9968332 ], [ 129.4029582, 36.9967483 ], [ 129.4030783, 36.9967552 ], [ 129.4030706, 36.9968402 ], [ 129.4029505, 36.9968332 ] ] ] } },
{ "type": "Feature", "properties": { "element": "way", "id": 660653516, "building": "yes", "building:levels": null, "name": null, "name:ko": null, "name:en": null, "amenity": null, "shop": null, "office": null, "tourism": null, "social_facility": null, "healthcare": null, "addr:street": null, "addr:housenumber": null, "start_date": null, "centroid_x_5179": 1169352.1926703437, "centroid_y_5179": 1890396.7438344429, "footprint_area_m2": 95.362359582957509 }, "geometry": { "type": "Polygon", "coordinates": [ [ [ 129.4031033, 36.9968485 ], [ 129.4031099, 36.996771 ], [ 129.4032339, 36.9967777 ], [ 129.4032273, 36.9968552 ], [ 129.4031033, 36.9968485 ] ] ] } },
{ "type": "Feature", "properties": { "element": "way", "id": 660653517, "building": "yes", "building:levels": null, "name": null, "name:ko": null, "name:en": null, "amenity": null, "shop": null, "office": null, "tourism": null, "social_facility": null, "healthcare": null, "addr:street": null, "addr:housenumber": null, "start_date": null, "centroid_x_5179": 1169342.4993403475, "centroid_y_5179": 1890378.7347073331, "footprint_area_m2": 102.59122975076791 }, "geometry": { "type": "Polygon", "coordinates": [ [ [ 129.40299060000001, 36.9966907 ], [ 129.4030041, 36.996603 ], [ 129.403120800000011, 36.9966145 ], [ 129.4031072, 36.9967022 ], [ 129.40299060000001, 36.9966907 ] ] ] } },
{ "type": "Feature", "properties": { "element": "way", "id": 660653519, "building": "yes", "building:levels": null, "name": null, "name:ko": null, "name:en": null, "amenity": null, "shop": null, "office": null, "tourism": null, "social_facility": null, "healthcare": null, "addr:street": null, "addr:housenumber": null, "start_date": null, "centroid_x_5179": 1169355.8651090253, "centroid_y_5179": 1890381.1614832655, "footprint_area_m2": 103.03532166882684 }, "geometry": { "type": "Polygon", "coordinates": [ [ [ 129.4031382, 36.9967075 ], [ 129.4031516, 36.996624 ], [ 129.4032745, 36.9966366 ], [ 129.4032611, 36.9967201 ], [ 129.4031382, 36.9967075 ] ] ] } },
{ "type": "Feature", "properties": { "element": "way", "id": 661110694, "building": "yes", "building:levels": null, "name": null, "name:ko": null, "name:en": null, "amenity": null, "shop": null, "office": null, "tourism": null, "social_facility": null, "healthcare": null, "addr:street": null, "addr:housenumber": null, "start_date": null, "centroid_x_5179": 1169424.0214384771, "centroid_y_5179": 1890683.2253165951, "footprint_area_m2": 108.43020367653304 }, "geometry": { "type": "Polygon", "coordinates": [ [ [ 129.4039656, 36.9994139 ], [ 129.403979, 36.999334 ], [ 129.404114, 36.9993485 ], [ 129.4041005, 36.9994284 ], [ 129.4039656, 36.9994139 ] ] ] } },
{ "type": "Feature", "properties": { "element": "way", "id": 661110696, "building": "yes", "building:levels": null, "name": null, "name:ko": null, "name:en": null, "amenity": null, "shop": null, "office": null, "tourism": null, "social_facility": null, "healthcare": null, "addr:street": null, "addr:housenumber": null, "start_date": null, "centroid_x_5179": 1169419.0926525076, "centroid_y_5179": 1890667.3659847367, "footprint_area_m2": 88.09621060422532 }, "geometry": { "type": "Polygon", "coordinates": [ [ [ 129.4039534, 36.999296 ], [ 129.403904899999986, 36.9992339 ], [ 129.404008299999987, 36.9991824 ], [ 129.4040568, 36.9992445 ], [ 129.4039534, 36.999296 ] ] ] } },
{ "type": "Feature", "properties": { "element": "way", "id": 661110698, "building": "yes", "building:levels": null, "name": null, "name:ko": null, "name:en": null, "amenity": null, "shop": null, "office": null, "tourism": null, "social_facility": null, "healthcare": null, "addr:street": null, "addr:housenumber": null, "start_date": null, "centroid_x_5179": 1169431.739519329, "centroid_y_5179": 1890674.0876410645, "footprint_area_m2": 74.04800702622596 }, "geometry": { "type": "Polygon", "coordinates": [ [ [ 129.404052900000011, 36.9993152 ], [ 129.404066699999987, 36.9992594 ], [ 129.4041959, 36.9992797 ], [ 129.404182100000014, 36.9993356 ], [ 129.404052900000011, 36.9993152 ] ] ] } },
{ "type": "Feature", "properties": { "element": "way", "id": 661110699, "building": "yes", "building:levels": null, "name": null, "name:ko": null, "name:en": null, "amenity": null, "shop": null, "office": null, "tourism": null, "social_facility": null, "healthcare": null, "addr:street": null, "addr:housenumber": null, "start_date": null, "centroid_x_5179": 1169431.1574258585, "centroid_y_5179": 1890658.6886097889, "footprint_area_m2": 148.58575804802706 }, "geometry": { "type": "Polygon", "coordinates": [ [ [ 129.404058, 36.9992248 ], [ 129.4040176, 36.9991387 ], [ 129.4041709, 36.9990929 ], [ 129.4042112, 36.999179 ], [ 129.404058, 36.9992248 ] ] ] } },
{ "type": "Feature", "properties": { "element": "way", "id": 661110701, "building": "yes", "building:levels": null, "name": null, "name:ko": null, "name:en": null, "amenity": null, "shop": null, "office": null, "tourism": null, "social_facility": null, "healthcare": null, "addr:street": null, "addr:housenumber": null, "start_date": null, "centroid_x_5179": 1169419.8486942437, "centroid_y_5179": 1890638.658315877, "footprint_area_m2": 198.53358914203193 }, "geometry": { "type": "Polygon", "coordinates": [ [ [ 129.4039032, 36.9990443 ], [ 129.4039165, 36.9989075 ], [ 129.4040626, 36.9989166 ], [ 129.4040493, 36.9990533 ], [ 129.4039032, 36.9990443 ] ] ] } },
{ "type": "Feature", "properties": { "element": "way", "id": 661110702, "building": "yes", "building:levels": null, "name": null, "name:ko": null, "name:en": null, "amenity": null, "shop": null, "office": null, "tourism": null, "social_facility": null, "healthcare": null, "addr:street": null, "addr:housenumber": null, "start_date": null, "centroid_x_5179": 1169413.3170748258, "centroid_y_5179": 1890655.9067837917, "footprint_area_m2": 74.94334692060643 }, "geometry": { "type": "Polygon", "coordinates": [ [ [ 129.4038707, 36.999184 ], [ 129.4038792, 36.9990858 ], [ 129.403956099999988, 36.99909 ], [ 129.4039476, 36.9991882 ], [ 129.4038707, 36.999184 ] ] ] } },
{ "type": "Feature", "properties": { "element": "way", "id": 661110704, "building": "yes", "building:levels": null, "name": null, "name:ko": null, "name:en": null, "amenity": null, "shop": null, "office": null, "tourism": null, "social_facility": null, "healthcare": null, "addr:street": null, "addr:housenumber": null, "start_date": null, "centroid_x_5179": 1169436.3805080424, "centroid_y_5179": 1890634.2223485629, "footprint_area_m2": 174.87734863072237 }, "geometry": { "type": "Polygon", "coordinates": [ [ [ 129.4041063, 36.999006 ], [ 129.404077699999988, 36.9988935 ], [ 129.4042289, 36.998869 ], [ 129.4042575, 36.9989814 ], [ 129.4041063, 36.999006 ] ] ] } },
{ "type": "Feature", "properties": { "element": "way", "id": 661110706, "building": "yes", "building:levels": null, "name": null, "name:ko": null, "name:en": null, "amenity": null, "shop": null, "office": null, "tourism": null, "social_facility": null, "healthcare": null, "addr:street": null, "addr:housenumber": null, "start_date": null, "centroid_x_5179": 1169426.7992448465, "centroid_y_5179": 1890623.5191656917, "footprint_area_m2": 83.64797311782732 }, "geometry": { "type": "Polygon", "coordinates": [ [ [ 129.4040008, 36.9988796 ], [ 129.4040044, 36.9988027 ], [ 129.4041143, 36.9988059 ], [ 129.4041107, 36.9988829 ], [ 129.4040008, 36.9988796 ] ] ] } },
{ "type": "Feature", "properties": { "element": "way", "id": 661110708, "building": "yes", "building:levels": null, "name": null, "name:ko": null, "name:en": null, "amenity": null, "shop": null, "office": null, "tourism": null, "social_facility": null, "healthcare": null, "addr:street": null, "addr:housenumber": null, "start_date": null, "centroid_x_5179": 1169451.8778671878, "centroid_y_5179": 1890617.966318921, "footprint_area_m2": 84.071450664702283 }, "geometry": { "type": "Polygon", "coordinates": [ [ [ 129.404311, 36.9988424 ], [ 129.4042695, 36.998768 ], [ 129.4043651, 36.9987341 ], [ 129.4044065, 36.9988084 ], [ 129.404311, 36.9988424 ] ] ] } },
{ "type": "Feature", "properties": { "element": "way", "id": 661110709, "building": "yes", "building:levels": null, "name": null, "name:ko": null, "name:en": null, "amenity": null, "shop": null, "office": null, "tourism": null, "social_facility": null, "healthcare": null, "addr:street": null, "addr:housenumber": null, "start_date": null, "centroid_x_5179": 1169457.8341955505, "centroid_y_5179": 1890670.7110601196, "footprint_area_m2": 269.01190398403867 }, "geometry": { "type": "Polygon", "coordinates": [ [ [ 129.4042876, 36.9993024 ], [ 129.404313, 36.9991891 ], [ 129.404545899999988, 36.9992223 ], [ 129.404520600000012, 36.9993356 ], [ 129.4042876, 36.9993024 ] ] ] } },
{ "type": "Feature", "properties": { "element": "way", "id": 661110711, "building": "yes", "building:levels": null, "name": null, "name:ko": null, "name:en": null, "amenity": null, "shop": null, "office": null, "tourism": null, "social_facility": null, "healthcare": null, "addr:street": null, "addr:housenumber": null, "start_date": null, "centroid_x_5179": 1169427.5347557375, "centroid_y_5179": 1890734.801466153, "footprint_area_m2": 131.83555931833627 }, "geometry": { "type": "Polygon", "coordinates": [ [ [ 129.4040235, 36.9998951 ], [ 129.4040381, 36.9997852 ], [ 129.404158099999989, 36.9997953 ], [ 129.4041436, 36.9999053 ], [ 129.4040235, 36.9998951 ] ] ] } },
{ "type": "Feature", "properties": { "element": "way", "id": 661110712, "building": "yes", "building:levels": null, "name": null, "name:ko": null, "name:en": null, "amenity": null, "shop": null, "office": null, "tourism": null, "social_facility": null, "healthcare": null, "addr:street": null, "addr:housenumber": null, "start_date": null, "centroid_x_5179": 1169431.7657481704, "centroid_y_5179": 1890716.402375557, "footprint_area_m2": 103.4833738584031 }, "geometry": { "type": "Polygon", "coordinates": [ [ [ 129.4040683, 36.9997164 ], [ 129.4040841, 36.9996279 ], [ 129.4042001, 36.999641 ], [ 129.4041844, 36.9997295 ], [ 129.4040683, 36.9997164 ] ] ] } },
{ "type": "Feature", "properties": { "element": "way", "id": 661110714, "building": "yes", "building:levels": null, "name": null, "name:ko": null, "name:en": null, "amenity": null, "shop": null, "office": null, "tourism": null, "social_facility": null, "healthcare": null, "addr:street": null, "addr:housenumber": null, "start_date": null, "centroid_x_5179": 1169458.1729209665, "centroid_y_5179": 1890701.2909282788, "footprint_area_m2": 161.81586002894824 }, "geometry": { "type": "Polygon", "coordinates": [ [ [ 129.404349200000013, 36.999598 ], [ 129.4044007, 36.9994537 ], [ 129.404505699999987, 36.9994776 ], [ 129.4044542, 36.9996219 ], [ 129.404349200000013, 36.999598 ] ] ] } },
{ "type": "Feature", "properties": { "element": "way", "id": 661110715, "building": "yes", "building:levels": null, "name": null, "name:ko": null, "name:en": null, "amenity": null, "shop": null, "office": null, "tourism": null, "social_facility": null, "healthcare": null, "addr:street": null, "addr:housenumber": null, "start_date": null, "centroid_x_5179": 1169444.6386353574, "centroid_y_5179": 1890699.7278160718, "footprint_area_m2": 52.677287969923015 }, "geometry": { "type": "Polygon", "coordinates": [ [ [ 129.404306100000014, 36.9995653 ], [ 129.40432, 36.9994969 ], [ 129.4042441, 36.999487 ], [ 129.4042301, 36.9995554 ], [ 129.404306100000014, 36.9995653 ] ] ] } },
{ "type": "Feature", "properties": { "element": "way", "id": 661110717, "building": "yes", "building:levels": null, "name": null, "name:ko": null, "name:en": null, "amenity": null, "shop": null, "office": null, "tourism": null, "social_facility": null, "healthcare": null, "addr:street": null, "addr:housenumber": null, "start_date": null, "centroid_x_5179": 1169435.9596263301, "centroid_y_5179": 1890533.2087948227, "footprint_area_m2": 143.39170469122158 }, "geometry": { "type": "Polygon", "coordinates": [ [ [ 129.4040602, 36.9980699 ], [ 129.4040747, 36.9979714 ], [ 129.4042201, 36.9979851 ], [ 129.4042057, 36.9980835 ], [ 129.4040602, 36.9980699 ] ] ] } },
{ "type": "Feature", "properties": { "element": "way", "id": 661110719, "building": "yes", "building:levels": null, "name": null, "name:ko": null, "name:en": null, "amenity": null, "shop": null, "office": null, "tourism": null, "social_facility": null, "healthcare": null, "addr:street": null, "addr:housenumber": null, "start_date": null, "centroid_x_5179": 1169451.1933597827, "centroid_y_5179": 1890533.327283998, "footprint_area_m2": 174.63258878603813 }, "geometry": { "type": "Polygon", "coordinates": [ [ [ 129.404224, 36.9980727 ], [ 129.404252, 36.9979564 ], [ 129.4043986, 36.9979789 ], [ 129.4043706, 36.9980952 ], [ 129.404224, 36.9980727 ] ] ] } },
{ "type": "Feature", "properties": { "element": "way", "id": 661110720, "building": "yes", "building:levels": null, "name": null, "name:ko": null, "name:en": null, "amenity": null, "shop": null, "office": null, "tourism": null, "social_facility": null, "healthcare": null, "addr:street": null, "addr:housenumber": null, "start_date": null, "centroid_x_5179": 1169445.5518749792, "centroid_y_5179": 1890551.1003479464, "footprint_area_m2": 88.362197988108761 }, "geometry": { "type": "Polygon", "coordinates": [ [ [ 129.404197900000014, 36.9982288 ], [ 129.40420850000001, 36.9981378 ], [ 129.404306, 36.9981451 ], [ 129.4042953, 36.9982361 ], [ 129.404197900000014, 36.9982288 ] ] ] } },
{ "type": "Feature", "properties": { "element": "way", "id": 661110723, "building": "yes", "building:levels": null, "name": null, "name:ko": null, "name:en": null, "amenity": null, "shop": null, "office": null, "tourism": null, "social_facility": null, "healthcare": null, "addr:street": null, "addr:housenumber": null, "start_date": null, "centroid_x_5179": 1169456.1860943304, "centroid_y_5179": 1890552.989997169, "footprint_area_m2": 93.585227879609334 }, "geometry": { "type": "Polygon", "coordinates": [ [ [ 129.404307100000011, 36.9982355 ], [ 129.4043266, 36.9981522 ], [ 129.4044365, 36.9981686 ], [ 129.404417, 36.9982519 ], [ 129.404307100000011, 36.9982355 ] ] ] } },
{ "type": "Feature", "properties": { "element": "way", "id": 661110726, "building": "yes", "building:levels": null, "name": null, "name:ko": null, "name:en": null, "amenity": null, "shop": null, "office": null, "tourism": null, "social_facility": null, "healthcare": null, "addr:street": null, "addr:housenumber": null, "start_date": null, "centroid_x_5179": 1169411.2072466076, "centroid_y_5179": 1890528.1763163416, "footprint_area_m2": 96.761017516693386 }, "geometry": { "type": "Polygon", "coordinates": [ [ [ 129.4038007, 36.998028 ], [ 129.403796, 36.99795 ], [ 129.4039213, 36.9979452 ], [ 129.403926, 36.9980232 ], [ 129.4038007, 36.998028 ] ] ] } },
{ "type": "Feature", "properties": { "element": "way", "id": 661110727, "building": "yes", "building:levels": null, "name": null, "name:ko": null, "name:en": null, "amenity": null, "shop": null, "office": null, "tourism": null, "social_facility": null, "healthcare": null, "addr:street": null, "addr:housenumber": null, "start_date": null, "centroid_x_5179": 1169442.0543772439, "centroid_y_5179": 1890774.3271151497, "footprint_area_m2": 122.78404667515075 }, "geometry": { "type": "Polygon", "coordinates": [ [ [ 129.404195499999986, 37.0002459 ], [ 129.4041894, 37.0001578 ], [ 129.4043302, 37.0001516 ], [ 129.404336199999989, 37.0002396 ], [ 129.404195499999986, 37.0002459 ] ] ] } },
{ "type": "Feature", "properties": { "element": "way", "id": 661110730, "building": "yes", "building:levels": null, "name": null, "name:ko": null, "name:en": null, "amenity": null, "shop": null, "office": null, "tourism": null, "social_facility": null, "healthcare": null, "addr:street": null, "addr:housenumber": null, "start_date": null, "centroid_x_5179": 1169440.9972270282, "centroid_y_5179": 1890790.4729306004, "footprint_area_m2": 138.2001301141232 }, "geometry": { "type": "Polygon", "coordinates": [ [ [ 129.4041719, 37.0003845 ], [ 129.4041785, 37.0002967 ], [ 129.404337199999986, 37.0003042 ], [ 129.4043306, 37.0003921 ], [ 129.4041719, 37.0003845 ] ] ] } },
{ "type": "Feature", "properties": { "element": "way", "id": 661110733, "building": "yes", "building:levels": null, "name": null, "name:ko": null, "name:en": null, "amenity": null, "shop": null, "office": null, "tourism": null, "social_facility": null, "healthcare": null, "addr:street": null, "addr:housenumber": null, "start_date": null, "centroid_x_5179": 1169428.2358248506, "centroid_y_5179": 1890750.8953067404, "footprint_area_m2": 67.769074732467743 }, "geometry": { "type": "Polygon", "coordinates": [ [ [ 129.4040431, 37.0000174 ], [ 129.404047600000013, 36.9999574 ], [ 129.404161499999987, 36.9999628 ], [ 129.4041571, 37.0000228 ], [ 129.4040431, 37.0000174 ] ] ] } },
{ "type": "Feature", "properties": { "element": "way", "id": 661110734, "building": "yes", "building:levels": null, "name": null, "name:ko": null, "name:en": null, "amenity": null, "shop": null, "office": null, "tourism": null, "social_facility": null, "healthcare": null, "addr:street": null, "addr:housenumber": null, "start_date": null, "centroid_x_5179": 1169412.4534135112, "centroid_y_5179": 1890795.9652238328, "footprint_area_m2": 95.775996314045756 }, "geometry": { "type": "Polygon", "coordinates": [ [ [ 129.4038592, 37.0004244 ], [ 129.40387290000001, 37.000356 ], [ 129.4040111, 37.0003736 ], [ 129.4039975, 37.000442 ], [ 129.4038592, 37.0004244 ] ] ] } },
{ "type": "Feature", "properties": { "element": "way", "id": 661110736, "building": "yes", "building:levels": null, "name": null, "name:ko": null, "name:en": null, "amenity": null, "shop": null, "office": null, "tourism": null, "social_facility": null, "healthcare": null, "addr:street": null, "addr:housenumber": null, "start_date": null, "centroid_x_5179": 1169432.8943007961, "centroid_y_5179": 1890804.2821423025, "footprint_area_m2": 80.5280927066717 }, "geometry": { "type": "Polygon", "coordinates": [ [ [ 129.404106, 37.0005004 ], [ 129.404127499999987, 37.0004225 ], [ 129.4042273, 37.0004401 ], [ 129.4042058, 37.000518 ], [ 129.404106, 37.0005004 ] ] ] } },
{ "type": "Feature", "properties": { "element": "way", "id": 661110738, "building": "yes", "building:levels": null, "name": null, "name:ko": null, "name:en": null, "amenity": null, "shop": null, "office": null, "tourism": null, "social_facility": null, "healthcare": null, "addr:street": null, "addr:housenumber": null, "start_date": null, "centroid_x_5179": 1169405.2139121934, "centroid_y_5179": 1890809.6637390547, "footprint_area_m2": 148.94342902256005 }, "geometry": { "type": "Polygon", "coordinates": [ [ [ 129.4037615, 37.0005619 ], [ 129.4037639, 37.0004819 ], [ 129.4039524, 37.0004856 ], [ 129.40395, 37.0005655 ], [ 129.4037615, 37.0005619 ] ] ] } },
{ "type": "Feature", "properties": { "element": "way", "id": 661110740, "building": "yes", "building:levels": null, "name": null, "name:ko": null, "name:en": null, "amenity": null, "shop": null, "office": null, "tourism": null, "social_facility": null, "healthcare": null, "addr:street": null, "addr:housenumber": null, "start_date": null, "centroid_x_5179": 1169347.2498954884, "centroid_y_5179": 1890747.7163356855, "footprint_area_m2": 113.35081678126058 }, "geometry": { "type": "Polygon", "coordinates": [ [ [ 129.4031014, 36.9999914 ], [ 129.4031229, 36.9999347 ], [ 129.403267699999986, 36.99994 ], [ 129.403254299999986, 37.0000321 ], [ 129.4031014, 36.9999914 ] ] ] } },
{ "type": "Feature", "properties": { "element": "way", "id": 661110741, "building": "yes", "building:levels": null, "name": null, "name:ko": null, "name:en": null, "amenity": null, "shop": null, "office": null, "tourism": null, "social_facility": null, "healthcare": null, "addr:street": null, "addr:housenumber": null, "start_date": null, "centroid_x_5179": 1169331.112124918, "centroid_y_5179": 1890741.6597591878, "footprint_area_m2": 102.4112612752271 }, "geometry": { "type": "Polygon", "coordinates": [ [ [ 129.4029184, 36.9999285 ], [ 129.4029487, 36.9998701 ], [ 129.403100200000011, 36.9999203 ], [ 129.4030698, 36.9999787 ], [ 129.4029184, 36.9999285 ] ] ] } },
{ "type": "Feature", "properties": { "element": "way", "id": 661110743, "building": "yes", "building:levels": null, "name": null, "name:ko": null, "name:en": null, "amenity": null, "shop": null, "office": null, "tourism": null, "social_facility": null, "healthcare": null, "addr:street": null, "addr:housenumber": null, "start_date": null, "centroid_x_5179": 1169346.937661482, "centroid_y_5179": 1890735.1106178572, "footprint_area_m2": 120.48774025662934 }, "geometry": { "type": "Polygon", "coordinates": [ [ [ 129.4031181, 36.9999072 ], [ 129.4031228, 36.9998137 ], [ 129.4032531, 36.9998179 ], [ 129.4032483, 36.9999114 ], [ 129.4031181, 36.9999072 ] ] ] } },
{ "type": "Feature", "properties": { "element": "way", "id": 661110745, "building": "yes", "building:levels": null, "name": null, "name:ko": null, "name:en": null, "amenity": null, "shop": null, "office": null, "tourism": null, "social_facility": null, "healthcare": null, "addr:street": null, "addr:housenumber": null, "start_date": null, "centroid_x_5179": 1169345.653233611, "centroid_y_5179": 1890713.0280997567, "footprint_area_m2": 159.12710548417141 }, "geometry": { "type": "Polygon", "coordinates": [ [ [ 129.4030778, 36.999702 ], [ 129.403124100000014, 36.9995909 ], [ 129.4032546, 36.9996256 ], [ 129.4032082, 36.9997368 ], [ 129.4030778, 36.999702 ] ] ] } },
{ "type": "Feature", "properties": { "element": "way", "id": 661110746, "building": "yes", "building:levels": null, "name": null, "name:ko": null, "name:en": null, "amenity": null, "shop": null, "office": null, "tourism": null, "social_facility": null, "healthcare": null, "addr:street": null, "addr:housenumber": null, "start_date": null, "centroid_x_5179": 1169367.014870937, "centroid_y_5179": 1890662.3874031983, "footprint_area_m2": 170.8917218611698 }, "geometry": { "type": "Polygon", "coordinates": [ [ [ 129.4032937, 36.9992279 ], [ 129.403341899999987, 36.9991308 ], [ 129.4034958, 36.9991795 ], [ 129.4034476, 36.9992767 ], [ 129.4032937, 36.9992279 ] ] ] } },
{ "type": "Feature", "properties": { "element": "way", "id": 661110748, "building": "yes", "building:levels": null, "name": null, "name:ko": null, "name:en": null, "amenity": null, "shop": null, "office": null, "tourism": null, "social_facility": null, "healthcare": null, "addr:street": null, "addr:housenumber": null, "start_date": null, "centroid_x_5179": 1169379.481588393, "centroid_y_5179": 1890644.6077848279, "footprint_area_m2": 147.46744011763633 }, "geometry": { "type": "Polygon", "coordinates": [ [ [ 129.4034469, 36.9990868 ], [ 129.403444, 36.9989994 ], [ 129.4036147, 36.9989958 ], [ 129.4036176, 36.9990832 ], [ 129.4034469, 36.9990868 ] ] ] } },
{ "type": "Feature", "properties": { "element": "way", "id": 661110749, "building": "yes", "building:levels": null, "name": null, "name:ko": null, "name:en": null, "amenity": null, "shop": null, "office": null, "tourism": null, "social_facility": null, "healthcare": null, "addr:street": null, "addr:housenumber": null, "start_date": null, "centroid_x_5179": 1169397.0721334079, "centroid_y_5179": 1890642.0322066825, "footprint_area_m2": 180.93509346826869 }, "geometry": { "type": "Polygon", "coordinates": [ [ [ 129.4036542, 36.9990775 ], [ 129.4036595, 36.9989486 ], [ 129.4038014, 36.9989523 ], [ 129.4037961, 36.9990813 ], [ 129.4036542, 36.9990775 ] ] ] } },
{ "type": "Feature", "properties": { "element": "way", "id": 661110751, "building": "yes", "building:levels": null, "name": null, "name:ko": null, "name:en": null, "amenity": null, "shop": null, "office": null, "tourism": null, "social_facility": null, "healthcare": null, "addr:street": null, "addr:housenumber": null, "start_date": null, "centroid_x_5179": 1169385.7895031513, "centroid_y_5179": 1890617.9924005205, "footprint_area_m2": 121.97283057593695 }, "geometry": { "type": "Polygon", "coordinates": [ [ [ 129.403524, 36.9988414 ], [ 129.4035359, 36.9987485 ], [ 129.403667399999989, 36.9987593 ], [ 129.4036554, 36.9988522 ], [ 129.403598, 36.9988476 ], [ 129.403524, 36.9988414 ] ] ] } },
{ "type": "Feature", "properties": { "element": "way", "id": 661110752, "building": "yes", "building:levels": null, "name": null, "name:ko": null, "name:en": null, "amenity": null, "shop": null, "office": null, "tourism": null, "social_facility": null, "healthcare": null, "addr:street": null, "addr:housenumber": null, "start_date": null, "centroid_x_5179": 1169298.8990787717, "centroid_y_5179": 1890836.2109807103, "footprint_area_m2": 104.03209573152486 }, "geometry": { "type": "Polygon", "coordinates": [ [ [ 129.4026082, 37.0008255 ], [ 129.4026092, 37.0007377 ], [ 129.402729099999988, 37.0007386 ], [ 129.402728200000013, 37.0008264 ], [ 129.4026082, 37.0008255 ] ] ] } },
{ "type": "Feature", "properties": { "element": "way", "id": 661110754, "building": "yes", "building:levels": null, "name": null, "name:ko": null, "name:en": null, "amenity": null, "shop": null, "office": null, "tourism": null, "social_facility": null, "healthcare": null, "addr:street": null, "addr:housenumber": null, "start_date": null, "centroid_x_5179": 1169314.5973715882, "centroid_y_5179": 1890832.1509816179, "footprint_area_m2": 98.925655184057987 }, "geometry": { "type": "Polygon", "coordinates": [ [ [ 129.4028178, 37.0008023 ], [ 129.402768900000012, 37.0007228 ], [ 129.402870400000012, 37.000683 ], [ 129.4029193, 37.0007625 ], [ 129.4028178, 37.0008023 ] ] ] } },
{ "type": "Feature", "properties": { "element": "way", "id": 661110755, "building": "yes", "building:levels": null, "name": null, "name:ko": null, "name:en": null, "amenity": null, "shop": null, "office": null, "tourism": null, "social_facility": null, "healthcare": null, "addr:street": null, "addr:housenumber": null, "start_date": null, "centroid_x_5179": 1169325.1394056706, "centroid_y_5179": 1890823.837383033, "footprint_area_m2": 94.495202216429064 }, "geometry": { "type": "Polygon", "coordinates": [ [ [ 129.4029716, 37.0007274 ], [ 129.402882799999986, 37.0006651 ], [ 129.4029497, 37.0006043 ], [ 129.4030385, 37.0006666 ], [ 129.4029716, 37.0007274 ] ] ] } },
{ "type": "Feature", "properties": { "element": "way", "id": 661110757, "building": "yes", "building:levels": null, "name": null, "name:ko": null, "name:en": null, "amenity": null, "shop": null, "office": null, "tourism": null, "social_facility": null, "healthcare": null, "addr:street": null, "addr:housenumber": null, "start_date": null, "centroid_x_5179": 1169310.8200842133, "centroid_y_5179": 1890815.0095619408, "footprint_area_m2": 98.711313620988335 }, "geometry": { "type": "Polygon", "coordinates": [ [ [ 129.40275170000001, 37.0006412 ], [ 129.4027237, 37.0005646 ], [ 129.402844, 37.0005366 ], [ 129.4028719, 37.0006132 ], [ 129.40275170000001, 37.0006412 ] ] ] } },
{ "type": "Feature", "properties": { "element": "way", "id": 661110758, "building": "yes", "building:levels": null, "name": null, "name:ko": null, "name:en": null, "amenity": null, "shop": null, "office": null, "tourism": null, "social_facility": null, "healthcare": null, "addr:street": null, "addr:housenumber": null, "start_date": null, "centroid_x_5179": 1169325.9433570164, "centroid_y_5179": 1890800.4608736963, "footprint_area_m2": 258.7654167820923 }, "geometry": { "type": "Polygon", "coordinates": [ [ [ 129.4028442, 37.0004927 ], [ 129.4028965, 37.0003674 ], [ 129.4030847, 37.0004175 ], [ 129.4030323, 37.0005428 ], [ 129.4028442, 37.0004927 ] ] ] } },
{ "type": "Feature", "properties": { "element": "way", "id": 661110760, "building": "yes", "building:levels": null, "name": null, "name:ko": null, "name:en": null, "amenity": null, "shop": null, "office": null, "tourism": null, "social_facility": null, "healthcare": null, "addr:street": null, "addr:housenumber": null, "start_date": null, "centroid_x_5179": 1169467.9183694201, "centroid_y_5179": 1890613.3254816269, "footprint_area_m2": 118.29313996657821 }, "geometry": { "type": "Polygon", "coordinates": [ [ [ 129.404450200000014, 36.9988021 ], [ 129.4044393, 36.9987442 ], [ 129.4045001, 36.9987369 ], [ 129.4044891, 36.9986783 ], [ 129.404559400000011, 36.9986699 ], [ 129.4045813, 36.9987864 ], [ 129.404450200000014, 36.9988021 ] ] ] } },
{ "type": "Feature", "properties": { "element": "way", "id": 661110762, "building": "yes", "building:levels": null, "name": null, "name:ko": null, "name:en": null, "amenity": null, "shop": null, "office": null, "tourism": null, "social_facility": null, "healthcare": null, "addr:street": null, "addr:housenumber": null, "start_date": null, "centroid_x_5179": 1169464.2844582479, "centroid_y_5179": 1890628.8898263883, "footprint_area_m2": 140.32885526436547 }, "geometry": { "type": "Polygon", "coordinates": [ [ [ 129.4044016, 36.9989295 ], [ 129.404402800000014, 36.998838 ], [ 129.404558, 36.9988393 ], [ 129.404556899999989, 36.9989308 ], [ 129.4044016, 36.9989295 ] ] ] } },
{ "type": "Feature", "properties": { "element": "way", "id": 661110763, "building": "yes", "building:levels": null, "name": null, "name:ko": null, "name:en": null, "amenity": null, "shop": null, "office": null, "tourism": null, "social_facility": null, "healthcare": null, "addr:street": null, "addr:housenumber": null, "start_date": null, "centroid_x_5179": 1169422.5749986994, "centroid_y_5179": 1890594.5262992748, "footprint_area_m2": 66.029182767851978 }, "geometry": { "type": "Polygon", "coordinates": [ [ [ 129.403958100000011, 36.99862 ], [ 129.4039769, 36.9985193 ], [ 129.4040278, 36.9985471 ], [ 129.40406, 36.9986242 ], [ 129.403958100000011, 36.99862 ] ] ] } },
{ "type": "Feature", "properties": { "element": "way", "id": 661110765, "building": "yes", "building:levels": null, "name": null, "name:ko": null, "name:en": null, "amenity": null, "shop": null, "office": null, "tourism": null, "social_facility": null, "healthcare": null, "addr:street": null, "addr:housenumber": null, "start_date": null, "centroid_x_5179": 1169461.9362119951, "centroid_y_5179": 1890569.3858192239, "footprint_area_m2": 156.7989226394659 }, "geometry": { "type": "Polygon", "coordinates": [ [ [ 129.404384599999986, 36.9984121 ], [ 129.4043398, 36.9983255 ], [ 129.404482699999988, 36.9982784 ], [ 129.404539199999988, 36.9983877 ], [ 129.4044869, 36.9984049 ], [ 129.4044752, 36.9983823 ], [ 129.404384599999986, 36.9984121 ] ] ] } },
{ "type": "Feature", "properties": { "element": "way", "id": 661110767, "building": "yes", "building:levels": null, "name": null, "name:ko": null, "name:en": null, "amenity": null, "shop": null, "office": null, "tourism": null, "social_facility": null, "healthcare": null, "addr:street": null, "addr:housenumber": null, "start_date": null, "centroid_x_5179": 1169453.9027360193, "centroid_y_5179": 1890595.9159077608, "footprint_area_m2": 333.86508788725058 }, "geometry": { "type": "Polygon", "coordinates": [ [ [ 129.4042734, 36.9986892 ], [ 129.4042102, 36.9985608 ], [ 129.404438199999987, 36.9984892 ], [ 129.404501399999987, 36.9986176 ], [ 129.4042734, 36.9986892 ] ] ] } },
{ "type": "Feature", "properties": { "element": "way", "id": 661110768, "building": "yes", "building:levels": null, "name": null, "name:ko": null, "name:en": null, "amenity": null, "shop": null, "office": null, "tourism": null, "social_facility": null, "healthcare": null, "addr:street": null, "addr:housenumber": null, "start_date": null, "centroid_x_5179": 1169355.6283484723, "centroid_y_5179": 1890697.7355882933, "footprint_area_m2": 48.439875886361449 }, "geometry": { "type": "Polygon", "coordinates": [ [ [ 129.4032776, 36.9995697 ], [ 129.4033277, 36.9995072 ], [ 129.403272, 36.9994788 ], [ 129.4032219, 36.9995413 ], [ 129.4032776, 36.9995697 ] ] ] } },
{ "type": "Feature", "properties": { "element": "way", "id": 661110770, "building": "yes", "building:levels": null, "name": null, "name:ko": null, "name:en": null, "amenity": null, "shop": null, "office": null, "tourism": null, "social_facility": null, "healthcare": null, "addr:street": null, "addr:housenumber": null, "start_date": null, "centroid_x_5179": 1169398.9976323408, "centroid_y_5179": 1890829.1568544693, "footprint_area_m2": 155.19165695546243 }, "geometry": { "type": "Polygon", "coordinates": [ [ [ 129.4037255, 37.0007623 ], [ 129.4036973, 37.0006697 ], [ 129.403857499999987, 37.0006386 ], [ 129.4038856, 37.0007313 ], [ 129.4037255, 37.0007623 ] ] ] } },
{ "type": "Feature", "properties": { "element": "way", "id": 661110771, "building": "yes", "building:levels": null, "name": null, "name:ko": null, "name:en": null, "amenity": null, "shop": null, "office": null, "tourism": null, "social_facility": null, "healthcare": null, "addr:street": null, "addr:housenumber": null, "start_date": null, "centroid_x_5179": 1169418.7845422777, "centroid_y_5179": 1890777.549802602, "footprint_area_m2": 78.542685788234849 }, "geometry": { "type": "Polygon", "coordinates": [ [ [ 129.403942699999988, 37.0002625 ], [ 129.4039587, 37.0001874 ], [ 129.4040616, 37.0002014 ], [ 129.404045599999989, 37.0002765 ], [ 129.403942699999988, 37.0002625 ] ] ] } },
{ "type": "Feature", "properties": { "element": "way", "id": 661110773, "building": "yes", "building:levels": null, "name": null, "name:ko": null, "name:en": null, "amenity": null, "shop": null, "office": null, "tourism": null, "social_facility": null, "healthcare": null, "addr:street": null, "addr:housenumber": null, "start_date": null, "centroid_x_5179": 1169593.8525491066, "centroid_y_5179": 1890829.4528800917, "footprint_area_m2": 214.6417240241897 }, "geometry": { "type": "Polygon", "coordinates": [ [ [ 129.4058779, 37.0007166 ], [ 129.40589270000001, 37.0006035 ], [ 129.4060828, 37.0006194 ], [ 129.406067900000011, 37.0007325 ], [ 129.4058779, 37.0007166 ] ] ] } },
{ "type": "Feature", "properties": { "element": "way", "id": 661110775, "building": "yes", "building:levels": null, "name": null, "name:ko": null, "name:en": null, "amenity": null, "shop": null, "office": null, "tourism": null, "social_facility": null, "healthcare": null, "addr:street": null, "addr:housenumber": null, "start_date": null, "centroid_x_5179": 1169617.1404482953, "centroid_y_5179": 1890855.6040542442, "footprint_area_m2": 77.955130867687984 }, "geometry": { "type": "Polygon", "coordinates": [ [ [ 129.406313399999988, 37.0009344 ], [ 129.406322499999987, 37.0008791 ], [ 129.406182199999989, 37.0008644 ], [ 129.4061731, 37.0009197 ], [ 129.406313399999988, 37.0009344 ] ] ] } },
{ "type": "Feature", "properties": { "element": "way", "id": 661110776, "building": "yes", "building:levels": null, "name": null, "name:ko": null, "name:en": null, "amenity": null, "shop": null, "office": null, "tourism": null, "social_facility": null, "healthcare": null, "addr:street": null, "addr:housenumber": null, "start_date": null, "centroid_x_5179": 1169741.1649572519, "centroid_y_5179": 1890621.5368468345, "footprint_area_m2": 540.87721065473397 }, "geometry": { "type": "Polygon", "coordinates": [ [ [ 129.4074201, 36.9988818 ], [ 129.4073687, 36.9987537 ], [ 129.407756400000011, 36.9986546 ], [ 129.4078078, 36.9987827 ], [ 129.4074201, 36.9988818 ] ] ] } },
{ "type": "Feature", "properties": { "element": "way", "id": 661110778, "building": "yes", "building:levels": null, "name": null, "name:ko": null, "name:en": null, "amenity": null, "shop": null, "office": null, "tourism": null, "social_facility": null, "healthcare": null, "addr:street": null, "addr:housenumber": null, "start_date": null, "centroid_x_5179": 1169820.2599447623, "centroid_y_5179": 1890493.0586629112, "footprint_area_m2": 230.1360673673791 }, "geometry": { "type": "Polygon", "coordinates": [ [ [ 129.408347600000013, 36.9976687 ], [ 129.4083153, 36.9975757 ], [ 129.4085479, 36.9975241 ], [ 129.408580199999989, 36.9976171 ], [ 129.408347600000013, 36.9976687 ] ] ] } },
{ "type": "Feature", "properties": { "element": "way", "id": 661110780, "building": "yes", "building:levels": null, "name": null, "name:ko": null, "name:en": null, "amenity": null, "shop": null, "office": null, "tourism": null, "social_facility": null, "healthcare": null, "addr:street": null, "addr:housenumber": null, "start_date": null, "centroid_x_5179": 1169707.7757356628, "centroid_y_5179": 1890348.3470708074, "footprint_area_m2": 257.07529919389634 }, "geometry": { "type": "Polygon", "coordinates": [ [ [ 129.4070123, 36.9963428 ], [ 129.4070537, 36.9962543 ], [ 129.407157500000011, 36.9962853 ], [ 129.4071864, 36.9962235 ], [ 129.40727720000001, 36.9962506 ], [ 129.407207, 36.9964009 ], [ 129.4070123, 36.9963428 ] ] ] } },
{ "type": "Feature", "properties": { "element": "way", "id": 661110782, "building": "yes", "building:levels": null, "name": null, "name:ko": null, "name:en": null, "amenity": null, "shop": null, "office": null, "tourism": null, "social_facility": null, "healthcare": null, "addr:street": null, "addr:housenumber": null, "start_date": null, "centroid_x_5179": 1169713.9968017209, "centroid_y_5179": 1890290.6327871564, "footprint_area_m2": 470.68038700088766 }, "geometry": { "type": "Polygon", "coordinates": [ [ [ 129.4070551, 36.9958576 ], [ 129.4070999, 36.9956832 ], [ 129.4073621, 36.9957261 ], [ 129.407317299999988, 36.9959005 ], [ 129.4070551, 36.9958576 ] ] ] } },
{ "type": "Feature", "properties": { "element": "way", "id": 661110783, "building": "yes", "building:levels": null, "name": null, "name:ko": null, "name:en": null, "amenity": null, "shop": null, "office": null, "tourism": null, "social_facility": null, "healthcare": null, "addr:street": null, "addr:housenumber": null, "start_date": null, "centroid_x_5179": 1169702.3351951754, "centroid_y_5179": 1890231.0224432119, "footprint_area_m2": 160.18312148632617 }, "geometry": { "type": "Polygon", "coordinates": [ [ [ 129.406952100000012, 36.9953034 ], [ 129.4069407, 36.9952358 ], [ 129.4071763, 36.9952104 ], [ 129.4071877, 36.995278 ], [ 129.406952100000012, 36.9953034 ] ] ] } },
{ "type": "Feature", "properties": { "element": "way", "id": 661110785, "building": "yes", "building:levels": null, "name": null, "name:ko": null, "name:en": null, "amenity": null, "shop": null, "office": null, "tourism": null, "social_facility": null, "healthcare": null, "addr:street": null, "addr:housenumber": null, "start_date": null, "centroid_x_5179": 1169715.487912158, "centroid_y_5179": 1890088.4745153938, "footprint_area_m2": 94.113895764925473 }, "geometry": { "type": "Polygon", "coordinates": [ [ [ 129.4071131, 36.9940014 ], [ 129.4071361, 36.9939193 ], [ 129.4072466, 36.9939391 ], [ 129.4072236, 36.9940212 ], [ 129.4071131, 36.9940014 ] ] ] } },
{ "type": "Feature", "properties": { "element": "way", "id": 661110787, "building": "yes", "building:levels": null, "name": null, "name:ko": null, "name:en": null, "amenity": null, "shop": null, "office": null, "tourism": null, "social_facility": null, "healthcare": null, "addr:street": null, "addr:housenumber": null, "start_date": null, "centroid_x_5179": 1169520.1425024173, "centroid_y_5179": 1890042.1371025639, "footprint_area_m2": 117.77653466066675 }, "geometry": { "type": "Polygon", "coordinates": [ [ [ 129.4049204, 36.9936418 ], [ 129.4049235, 36.9935311 ], [ 129.405031400000013, 36.9935335 ], [ 129.405025200000011, 36.9936467 ], [ 129.4049204, 36.9936418 ] ] ] } },
{ "type": "Feature", "properties": { "element": "way", "id": 661110788, "building": "yes", "building:levels": null, "name": null, "name:ko": null, "name:en": null, "amenity": null, "shop": null, "office": null, "tourism": null, "social_facility": null, "healthcare": null, "addr:street": null, "addr:housenumber": null, "start_date": null, "centroid_x_5179": 1169501.8514174083, "centroid_y_5179": 1890044.5326312287, "footprint_area_m2": 58.495171166680706 }, "geometry": { "type": "Polygon", "coordinates": [ [ [ 129.4046883, 36.99364 ], [ 129.4046893, 36.9936122 ], [ 129.404772400000013, 36.9936142 ], [ 129.404774300000014, 36.9935645 ], [ 129.4048209, 36.9935657 ], [ 129.404817900000012, 36.9936431 ], [ 129.4046883, 36.99364 ] ] ] } },
{ "type": "Feature", "properties": { "element": "way", "id": 661110790, "building": "yes", "building:levels": null, "name": null, "name:ko": null, "name:en": null, "amenity": null, "shop": null, "office": null, "tourism": null, "social_facility": null, "healthcare": null, "addr:street": null, "addr:housenumber": null, "start_date": null, "centroid_x_5179": 1169539.1858461357, "centroid_y_5179": 1890046.3339285676, "footprint_area_m2": 139.16623990376405 }, "geometry": { "type": "Polygon", "coordinates": [ [ [ 129.4050937, 36.9936544 ], [ 129.4051009, 36.993579 ], [ 129.4052867, 36.9935904 ], [ 129.405279400000012, 36.9936658 ], [ 129.4050937, 36.9936544 ] ] ] } },
{ "type": "Feature", "properties": { "element": "way", "id": 661110792, "building": "yes", "building:levels": null, "name": null, "name:ko": null, "name:en": null, "amenity": null, "shop": null, "office": null, "tourism": null, "social_facility": null, "healthcare": null, "addr:street": null, "addr:housenumber": null, "start_date": null, "centroid_x_5179": 1169446.0281667563, "centroid_y_5179": 1890061.0833643267, "footprint_area_m2": 145.12235933613209 }, "geometry": { "type": "Polygon", "coordinates": [ [ [ 129.4040747, 36.9938223 ], [ 129.4040807, 36.9937168 ], [ 129.4042196, 36.9937218 ], [ 129.4042136, 36.9938274 ], [ 129.4040747, 36.9938223 ] ] ] } },
{ "type": "Feature", "properties": { "element": "way", "id": 661110793, "building": "yes", "building:levels": null, "name": null, "name:ko": null, "name:en": null, "amenity": null, "shop": null, "office": null, "tourism": null, "social_facility": null, "healthcare": null, "addr:street": null, "addr:housenumber": null, "start_date": null, "centroid_x_5179": 1169428.373830958, "centroid_y_5179": 1890061.2157250349, "footprint_area_m2": 212.01378732236498 }, "geometry": { "type": "Polygon", "coordinates": [ [ [ 129.4038587, 36.9938351 ], [ 129.403865200000013, 36.9937119 ], [ 129.4040391, 36.9937178 ], [ 129.4040326, 36.993841 ], [ 129.4038587, 36.9938351 ] ] ] } },
{ "type": "Feature", "properties": { "element": "way", "id": 661110795, "building": "yes", "building:levels": null, "name": null, "name:ko": null, "name:en": null, "amenity": null, "shop": null, "office": null, "tourism": null, "social_facility": null, "healthcare": null, "addr:street": null, "addr:housenumber": null, "start_date": null, "centroid_x_5179": 1169412.6061034754, "centroid_y_5179": 1890058.8754524663, "footprint_area_m2": 139.31718238011422 }, "geometry": { "type": "Polygon", "coordinates": [ [ [ 129.4038304, 36.9938166 ], [ 129.4038414, 36.9937082 ], [ 129.4037122, 36.9936998 ], [ 129.4037011, 36.9938082 ], [ 129.4038304, 36.9938166 ] ] ] } },
{ "type": "Feature", "properties": { "element": "way", "id": 661110800, "building": "yes", "building:levels": null, "name": null, "name:ko": null, "name:en": null, "amenity": null, "shop": null, "office": null, "tourism": null, "social_facility": null, "healthcare": null, "addr:street": null, "addr:housenumber": null, "start_date": null, "centroid_x_5179": 1169532.5888775908, "centroid_y_5179": 1890083.7850405329, "footprint_area_m2": 221.84688729732522 }, "geometry": { "type": "Polygon", "coordinates": [ [ [ 129.405027100000012, 36.9940165 ], [ 129.405038, 36.993895 ], [ 129.405221899999987, 36.9939055 ], [ 129.405211, 36.994027 ], [ 129.405027100000012, 36.9940165 ] ] ] } },
{ "type": "Feature", "properties": { "element": "way", "id": 661110802, "building": "yes", "building:levels": null, "name": null, "name:ko": null, "name:en": null, "amenity": null, "shop": null, "office": null, "tourism": null, "social_facility": null, "healthcare": null, "addr:street": null, "addr:housenumber": null, "start_date": null, "centroid_x_5179": 1169483.6740561284, "centroid_y_5179": 1889948.0919697557, "footprint_area_m2": 222.7936560566099 }, "geometry": { "type": "Polygon", "coordinates": [ [ [ 129.4046343, 36.992814 ], [ 129.4045925, 36.9926572 ], [ 129.4044549, 36.9926806 ], [ 129.40449670000001, 36.9928374 ], [ 129.4046343, 36.992814 ] ] ] } },
{ "type": "Feature", "properties": { "element": "way", "id": 661110804, "building": "yes", "building:levels": null, "name": null, "name:ko": null, "name:en": null, "amenity": null, "shop": null, "office": null, "tourism": null, "social_facility": null, "healthcare": null, "addr:street": null, "addr:housenumber": null, "start_date": null, "centroid_x_5179": 1169453.1306088199, "centroid_y_5179": 1890039.1235712459, "footprint_area_m2": 182.3168280103414 }, "geometry": { "type": "Polygon", "coordinates": [ [ [ 129.4041239, 36.9936171 ], [ 129.404131299999989, 36.9935197 ], [ 129.4043201, 36.9935288 ], [ 129.4043127, 36.9936262 ], [ 129.4041239, 36.9936171 ] ] ] } },
{ "type": "Feature", "properties": { "element": "way", "id": 661110807, "building": "yes", "building:levels": null, "name": null, "name:ko": null, "name:en": null, "amenity": null, "shop": null, "office": null, "tourism": null, "social_facility": null, "healthcare": null, "addr:street": null, "addr:housenumber": null, "start_date": null, "centroid_x_5179": 1169411.738516744, "centroid_y_5179": 1890035.9229900683, "footprint_area_m2": 221.93032033780921 }, "geometry": { "type": "Polygon", "coordinates": [ [ [ 129.4036193, 36.9935892 ], [ 129.403623, 36.9935062 ], [ 129.4038935, 36.993514 ], [ 129.4038898, 36.9935969 ], [ 129.4036193, 36.9935892 ] ] ] } },
{ "type": "Feature", "properties": { "element": "way", "id": 661110810, "building": "yes", "building:levels": null, "name": null, "name:ko": null, "name:en": null, "amenity": null, "shop": null, "office": null, "tourism": null, "social_facility": null, "healthcare": null, "addr:street": null, "addr:housenumber": null, "start_date": null, "centroid_x_5179": 1169233.38904038, "centroid_y_5179": 1890023.8446128627, "footprint_area_m2": 262.88986223055468 }, "geometry": { "type": "Polygon", "coordinates": [ [ [ 129.4015798, 36.9935169 ], [ 129.4015614, 36.9934832 ], [ 129.4017541, 36.9934163 ], [ 129.4018874, 36.9934188 ], [ 129.4018843, 36.9935227 ], [ 129.4015798, 36.9935169 ] ] ] } },
{ "type": "Feature", "properties": { "element": "way", "id": 661110811, "building": "yes", "building:levels": null, "name": null, "name:ko": null, "name:en": null, "amenity": null, "shop": null, "office": null, "tourism": null, "social_facility": null, "healthcare": null, "addr:street": null, "addr:housenumber": null, "start_date": null, "centroid_x_5179": 1169434.4985494341, "centroid_y_5179": 1890037.8850837969, "footprint_area_m2": 78.525262930014009 }, "geometry": { "type": "Polygon", "coordinates": [ [ [ 129.403954199999987, 36.9935986 ], [ 129.403957100000014, 36.9935287 ], [ 129.4040707, 36.9935317 ], [ 129.4040678, 36.9936016 ], [ 129.403954199999987, 36.9935986 ] ] ] } },
{ "type": "Feature", "properties": { "element": "way", "id": 661116857, "building": "yes", "building:levels": null, "name": null, "name:ko": null, "name:en": null, "amenity": null, "shop": null, "office": null, "tourism": null, "social_facility": null, "healthcare": null, "addr:street": null, "addr:housenumber": null, "start_date": null, "centroid_x_5179": 1170581.73294078, "centroid_y_5179": 1882892.6453108652, "footprint_area_m2": 952.93343654282648 }, "geometry": { "type": "Polygon", "coordinates": [ [ [ 129.4150112, 36.9289092 ], [ 129.4152082, 36.9287251 ], [ 129.41535, 36.9288221 ], [ 129.4152416, 36.9289235 ], [ 129.4155987, 36.9291677 ], [ 129.4155101, 36.9292504 ], [ 129.4150112, 36.9289092 ] ] ] } },
{ "type": "Feature", "properties": { "element": "way", "id": 661116858, "building": "yes", "building:levels": null, "name": null, "name:ko": null, "name:en": null, "amenity": null, "shop": null, "office": null, "tourism": null, "social_facility": null, "healthcare": null, "addr:street": null, "addr:housenumber": null, "start_date": null, "centroid_x_5179": 1170584.2822217376, "centroid_y_5179": 1882924.5158196937, "footprint_area_m2": 270.41915214297751 }, "geometry": { "type": "Polygon", "coordinates": [ [ [ 129.4151755, 36.9292227 ], [ 129.4152584, 36.9291551 ], [ 129.4154646, 36.9293169 ], [ 129.415381700000012, 36.9293845 ], [ 129.4151755, 36.9292227 ] ] ] } },
{ "type": "Feature", "properties": { "element": "way", "id": 661116859, "building": "yes", "building:levels": null, "name": null, "name:ko": null, "name:en": null, "amenity": null, "shop": null, "office": null, "tourism": null, "social_facility": null, "healthcare": null, "addr:street": null, "addr:housenumber": null, "start_date": null, "centroid_x_5179": 1170624.0962491995, "centroid_y_5179": 1882911.785770403, "footprint_area_m2": 62.052692375332356 }, "geometry": { "type": "Polygon", "coordinates": [ [ [ 129.4157749, 36.9291979 ], [ 129.4157006, 36.929145 ], [ 129.415753, 36.9290979 ], [ 129.415827400000012, 36.9291508 ], [ 129.4157749, 36.9291979 ] ] ] } },
{ "type": "Feature", "properties": { "element": "way", "id": 661116860, "building": "yes", "building:levels": null, "name": null, "name:ko": null, "name:en": null, "amenity": null, "shop": null, "office": null, "tourism": null, "social_facility": null, "healthcare": null, "addr:street": null, "addr:housenumber": null, "start_date": null, "centroid_x_5179": 1170635.2183301731, "centroid_y_5179": 1882899.378079786, "footprint_area_m2": 62.055656317194305 }, "geometry": { "type": "Polygon", "coordinates": [ [ [ 129.4158969, 36.9290841 ], [ 129.415822600000013, 36.9290312 ], [ 129.4158751, 36.9289841 ], [ 129.415949399999988, 36.929037 ], [ 129.4158969, 36.9290841 ] ] ] } },
{ "type": "Feature", "properties": { "element": "way", "id": 661116861, "building": "yes", "building:levels": null, "name": null, "name:ko": null, "name:en": null, "amenity": null, "shop": null, "office": null, "tourism": null, "social_facility": null, "healthcare": null, "addr:street": null, "addr:housenumber": null, "start_date": null, "centroid_x_5179": 1170637.8029124469, "centroid_y_5179": 1882913.4708704213, "footprint_area_m2": 62.052689361284273 }, "geometry": { "type": "Polygon", "coordinates": [ [ [ 129.4159291, 36.9292106 ], [ 129.4158548, 36.9291577 ], [ 129.4159072, 36.9291106 ], [ 129.4159816, 36.9291635 ], [ 129.4159291, 36.9292106 ] ] ] } },
{ "type": "Feature", "properties": { "element": "way", "id": 661116862, "building": "yes", "building:levels": null, "name": null, "name:ko": null, "name:en": null, "amenity": null, "shop": null, "office": null, "tourism": null, "social_facility": null, "healthcare": null, "addr:street": null, "addr:housenumber": null, "start_date": null, "centroid_x_5179": 1170629.3544159285, "centroid_y_5179": 1882905.6867023522, "footprint_area_m2": 62.052739852165018 }, "geometry": { "type": "Polygon", "coordinates": [ [ [ 129.415832599999987, 36.929142 ], [ 129.4157582, 36.9290891 ], [ 129.4158107, 36.929042 ], [ 129.415885, 36.9290949 ], [ 129.415832599999987, 36.929142 ] ] ] } },
{ "type": "Feature", "properties": { "element": "way", "id": 661116863, "building": "yes", "building:levels": null, "name": null, "name:ko": null, "name:en": null, "amenity": null, "shop": null, "office": null, "tourism": null, "social_facility": null, "healthcare": null, "addr:street": null, "addr:housenumber": null, "start_date": null, "centroid_x_5179": 1170632.9108050645, "centroid_y_5179": 1882919.0886598472, "footprint_area_m2": 62.00321304443257 }, "geometry": { "type": "Polygon", "coordinates": [ [ [ 129.4158755, 36.9292621 ], [ 129.4158012, 36.9292092 ], [ 129.4158536, 36.9291621 ], [ 129.415927900000014, 36.929215 ], [ 129.4158755, 36.9292621 ] ] ] } },
{ "type": "Feature", "properties": { "element": "way", "id": 661116864, "building": "yes", "building:levels": null, "name": null, "name:ko": null, "name:en": null, "amenity": null, "shop": null, "office": null, "tourism": null, "social_facility": null, "healthcare": null, "addr:street": null, "addr:housenumber": null, "start_date": null, "centroid_x_5179": 1170627.5426186905, "centroid_y_5179": 1882924.4526966533, "footprint_area_m2": 62.05260338296597 }, "geometry": { "type": "Polygon", "coordinates": [ [ [ 129.4158165, 36.9293114 ], [ 129.415742099999989, 36.9292585 ], [ 129.4157946, 36.9292114 ], [ 129.4158689, 36.9292643 ], [ 129.4158165, 36.9293114 ] ] ] } },
{ "type": "Feature", "properties": { "element": "way", "id": 661116865, "building": "yes", "building:levels": null, "name": null, "name:ko": null, "name:en": null, "amenity": null, "shop": null, "office": null, "tourism": null, "social_facility": null, "healthcare": null, "addr:street": null, "addr:housenumber": null, "start_date": null, "centroid_x_5179": 1170618.2240089807, "centroid_y_5179": 1882936.4007825803, "footprint_area_m2": 61.986568121373857 }, "geometry": { "type": "Polygon", "coordinates": [ [ [ 129.4157466, 36.9294081 ], [ 129.415648299999987, 36.9293956 ], [ 129.415660699999989, 36.9293334 ], [ 129.415758899999986, 36.9293458 ], [ 129.4157466, 36.9294081 ] ] ] } },
{ "type": "Feature", "properties": { "element": "way", "id": 661116866, "building": "yes", "building:levels": null, "name": null, "name:ko": null, "name:en": null, "amenity": null, "shop": null, "office": null, "tourism": null, "social_facility": null, "healthcare": null, "addr:street": null, "addr:housenumber": null, "start_date": null, "centroid_x_5179": 1170613.6892341347, "centroid_y_5179": 1882947.7328790836, "footprint_area_m2": 62.069529935494003 }, "geometry": { "type": "Polygon", "coordinates": [ [ [ 129.4156969, 36.929512 ], [ 129.4155991, 36.9294973 ], [ 129.4156137, 36.9294353 ], [ 129.415711499999986, 36.92945 ], [ 129.4156969, 36.929512 ] ] ] } },
{ "type": "Feature", "properties": { "element": "way", "id": 661116867, "building": "yes", "building:levels": null, "name": null, "name:ko": null, "name:en": null, "amenity": null, "shop": null, "office": null, "tourism": null, "social_facility": null, "healthcare": null, "addr:street": null, "addr:housenumber": null, "start_date": null, "centroid_x_5179": 1170644.9049380799, "centroid_y_5179": 1882901.1266872177, "footprint_area_m2": 62.109828428743185 }, "geometry": { "type": "Polygon", "coordinates": [ [ [ 129.415933200000012, 36.9290594 ], [ 129.415995400000014, 36.9289973 ], [ 129.416057, 36.9290368 ], [ 129.4159948, 36.9290989 ], [ 129.415933200000012, 36.9290594 ] ] ] } },
{ "type": "Feature", "properties": { "element": "way", "id": 661116868, "building": "yes", "building:levels": null, "name": null, "name:ko": null, "name:en": null, "amenity": null, "shop": null, "office": null, "tourism": null, "social_facility": null, "healthcare": null, "addr:street": null, "addr:housenumber": null, "start_date": null, "centroid_x_5179": 1170719.7247272914, "centroid_y_5179": 1882825.4847953448, "footprint_area_m2": 249.85148156331871 }, "geometry": { "type": "Polygon", "coordinates": [ [ [ 129.4167206, 36.9284233 ], [ 129.416699099999988, 36.9283087 ], [ 129.4169147, 36.9282828 ], [ 129.4169363, 36.9283974 ], [ 129.4167206, 36.9284233 ] ] ] } },
{ "type": "Feature", "properties": { "element": "way", "id": 661116869, "building": "yes", "building:levels": null, "name": null, "name:ko": null, "name:en": null, "amenity": null, "shop": null, "office": null, "tourism": null, "social_facility": null, "healthcare": null, "addr:street": null, "addr:housenumber": null, "start_date": null, "centroid_x_5179": 1170450.6389001817, "centroid_y_5179": 1878588.7009254538, "footprint_area_m2": 2776.5246564446738 }, "geometry": { "type": "Polygon", "coordinates": [ [ [ 129.4125799, 36.8904399 ], [ 129.4125962, 36.8903878 ], [ 129.4125027, 36.8903521 ], [ 129.412441699999988, 36.8902773 ], [ 129.4125067, 36.890235 ], [ 129.4124945, 36.8901667 ], [ 129.4125718, 36.8900692 ], [ 129.4127181, 36.8900334 ], [ 129.4128198, 36.8900594 ], [ 129.413023, 36.8899034 ], [ 129.4131409, 36.8900237 ], [ 129.4131735, 36.8901667 ], [ 129.4131409, 36.8903261 ], [ 129.4130678, 36.8904204 ], [ 129.412864500000012, 36.8905212 ], [ 129.412836, 36.8904529 ], [ 129.4127263, 36.8904789 ], [ 129.412640900000014, 36.8904691 ], [ 129.4125799, 36.8904399 ] ] ] } },
{ "type": "Feature", "properties": { "element": "way", "id": 661116870, "building": "yes", "building:levels": null, "name": null, "name:ko": null, "name:en": null, "amenity": null, "shop": null, "office": null, "tourism": null, "social_facility": null, "healthcare": null, "addr:street": null, "addr:housenumber": null, "start_date": null, "centroid_x_5179": 1170671.9166716638, "centroid_y_5179": 1878469.910742199, "footprint_area_m2": 449.79078924575651 }, "geometry": { "type": "Polygon", "coordinates": [ [ [ 129.415244800000011, 36.8892906 ], [ 129.4152188, 36.8889563 ], [ 129.4153543, 36.8889496 ], [ 129.41538030000001, 36.8892839 ], [ 129.415244800000011, 36.8892906 ] ] ] } },
{ "type": "Feature", "properties": { "element": "way", "id": 661116871, "building": "yes", "building:levels": null, "name": "망양휴게소", "name:ko": null, "name:en": null, "amenity": null, "shop": null, "office": null, "tourism": null, "social_facility": null, "healthcare": null, "addr:street": null, "addr:housenumber": null, "start_date": null, "centroid_x_5179": 1171231.5810193843, "centroid_y_5179": 1876710.5925737564, "footprint_area_m2": 707.34987755058648 }, "geometry": { "type": "Polygon", "coordinates": [ [ [ 129.420979, 36.8733425 ], [ 129.421070899999989, 36.8732705 ], [ 129.421123599999987, 36.8732003 ], [ 129.4211594, 36.8731056 ], [ 129.421163799999988, 36.873027 ], [ 129.421136100000012, 36.8729322 ], [ 129.4212795, 36.8729181 ], [ 129.4213057, 36.8730321 ], [ 129.421293100000014, 36.8731482 ], [ 129.421252399999986, 36.8732444 ], [ 129.42118210000001, 36.8733378 ], [ 129.421084, 36.8734222 ], [ 129.420979, 36.8733425 ] ] ] } },
{ "type": "Feature", "properties": { "element": "way", "id": 661116884, "building": "yes", "building:levels": null, "name": null, "name:ko": null, "name:en": null, "amenity": null, "shop": null, "office": null, "tourism": null, "social_facility": null, "healthcare": null, "addr:street": null, "addr:housenumber": null, "start_date": null, "centroid_x_5179": 1164007.8869793785, "centroid_y_5179": 1891360.3797824853, "footprint_area_m2": 118.00677978222281 }, "geometry": { "type": "Polygon", "coordinates": [ [ [ 129.343286400000011, 37.0064956 ], [ 129.343262900000013, 37.0064188 ], [ 129.3434097, 37.0063901 ], [ 129.3434332, 37.0064669 ], [ 129.343286400000011, 37.0064956 ] ] ] } },
{ "type": "Feature", "properties": { "element": "way", "id": 661116885, "building": "yes", "building:levels": null, "name": null, "name:ko": null, "name:en": null, "amenity": null, "shop": null, "office": null, "tourism": null, "social_facility": null, "healthcare": null, "addr:street": null, "addr:housenumber": null, "start_date": null, "centroid_x_5179": 1164027.5871170568, "centroid_y_5179": 1891356.6436611325, "footprint_area_m2": 99.235881198516338 }, "geometry": { "type": "Polygon", "coordinates": [ [ [ 129.34353680000001, 37.0064673 ], [ 129.3434853, 37.0064089 ], [ 129.3436003, 37.0063442 ], [ 129.3436518, 37.0064026 ], [ 129.34353680000001, 37.0064673 ] ] ] } },
{ "type": "Feature", "properties": { "element": "way", "id": 661116886, "building": "yes", "building:levels": null, "name": null, "name:ko": null, "name:en": null, "amenity": null, "shop": null, "office": null, "tourism": null, "social_facility": null, "healthcare": null, "addr:street": null, "addr:housenumber": null, "start_date": null, "centroid_x_5179": 1164041.868890001, "centroid_y_5179": 1891315.0844019039, "footprint_area_m2": 104.42314985127743 }, "geometry": { "type": "Polygon", "coordinates": [ [ [ 129.3436678, 37.0060854 ], [ 129.3436323, 37.0060226 ], [ 129.343772, 37.0059722 ], [ 129.3438076, 37.0060351 ], [ 129.3436678, 37.0060854 ] ] ] } },
{ "type": "Feature", "properties": { "element": "way", "id": 661116887, "building": "yes", "building:levels": null, "name": null, "name:ko": null, "name:en": null, "amenity": null, "shop": null, "office": null, "tourism": null, "social_facility": null, "healthcare": null, "addr:street": null, "addr:housenumber": null, "start_date": null, "centroid_x_5179": 1164062.512274523, "centroid_y_5179": 1891304.954813278, "footprint_area_m2": 118.99769709324224 }, "geometry": { "type": "Polygon", "coordinates": [ [ [ 129.343893400000013, 37.0059871 ], [ 129.343877099999986, 37.0058954 ], [ 129.344005900000013, 37.0058808 ], [ 129.344022200000012, 37.0059725 ], [ 129.343893400000013, 37.0059871 ] ] ] } },
{ "type": "Feature", "properties": { "element": "way", "id": 661123680, "building": "yes", "building:levels": null, "name": null, "name:ko": null, "name:en": null, "amenity": null, "shop": null, "office": null, "tourism": null, "social_facility": null, "healthcare": null, "addr:street": null, "addr:housenumber": null, "start_date": null, "centroid_x_5179": 1169563.2896238919, "centroid_y_5179": 1890658.6777902697, "footprint_area_m2": 226.61361431575725 }, "geometry": { "type": "Polygon", "coordinates": [ [ [ 129.4055342, 36.999217 ], [ 129.40551210000001, 36.9990671 ], [ 129.405663, 36.9990528 ], [ 129.4056851, 36.9992028 ], [ 129.4055342, 36.999217 ] ] ] } },
{ "type": "Feature", "properties": { "element": "way", "id": 661123681, "building": "yes", "building:levels": null, "name": null, "name:ko": null, "name:en": null, "amenity": null, "shop": null, "office": null, "tourism": null, "social_facility": null, "healthcare": null, "addr:street": null, "addr:housenumber": null, "start_date": null, "centroid_x_5179": 1169562.3342254248, "centroid_y_5179": 1890627.789831877, "footprint_area_m2": 271.93374687102232 }, "geometry": { "type": "Polygon", "coordinates": [ [ [ 129.4055189, 36.9989572 ], [ 129.405500499999988, 36.9987651 ], [ 129.405643, 36.9987564 ], [ 129.4056613, 36.9989486 ], [ 129.4055189, 36.9989572 ] ] ] } },
{ "type": "Feature", "properties": { "element": "way", "id": 661123682, "building": "yes", "building:levels": null, "name": null, "name:ko": null, "name:en": null, "amenity": null, "shop": null, "office": null, "tourism": null, "social_facility": null, "healthcare": null, "addr:street": null, "addr:housenumber": null, "start_date": null, "centroid_x_5179": 1169469.0722233092, "centroid_y_5179": 1890485.47774201, "footprint_area_m2": 333.40303114797752 }, "geometry": { "type": "Polygon", "coordinates": [ [ [ 129.4043155, 36.9976547 ], [ 129.4045106, 36.9974891 ], [ 129.404640699999987, 36.9975264 ], [ 129.4045757, 36.997671 ], [ 129.4043155, 36.9976547 ] ] ] } },
{ "type": "Feature", "properties": { "element": "way", "id": 699668518, "building": "apartments", "building:levels": null, "name": null, "name:ko": null, "name:en": null, "amenity": null, "shop": null, "office": null, "tourism": null, "social_facility": null, "healthcare": null, "addr:street": null, "addr:housenumber": null, "start_date": null, "centroid_x_5179": 1166116.5224978412, "centroid_y_5179": 1902400.5688807268, "footprint_area_m2": 1014.1852570164897 }, "geometry": { "type": "Polygon", "coordinates": [ [ [ 129.369729, 37.105733 ], [ 129.3694337, 37.1055725 ], [ 129.3691177, 37.1055339 ], [ 129.3691441, 37.1053965 ], [ 129.3695231, 37.1054428 ], [ 129.369833, 37.1056112 ], [ 129.369729, 37.105733 ] ] ] } },
{ "type": "Feature", "properties": { "element": "way", "id": 699668519, "building": "apartments", "building:levels": null, "name": null, "name:ko": null, "name:en": null, "amenity": null, "shop": null, "office": null, "tourism": null, "social_facility": null, "healthcare": null, "addr:street": null, "addr:housenumber": null, "start_date": null, "centroid_x_5179": 1166069.1844609419, "centroid_y_5179": 1902458.6556193714, "footprint_area_m2": 838.53477240927896 }, "geometry": { "type": "Polygon", "coordinates": [ [ [ 129.3686597, 37.1061843 ], [ 129.368984899999987, 37.1061194 ], [ 129.3692777, 37.1061324 ], [ 129.3692533, 37.1059897 ], [ 129.368952400000012, 37.1059897 ], [ 129.3686516, 37.1060351 ], [ 129.3686597, 37.1061843 ] ] ] } },
{ "type": "Feature", "properties": { "element": "way", "id": 699668520, "building": "apartments", "building:levels": null, "name": null, "name:ko": null, "name:en": null, "amenity": null, "shop": null, "office": null, "tourism": null, "social_facility": null, "healthcare": null, "addr:street": null, "addr:housenumber": null, "start_date": null, "centroid_x_5179": 1166149.1787682041, "centroid_y_5179": 1902479.0642885466, "footprint_area_m2": 994.52222748965835 }, "geometry": { "type": "Polygon", "coordinates": [ [ [ 129.369521600000013, 37.1062815 ], [ 129.3698793, 37.1063075 ], [ 129.370107, 37.1063788 ], [ 129.3702208, 37.1062362 ], [ 129.3698956, 37.1061454 ], [ 129.369521600000013, 37.1061519 ], [ 129.369521600000013, 37.1062815 ] ] ] } },
{ "type": "Feature", "properties": { "element": "way", "id": 699668521, "building": "apartments", "building:levels": null, "name": null, "name:ko": null, "name:en": null, "amenity": null, "shop": null, "office": null, "tourism": null, "social_facility": null, "healthcare": null, "addr:street": null, "addr:housenumber": null, "start_date": null, "centroid_x_5179": 1165986.5131454971, "centroid_y_5179": 1902473.6085924837, "footprint_area_m2": 877.00534636242355 }, "geometry": { "type": "Polygon", "coordinates": [ [ [ 129.3677409, 37.1061 ], [ 129.368074299999989, 37.1061843 ], [ 129.3683426, 37.1061583 ], [ 129.3684158, 37.1062621 ], [ 129.368009199999989, 37.1063205 ], [ 129.367684, 37.1062232 ], [ 129.3677409, 37.1061 ] ] ] } },
{ "type": "Feature", "properties": { "element": "way", "id": 699668522, "building": "apartments", "building:levels": null, "name": null, "name:ko": null, "name:en": null, "amenity": null, "shop": null, "office": null, "tourism": null, "social_facility": null, "healthcare": null, "addr:street": null, "addr:housenumber": null, "start_date": null, "centroid_x_5179": 1166031.4665471627, "centroid_y_5179": 1902390.1566519274, "footprint_area_m2": 625.29448636093264 }, "geometry": { "type": "Polygon", "coordinates": [ [ [ 129.368168700000012, 37.1054657 ], [ 129.368529700000011, 37.1055376 ], [ 129.368839400000013, 37.1054923 ], [ 129.368815899999987, 37.1053902 ], [ 129.3684876, 37.1054382 ], [ 129.368195500000013, 37.10538 ], [ 129.368168700000012, 37.1054657 ] ] ] } },
{ "type": "Feature", "properties": { "element": "way", "id": 699668523, "building": "apartments", "building:levels": null, "name": null, "name:ko": null, "name:en": null, "amenity": null, "shop": null, "office": null, "tourism": null, "social_facility": null, "healthcare": null, "addr:street": null, "addr:housenumber": null, "start_date": null, "centroid_x_5179": 1165974.719454624, "centroid_y_5179": 1902404.3576264775, "footprint_area_m2": 337.75961679220876 }, "geometry": { "type": "Polygon", "coordinates": [ [ [ 129.3677649, 37.1055014 ], [ 129.368050399999987, 37.1055929 ], [ 129.3679984, 37.1056961 ], [ 129.3677128, 37.1056047 ], [ 129.3677649, 37.1055014 ] ] ] } },
{ "type": "Feature", "properties": { "element": "way", "id": 699668524, "building": "apartments", "building:levels": null, "name": null, "name:ko": null, "name:en": null, "amenity": null, "shop": null, "office": null, "tourism": null, "social_facility": null, "healthcare": null, "addr:street": null, "addr:housenumber": null, "start_date": null, "centroid_x_5179": 1166211.6551150908, "centroid_y_5179": 1902481.0100417368, "footprint_area_m2": 358.09107989035488 }, "geometry": { "type": "Polygon", "coordinates": [ [ [ 129.3705836, 37.1063896 ], [ 129.3704208, 37.1061468 ], [ 129.3705309, 37.1061051 ], [ 129.3707106, 37.1063335 ], [ 129.3705836, 37.1063896 ] ] ] } },
{ "type": "Feature", "properties": { "element": "way", "id": 699668525, "building": "apartments", "building:levels": null, "name": null, "name:ko": null, "name:en": null, "amenity": null, "shop": null, "office": null, "tourism": null, "social_facility": null, "healthcare": null, "addr:street": null, "addr:housenumber": null, "start_date": null, "centroid_x_5179": 1166147.3990160692, "centroid_y_5179": 1902599.9794546312, "footprint_area_m2": 495.86677285671192 }, "geometry": { "type": "Polygon", "coordinates": [ [ [ 129.3699752, 37.1074363 ], [ 129.3698855, 37.1073396 ], [ 129.3697146, 37.1074405 ], [ 129.369639400000011, 37.1073595 ], [ 129.3699153, 37.1071967 ], [ 129.3700801, 37.1073744 ], [ 129.3699752, 37.1074363 ] ] ] } },
{ "type": "Feature", "properties": { "element": "way", "id": 699668526, "building": "apartments", "building:levels": null, "name": null, "name:ko": null, "name:en": null, "amenity": null, "shop": null, "office": null, "tourism": null, "social_facility": null, "healthcare": null, "addr:street": null, "addr:housenumber": null, "start_date": null, "centroid_x_5179": 1166096.9130383364, "centroid_y_5179": 1902608.6388883388, "footprint_area_m2": 586.72396043546007 }, "geometry": { "type": "Polygon", "coordinates": [ [ [ 129.3695052, 37.1074445 ], [ 129.3693926, 37.1072648 ], [ 129.36906, 37.1074573 ], [ 129.3691244, 37.1075429 ], [ 129.3693121, 37.1074488 ], [ 129.369376499999987, 37.10753 ], [ 129.3695052, 37.1074445 ] ] ] } },
{ "type": "Feature", "properties": { "element": "way", "id": 699668527, "building": "apartments", "building:levels": null, "name": null, "name:ko": null, "name:en": null, "amenity": null, "shop": null, "office": null, "tourism": null, "social_facility": null, "healthcare": null, "addr:street": null, "addr:housenumber": null, "start_date": null, "centroid_x_5179": 1166160.0849347715, "centroid_y_5179": 1902543.8579860937, "footprint_area_m2": 609.2313464634376 }, "geometry": { "type": "Polygon", "coordinates": [ [ [ 129.370008399999989, 37.1069927 ], [ 129.3698099, 37.1067532 ], [ 129.3699976, 37.1066548 ], [ 129.37018, 37.1068943 ], [ 129.370008399999989, 37.1069927 ] ] ] } },
{ "type": "Feature", "properties": { "element": "way", "id": 699668529, "building": "apartments", "building:levels": null, "name": null, "name:ko": null, "name:en": null, "amenity": null, "shop": null, "office": null, "tourism": null, "social_facility": null, "healthcare": null, "addr:street": null, "addr:housenumber": null, "start_date": null, "centroid_x_5179": 1166250.7406362547, "centroid_y_5179": 1902539.9386103493, "footprint_area_m2": 512.5325903805342 }, "geometry": { "type": "Polygon", "coordinates": [ [ [ 129.3710348, 37.1069363 ], [ 129.3708503, 37.1066868 ], [ 129.370995099999988, 37.1066049 ], [ 129.371184199999988, 37.1068563 ], [ 129.3710348, 37.1069363 ] ] ] } },
{ "type": "Feature", "properties": { "element": "way", "id": 699668530, "building": "public", "building:levels": null, "name": null, "name:ko": null, "name:en": null, "amenity": null, "shop": null, "office": null, "tourism": null, "social_facility": null, "healthcare": null, "addr:street": null, "addr:housenumber": null, "start_date": null, "centroid_x_5179": 1166123.0848724283, "centroid_y_5179": 1902651.1565814037, "footprint_area_m2": 541.55982157628807 }, "geometry": { "type": "Polygon", "coordinates": [ [ [ 129.369541199999986, 37.1079165 ], [ 129.369513500000011, 37.1078747 ], [ 129.3694427, 37.1079165 ], [ 129.3693749, 37.1078354 ], [ 129.3697292, 37.1076511 ], [ 129.3698124, 37.1077813 ], [ 129.369541199999986, 37.1079165 ] ] ] } },
{ "type": "Feature", "properties": { "element": "way", "id": 699668531, "building": "yes", "building:levels": null, "name": null, "name:ko": null, "name:en": null, "amenity": null, "shop": null, "office": "research", "tourism": null, "social_facility": null, "healthcare": null, "addr:street": null, "addr:housenumber": null, "start_date": null, "centroid_x_5179": 1166230.9598366488, "centroid_y_5179": 1902629.0721724008, "footprint_area_m2": 510.96614700930809 }, "geometry": { "type": "Polygon", "coordinates": [ [ [ 129.3707827, 37.1077222 ], [ 129.3706473, 37.1075379 ], [ 129.3708364, 37.107428 ], [ 129.3709835, 37.1076254 ], [ 129.3707827, 37.1077222 ] ] ] } },
{ "type": "Feature", "properties": { "element": "way", "id": 699668532, "building": "public", "building:levels": null, "name": null, "name:ko": null, "name:en": null, "amenity": null, "shop": null, "office": null, "tourism": null, "social_facility": null, "healthcare": null, "addr:street": null, "addr:housenumber": null, "start_date": null, "centroid_x_5179": 1166277.2471836533, "centroid_y_5179": 1902584.0142362441, "footprint_area_m2": 1114.980262365304 }, "geometry": { "type": "Polygon", "coordinates": [ [ [ 129.371057799999988, 37.1069722 ], [ 129.3712119, 37.1068735 ], [ 129.371571499999988, 37.1073204 ], [ 129.371531800000014, 37.1073446 ], [ 129.3715598, 37.1073837 ], [ 129.3714407, 37.1074601 ], [ 129.371057799999988, 37.1069722 ] ] ] } },
{ "type": "Feature", "properties": { "element": "way", "id": 776549613, "building": "house", "building:levels": null, "name": null, "name:ko": null, "name:en": null, "amenity": null, "shop": null, "office": null, "tourism": null, "social_facility": null, "healthcare": null, "addr:street": null, "addr:housenumber": null, "start_date": null, "centroid_x_5179": 1169245.8508273808, "centroid_y_5179": 1890766.9913149662, "footprint_area_m2": 81.671632670776788 }, "geometry": { "type": "Polygon", "coordinates": [ [ [ 129.402009099999987, 37.000216 ], [ 129.4020405, 37.0000891 ], [ 129.4020888, 37.0000967 ], [ 129.4020674, 37.0001832 ], [ 129.4021127, 37.0001903 ], [ 129.4021027, 37.0002307 ], [ 129.402009099999987, 37.000216 ] ] ] } },
{ "type": "Feature", "properties": { "element": "way", "id": 776549614, "building": "house", "building:levels": null, "name": null, "name:ko": null, "name:en": null, "amenity": null, "shop": null, "office": null, "tourism": null, "social_facility": null, "healthcare": null, "addr:street": null, "addr:housenumber": null, "start_date": null, "centroid_x_5179": 1169245.0382472666, "centroid_y_5179": 1890728.2510434096, "footprint_area_m2": 86.976016757534367 }, "geometry": { "type": "Polygon", "coordinates": [ [ [ 129.401965100000012, 36.9998475 ], [ 129.4019671, 36.9997875 ], [ 129.4021138, 36.9997907 ], [ 129.4021117, 36.9998507 ], [ 129.401965100000012, 36.9998475 ] ] ] } },
{ "type": "Feature", "properties": { "element": "way", "id": 776549615, "building": "house", "building:levels": null, "name": null, "name:ko": null, "name:en": null, "amenity": null, "shop": null, "office": null, "tourism": null, "social_facility": null, "healthcare": null, "addr:street": null, "addr:housenumber": null, "start_date": null, "centroid_x_5179": 1169241.6900593594, "centroid_y_5179": 1890739.983228483, "footprint_area_m2": 103.27476323429403 }, "geometry": { "type": "Polygon", "coordinates": [ [ [ 129.401915699999989, 36.9999425 ], [ 129.4019328, 36.9998803 ], [ 129.4020932, 36.9999083 ], [ 129.402076099999988, 36.9999705 ], [ 129.401915699999989, 36.9999425 ] ] ] } },
{ "type": "Feature", "properties": { "element": "way", "id": 776549616, "building": "house", "building:levels": null, "name": null, "name:ko": null, "name:en": null, "amenity": null, "shop": null, "office": null, "tourism": null, "social_facility": null, "healthcare": null, "addr:street": null, "addr:housenumber": null, "start_date": null, "centroid_x_5179": 1169237.6052232571, "centroid_y_5179": 1890750.1574898481, "footprint_area_m2": 111.51364831278434 }, "geometry": { "type": "Polygon", "coordinates": [ [ [ 129.401877899999988, 37.0000423 ], [ 129.4018977, 36.9999684 ], [ 129.4020438, 36.9999933 ], [ 129.402024, 37.0000672 ], [ 129.401877899999988, 37.0000423 ] ] ] } },
{ "type": "Feature", "properties": { "element": "way", "id": 776549617, "building": "house", "building:levels": null, "name": null, "name:ko": null, "name:en": null, "amenity": null, "shop": null, "office": null, "tourism": null, "social_facility": null, "healthcare": null, "addr:street": null, "addr:housenumber": null, "start_date": null, "centroid_x_5179": 1169234.3623459626, "centroid_y_5179": 1890762.2832491272, "footprint_area_m2": 94.099903692798435 }, "geometry": { "type": "Polygon", "coordinates": [ [ [ 129.401841499999989, 37.0001489 ], [ 129.40185, 37.0000912 ], [ 129.4020127, 37.0001063 ], [ 129.402004299999987, 37.0001641 ], [ 129.401841499999989, 37.0001489 ] ] ] } },
{ "type": "Feature", "properties": { "element": "way", "id": 776549618, "building": "house", "building:levels": null, "name": null, "name:ko": null, "name:en": null, "amenity": null, "shop": null, "office": null, "tourism": null, "social_facility": null, "healthcare": null, "addr:street": null, "addr:housenumber": null, "start_date": null, "centroid_x_5179": 1169224.5248736576, "centroid_y_5179": 1890791.0473234493, "footprint_area_m2": 100.4963305490038 }, "geometry": { "type": "Polygon", "coordinates": [ [ [ 129.4017475, 37.0004149 ], [ 129.4017656, 37.0003413 ], [ 129.4018987, 37.0003622 ], [ 129.4018806, 37.0004358 ], [ 129.4017475, 37.0004149 ] ] ] } },
{ "type": "Feature", "properties": { "element": "way", "id": 776549619, "building": "house", "building:levels": null, "name": null, "name:ko": null, "name:en": null, "amenity": null, "shop": null, "office": null, "tourism": null, "social_facility": null, "healthcare": null, "addr:street": null, "addr:housenumber": null, "start_date": null, "centroid_x_5179": 1169228.7788311497, "centroid_y_5179": 1890773.6319672684, "footprint_area_m2": 127.32008409115198 }, "geometry": { "type": "Polygon", "coordinates": [ [ [ 129.4017986, 37.0002855 ], [ 129.4018279, 37.0001664 ], [ 129.4019404, 37.000184 ], [ 129.4019198, 37.000268 ], [ 129.4018916, 37.0002635 ], [ 129.401883, 37.0002987 ], [ 129.4017986, 37.0002855 ] ] ] } },
{ "type": "Feature", "properties": { "element": "way", "id": 776549620, "building": "house", "building:levels": null, "name": null, "name:ko": null, "name:en": null, "amenity": null, "shop": null, "office": null, "tourism": null, "social_facility": null, "healthcare": null, "addr:street": null, "addr:housenumber": null, "start_date": null, "centroid_x_5179": 1169213.9511231249, "centroid_y_5179": 1890763.1450059973, "footprint_area_m2": 168.59934490689022 }, "geometry": { "type": "Polygon", "coordinates": [ [ [ 129.4015991, 37.0001794 ], [ 129.401610799999986, 37.0001065 ], [ 129.4016498, 37.0001105 ], [ 129.401654900000011, 37.0000786 ], [ 129.4017881, 37.0000924 ], [ 129.401771200000013, 37.0001971 ], [ 129.4015991, 37.0001794 ] ] ] } },
{ "type": "Feature", "properties": { "element": "way", "id": 776549621, "building": "house", "building:levels": null, "name": null, "name:ko": null, "name:en": null, "amenity": null, "shop": null, "office": null, "tourism": null, "social_facility": null, "healthcare": null, "addr:street": null, "addr:housenumber": null, "start_date": null, "centroid_x_5179": 1169217.8736387647, "centroid_y_5179": 1890751.7996311346, "footprint_area_m2": 84.644842406819507 }, "geometry": { "type": "Polygon", "coordinates": [ [ [ 129.4016589, 37.0000549 ], [ 129.401669199999986, 36.9999994 ], [ 129.4018203, 37.0000174 ], [ 129.401809899999989, 37.0000729 ], [ 129.4016589, 37.0000549 ] ] ] } },
{ "type": "Feature", "properties": { "element": "way", "id": 776549622, "building": "house", "building:levels": null, "name": null, "name:ko": null, "name:en": null, "amenity": null, "shop": null, "office": null, "tourism": null, "social_facility": null, "healthcare": null, "addr:street": null, "addr:housenumber": null, "start_date": null, "centroid_x_5179": 1169218.7636903571, "centroid_y_5179": 1890740.5462173163, "footprint_area_m2": 115.61148087135876 }, "geometry": { "type": "Polygon", "coordinates": [ [ [ 129.40166, 36.9999588 ], [ 129.4016768, 36.9998869 ], [ 129.4018341, 36.9999104 ], [ 129.4018173, 36.9999823 ], [ 129.40166, 36.9999588 ] ] ] } },
{ "type": "Feature", "properties": { "element": "way", "id": 776549623, "building": "house", "building:levels": null, "name": null, "name:ko": null, "name:en": null, "amenity": null, "shop": null, "office": null, "tourism": null, "social_facility": null, "healthcare": null, "addr:street": null, "addr:housenumber": null, "start_date": null, "centroid_x_5179": 1169221.6009666428, "centroid_y_5179": 1890730.1136376648, "footprint_area_m2": 127.21874674690606 }, "geometry": { "type": "Polygon", "coordinates": [ [ [ 129.4016782, 36.9998616 ], [ 129.4016935, 36.9997928 ], [ 129.401875, 36.9998186 ], [ 129.4018596, 36.9998874 ], [ 129.4016782, 36.9998616 ] ] ] } },
{ "type": "Feature", "properties": { "element": "way", "id": 776549624, "building": "house", "building:levels": null, "name": null, "name:ko": null, "name:en": null, "amenity": null, "shop": null, "office": null, "tourism": null, "social_facility": null, "healthcare": null, "addr:street": null, "addr:housenumber": null, "start_date": null, "centroid_x_5179": 1169200.9424417601, "centroid_y_5179": 1890745.8119924346, "footprint_area_m2": 104.51840701289839 }, "geometry": { "type": "Polygon", "coordinates": [ [ [ 129.401475299999987, 37.0000165 ], [ 129.4014927, 36.9999363 ], [ 129.401620799999989, 36.999954 ], [ 129.4016034, 37.0000342 ], [ 129.401475299999987, 37.0000165 ] ] ] } },
{ "type": "Feature", "properties": { "element": "way", "id": 776549625, "building": "house", "building:levels": null, "name": null, "name:ko": null, "name:en": null, "amenity": null, "shop": null, "office": null, "tourism": null, "social_facility": null, "healthcare": null, "addr:street": null, "addr:housenumber": null, "start_date": null, "centroid_x_5179": 1169203.2324780421, "centroid_y_5179": 1890734.9787724323, "footprint_area_m2": 94.717023169527209 }, "geometry": { "type": "Polygon", "coordinates": [ [ [ 129.4015101, 36.9999222 ], [ 129.4015215, 36.9998337 ], [ 129.401599299999987, 36.9998401 ], [ 129.401595, 36.9998742 ], [ 129.4016428, 36.9998782 ], [ 129.4016358, 36.9999325 ], [ 129.4015101, 36.9999222 ] ] ] } },
{ "type": "Feature", "properties": { "element": "way", "id": 776549626, "building": "house", "building:levels": null, "name": null, "name:ko": null, "name:en": null, "amenity": null, "shop": null, "office": null, "tourism": null, "social_facility": null, "healthcare": null, "addr:street": null, "addr:housenumber": null, "start_date": null, "centroid_x_5179": 1169206.0556184894, "centroid_y_5179": 1890724.8358157619, "footprint_area_m2": 90.912800067074613 }, "geometry": { "type": "Polygon", "coordinates": [ [ [ 129.401530799999989, 36.9998241 ], [ 129.4015416, 36.9997539 ], [ 129.4016708, 36.9997666 ], [ 129.4016599, 36.9998368 ], [ 129.401530799999989, 36.9998241 ] ] ] } },
{ "type": "Feature", "properties": { "element": "way", "id": 776549627, "building": "house", "building:levels": null, "name": null, "name:ko": null, "name:en": null, "amenity": null, "shop": null, "office": null, "tourism": null, "social_facility": null, "healthcare": null, "addr:street": null, "addr:housenumber": null, "start_date": null, "centroid_x_5179": 1169208.718099304, "centroid_y_5179": 1890715.3273153, "footprint_area_m2": 81.337101428442793 }, "geometry": { "type": "Polygon", "coordinates": [ [ [ 129.4015501, 36.9997252 ], [ 129.401564400000012, 36.9996698 ], [ 129.401707, 36.9996932 ], [ 129.401692700000012, 36.9997486 ], [ 129.4015501, 36.9997252 ] ] ] } },
{ "type": "Feature", "properties": { "element": "way", "id": 776549628, "building": "house", "building:levels": null, "name": null, "name:ko": null, "name:en": null, "amenity": null, "shop": null, "office": null, "tourism": null, "social_facility": null, "healthcare": null, "addr:street": null, "addr:housenumber": null, "start_date": null, "centroid_x_5179": 1169222.1182211349, "centroid_y_5179": 1890720.3970620453, "footprint_area_m2": 88.760879243253356 }, "geometry": { "type": "Polygon", "coordinates": [ [ [ 129.4017005, 36.9997762 ], [ 129.4017064, 36.9997419 ], [ 129.4017217, 36.9997436 ], [ 129.401727099999988, 36.9997122 ], [ 129.4018534, 36.9997261 ], [ 129.401842, 36.9997918 ], [ 129.4017005, 36.9997762 ] ] ] } },
{ "type": "Feature", "properties": { "element": "way", "id": 776549629, "building": "house", "building:levels": null, "name": null, "name:ko": null, "name:en": null, "amenity": null, "shop": null, "office": null, "tourism": null, "social_facility": null, "healthcare": null, "addr:street": null, "addr:housenumber": null, "start_date": null, "centroid_x_5179": 1169185.4463073788, "centroid_y_5179": 1890730.5876083791, "footprint_area_m2": 239.60361190245612 }, "geometry": { "type": "Polygon", "coordinates": [ [ [ 129.4012802, 36.9999534 ], [ 129.4014109, 36.9999773 ], [ 129.4014258, 36.9999255 ], [ 129.4013639, 36.9999141 ], [ 129.4013918, 36.9998172 ], [ 129.4014608, 36.9998299 ], [ 129.4014808, 36.9997603 ], [ 129.4013429, 36.999735 ], [ 129.4012802, 36.9999534 ] ] ] } },
{ "type": "Feature", "properties": { "element": "way", "id": 776549630, "building": "house", "building:levels": null, "name": null, "name:ko": null, "name:en": null, "amenity": null, "shop": null, "office": null, "tourism": null, "social_facility": null, "healthcare": null, "addr:street": null, "addr:housenumber": null, "start_date": null, "centroid_x_5179": 1169191.4264438264, "centroid_y_5179": 1890710.3477998741, "footprint_area_m2": 136.26769629710401 }, "geometry": { "type": "Polygon", "coordinates": [ [ [ 129.4013567, 36.9997101 ], [ 129.4013894, 36.9996017 ], [ 129.4015097, 36.9996248 ], [ 129.401477, 36.9997332 ], [ 129.4013567, 36.9997101 ] ] ] } },
{ "type": "Feature", "properties": { "element": "way", "id": 776549631, "building": "house", "building:levels": null, "name": null, "name:ko": null, "name:en": null, "amenity": null, "shop": null, "office": null, "tourism": null, "social_facility": null, "healthcare": null, "addr:street": null, "addr:housenumber": null, "start_date": null, "centroid_x_5179": 1169194.9942235046, "centroid_y_5179": 1890784.7627217656, "footprint_area_m2": 123.43730457445977 }, "geometry": { "type": "Polygon", "coordinates": [ [ [ 129.4014104, 37.0003728 ], [ 129.4014211, 37.0002895 ], [ 129.401569599999988, 37.0003017 ], [ 129.4015588, 37.000385 ], [ 129.4014104, 37.0003728 ] ] ] } },
{ "type": "Feature", "properties": { "element": "way", "id": 776549632, "building": "house", "building:levels": null, "name": null, "name:ko": null, "name:en": null, "amenity": null, "shop": null, "office": null, "tourism": null, "social_facility": null, "healthcare": null, "addr:street": null, "addr:housenumber": null, "start_date": null, "centroid_x_5179": 1169209.2199070628, "centroid_y_5179": 1890783.7765764706, "footprint_area_m2": 118.81617931256767 }, "geometry": { "type": "Polygon", "coordinates": [ [ [ 129.4015961, 37.0003932 ], [ 129.401620900000012, 37.0002494 ], [ 129.401703, 37.0002584 ], [ 129.4016782, 37.0004022 ], [ 129.4015961, 37.0003932 ] ] ] } },
{ "type": "Feature", "properties": { "element": "way", "id": 776549633, "building": "house", "building:levels": null, "name": null, "name:ko": null, "name:en": null, "amenity": null, "shop": null, "office": null, "tourism": null, "social_facility": null, "healthcare": null, "addr:street": null, "addr:housenumber": null, "start_date": null, "centroid_x_5179": 1169166.2737782756, "centroid_y_5179": 1890754.9709568447, "footprint_area_m2": 148.91732909079275 }, "geometry": { "type": "Polygon", "coordinates": [ [ [ 129.401079399999986, 37.0001299 ], [ 129.4011497, 36.9999888 ], [ 129.401242, 37.0000182 ], [ 129.4011716, 37.0001592 ], [ 129.401079399999986, 37.0001299 ] ] ] } },
{ "type": "Feature", "properties": { "element": "way", "id": 776549634, "building": "house", "building:levels": null, "name": null, "name:ko": null, "name:en": null, "amenity": null, "shop": null, "office": null, "tourism": null, "social_facility": null, "healthcare": null, "addr:street": null, "addr:housenumber": null, "start_date": null, "centroid_x_5179": 1169180.2219830831, "centroid_y_5179": 1890756.6831058422, "footprint_area_m2": 161.50700206834355 }, "geometry": { "type": "Polygon", "coordinates": [ [ [ 129.4012406, 37.0001399 ], [ 129.401263300000011, 37.0000183 ], [ 129.401394900000014, 37.000034 ], [ 129.4013722, 37.0001555 ], [ 129.4012406, 37.0001399 ] ] ] } },
{ "type": "Feature", "properties": { "element": "way", "id": 776549635, "building": "house", "building:levels": null, "name": null, "name:ko": null, "name:en": null, "amenity": null, "shop": null, "office": null, "tourism": null, "social_facility": null, "healthcare": null, "addr:street": null, "addr:housenumber": null, "start_date": null, "centroid_x_5179": 1169173.6553800397, "centroid_y_5179": 1890732.0507491827, "footprint_area_m2": 151.7114581690181 }, "geometry": { "type": "Polygon", "coordinates": [ [ [ 129.40117, 36.9999421 ], [ 129.40122070000001, 36.9997737 ], [ 129.4013069, 36.9997902 ], [ 129.4012562, 36.9999587 ], [ 129.40117, 36.9999421 ] ] ] } },
{ "type": "Feature", "properties": { "element": "way", "id": 776549636, "building": "house", "building:levels": null, "name": null, "name:ko": null, "name:en": null, "amenity": null, "shop": null, "office": null, "tourism": null, "social_facility": null, "healthcare": null, "addr:street": null, "addr:housenumber": null, "start_date": null, "centroid_x_5179": 1169213.9975607914, "centroid_y_5179": 1890688.9321508911, "footprint_area_m2": 121.84893339151296 }, "geometry": { "type": "Polygon", "coordinates": [ [ [ 129.4016353, 36.9994109 ], [ 129.40175450000001, 36.9994308 ], [ 129.4017285, 36.99953 ], [ 129.401609400000012, 36.9995101 ], [ 129.4016353, 36.9994109 ] ] ] } },
{ "type": "Feature", "properties": { "element": "way", "id": 776549637, "building": "house", "building:levels": null, "name": null, "name:ko": null, "name:en": null, "amenity": null, "shop": null, "office": null, "tourism": null, "social_facility": null, "healthcare": null, "addr:street": null, "addr:housenumber": null, "start_date": null, "centroid_x_5179": 1169218.121863276, "centroid_y_5179": 1890670.1961455119, "footprint_area_m2": 126.18684247939929 }, "geometry": { "type": "Polygon", "coordinates": [ [ [ 129.4016653, 36.9993571 ], [ 129.401773, 36.9993628 ], [ 129.4017828, 36.9992447 ], [ 129.4016751, 36.999239 ], [ 129.4016653, 36.9993571 ] ] ] } },
{ "type": "Feature", "properties": { "element": "way", "id": 776549638, "building": "house", "building:levels": null, "name": null, "name:ko": null, "name:en": null, "amenity": null, "shop": null, "office": null, "tourism": null, "social_facility": null, "healthcare": null, "addr:street": null, "addr:housenumber": null, "start_date": null, "centroid_x_5179": 1169241.3472485973, "centroid_y_5179": 1890652.0076349191, "footprint_area_m2": 80.160926029071078 }, "geometry": { "type": "Polygon", "coordinates": [ [ [ 129.4019381, 36.9991818 ], [ 129.4019428, 36.9990815 ], [ 129.4020236, 36.9990839 ], [ 129.4020189, 36.9991842 ], [ 129.4019381, 36.9991818 ] ] ] } },
{ "type": "Feature", "properties": { "element": "way", "id": 776549639, "building": "house", "building:levels": null, "name": null, "name:ko": null, "name:en": null, "amenity": null, "shop": null, "office": null, "tourism": null, "social_facility": null, "healthcare": null, "addr:street": null, "addr:housenumber": null, "start_date": null, "centroid_x_5179": 1169250.8912564961, "centroid_y_5179": 1890623.2565443299, "footprint_area_m2": 148.60134607789584 }, "geometry": { "type": "Polygon", "coordinates": [ [ [ 129.4020219, 36.9989351 ], [ 129.4020219, 36.9988091 ], [ 129.402141300000011, 36.9988091 ], [ 129.402141300000011, 36.9989351 ], [ 129.4020219, 36.9989351 ] ] ] } },
{ "type": "Feature", "properties": { "element": "way", "id": 776549640, "building": "house", "building:levels": null, "name": null, "name:ko": null, "name:en": null, "amenity": null, "shop": null, "office": null, "tourism": null, "social_facility": null, "healthcare": null, "addr:street": null, "addr:housenumber": null, "start_date": null, "centroid_x_5179": 1169249.6717683102, "centroid_y_5179": 1890638.7317613447, "footprint_area_m2": 155.10526260701062 }, "geometry": { "type": "Polygon", "coordinates": [ [ [ 129.402, 36.9990669 ], [ 129.4020088, 36.9989501 ], [ 129.4021428, 36.9989566 ], [ 129.4021339, 36.9990734 ], [ 129.402, 36.9990669 ] ] ] } },
{ "type": "Feature", "properties": { "element": "way", "id": 776549641, "building": "house", "building:levels": null, "name": null, "name:ko": null, "name:en": null, "amenity": null, "shop": null, "office": null, "tourism": null, "social_facility": null, "healthcare": null, "addr:street": null, "addr:housenumber": null, "start_date": null, "centroid_x_5179": 1169226.9079475868, "centroid_y_5179": 1890641.6070417499, "footprint_area_m2": 101.93026958166823 }, "geometry": { "type": "Polygon", "coordinates": [ [ [ 129.4017456, 36.9990801 ], [ 129.4017407, 36.9990098 ], [ 129.40188710000001, 36.9990034 ], [ 129.40189190000001, 36.9990737 ], [ 129.4017456, 36.9990801 ] ] ] } },
{ "type": "Feature", "properties": { "element": "way", "id": 776549642, "building": "house", "building:levels": null, "name": null, "name:ko": null, "name:en": null, "amenity": null, "shop": null, "office": null, "tourism": null, "social_facility": null, "healthcare": null, "addr:street": null, "addr:housenumber": null, "start_date": null, "centroid_x_5179": 1169209.7685046629, "centroid_y_5179": 1890630.2321464566, "footprint_area_m2": 170.15595384898785 }, "geometry": { "type": "Polygon", "coordinates": [ [ [ 129.401526100000012, 36.9989859 ], [ 129.4015302, 36.9988935 ], [ 129.4017164, 36.9988988 ], [ 129.401712300000014, 36.9989912 ], [ 129.401526100000012, 36.9989859 ] ] ] } },
{ "type": "Feature", "properties": { "element": "way", "id": 776549643, "building": "house", "building:levels": null, "name": null, "name:ko": null, "name:en": null, "amenity": null, "shop": null, "office": null, "tourism": null, "social_facility": null, "healthcare": null, "addr:street": null, "addr:housenumber": null, "start_date": null, "centroid_x_5179": 1169203.4945889735, "centroid_y_5179": 1890651.0514547231, "footprint_area_m2": 82.416425555079883 }, "geometry": { "type": "Polygon", "coordinates": [ [ [ 129.401490200000012, 36.9991564 ], [ 129.4015161, 36.9990824 ], [ 129.4016207, 36.9991057 ], [ 129.4015948, 36.9991797 ], [ 129.401490200000012, 36.9991564 ] ] ] } },
{ "type": "Feature", "properties": { "element": "way", "id": 776549644, "building": "house", "building:levels": null, "name": null, "name:ko": null, "name:en": null, "amenity": null, "shop": null, "office": null, "tourism": null, "social_facility": null, "healthcare": null, "addr:street": null, "addr:housenumber": null, "start_date": null, "centroid_x_5179": 1169220.8010223098, "centroid_y_5179": 1890659.2053340848, "footprint_area_m2": 94.975176138195323 }, "geometry": { "type": "Polygon", "coordinates": [ [ [ 129.4016743, 36.9992275 ], [ 129.4016834, 36.9991623 ], [ 129.401829099999986, 36.9991753 ], [ 129.4018199, 36.9992405 ], [ 129.4016743, 36.9992275 ] ] ] } },
{ "type": "Feature", "properties": { "element": "way", "id": 776549645, "building": "house", "building:levels": null, "name": null, "name:ko": null, "name:en": null, "amenity": null, "shop": null, "office": null, "tourism": null, "social_facility": null, "healthcare": null, "addr:street": null, "addr:housenumber": null, "start_date": null, "centroid_x_5179": 1169208.663378279, "centroid_y_5179": 1890601.4352425919, "footprint_area_m2": 104.9007546720168 }, "geometry": { "type": "Polygon", "coordinates": [ [ [ 129.4015298, 36.998717 ], [ 129.401538, 36.99864 ], [ 129.401674899999989, 36.9986492 ], [ 129.401666799999987, 36.9987262 ], [ 129.4015298, 36.998717 ] ] ] } },
{ "type": "Feature", "properties": { "element": "way", "id": 776549646, "building": "house", "building:levels": null, "name": null, "name:ko": null, "name:en": null, "amenity": null, "shop": null, "office": null, "tourism": null, "social_facility": null, "healthcare": null, "addr:street": null, "addr:housenumber": null, "start_date": null, "centroid_x_5179": 1169222.0354983916, "centroid_y_5179": 1890589.2290695638, "footprint_area_m2": 100.68878356358417 }, "geometry": { "type": "Polygon", "coordinates": [ [ [ 129.40169130000001, 36.9986152 ], [ 129.401683, 36.9985344 ], [ 129.4018084, 36.9985263 ], [ 129.401816700000012, 36.998607 ], [ 129.40169130000001, 36.9986152 ] ] ] } },
{ "type": "Feature", "properties": { "element": "way", "id": 776549647, "building": "house", "building:levels": null, "name": null, "name:ko": null, "name:en": null, "amenity": null, "shop": null, "office": null, "tourism": null, "social_facility": null, "healthcare": null, "addr:street": null, "addr:housenumber": null, "start_date": null, "centroid_x_5179": 1169248.4571008098, "centroid_y_5179": 1890606.9771907646, "footprint_area_m2": 60.742508986307243 }, "geometry": { "type": "Polygon", "coordinates": [ [ [ 129.402035500000011, 36.9987807 ], [ 129.4020066, 36.9986821 ], [ 129.4020657, 36.998671 ], [ 129.4020946, 36.9987697 ], [ 129.402035500000011, 36.9987807 ] ] ] } },
{ "type": "Feature", "properties": { "element": "way", "id": 776549648, "building": "house", "building:levels": null, "name": null, "name:ko": null, "name:en": null, "amenity": null, "shop": null, "office": null, "tourism": null, "social_facility": null, "healthcare": null, "addr:street": null, "addr:housenumber": null, "start_date": null, "centroid_x_5179": 1169236.6935463985, "centroid_y_5179": 1890587.5156015169, "footprint_area_m2": 92.758670873314259 }, "geometry": { "type": "Polygon", "coordinates": [ [ [ 129.4018251, 36.9985381 ], [ 129.40186460000001, 36.9984918 ], [ 129.4020031, 36.9985672 ], [ 129.401963599999988, 36.9986135 ], [ 129.4018251, 36.9985381 ] ] ] } },
{ "type": "Feature", "properties": { "element": "way", "id": 776549649, "building": "house", "building:levels": null, "name": null, "name:ko": null, "name:en": null, "amenity": null, "shop": null, "office": null, "tourism": null, "social_facility": null, "healthcare": null, "addr:street": null, "addr:housenumber": null, "start_date": null, "centroid_x_5179": 1169210.3721851509, "centroid_y_5179": 1890581.8137465466, "footprint_area_m2": 60.20724906446145 }, "geometry": { "type": "Polygon", "coordinates": [ [ [ 129.401565, 36.9985334 ], [ 129.4015729, 36.9984708 ], [ 129.4016694, 36.9984787 ], [ 129.4016614, 36.9985412 ], [ 129.401565, 36.9985334 ] ] ] } },
{ "type": "Feature", "properties": { "element": "way", "id": 776549650, "building": "house", "building:levels": null, "name": null, "name:ko": null, "name:en": null, "amenity": null, "shop": null, "office": null, "tourism": null, "social_facility": null, "healthcare": null, "addr:street": null, "addr:housenumber": null, "start_date": null, "centroid_x_5179": 1169197.9591487832, "centroid_y_5179": 1890673.8362741796, "footprint_area_m2": 141.33976183436226 }, "geometry": { "type": "Polygon", "coordinates": [ [ [ 129.4014258, 36.9993868 ], [ 129.4015522, 36.9994164 ], [ 129.4015726, 36.9993609 ], [ 129.401516500000014, 36.9993477 ], [ 129.4015487, 36.9992601 ], [ 129.4014784, 36.9992437 ], [ 129.4014258, 36.9993868 ] ] ] } },
{ "type": "Feature", "properties": { "element": "way", "id": 776549651, "building": "house", "building:levels": null, "name": null, "name:ko": null, "name:en": null, "amenity": null, "shop": null, "office": null, "tourism": null, "social_facility": null, "healthcare": null, "addr:street": null, "addr:housenumber": null, "start_date": null, "centroid_x_5179": 1169220.5507373782, "centroid_y_5179": 1890804.1485099269, "footprint_area_m2": 66.400793371675618 }, "geometry": { "type": "Polygon", "coordinates": [ [ [ 129.401718100000011, 37.0005321 ], [ 129.4017888, 37.0004513 ], [ 129.4018447, 37.0004825 ], [ 129.401774, 37.0005633 ], [ 129.401718100000011, 37.0005321 ] ] ] } },
{ "type": "Feature", "properties": { "element": "way", "id": 776549652, "building": "house", "building:levels": null, "name": null, "name:ko": null, "name:en": null, "amenity": null, "shop": null, "office": null, "tourism": null, "social_facility": null, "healthcare": null, "addr:street": null, "addr:housenumber": null, "start_date": null, "centroid_x_5179": 1169194.8875277105, "centroid_y_5179": 1890807.1375933248, "footprint_area_m2": 158.42638506656795 }, "geometry": { "type": "Polygon", "coordinates": [ [ [ 129.401405, 37.0005802 ], [ 129.401417, 37.0004843 ], [ 129.401582600000012, 37.0004975 ], [ 129.401570600000014, 37.0005934 ], [ 129.401405, 37.0005802 ] ] ] } },
{ "type": "Feature", "properties": { "element": "way", "id": 776549653, "building": "house", "building:levels": null, "name": null, "name:ko": null, "name:en": null, "amenity": null, "shop": null, "office": null, "tourism": null, "social_facility": null, "healthcare": null, "addr:street": null, "addr:housenumber": null, "start_date": null, "centroid_x_5179": 1169177.5969900058, "centroid_y_5179": 1890779.6460528043, "footprint_area_m2": 71.397005437070703 }, "geometry": { "type": "Polygon", "coordinates": [ [ [ 129.4012334, 37.0003232 ], [ 129.4012368, 37.0002613 ], [ 129.4013534, 37.0002654 ], [ 129.4013501, 37.0003272 ], [ 129.4012334, 37.0003232 ] ] ] } },
{ "type": "Feature", "properties": { "element": "way", "id": 776549654, "building": "house", "building:levels": null, "name": null, "name:ko": null, "name:en": null, "amenity": null, "shop": null, "office": null, "tourism": null, "social_facility": null, "healthcare": null, "addr:street": null, "addr:housenumber": null, "start_date": null, "centroid_x_5179": 1169175.6792711993, "centroid_y_5179": 1890793.606525104, "footprint_area_m2": 112.96388914594105 }, "geometry": { "type": "Polygon", "coordinates": [ [ [ 129.4012088, 37.0004627 ], [ 129.4012165, 37.0003714 ], [ 129.4013412, 37.0003781 ], [ 129.4013335, 37.0004694 ], [ 129.4012088, 37.0004627 ] ] ] } },
{ "type": "Feature", "properties": { "element": "way", "id": 776549655, "building": "house", "building:levels": null, "name": null, "name:ko": null, "name:en": null, "amenity": null, "shop": null, "office": null, "tourism": null, "social_facility": null, "healthcare": null, "addr:street": null, "addr:housenumber": null, "start_date": null, "centroid_x_5179": 1169174.1881053292, "centroid_y_5179": 1890808.1953776418, "footprint_area_m2": 125.21401443945925 }, "geometry": { "type": "Polygon", "coordinates": [ [ [ 129.4011913, 37.0005962 ], [ 129.4011998, 37.0005006 ], [ 129.401331699999986, 37.000508 ], [ 129.4013233, 37.0006036 ], [ 129.4011913, 37.0005962 ] ] ] } },
{ "type": "Feature", "properties": { "element": "way", "id": 776549656, "building": "house", "building:levels": null, "name": null, "name:ko": null, "name:en": null, "amenity": null, "shop": null, "office": null, "tourism": null, "social_facility": null, "healthcare": null, "addr:street": null, "addr:housenumber": null, "start_date": null, "centroid_x_5179": 1169164.3442640901, "centroid_y_5179": 1890818.0351912354, "footprint_area_m2": 80.268306039132781 }, "geometry": { "type": "Polygon", "coordinates": [ [ [ 129.4010949, 37.0006762 ], [ 129.4011222, 37.0005907 ], [ 129.4012114, 37.0006088 ], [ 129.4011841, 37.0006944 ], [ 129.4010949, 37.0006762 ] ] ] } },
{ "type": "Feature", "properties": { "element": "way", "id": 776549657, "building": "house", "building:levels": null, "name": null, "name:ko": null, "name:en": null, "amenity": null, "shop": null, "office": null, "tourism": null, "social_facility": null, "healthcare": null, "addr:street": null, "addr:housenumber": null, "start_date": null, "centroid_x_5179": 1169173.5840361763, "centroid_y_5179": 1890826.9629217933, "footprint_area_m2": 54.246199906014027 }, "geometry": { "type": "Polygon", "coordinates": [ [ [ 129.4012098, 37.0007489 ], [ 129.401211100000012, 37.0006923 ], [ 129.4013081, 37.0006937 ], [ 129.401306799999986, 37.0007503 ], [ 129.4012098, 37.0007489 ] ] ] } },
{ "type": "Feature", "properties": { "element": "way", "id": 776549658, "building": "house", "building:levels": null, "name": null, "name:ko": null, "name:en": null, "amenity": null, "shop": null, "office": null, "tourism": null, "social_facility": null, "healthcare": null, "addr:street": null, "addr:housenumber": null, "start_date": null, "centroid_x_5179": 1169190.4785791587, "centroid_y_5179": 1890836.7298265365, "footprint_area_m2": 88.421541215567601 }, "geometry": { "type": "Polygon", "coordinates": [ [ [ 129.401445200000012, 37.0008675 ], [ 129.4013764, 37.0008214 ], [ 129.401456700000011, 37.000745 ], [ 129.4015254, 37.0007911 ], [ 129.401445200000012, 37.0008675 ] ] ] } },
{ "type": "Feature", "properties": { "element": "way", "id": 776549659, "building": "house", "building:levels": null, "name": null, "name:ko": null, "name:en": null, "amenity": null, "shop": null, "office": null, "tourism": null, "social_facility": null, "healthcare": null, "addr:street": null, "addr:housenumber": null, "start_date": null, "centroid_x_5179": 1169156.848419256, "centroid_y_5179": 1890833.0318535499, "footprint_area_m2": 93.845698587404229 }, "geometry": { "type": "Polygon", "coordinates": [ [ [ 129.401038, 37.0008375 ], [ 129.401020100000011, 37.0007296 ], [ 129.401106700000014, 37.0007205 ], [ 129.4011245, 37.0008284 ], [ 129.401038, 37.0008375 ] ] ] } },
{ "type": "Feature", "properties": { "element": "way", "id": 776549660, "building": "house", "building:levels": null, "name": null, "name:ko": null, "name:en": null, "amenity": null, "shop": null, "office": null, "tourism": null, "social_facility": null, "healthcare": null, "addr:street": null, "addr:housenumber": null, "start_date": null, "centroid_x_5179": 1169174.4640634125, "centroid_y_5179": 1890851.7600351421, "footprint_area_m2": 117.57994587346121 }, "geometry": { "type": "Polygon", "coordinates": [ [ [ 129.401197, 37.000983 ], [ 129.401197, 37.0009061 ], [ 129.401351799999986, 37.0009061 ], [ 129.401351799999986, 37.000983 ], [ 129.401197, 37.000983 ] ] ] } },
{ "type": "Feature", "properties": { "element": "way", "id": 776549661, "building": "house", "building:levels": null, "name": null, "name:ko": null, "name:en": null, "amenity": null, "shop": null, "office": null, "tourism": null, "social_facility": null, "healthcare": null, "addr:street": null, "addr:housenumber": null, "start_date": null, "centroid_x_5179": 1169160.0791358629, "centroid_y_5179": 1890875.3780989703, "footprint_area_m2": 135.37104454119356 }, "geometry": { "type": "Polygon", "coordinates": [ [ [ 129.4010395, 37.0012037 ], [ 129.4010389, 37.0011169 ], [ 129.401196700000014, 37.0011161 ], [ 129.4011973, 37.001203 ], [ 129.4010395, 37.0012037 ] ] ] } },
{ "type": "Feature", "properties": { "element": "way", "id": 776549662, "building": "yes", "building:levels": null, "name": null, "name:ko": null, "name:en": null, "amenity": null, "shop": null, "office": null, "tourism": null, "social_facility": null, "healthcare": null, "addr:street": null, "addr:housenumber": null, "start_date": null, "centroid_x_5179": 1169134.4262201299, "centroid_y_5179": 1889221.0857621278, "footprint_area_m2": 399.8043569586298 }, "geometry": { "type": "Polygon", "coordinates": [ [ [ 129.400298, 36.986358 ], [ 129.4002568, 36.9862573 ], [ 129.400619799999987, 36.9861625 ], [ 129.4006611, 36.9862632 ], [ 129.400298, 36.986358 ] ] ] } },
{ "type": "Feature", "properties": { "element": "way", "id": 776549663, "building": "yes", "building:levels": null, "name": null, "name:ko": null, "name:en": null, "amenity": null, "shop": null, "office": null, "tourism": null, "social_facility": null, "healthcare": null, "addr:street": null, "addr:housenumber": null, "start_date": null, "centroid_x_5179": 1169148.7869200124, "centroid_y_5179": 1889253.9082941224, "footprint_area_m2": 266.19466243996891 }, "geometry": { "type": "Polygon", "coordinates": [ [ [ 129.400495799999987, 36.9866269 ], [ 129.4004677, 36.9865403 ], [ 129.4007594, 36.9864799 ], [ 129.4007875, 36.9865664 ], [ 129.400495799999987, 36.9866269 ] ] ] } },
{ "type": "Feature", "properties": { "element": "way", "id": 776733610, "building": "yes", "building:levels": null, "name": null, "name:ko": null, "name:en": null, "amenity": null, "shop": null, "office": null, "tourism": null, "social_facility": null, "healthcare": null, "addr:street": null, "addr:housenumber": null, "start_date": null, "centroid_x_5179": 1169157.730247613, "centroid_y_5179": 1890853.4620809059, "footprint_area_m2": 152.52834054796247 }, "geometry": { "type": "Polygon", "coordinates": [ [ [ 129.4010098, 37.0010038 ], [ 129.4010084, 37.0009112 ], [ 129.401156899999989, 37.0009098 ], [ 129.4011586, 37.0010218 ], [ 129.401071699999989, 37.0010227 ], [ 129.4010714, 37.0010032 ], [ 129.4010098, 37.0010038 ] ] ] } },
{ "type": "Feature", "properties": { "element": "way", "id": 776733611, "building": "yes", "building:levels": null, "name": null, "name:ko": null, "name:en": null, "amenity": null, "shop": null, "office": null, "tourism": null, "social_facility": null, "healthcare": null, "addr:street": null, "addr:housenumber": null, "start_date": null, "centroid_x_5179": 1169174.4882853634, "centroid_y_5179": 1890863.3599661293, "footprint_area_m2": 110.59919961803011 }, "geometry": { "type": "Polygon", "coordinates": [ [ [ 129.40120730000001, 37.0010895 ], [ 129.4012059, 37.0010103 ], [ 129.4013472, 37.0010086 ], [ 129.4013487, 37.0010878 ], [ 129.40120730000001, 37.0010895 ] ] ] } },
{ "type": "Feature", "properties": { "element": "way", "id": 776733612, "building": "yes", "building:levels": null, "name": null, "name:ko": null, "name:en": null, "amenity": null, "shop": null, "office": null, "tourism": null, "social_facility": null, "healthcare": null, "addr:street": null, "addr:housenumber": null, "start_date": null, "centroid_x_5179": 1169157.3959587081, "centroid_y_5179": 1890902.2122960503, "footprint_area_m2": 776.12557012209936 }, "geometry": { "type": "Polygon", "coordinates": [ [ [ 129.401127300000013, 37.0015591 ], [ 129.4012755, 37.0015595 ], [ 129.4012765, 37.0013456 ], [ 129.4010929, 37.0013451 ], [ 129.401093300000014, 37.0012517 ], [ 129.4008885, 37.001251 ], [ 129.400887899999987, 37.0013614 ], [ 129.401127300000013, 37.0015591 ] ] ] } },
{ "type": "Feature", "properties": { "element": "way", "id": 776733613, "building": "yes", "building:levels": null, "name": "대구종합상사", "name:ko": null, "name:en": null, "amenity": null, "shop": "hardware", "office": null, "tourism": null, "social_facility": null, "healthcare": null, "addr:street": null, "addr:housenumber": null, "start_date": null, "centroid_x_5179": 1169159.1981136755, "centroid_y_5179": 1890939.9121621537, "footprint_area_m2": 245.83068194140549 }, "geometry": { "type": "Polygon", "coordinates": [ [ [ 129.401012900000012, 37.0017953 ], [ 129.4010216, 37.0016777 ], [ 129.4012325, 37.0016877 ], [ 129.4012238, 37.0018053 ], [ 129.401012900000012, 37.0017953 ] ] ] } },
{ "type": "Feature", "properties": { "element": "way", "id": 776733614, "building": "yes", "building:levels": null, "name": null, "name:ko": null, "name:en": null, "amenity": null, "shop": null, "office": null, "tourism": null, "social_facility": null, "healthcare": null, "addr:street": null, "addr:housenumber": null, "start_date": null, "centroid_x_5179": 1169162.5871741234, "centroid_y_5179": 1891000.6546856815, "footprint_area_m2": 363.69347635931581 }, "geometry": { "type": "Polygon", "coordinates": [ [ [ 129.4010051, 37.0023574 ], [ 129.4012497, 37.0021486 ], [ 129.401343700000012, 37.0022188 ], [ 129.4010992, 37.0024277 ], [ 129.4010051, 37.0023574 ] ] ] } },
{ "type": "Feature", "properties": { "element": "way", "id": 776733615, "building": "yes", "building:levels": null, "name": null, "name:ko": null, "name:en": null, "amenity": null, "shop": null, "office": null, "tourism": null, "social_facility": null, "healthcare": null, "addr:street": null, "addr:housenumber": null, "start_date": null, "centroid_x_5179": 1169176.8880260943, "centroid_y_5179": 1891076.2061724644, "footprint_area_m2": 232.13237909252189 }, "geometry": { "type": "Polygon", "coordinates": [ [ [ 129.4012483, 37.003023 ], [ 129.401247899999987, 37.0029099 ], [ 129.401455700000014, 37.0029095 ], [ 129.4014561, 37.0030226 ], [ 129.4012483, 37.003023 ] ] ] } },
{ "type": "Feature", "properties": { "element": "way", "id": 776733616, "building": "yes", "building:levels": null, "name": null, "name:ko": null, "name:en": null, "amenity": null, "shop": null, "office": null, "tourism": null, "social_facility": null, "healthcare": null, "addr:street": null, "addr:housenumber": null, "start_date": null, "centroid_x_5179": 1169178.7390479948, "centroid_y_5179": 1891095.5761366771, "footprint_area_m2": 232.17857806776959 }, "geometry": { "type": "Polygon", "coordinates": [ [ [ 129.4012734, 37.0031972 ], [ 129.4012731, 37.0030841 ], [ 129.4014808, 37.0030836 ], [ 129.4014812, 37.0031968 ], [ 129.4012734, 37.0031972 ] ] ] } },
{ "type": "Feature", "properties": { "element": "way", "id": 776733617, "building": "yes", "building:levels": null, "name": null, "name:ko": null, "name:en": null, "amenity": null, "shop": null, "office": null, "tourism": null, "social_facility": null, "healthcare": null, "addr:street": null, "addr:housenumber": null, "start_date": null, "centroid_x_5179": 1169154.5341849229, "centroid_y_5179": 1891100.7389022859, "footprint_area_m2": 232.33690364949183 }, "geometry": { "type": "Polygon", "coordinates": [ [ [ 129.4010027, 37.0032481 ], [ 129.401002299999988, 37.0031349 ], [ 129.401210099999986, 37.0031345 ], [ 129.4012105, 37.0032477 ], [ 129.4010027, 37.0032481 ] ] ] } },
{ "type": "Feature", "properties": { "element": "way", "id": 776733618, "building": "yes", "building:levels": null, "name": null, "name:ko": null, "name:en": null, "amenity": null, "shop": null, "office": null, "tourism": null, "social_facility": null, "healthcare": null, "addr:street": null, "addr:housenumber": null, "start_date": null, "centroid_x_5179": 1169133.6012119511, "centroid_y_5179": 1891107.6935492058, "footprint_area_m2": 232.23423963399739 }, "geometry": { "type": "Polygon", "coordinates": [ [ [ 129.4007691, 37.0033145 ], [ 129.400768699999986, 37.0032014 ], [ 129.400976500000013, 37.0032009 ], [ 129.400976899999989, 37.0033141 ], [ 129.4007691, 37.0033145 ] ] ] } },
{ "type": "Feature", "properties": { "element": "way", "id": 776733619, "building": "yes", "building:levels": null, "name": null, "name:ko": null, "name:en": null, "amenity": null, "shop": null, "office": null, "tourism": null, "social_facility": null, "healthcare": null, "addr:street": null, "addr:housenumber": null, "start_date": null, "centroid_x_5179": 1169133.6880231085, "centroid_y_5179": 1891087.4582061244, "footprint_area_m2": 232.33681633199893 }, "geometry": { "type": "Polygon", "coordinates": [ [ [ 129.4007655, 37.0031322 ], [ 129.4007652, 37.003019 ], [ 129.400973, 37.0030186 ], [ 129.4009733, 37.0031318 ], [ 129.4007655, 37.0031322 ] ] ] } },
{ "type": "Feature", "properties": { "element": "way", "id": 776733620, "building": "yes", "building:levels": null, "name": null, "name:ko": null, "name:en": null, "amenity": null, "shop": null, "office": null, "tourism": null, "social_facility": null, "healthcare": null, "addr:street": null, "addr:housenumber": null, "start_date": null, "centroid_x_5179": 1169154.5942020107, "centroid_y_5179": 1891081.9154220554, "footprint_area_m2": 232.33701809125895 }, "geometry": { "type": "Polygon", "coordinates": [ [ [ 129.4009991, 37.0030785 ], [ 129.4009988, 37.0029653 ], [ 129.4012066, 37.0029649 ], [ 129.4012069, 37.0030781 ], [ 129.4009991, 37.0030785 ] ] ] } },
{ "type": "Feature", "properties": { "element": "way", "id": 776855815, "building": "apartments", "building:levels": null, "name": "의료원아파트", "name:ko": null, "name:en": null, "amenity": null, "shop": null, "office": null, "tourism": null, "social_facility": null, "healthcare": null, "addr:street": null, "addr:housenumber": null, "start_date": null, "centroid_x_5179": 1169291.0284044626, "centroid_y_5179": 1890593.2895953197, "footprint_area_m2": 329.54887542338531 }, "geometry": { "type": "Polygon", "coordinates": [ [ [ 129.4023448, 36.9986313 ], [ 129.402350500000011, 36.9985864 ], [ 129.4024206, 36.9985314 ], [ 129.4026907, 36.9985535 ], [ 129.4026772, 36.9986584 ], [ 129.4023448, 36.9986313 ] ] ] } },
{ "type": "Feature", "properties": { "element": "way", "id": 776855816, "building": "yes", "building:levels": null, "name": null, "name:ko": null, "name:en": null, "amenity": null, "shop": null, "office": null, "tourism": null, "social_facility": null, "healthcare": null, "addr:street": null, "addr:housenumber": null, "start_date": null, "centroid_x_5179": 1169260.9954598581, "centroid_y_5179": 1890611.3421571802, "footprint_area_m2": 169.51038307371061 }, "geometry": { "type": "Polygon", "coordinates": [ [ [ 129.402167100000014, 36.9988679 ], [ 129.4021722, 36.9988339 ], [ 129.4021579, 36.9988325 ], [ 129.402161799999988, 36.9988062 ], [ 129.4021519, 36.9988053 ], [ 129.4021588, 36.9987589 ], [ 129.4021452, 36.9987576 ], [ 129.402149400000013, 36.9987296 ], [ 129.4021155, 36.9987264 ], [ 129.4021228, 36.9986777 ], [ 129.402253800000011, 36.9986902 ], [ 129.402226399999989, 36.9988735 ], [ 129.402167100000014, 36.9988679 ] ] ] } },
{ "type": "Feature", "properties": { "element": "way", "id": 776855817, "building": "yes", "building:levels": null, "name": null, "name:ko": null, "name:en": null, "amenity": null, "shop": null, "office": null, "tourism": null, "social_facility": null, "healthcare": null, "addr:street": null, "addr:housenumber": null, "start_date": null, "centroid_x_5179": 1169261.7939044994, "centroid_y_5179": 1890595.7641844898, "footprint_area_m2": 112.094449932995 }, "geometry": { "type": "Polygon", "coordinates": [ [ [ 129.4021361, 36.9986611 ], [ 129.4022627, 36.9986695 ], [ 129.4022712, 36.9985876 ], [ 129.4021239, 36.9985779 ], [ 129.4021194, 36.9986218 ], [ 129.4021401, 36.9986232 ], [ 129.4021361, 36.9986611 ] ] ] } },
{ "type": "Feature", "properties": { "element": "way", "id": 776855818, "building": "yes", "building:levels": null, "name": null, "name:ko": null, "name:en": null, "amenity": null, "shop": null, "office": null, "tourism": null, "social_facility": null, "healthcare": null, "addr:street": null, "addr:housenumber": null, "start_date": null, "centroid_x_5179": 1169224.2782266149, "centroid_y_5179": 1890602.912183621, "footprint_area_m2": 114.65986191576286 }, "geometry": { "type": "Polygon", "coordinates": [ [ [ 129.4017167, 36.9987417 ], [ 129.4017076, 36.9986543 ], [ 129.4018395, 36.9986455 ], [ 129.4018486, 36.9987329 ], [ 129.4017167, 36.9987417 ] ] ] } },
{ "type": "Feature", "properties": { "element": "way", "id": 776855819, "building": "yes", "building:levels": null, "name": null, "name:ko": null, "name:en": null, "amenity": null, "shop": null, "office": null, "tourism": null, "social_facility": null, "healthcare": null, "addr:street": null, "addr:housenumber": null, "start_date": null, "centroid_x_5179": 1169232.3575339359, "centroid_y_5179": 1890673.8553245177, "footprint_area_m2": 112.38888693642619 }, "geometry": { "type": "Polygon", "coordinates": [ [ [ 129.40181290000001, 36.9993725 ], [ 129.401808100000011, 36.9992961 ], [ 129.4019566, 36.9992901 ], [ 129.4019615, 36.9993665 ], [ 129.40181290000001, 36.9993725 ] ] ] } },
{ "type": "Feature", "properties": { "element": "way", "id": 776855820, "building": "yes", "building:levels": null, "name": null, "name:ko": null, "name:en": null, "amenity": null, "shop": null, "office": null, "tourism": null, "social_facility": null, "healthcare": null, "addr:street": null, "addr:housenumber": null, "start_date": null, "centroid_x_5179": 1169248.4688518455, "centroid_y_5179": 1890667.4006139133, "footprint_area_m2": 34.187299281025886 }, "geometry": { "type": "Polygon", "coordinates": [ [ [ 129.402030200000013, 36.9993032 ], [ 129.4020554, 36.9992281 ], [ 129.4020984, 36.9992373 ], [ 129.4020732, 36.9993124 ], [ 129.402030200000013, 36.9993032 ] ] ] } },
{ "type": "Feature", "properties": { "element": "way", "id": 776855821, "building": "yes", "building:levels": null, "name": null, "name:ko": null, "name:en": null, "amenity": null, "shop": null, "office": null, "tourism": null, "social_facility": null, "healthcare": null, "addr:street": null, "addr:housenumber": null, "start_date": null, "centroid_x_5179": 1169188.3086803628, "centroid_y_5179": 1890822.5065348647, "footprint_area_m2": 88.260834112955138 }, "geometry": { "type": "Polygon", "coordinates": [ [ [ 129.4013755, 37.0007247 ], [ 129.4013718, 37.0006349 ], [ 129.4014712, 37.0006323 ], [ 129.401474900000011, 37.0007221 ], [ 129.4013755, 37.0007247 ] ] ] } },
{ "type": "Feature", "properties": { "element": "way", "id": 776855822, "building": "yes", "building:levels": null, "name": null, "name:ko": null, "name:en": null, "amenity": null, "shop": null, "office": null, "tourism": null, "social_facility": null, "healthcare": null, "addr:street": null, "addr:housenumber": null, "start_date": null, "centroid_x_5179": 1169140.5353109224, "centroid_y_5179": 1890835.2726925521, "footprint_area_m2": 122.15152422353941 }, "geometry": { "type": "Polygon", "coordinates": [ [ [ 129.4008375, 37.0008664 ], [ 129.4009292, 37.0008719 ], [ 129.4009417, 37.0007378 ], [ 129.4008499, 37.0007324 ], [ 129.4008375, 37.0008664 ] ] ] } },
{ "type": "Feature", "properties": { "element": "way", "id": 776855823, "building": "yes", "building:levels": null, "name": null, "name:ko": null, "name:en": null, "amenity": null, "shop": null, "office": null, "tourism": null, "social_facility": null, "healthcare": null, "addr:street": null, "addr:housenumber": null, "start_date": null, "centroid_x_5179": 1169214.3500055736, "centroid_y_5179": 1890894.9700694759, "footprint_area_m2": 83.309659820029452 }, "geometry": { "type": "Polygon", "coordinates": [ [ [ 129.401679800000011, 37.0013699 ], [ 129.401700799999986, 37.001272 ], [ 129.4017845, 37.0012834 ], [ 129.4017634, 37.0013814 ], [ 129.401679800000011, 37.0013699 ] ] ] } },
{ "type": "Feature", "properties": { "element": "way", "id": 776855824, "building": "yes", "building:levels": null, "name": null, "name:ko": null, "name:en": null, "amenity": null, "shop": null, "office": null, "tourism": null, "social_facility": null, "healthcare": null, "addr:street": null, "addr:housenumber": null, "start_date": null, "centroid_x_5179": 1169219.5456862065, "centroid_y_5179": 1890875.6033791841, "footprint_area_m2": 94.798349474718563 }, "geometry": { "type": "Polygon", "coordinates": [ [ [ 129.4017336, 37.0012023 ], [ 129.4017553, 37.0010899 ], [ 129.401838700000013, 37.0011002 ], [ 129.401817, 37.0012126 ], [ 129.4017336, 37.0012023 ] ] ] } },
{ "type": "Feature", "properties": { "element": "way", "id": 776855825, "building": "yes", "building:levels": null, "name": null, "name:ko": null, "name:en": null, "amenity": null, "shop": null, "office": null, "tourism": null, "social_facility": null, "healthcare": null, "addr:street": null, "addr:housenumber": null, "start_date": null, "centroid_x_5179": 1169231.2784253599, "centroid_y_5179": 1890868.5066595238, "footprint_area_m2": 119.93975549124545 }, "geometry": { "type": "Polygon", "coordinates": [ [ [ 129.401829600000013, 37.0010777 ], [ 129.4019026, 37.001154 ], [ 129.4020031, 37.0010927 ], [ 129.401930099999987, 37.0010164 ], [ 129.401829600000013, 37.0010777 ] ] ] } },
{ "type": "Feature", "properties": { "element": "way", "id": 776855826, "building": "yes", "building:levels": null, "name": null, "name:ko": null, "name:en": null, "amenity": null, "shop": null, "office": null, "tourism": null, "social_facility": null, "healthcare": null, "addr:street": null, "addr:housenumber": null, "start_date": null, "centroid_x_5179": 1169235.8161600579, "centroid_y_5179": 1890851.3382749103, "footprint_area_m2": 74.270339720214437 }, "geometry": { "type": "Polygon", "coordinates": [ [ [ 129.401899500000013, 37.0009515 ], [ 129.4019755, 37.0009844 ], [ 129.4020274, 37.0009079 ], [ 129.4019515, 37.000875 ], [ 129.401899500000013, 37.0009515 ] ] ] } },
{ "type": "Feature", "properties": { "element": "way", "id": 776855827, "building": "yes", "building:levels": null, "name": null, "name:ko": null, "name:en": null, "amenity": null, "shop": null, "office": null, "tourism": null, "social_facility": null, "healthcare": null, "addr:street": null, "addr:housenumber": null, "start_date": null, "centroid_x_5179": 1169241.4359729048, "centroid_y_5179": 1890840.8944192738, "footprint_area_m2": 89.681441265446608 }, "geometry": { "type": "Polygon", "coordinates": [ [ [ 129.401951, 37.0008488 ], [ 129.40204270000001, 37.000893 ], [ 129.4020975, 37.0008204 ], [ 129.402005800000012, 37.0007762 ], [ 129.401951, 37.0008488 ] ] ] } },
{ "type": "Feature", "properties": { "element": "way", "id": 776855828, "building": "yes", "building:levels": null, "name": null, "name:ko": null, "name:en": null, "amenity": null, "shop": null, "office": null, "tourism": null, "social_facility": null, "healthcare": null, "addr:street": null, "addr:housenumber": null, "start_date": null, "centroid_x_5179": 1169249.5242409084, "centroid_y_5179": 1890832.5594540141, "footprint_area_m2": 107.02183843948819 }, "geometry": { "type": "Polygon", "coordinates": [ [ [ 129.4020308, 37.0007574 ], [ 129.4021186, 37.0008238 ], [ 129.4021957, 37.0007587 ], [ 129.40210780000001, 37.0006923 ], [ 129.4020308, 37.0007574 ] ] ] } },
{ "type": "Feature", "properties": { "element": "way", "id": 776855829, "building": "yes", "building:levels": null, "name": null, "name:ko": null, "name:en": null, "amenity": null, "shop": null, "office": null, "tourism": null, "social_facility": null, "healthcare": null, "addr:street": null, "addr:housenumber": null, "start_date": null, "centroid_x_5179": 1169146.8937129476, "centroid_y_5179": 1890954.3557018784, "footprint_area_m2": 138.02707316951461 }, "geometry": { "type": "Polygon", "coordinates": [ [ [ 129.400922900000012, 37.0019278 ], [ 129.4010508, 37.0019291 ], [ 129.401052600000014, 37.0018199 ], [ 129.4009246, 37.0018186 ], [ 129.400922900000012, 37.0019278 ] ] ] } },
{ "type": "Feature", "properties": { "element": "way", "id": 776855830, "building": "yes", "building:levels": null, "name": null, "name:ko": null, "name:en": null, "amenity": null, "shop": null, "office": null, "tourism": null, "social_facility": null, "healthcare": null, "addr:street": null, "addr:housenumber": null, "start_date": null, "centroid_x_5179": 1169146.8535436771, "centroid_y_5179": 1890984.1077772698, "footprint_area_m2": 282.60792474386966 }, "geometry": { "type": "Polygon", "coordinates": [ [ [ 129.4008982, 37.0022167 ], [ 129.401093300000014, 37.0022137 ], [ 129.4010897, 37.0020671 ], [ 129.400894599999987, 37.0020701 ], [ 129.4008982, 37.0022167 ] ] ] } },
{ "type": "Feature", "properties": { "element": "way", "id": 776855831, "building": "yes", "building:levels": null, "name": null, "name:ko": null, "name:en": null, "amenity": null, "shop": null, "office": null, "tourism": null, "social_facility": null, "healthcare": null, "addr:street": null, "addr:housenumber": null, "start_date": null, "centroid_x_5179": 1169226.1087946396, "centroid_y_5179": 1891049.1121538801, "footprint_area_m2": 51.352240799119556 }, "geometry": { "type": "Polygon", "coordinates": [ [ [ 129.401872200000014, 37.0027598 ], [ 129.401868799999988, 37.0026681 ], [ 129.4019255, 37.0026668 ], [ 129.4019288, 37.0027585 ], [ 129.401872200000014, 37.0027598 ] ] ] } },
{ "type": "Feature", "properties": { "element": "way", "id": 776855832, "building": "yes", "building:levels": null, "name": null, "name:ko": null, "name:en": null, "amenity": null, "shop": null, "office": null, "tourism": null, "social_facility": null, "healthcare": null, "addr:street": null, "addr:housenumber": null, "start_date": null, "centroid_x_5179": 1169254.8566955065, "centroid_y_5179": 1891021.9585930498, "footprint_area_m2": 50.932199378344556 }, "geometry": { "type": "Polygon", "coordinates": [ [ [ 129.402190499999989, 37.0025047 ], [ 129.402260899999987, 37.0024918 ], [ 129.402240799999987, 37.0024222 ], [ 129.402170399999989, 37.0024352 ], [ 129.402190499999989, 37.0025047 ] ] ] } },
{ "type": "Feature", "properties": { "element": "way", "id": 776855833, "building": "yes", "building:levels": null, "name": null, "name:ko": null, "name:en": null, "amenity": null, "shop": null, "office": null, "tourism": null, "social_facility": null, "healthcare": null, "addr:street": null, "addr:housenumber": null, "start_date": null, "centroid_x_5179": 1169171.3168492017, "centroid_y_5179": 1891033.1288601996, "footprint_area_m2": 95.851429199447352 }, "geometry": { "type": "Polygon", "coordinates": [ [ [ 129.4012344, 37.0026332 ], [ 129.40136, 37.0025905 ], [ 129.4013251, 37.0025251 ], [ 129.4011995, 37.0025678 ], [ 129.4012344, 37.0026332 ] ] ] } },
{ "type": "Feature", "properties": { "element": "way", "id": 776855834, "building": "yes", "building:levels": null, "name": null, "name:ko": null, "name:en": null, "amenity": null, "shop": null, "office": null, "tourism": null, "social_facility": null, "healthcare": null, "addr:street": null, "addr:housenumber": null, "start_date": null, "centroid_x_5179": 1169152.7930837087, "centroid_y_5179": 1891037.0160403901, "footprint_area_m2": 222.20742853638424 }, "geometry": { "type": "Polygon", "coordinates": [ [ [ 129.401, 37.0026939 ], [ 129.4012129, 37.0026324 ], [ 129.401181400000013, 37.0025628 ], [ 129.4010896, 37.0025893 ], [ 129.4010706, 37.0025474 ], [ 129.4009495, 37.0025824 ], [ 129.401, 37.0026939 ] ] ] } },
{ "type": "Feature", "properties": { "element": "way", "id": 776855835, "building": "yes", "building:levels": null, "name": null, "name:ko": null, "name:en": null, "amenity": null, "shop": null, "office": null, "tourism": null, "social_facility": null, "healthcare": null, "addr:street": null, "addr:housenumber": null, "start_date": null, "centroid_x_5179": 1169137.460232767, "centroid_y_5179": 1891037.5402802983, "footprint_area_m2": 136.72081808127479 }, "geometry": { "type": "Polygon", "coordinates": [ [ [ 129.4008665, 37.0026971 ], [ 129.4009723, 37.0026763 ], [ 129.400934299999989, 37.0025529 ], [ 129.400828600000011, 37.0025736 ], [ 129.4008665, 37.0026971 ] ] ] } },
{ "type": "Feature", "properties": { "element": "way", "id": 776855836, "building": "yes", "building:levels": null, "name": null, "name:ko": null, "name:en": null, "amenity": null, "shop": null, "office": null, "tourism": null, "social_facility": null, "healthcare": null, "addr:street": null, "addr:housenumber": null, "start_date": null, "centroid_x_5179": 1169138.8398065211, "centroid_y_5179": 1891050.05676569, "footprint_area_m2": 72.44090084325849 }, "geometry": { "type": "Polygon", "coordinates": [ [ [ 129.4008623, 37.0027074 ], [ 129.4009522, 37.0026904 ], [ 129.4009752, 37.0027676 ], [ 129.4008852, 37.0027846 ], [ 129.4008623, 37.0027074 ] ] ] } },
{ "type": "Feature", "properties": { "element": "way", "id": 776855837, "building": "yes", "building:levels": null, "name": null, "name:ko": null, "name:en": null, "amenity": null, "shop": null, "office": null, "tourism": null, "social_facility": null, "healthcare": null, "addr:street": null, "addr:housenumber": null, "start_date": null, "centroid_x_5179": 1169100.9438849338, "centroid_y_5179": 1891025.0376935822, "footprint_area_m2": 153.22322758059553 }, "geometry": { "type": "Polygon", "coordinates": [ [ [ 129.40044180000001, 37.0026084 ], [ 129.4005277, 37.00261 ], [ 129.400533, 37.0024294 ], [ 129.4004472, 37.0024278 ], [ 129.40044180000001, 37.0026084 ] ] ] } },
{ "type": "Feature", "properties": { "element": "way", "id": 776860047, "building": "yes", "building:levels": null, "name": null, "name:ko": null, "name:en": null, "amenity": null, "shop": null, "office": null, "tourism": null, "social_facility": null, "healthcare": null, "addr:street": null, "addr:housenumber": null, "start_date": null, "centroid_x_5179": 1169212.6735554016, "centroid_y_5179": 1890555.9072105866, "footprint_area_m2": 78.117729688319727 }, "geometry": { "type": "Polygon", "coordinates": [ [ [ 129.4015915, 36.9983172 ], [ 129.401599800000014, 36.9982225 ], [ 129.4016829, 36.9982272 ], [ 129.4016746, 36.9983219 ], [ 129.4015915, 36.9983172 ] ] ] } },
{ "type": "Feature", "properties": { "element": "way", "id": 776860048, "building": "yes", "building:levels": null, "name": null, "name:ko": null, "name:en": null, "amenity": null, "shop": null, "office": null, "tourism": null, "social_facility": null, "healthcare": null, "addr:street": null, "addr:housenumber": null, "start_date": null, "centroid_x_5179": 1169232.9224838682, "centroid_y_5179": 1890559.5696660478, "footprint_area_m2": 119.54447523247075 }, "geometry": { "type": "Polygon", "coordinates": [ [ [ 129.401766, 36.9983106 ], [ 129.4017919, 36.9982474 ], [ 129.4019649, 36.9982925 ], [ 129.4019391, 36.9983557 ], [ 129.401766, 36.9983106 ] ] ] } },
{ "type": "Feature", "properties": { "element": "way", "id": 776860049, "building": "yes", "building:levels": null, "name": null, "name:ko": null, "name:en": null, "amenity": null, "shop": null, "office": null, "tourism": null, "social_facility": null, "healthcare": null, "addr:street": null, "addr:housenumber": null, "start_date": null, "centroid_x_5179": 1169241.3676577841, "centroid_y_5179": 1890550.3951480913, "footprint_area_m2": 150.32322075288022 }, "geometry": { "type": "Polygon", "coordinates": [ [ [ 129.4018673, 36.998263 ], [ 129.401859699999989, 36.9981832 ], [ 129.4020492, 36.9981717 ], [ 129.4020568, 36.9982516 ], [ 129.4018673, 36.998263 ] ] ] } },
{ "type": "Feature", "properties": { "element": "way", "id": 776860050, "building": "yes", "building:levels": null, "name": null, "name:ko": null, "name:en": null, "amenity": null, "shop": null, "office": null, "tourism": null, "social_facility": null, "healthcare": null, "addr:street": null, "addr:housenumber": null, "start_date": null, "centroid_x_5179": 1169214.0776702194, "centroid_y_5179": 1890541.0246705986, "footprint_area_m2": 71.889144354096956 }, "geometry": { "type": "Polygon", "coordinates": [ [ [ 129.401611300000013, 36.9981884 ], [ 129.401681, 36.9981914 ], [ 129.401688, 36.9980873 ], [ 129.4016182, 36.9980844 ], [ 129.401611300000013, 36.9981884 ] ] ] } },
{ "type": "Feature", "properties": { "element": "way", "id": 776860051, "building": "yes", "building:levels": null, "name": null, "name:ko": null, "name:en": null, "amenity": null, "shop": null, "office": null, "tourism": null, "social_facility": null, "healthcare": null, "addr:street": null, "addr:housenumber": null, "start_date": null, "centroid_x_5179": 1169223.7209527693, "centroid_y_5179": 1890531.8923018894, "footprint_area_m2": 75.792962864058822 }, "geometry": { "type": "Polygon", "coordinates": [ [ [ 129.4016741, 36.9980577 ], [ 129.4018165, 36.9980979 ], [ 129.401837699999987, 36.99805 ], [ 129.4016953, 36.9980098 ], [ 129.4016741, 36.9980577 ] ] ] } },
{ "type": "Feature", "properties": { "element": "way", "id": 776860052, "building": "yes", "building:levels": null, "name": null, "name:ko": null, "name:en": null, "amenity": null, "shop": null, "office": null, "tourism": null, "social_facility": null, "healthcare": null, "addr:street": null, "addr:housenumber": null, "start_date": null, "centroid_x_5179": 1169213.6200955715, "centroid_y_5179": 1890527.9166577628, "footprint_area_m2": 43.482983094704572 }, "geometry": { "type": "Polygon", "coordinates": [ [ [ 129.4016078, 36.9980572 ], [ 129.4016614, 36.9980631 ], [ 129.4016753, 36.9979825 ], [ 129.4016217, 36.9979766 ], [ 129.4016078, 36.9980572 ] ] ] } },
{ "type": "Feature", "properties": { "element": "way", "id": 776860053, "building": "yes", "building:levels": null, "name": null, "name:ko": null, "name:en": null, "amenity": null, "shop": null, "office": null, "tourism": null, "social_facility": null, "healthcare": null, "addr:street": null, "addr:housenumber": null, "start_date": null, "centroid_x_5179": 1169219.2833169794, "centroid_y_5179": 1890516.947013889, "footprint_area_m2": 88.327813698784936 }, "geometry": { "type": "Polygon", "coordinates": [ [ [ 129.4016377, 36.9979514 ], [ 129.4017567, 36.9979627 ], [ 129.4017677, 36.9978886 ], [ 129.40164870000001, 36.9978773 ], [ 129.4016377, 36.9979514 ] ] ] } },
{ "type": "Feature", "properties": { "element": "way", "id": 776860054, "building": "yes", "building:levels": null, "name": null, "name:ko": null, "name:en": null, "amenity": null, "shop": null, "office": null, "tourism": null, "social_facility": null, "healthcare": null, "addr:street": null, "addr:housenumber": null, "start_date": null, "centroid_x_5179": 1169219.1151764549, "centroid_y_5179": 1890506.62984075, "footprint_area_m2": 89.29490350178753 }, "geometry": { "type": "Polygon", "coordinates": [ [ [ 129.4016258, 36.9978472 ], [ 129.401767, 36.9978737 ], [ 129.401777900000013, 36.9978366 ], [ 129.4017403, 36.9978296 ], [ 129.4017498, 36.9977974 ], [ 129.4016461, 36.997778 ], [ 129.4016258, 36.9978472 ] ] ] } },
{ "type": "Feature", "properties": { "element": "way", "id": 776860055, "building": "yes", "building:levels": null, "name": null, "name:ko": null, "name:en": null, "amenity": null, "shop": null, "office": null, "tourism": null, "social_facility": null, "healthcare": null, "addr:street": null, "addr:housenumber": null, "start_date": null, "centroid_x_5179": 1169220.4939668165, "centroid_y_5179": 1890496.9033958584, "footprint_area_m2": 68.091064070818447 }, "geometry": { "type": "Polygon", "coordinates": [ [ [ 129.4016584, 36.99777 ], [ 129.4017443, 36.997785 ], [ 129.4017652, 36.9977084 ], [ 129.401679300000012, 36.9976934 ], [ 129.4016584, 36.99777 ] ] ] } },
{ "type": "Feature", "properties": { "element": "way", "id": 776860056, "building": "yes", "building:levels": null, "name": null, "name:ko": null, "name:en": null, "amenity": null, "shop": null, "office": null, "tourism": null, "social_facility": null, "healthcare": null, "addr:street": null, "addr:housenumber": null, "start_date": null, "centroid_x_5179": 1169225.2317542725, "centroid_y_5179": 1890484.6253022249, "footprint_area_m2": 154.59090952369471 }, "geometry": { "type": "Polygon", "coordinates": [ [ [ 129.4016763, 36.9976676 ], [ 129.4018232, 36.9976905 ], [ 129.401848199999989, 36.9975878 ], [ 129.401701300000013, 36.997565 ], [ 129.4016763, 36.9976676 ] ] ] } },
{ "type": "Feature", "properties": { "element": "way", "id": 776860057, "building": "yes", "building:levels": null, "name": null, "name:ko": null, "name:en": null, "amenity": null, "shop": null, "office": null, "tourism": null, "social_facility": null, "healthcare": null, "addr:street": null, "addr:housenumber": null, "start_date": null, "centroid_x_5179": 1169235.3513857373, "centroid_y_5179": 1890508.9989988187, "footprint_area_m2": 112.41258153675498 }, "geometry": { "type": "Polygon", "coordinates": [ [ [ 129.401790299999988, 36.997856 ], [ 129.401821, 36.99779 ], [ 129.4019725, 36.997835 ], [ 129.4019418, 36.997901 ], [ 129.401790299999988, 36.997856 ] ] ] } },
{ "type": "Feature", "properties": { "element": "way", "id": 776860058, "building": "yes", "building:levels": null, "name": null, "name:ko": null, "name:en": null, "amenity": null, "shop": null, "office": null, "tourism": null, "social_facility": null, "healthcare": null, "addr:street": null, "addr:housenumber": null, "start_date": null, "centroid_x_5179": 1169231.9147159145, "centroid_y_5179": 1890518.7195134636, "footprint_area_m2": 76.277188749667118 }, "geometry": { "type": "Polygon", "coordinates": [ [ [ 129.4017815, 36.997957 ], [ 129.401807600000012, 36.9978866 ], [ 129.4019085, 36.9979104 ], [ 129.401882300000011, 36.9979808 ], [ 129.4017815, 36.997957 ] ] ] } },
{ "type": "Feature", "properties": { "element": "way", "id": 776860059, "building": "yes", "building:levels": null, "name": null, "name:ko": null, "name:en": null, "amenity": null, "shop": null, "office": null, "tourism": null, "social_facility": null, "healthcare": null, "addr:street": null, "addr:housenumber": null, "start_date": null, "centroid_x_5179": 1169246.7323729505, "centroid_y_5179": 1890525.2313259016, "footprint_area_m2": 120.27913102344672 }, "geometry": { "type": "Polygon", "coordinates": [ [ [ 129.4019267, 36.9980073 ], [ 129.401964, 36.9979288 ], [ 129.4020868, 36.997966 ], [ 129.4020764, 36.9979878 ], [ 129.4020941, 36.9979932 ], [ 129.4020672, 36.9980499 ], [ 129.4019267, 36.9980073 ] ] ] } },
{ "type": "Feature", "properties": { "element": "way", "id": 776860060, "building": "yes", "building:levels": null, "name": null, "name:ko": null, "name:en": null, "amenity": null, "shop": null, "office": null, "tourism": null, "social_facility": null, "healthcare": null, "addr:street": null, "addr:housenumber": null, "start_date": null, "centroid_x_5179": 1169223.6501457349, "centroid_y_5179": 1890541.9814559899, "footprint_area_m2": 59.68145539797603 }, "geometry": { "type": "Polygon", "coordinates": [ [ [ 129.4017083, 36.9981811 ], [ 129.4017696, 36.9981973 ], [ 129.4018064, 36.9981084 ], [ 129.4017452, 36.9980922 ], [ 129.4017083, 36.9981811 ] ] ] } },
{ "type": "Feature", "properties": { "element": "way", "id": 776860061, "building": "yes", "building:levels": null, "name": null, "name:ko": null, "name:en": null, "amenity": null, "shop": null, "office": null, "tourism": null, "social_facility": null, "healthcare": null, "addr:street": null, "addr:housenumber": null, "start_date": null, "centroid_x_5179": 1169262.5439358349, "centroid_y_5179": 1890496.0861268723, "footprint_area_m2": 153.23814246517321 }, "geometry": { "type": "Polygon", "coordinates": [ [ [ 129.4022098, 36.9978171 ], [ 129.402262, 36.9977844 ], [ 129.4022282, 36.9977501 ], [ 129.4022635, 36.997728 ], [ 129.402175699999987, 36.9976386 ], [ 129.4020883, 36.9976933 ], [ 129.4022098, 36.9978171 ] ] ] } },
{ "type": "Feature", "properties": { "element": "way", "id": 776860063, "building": "yes", "building:levels": null, "name": null, "name:ko": null, "name:en": null, "amenity": null, "shop": null, "office": null, "tourism": null, "social_facility": null, "healthcare": null, "addr:street": null, "addr:housenumber": null, "start_date": null, "centroid_x_5179": 1169271.3453498627, "centroid_y_5179": 1890533.0265283487, "footprint_area_m2": 43.493654051098133 }, "geometry": { "type": "Polygon", "coordinates": [ [ [ 129.4022296, 36.9980712 ], [ 129.402232, 36.9980348 ], [ 129.4022398, 36.9980351 ], [ 129.4023526, 36.9980398 ], [ 129.4023502, 36.9980762 ], [ 129.4022296, 36.9980712 ] ] ] } },
{ "type": "Feature", "properties": { "element": "way", "id": 776860064, "building": "yes", "building:levels": null, "name": null, "name:ko": null, "name:en": null, "amenity": null, "shop": null, "office": null, "tourism": null, "social_facility": null, "healthcare": null, "addr:street": null, "addr:housenumber": null, "start_date": null, "centroid_x_5179": 1169272.3520168262, "centroid_y_5179": 1890527.3103858135, "footprint_area_m2": 74.525995314722536 }, "geometry": { "type": "Polygon", "coordinates": [ [ [ 129.4022398, 36.9980351 ], [ 129.4023526, 36.9980398 ], [ 129.402357099999989, 36.9979683 ], [ 129.402273, 36.9979654 ], [ 129.4022757, 36.997982 ], [ 129.4022429, 36.9979808 ], [ 129.4022398, 36.9980351 ] ] ] } },
{ "type": "Feature", "properties": { "element": "way", "id": 776860065, "building": "yes", "building:levels": null, "name": null, "name:ko": null, "name:en": null, "amenity": null, "shop": null, "office": null, "tourism": null, "social_facility": null, "healthcare": null, "addr:street": null, "addr:housenumber": null, "start_date": null, "centroid_x_5179": 1169274.3479344128, "centroid_y_5179": 1890518.9128196414, "footprint_area_m2": 62.069965676467383 }, "geometry": { "type": "Polygon", "coordinates": [ [ [ 129.402273, 36.9979654 ], [ 129.4022745, 36.997922 ], [ 129.4022971, 36.9979225 ], [ 129.4022985, 36.9978821 ], [ 129.402362399999987, 36.9978836 ], [ 129.402357099999989, 36.9979683 ], [ 129.402273, 36.9979654 ] ] ] } },
{ "type": "Feature", "properties": { "element": "way", "id": 776860066, "building": "yes", "building:levels": null, "name": null, "name:ko": null, "name:en": null, "amenity": null, "shop": null, "office": null, "tourism": null, "social_facility": null, "healthcare": null, "addr:street": null, "addr:housenumber": null, "start_date": null, "centroid_x_5179": 1169333.1933999797, "centroid_y_5179": 1890502.7996203222, "footprint_area_m2": 147.22770110412455 }, "geometry": { "type": "Polygon", "coordinates": [ [ [ 129.4028963, 36.9978139 ], [ 129.402909, 36.9977174 ], [ 129.4030617, 36.9977301 ], [ 129.403049, 36.9978267 ], [ 129.4028963, 36.9978139 ] ] ] } },
{ "type": "Feature", "properties": { "element": "way", "id": 776860067, "building": "yes", "building:levels": null, "name": null, "name:ko": null, "name:en": null, "amenity": null, "shop": null, "office": null, "tourism": null, "social_facility": null, "healthcare": null, "addr:street": null, "addr:housenumber": null, "start_date": null, "centroid_x_5179": 1169298.3704527121, "centroid_y_5179": 1890491.6922016426, "footprint_area_m2": 227.00364664204076 }, "geometry": { "type": "Polygon", "coordinates": [ [ [ 129.402454799999987, 36.997713 ], [ 129.402467300000012, 36.9976217 ], [ 129.4027159, 36.9976434 ], [ 129.4027034, 36.9977348 ], [ 129.402454799999987, 36.997713 ] ] ] } },
{ "type": "Feature", "properties": { "element": "way", "id": 776860068, "building": "yes", "building:levels": null, "name": null, "name:ko": null, "name:en": null, "amenity": null, "shop": null, "office": null, "tourism": null, "social_facility": null, "healthcare": null, "addr:street": null, "addr:housenumber": null, "start_date": null, "centroid_x_5179": 1169318.7146244878, "centroid_y_5179": 1890502.9905690448, "footprint_area_m2": 121.03660332626799 }, "geometry": { "type": "Polygon", "coordinates": [ [ [ 129.402743500000014, 36.9978168 ], [ 129.4027505, 36.9977289 ], [ 129.4028893, 36.9977359 ], [ 129.40288240000001, 36.9978238 ], [ 129.402743500000014, 36.9978168 ] ] ] } },
{ "type": "Feature", "properties": { "element": "way", "id": 776860069, "building": "yes", "building:levels": null, "name": null, "name:ko": null, "name:en": null, "amenity": null, "shop": null, "office": null, "tourism": null, "social_facility": null, "healthcare": null, "addr:street": null, "addr:housenumber": null, "start_date": null, "centroid_x_5179": 1169318.7546079792, "centroid_y_5179": 1890492.6460941036, "footprint_area_m2": 57.176435637702127 }, "geometry": { "type": "Polygon", "coordinates": [ [ [ 129.402746799999989, 36.9976895 ], [ 129.4028633, 36.9977213 ], [ 129.402882299999987, 36.9976768 ], [ 129.4027658, 36.997645 ], [ 129.402746799999989, 36.9976895 ] ] ] } },
{ "type": "Feature", "properties": { "element": "way", "id": 776860070, "building": "yes", "building:levels": null, "name": null, "name:ko": null, "name:en": null, "amenity": null, "shop": null, "office": null, "tourism": null, "social_facility": null, "healthcare": null, "addr:street": null, "addr:housenumber": null, "start_date": null, "centroid_x_5179": 1169355.0413176136, "centroid_y_5179": 1890502.4719820458, "footprint_area_m2": 95.8428227828731 }, "geometry": { "type": "Polygon", "coordinates": [ [ [ 129.403169, 36.9978085 ], [ 129.403164, 36.9977246 ], [ 129.403282600000011, 36.9977226 ], [ 129.403282, 36.9978062 ], [ 129.403169, 36.9978085 ] ] ] } },
{ "type": "Feature", "properties": { "element": "way", "id": 776860071, "building": "yes", "building:levels": null, "name": null, "name:ko": null, "name:en": null, "amenity": null, "shop": null, "office": null, "tourism": null, "social_facility": null, "healthcare": null, "addr:street": null, "addr:housenumber": null, "start_date": null, "centroid_x_5179": 1169366.6962156426, "centroid_y_5179": 1890501.9312193417, "footprint_area_m2": 130.15106727673182 }, "geometry": { "type": "Polygon", "coordinates": [ [ [ 129.403282, 36.9978062 ], [ 129.403282600000011, 36.9977226 ], [ 129.403344, 36.9977228 ], [ 129.4033442, 36.9977014 ], [ 129.4034206, 36.9977017 ], [ 129.40342, 36.9978068 ], [ 129.403282, 36.9978062 ] ] ] } },
{ "type": "Feature", "properties": { "element": "way", "id": 776860072, "building": "yes", "building:levels": null, "name": null, "name:ko": null, "name:en": null, "amenity": null, "shop": null, "office": null, "tourism": null, "social_facility": null, "healthcare": null, "addr:street": null, "addr:housenumber": null, "start_date": null, "centroid_x_5179": 1169365.353847719, "centroid_y_5179": 1890473.9546772579, "footprint_area_m2": 181.11632314055899 }, "geometry": { "type": "Polygon", "coordinates": [ [ [ 129.4032479, 36.997558 ], [ 129.403407499999986, 36.9975688 ], [ 129.4034196, 36.9974547 ], [ 129.403260100000011, 36.9974439 ], [ 129.4032479, 36.997558 ] ] ] } },
{ "type": "Feature", "properties": { "element": "way", "id": 776860073, "building": "yes", "building:levels": null, "name": null, "name:ko": null, "name:en": null, "amenity": null, "shop": null, "office": null, "tourism": null, "social_facility": null, "healthcare": null, "addr:street": null, "addr:housenumber": null, "start_date": null, "centroid_x_5179": 1169380.9806535873, "centroid_y_5179": 1890476.4662337545, "footprint_area_m2": 163.45857533589856 }, "geometry": { "type": "Polygon", "coordinates": [ [ [ 129.4034236, 36.9975709 ], [ 129.4034374, 36.9974678 ], [ 129.40359620000001, 36.9974815 ], [ 129.403582300000011, 36.9975845 ], [ 129.4034236, 36.9975709 ] ] ] } },
{ "type": "Feature", "properties": { "element": "way", "id": 776860074, "building": "yes", "building:levels": null, "name": null, "name:ko": null, "name:en": null, "amenity": null, "shop": null, "office": null, "tourism": null, "social_facility": null, "healthcare": null, "addr:street": null, "addr:housenumber": null, "start_date": null, "centroid_x_5179": 1169414.9229244776, "centroid_y_5179": 1890461.9257932005, "footprint_area_m2": 173.71228300898125 }, "geometry": { "type": "Polygon", "coordinates": [ [ [ 129.4037904, 36.9974204 ], [ 129.4038419, 36.9973136 ], [ 129.403985299999988, 36.9973577 ], [ 129.4039338, 36.9974645 ], [ 129.4037904, 36.9974204 ] ] ] } },
{ "type": "Feature", "properties": { "element": "way", "id": 776860075, "building": "yes", "building:levels": null, "name": null, "name:ko": null, "name:en": null, "amenity": null, "shop": null, "office": null, "tourism": null, "social_facility": null, "healthcare": null, "addr:street": null, "addr:housenumber": null, "start_date": null, "centroid_x_5179": 1169401.6378691248, "centroid_y_5179": 1890475.9781712552, "footprint_area_m2": 94.845173077404681 }, "geometry": { "type": "Polygon", "coordinates": [ [ [ 129.4036562, 36.9975261 ], [ 129.4037839, 36.997458 ], [ 129.403827400000011, 36.99751 ], [ 129.40369960000001, 36.9975781 ], [ 129.4036562, 36.9975261 ] ] ] } },
{ "type": "Feature", "properties": { "element": "way", "id": 776860076, "building": "yes", "building:levels": null, "name": null, "name:ko": null, "name:en": null, "amenity": null, "shop": null, "office": null, "tourism": null, "social_facility": null, "healthcare": null, "addr:street": null, "addr:housenumber": null, "start_date": null, "centroid_x_5179": 1169425.2994983485, "centroid_y_5179": 1890448.3367368665, "footprint_area_m2": 94.541811219707853 }, "geometry": { "type": "Polygon", "coordinates": [ [ [ 129.403946600000012, 36.997309 ], [ 129.4039383, 36.9972283 ], [ 129.4040561, 36.9972205 ], [ 129.40406440000001, 36.9973012 ], [ 129.403946600000012, 36.997309 ] ] ] } },
{ "type": "Feature", "properties": { "element": "way", "id": 776860077, "building": "yes", "building:levels": null, "name": null, "name:ko": null, "name:en": null, "amenity": null, "shop": null, "office": null, "tourism": null, "social_facility": null, "healthcare": null, "addr:street": null, "addr:housenumber": null, "start_date": null, "centroid_x_5179": 1169425.6056152559, "centroid_y_5179": 1890434.5206934076, "footprint_area_m2": 108.14017430596448 }, "geometry": { "type": "Polygon", "coordinates": [ [ [ 129.4039157, 36.9971578 ], [ 129.4039402, 36.9970891 ], [ 129.4040877, 36.9971227 ], [ 129.4040632, 36.9971913 ], [ 129.4039157, 36.9971578 ] ] ] } },
{ "type": "Feature", "properties": { "element": "way", "id": 776860078, "building": "yes", "building:levels": null, "name": null, "name:ko": null, "name:en": null, "amenity": null, "shop": null, "office": null, "tourism": null, "social_facility": null, "healthcare": null, "addr:street": null, "addr:housenumber": null, "start_date": null, "centroid_x_5179": 1169365.0721361248, "centroid_y_5179": 1890456.8195566498, "footprint_area_m2": 135.41270919389618 }, "geometry": { "type": "Polygon", "coordinates": [ [ [ 129.4032479, 36.9973931 ], [ 129.4033962, 36.9974028 ], [ 129.403405600000013, 36.997311 ], [ 129.4032574, 36.9973012 ], [ 129.4032479, 36.9973931 ] ] ] } },
{ "type": "Feature", "properties": { "element": "way", "id": 776860079, "building": "yes", "building:levels": null, "name": null, "name:ko": null, "name:en": null, "amenity": null, "shop": null, "office": null, "tourism": null, "social_facility": null, "healthcare": null, "addr:street": null, "addr:housenumber": null, "start_date": null, "centroid_x_5179": 1169383.3212325806, "centroid_y_5179": 1890463.0530857563, "footprint_area_m2": 111.68919094468424 }, "geometry": { "type": "Polygon", "coordinates": [ [ [ 129.403474100000011, 36.9974409 ], [ 129.403607099999988, 36.997456 ], [ 129.4036164, 36.9974038 ], [ 129.403582199999988, 36.9973999 ], [ 129.4035862, 36.9973777 ], [ 129.4035378, 36.9973722 ], [ 129.4035145, 36.9973499 ], [ 129.4034842, 36.9973407 ], [ 129.4034561, 36.9973713 ], [ 129.4034689, 36.9974002 ], [ 129.4034811, 36.9974015 ], [ 129.403474100000011, 36.9974409 ] ] ] } },
{ "type": "Feature", "properties": { "element": "way", "id": 776860080, "building": "yes", "building:levels": null, "name": null, "name:ko": null, "name:en": null, "amenity": null, "shop": null, "office": null, "tourism": null, "social_facility": null, "healthcare": null, "addr:street": null, "addr:housenumber": null, "start_date": null, "centroid_x_5179": 1169429.0753610933, "centroid_y_5179": 1890422.4193103905, "footprint_area_m2": 64.273900467393261 }, "geometry": { "type": "Polygon", "coordinates": [ [ [ 129.403971500000011, 36.9970372 ], [ 129.4040733, 36.997076 ], [ 129.4041044, 36.997024 ], [ 129.404002600000013, 36.9969851 ], [ 129.403971500000011, 36.9970372 ] ] ] } },
{ "type": "Feature", "properties": { "element": "way", "id": 776860081, "building": "yes", "building:levels": null, "name": null, "name:ko": null, "name:en": null, "amenity": null, "shop": null, "office": null, "tourism": null, "social_facility": null, "healthcare": null, "addr:street": null, "addr:housenumber": null, "start_date": null, "centroid_x_5179": 1169443.2092801982, "centroid_y_5179": 1890455.8227202315, "footprint_area_m2": 135.64842170685833 }, "geometry": { "type": "Polygon", "coordinates": [ [ [ 129.4041123, 36.9973489 ], [ 129.404209900000012, 36.997253 ], [ 129.40429610000001, 36.9973091 ], [ 129.4041985, 36.9974049 ], [ 129.4041123, 36.9973489 ] ] ] } },
{ "type": "Feature", "properties": { "element": "way", "id": 776860082, "building": "yes", "building:levels": null, "name": null, "name:ko": null, "name:en": null, "amenity": null, "shop": null, "office": null, "tourism": null, "social_facility": null, "healthcare": null, "addr:street": null, "addr:housenumber": null, "start_date": null, "centroid_x_5179": 1169447.5190705161, "centroid_y_5179": 1890443.2903001325, "footprint_area_m2": 86.543828323989715 }, "geometry": { "type": "Polygon", "coordinates": [ [ [ 129.4041737, 36.9972262 ], [ 129.4042926, 36.9972667 ], [ 129.4043259, 36.9972043 ], [ 129.4042069, 36.9971639 ], [ 129.4041737, 36.9972262 ] ] ] } },
{ "type": "Feature", "properties": { "element": "way", "id": 776860083, "building": "yes", "building:levels": null, "name": null, "name:ko": null, "name:en": null, "amenity": null, "shop": null, "office": null, "tourism": null, "social_facility": null, "healthcare": null, "addr:street": null, "addr:housenumber": null, "start_date": null, "centroid_x_5179": 1169450.4508612386, "centroid_y_5179": 1890435.3929271884, "footprint_area_m2": 48.845503890769479 }, "geometry": { "type": "Polygon", "coordinates": [ [ [ 129.4042203, 36.9971565 ], [ 129.4043311, 36.9971737 ], [ 129.4043416, 36.9971307 ], [ 129.4042308, 36.9971135 ], [ 129.4042203, 36.9971565 ] ] ] } },
{ "type": "Feature", "properties": { "element": "way", "id": 776860084, "building": "yes", "building:levels": null, "name": null, "name:ko": null, "name:en": null, "amenity": null, "shop": null, "office": null, "tourism": null, "social_facility": null, "healthcare": null, "addr:street": null, "addr:housenumber": null, "start_date": null, "centroid_x_5179": 1169451.9042459328, "centroid_y_5179": 1890423.2680926856, "footprint_area_m2": 149.68002484429738 }, "geometry": { "type": "Polygon", "coordinates": [ [ [ 129.404192099999989, 36.9970517 ], [ 129.4043653, 36.9970959 ], [ 129.404397, 36.9970165 ], [ 129.404223800000011, 36.9969723 ], [ 129.404192099999989, 36.9970517 ] ] ] } },
{ "type": "Feature", "properties": { "element": "way", "id": 776860085, "building": "yes", "building:levels": null, "name": null, "name:ko": null, "name:en": null, "amenity": null, "shop": null, "office": null, "tourism": null, "social_facility": null, "healthcare": null, "addr:street": null, "addr:housenumber": null, "start_date": null, "centroid_x_5179": 1169485.6829919396, "centroid_y_5179": 1890369.5918699491, "footprint_area_m2": 104.08215995514638 }, "geometry": { "type": "Polygon", "coordinates": [ [ [ 129.4045902, 36.9965837 ], [ 129.404669899999988, 36.9966135 ], [ 129.404733599999986, 36.9965052 ], [ 129.4046539, 36.9964753 ], [ 129.4045902, 36.9965837 ] ] ] } },
{ "type": "Feature", "properties": { "element": "way", "id": 776860086, "building": "yes", "building:levels": null, "name": null, "name:ko": null, "name:en": null, "amenity": null, "shop": null, "office": null, "tourism": null, "social_facility": null, "healthcare": null, "addr:street": null, "addr:housenumber": null, "start_date": null, "centroid_x_5179": 1169495.1678366314, "centroid_y_5179": 1890359.2074811808, "footprint_area_m2": 82.849663628811285 }, "geometry": { "type": "Polygon", "coordinates": [ [ [ 129.404688099999987, 36.996444 ], [ 129.40480070000001, 36.9965052 ], [ 129.4048441, 36.9964543 ], [ 129.4047315, 36.9963931 ], [ 129.404688099999987, 36.996444 ] ] ] } },
{ "type": "Feature", "properties": { "element": "way", "id": 776860087, "building": "yes", "building:levels": null, "name": null, "name:ko": null, "name:en": null, "amenity": null, "shop": null, "office": null, "tourism": null, "social_facility": null, "healthcare": null, "addr:street": null, "addr:housenumber": null, "start_date": null, "centroid_x_5179": 1169495.115992154, "centroid_y_5179": 1890369.1775068012, "footprint_area_m2": 32.955575682073253 }, "geometry": { "type": "Polygon", "coordinates": [ [ [ 129.404719699999987, 36.9965369 ], [ 129.404749399999986, 36.9965035 ], [ 129.4048158, 36.996541 ], [ 129.4047861, 36.9965745 ], [ 129.404719699999987, 36.9965369 ] ] ] } },
{ "type": "Feature", "properties": { "element": "way", "id": 776860088, "building": "yes", "building:levels": null, "name": null, "name:ko": null, "name:en": null, "amenity": null, "shop": null, "office": null, "tourism": null, "social_facility": null, "healthcare": null, "addr:street": null, "addr:housenumber": null, "start_date": null, "centroid_x_5179": 1169472.0125953578, "centroid_y_5179": 1890360.1034825332, "footprint_area_m2": 116.19494079769699 }, "geometry": { "type": "Polygon", "coordinates": [ [ [ 129.404412799999989, 36.996471 ], [ 129.404523899999987, 36.9965261 ], [ 129.404594800000012, 36.996435 ], [ 129.404527800000011, 36.9964017 ], [ 129.4044989, 36.9964389 ], [ 129.4044548, 36.996417 ], [ 129.404412799999989, 36.996471 ] ] ] } },
{ "type": "Feature", "properties": { "element": "way", "id": 776860089, "building": "yes", "building:levels": null, "name": null, "name:ko": null, "name:en": null, "amenity": null, "shop": null, "office": null, "tourism": null, "social_facility": null, "healthcare": null, "addr:street": null, "addr:housenumber": null, "start_date": null, "centroid_x_5179": 1169459.1595418376, "centroid_y_5179": 1890377.9109959123, "footprint_area_m2": 90.912224424256777 }, "geometry": { "type": "Polygon", "coordinates": [ [ [ 129.4042909, 36.996634 ], [ 129.404382199999986, 36.9966834 ], [ 129.4044408, 36.9966143 ], [ 129.4043495, 36.9965649 ], [ 129.4042909, 36.996634 ] ] ] } },
{ "type": "Feature", "properties": { "element": "way", "id": 776860090, "building": "yes", "building:levels": null, "name": null, "name:ko": null, "name:en": null, "amenity": null, "shop": null, "office": null, "tourism": null, "social_facility": null, "healthcare": null, "addr:street": null, "addr:housenumber": null, "start_date": null, "centroid_x_5179": 1169451.6280058087, "centroid_y_5179": 1890390.1306570421, "footprint_area_m2": 83.551243805645839 }, "geometry": { "type": "Polygon", "coordinates": [ [ [ 129.404215599999986, 36.9967639 ], [ 129.4042848, 36.9967971 ], [ 129.4043524, 36.9967073 ], [ 129.4042832, 36.9966741 ], [ 129.404215599999986, 36.9967639 ] ] ] } },
{ "type": "Feature", "properties": { "element": "way", "id": 776860091, "building": "yes", "building:levels": null, "name": null, "name:ko": null, "name:en": null, "amenity": null, "shop": null, "office": null, "tourism": null, "social_facility": null, "healthcare": null, "addr:street": null, "addr:housenumber": null, "start_date": null, "centroid_x_5179": 1169435.8303535839, "centroid_y_5179": 1890414.5775007885, "footprint_area_m2": 85.502248212473731 }, "geometry": { "type": "Polygon", "coordinates": [ [ [ 129.4040421, 36.9969778 ], [ 129.4040975, 36.9969008 ], [ 129.404182, 36.9969396 ], [ 129.404126600000012, 36.9970166 ], [ 129.4040421, 36.9969778 ] ] ] } },
{ "type": "Feature", "properties": { "element": "way", "id": 776860092, "building": "yes", "building:levels": null, "name": null, "name:ko": null, "name:en": null, "amenity": null, "shop": null, "office": null, "tourism": null, "social_facility": null, "healthcare": null, "addr:street": null, "addr:housenumber": null, "start_date": null, "centroid_x_5179": 1169440.4173169821, "centroid_y_5179": 1890405.578807866, "footprint_area_m2": 75.520737104444351 }, "geometry": { "type": "Polygon", "coordinates": [ [ [ 129.404090700000012, 36.9968773 ], [ 129.40418360000001, 36.9969306 ], [ 129.404232400000012, 36.9968763 ], [ 129.404139500000014, 36.996823 ], [ 129.404090700000012, 36.9968773 ] ] ] } },
{ "type": "Feature", "properties": { "element": "way", "id": 776860093, "building": "yes", "building:levels": null, "name": null, "name:ko": null, "name:en": null, "amenity": null, "shop": null, "office": null, "tourism": null, "social_facility": null, "healthcare": null, "addr:street": null, "addr:housenumber": null, "start_date": null, "centroid_x_5179": 1169452.1161978184, "centroid_y_5179": 1890361.7257947475, "footprint_area_m2": 160.59413666283791 }, "geometry": { "type": "Polygon", "coordinates": [ [ [ 129.40425590000001, 36.9965587 ], [ 129.4041804, 36.9964794 ], [ 129.4043103, 36.9964005 ], [ 129.4043858, 36.9964798 ], [ 129.40425590000001, 36.9965587 ] ] ] } },
{ "type": "Feature", "properties": { "element": "way", "id": 776860094, "building": "yes", "building:levels": null, "name": null, "name:ko": null, "name:en": null, "amenity": null, "shop": null, "office": null, "tourism": null, "social_facility": null, "healthcare": null, "addr:street": null, "addr:housenumber": null, "start_date": null, "centroid_x_5179": 1169457.6331715253, "centroid_y_5179": 1890349.8543043484, "footprint_area_m2": 62.459259164607559 }, "geometry": { "type": "Polygon", "coordinates": [ [ [ 129.4043529, 36.9964258 ], [ 129.404279699999989, 36.9963494 ], [ 129.404331899999988, 36.9963175 ], [ 129.4044051, 36.9963939 ], [ 129.4043529, 36.9964258 ] ] ] } },
{ "type": "Feature", "properties": { "element": "way", "id": 776860095, "building": "yes", "building:levels": null, "name": null, "name:ko": null, "name:en": null, "amenity": null, "shop": null, "office": null, "tourism": null, "social_facility": null, "healthcare": null, "addr:street": null, "addr:housenumber": null, "start_date": null, "centroid_x_5179": 1169427.3258588919, "centroid_y_5179": 1890405.7886284033, "footprint_area_m2": 117.36342853313576 }, "geometry": { "type": "Polygon", "coordinates": [ [ [ 129.4039397, 36.9969194 ], [ 129.4040343, 36.9969503 ], [ 129.4040894, 36.9968427 ], [ 129.4039948, 36.9968118 ], [ 129.4039397, 36.9969194 ] ] ] } },
{ "type": "Feature", "properties": { "element": "way", "id": 776860096, "building": "yes", "building:levels": null, "name": null, "name:ko": null, "name:en": null, "amenity": null, "shop": null, "office": null, "tourism": null, "social_facility": null, "healthcare": null, "addr:street": null, "addr:housenumber": null, "start_date": null, "centroid_x_5179": 1169433.9108173847, "centroid_y_5179": 1890394.8006189864, "footprint_area_m2": 88.985701679904238 }, "geometry": { "type": "Polygon", "coordinates": [ [ [ 129.4041039, 36.9968392 ], [ 129.4041604, 36.9967716 ], [ 129.404068200000012, 36.9967225 ], [ 129.404011700000012, 36.9967902 ], [ 129.4041039, 36.9968392 ] ] ] } },
{ "type": "Feature", "properties": { "element": "way", "id": 776860097, "building": "yes", "building:levels": null, "name": null, "name:ko": null, "name:en": null, "amenity": null, "shop": null, "office": null, "tourism": null, "social_facility": null, "healthcare": null, "addr:street": null, "addr:housenumber": null, "start_date": null, "centroid_x_5179": 1169422.505494999, "centroid_y_5179": 1890391.7310799034, "footprint_area_m2": 126.07709921421473 }, "geometry": { "type": "Polygon", "coordinates": [ [ [ 129.403854700000011, 36.9967691 ], [ 129.403987699999988, 36.9968197 ], [ 129.4040465, 36.996721 ], [ 129.403967, 36.9966908 ], [ 129.4039368, 36.9967416 ], [ 129.4038832, 36.9967212 ], [ 129.403854700000011, 36.9967691 ] ] ] } },
{ "type": "Feature", "properties": { "element": "way", "id": 776860098, "building": "yes", "building:levels": null, "name": null, "name:ko": null, "name:en": null, "amenity": null, "shop": null, "office": null, "tourism": null, "social_facility": null, "healthcare": null, "addr:street": null, "addr:housenumber": null, "start_date": null, "centroid_x_5179": 1169407.731572496, "centroid_y_5179": 1890388.6031793866, "footprint_area_m2": 60.823772148282785 }, "geometry": { "type": "Polygon", "coordinates": [ [ [ 129.4037363, 36.9967569 ], [ 129.4038411, 36.9967612 ], [ 129.4038449, 36.9967026 ], [ 129.4037401, 36.9966983 ], [ 129.4037363, 36.9967569 ] ] ] } },
{ "type": "Feature", "properties": { "element": "way", "id": 776860099, "building": "yes", "building:levels": null, "name": null, "name:ko": null, "name:en": null, "amenity": null, "shop": null, "office": null, "tourism": null, "social_facility": null, "healthcare": null, "addr:street": null, "addr:housenumber": null, "start_date": null, "centroid_x_5179": 1169389.4566894779, "centroid_y_5179": 1890387.2066737777, "footprint_area_m2": 159.66693086291423 }, "geometry": { "type": "Polygon", "coordinates": [ [ [ 129.4035058, 36.9967697 ], [ 129.4036781, 36.996769 ], [ 129.4036778, 36.9967191 ], [ 129.4036495, 36.9967192 ], [ 129.4036492, 36.9966667 ], [ 129.4035051, 36.9966673 ], [ 129.4035058, 36.9967697 ] ] ] } },
{ "type": "Feature", "properties": { "element": "way", "id": 776860100, "building": "yes", "building:levels": null, "name": null, "name:ko": null, "name:en": null, "amenity": null, "shop": null, "office": null, "tourism": null, "social_facility": null, "healthcare": null, "addr:street": null, "addr:housenumber": null, "start_date": null, "centroid_x_5179": 1169374.1386308733, "centroid_y_5179": 1890387.043895581, "footprint_area_m2": 123.49669698244253 }, "geometry": { "type": "Polygon", "coordinates": [ [ [ 129.4033392, 36.9967634 ], [ 129.4034835, 36.9967667 ], [ 129.4034866, 36.9966801 ], [ 129.403342400000014, 36.9966768 ], [ 129.4033392, 36.9967634 ] ] ] } },
{ "type": "Feature", "properties": { "element": "way", "id": 776860101, "building": "yes", "building:levels": null, "name": null, "name:ko": null, "name:en": null, "amenity": null, "shop": null, "office": null, "tourism": null, "social_facility": null, "healthcare": null, "addr:street": null, "addr:housenumber": null, "start_date": null, "centroid_x_5179": 1169375.7028435923, "centroid_y_5179": 1890374.7160813061, "footprint_area_m2": 100.29570923899166 }, "geometry": { "type": "Polygon", "coordinates": [ [ [ 129.4033699, 36.9966543 ], [ 129.4034852, 36.9966546 ], [ 129.403485499999988, 36.9965665 ], [ 129.4033703, 36.9965662 ], [ 129.4033699, 36.9966543 ] ] ] } },
{ "type": "Feature", "properties": { "element": "way", "id": 776860102, "building": "yes", "building:levels": null, "name": null, "name:ko": null, "name:en": null, "amenity": null, "shop": null, "office": null, "tourism": null, "social_facility": null, "healthcare": null, "addr:street": null, "addr:housenumber": null, "start_date": null, "centroid_x_5179": 1169387.5280876688, "centroid_y_5179": 1890375.5590333149, "footprint_area_m2": 111.08584559784501 }, "geometry": { "type": "Polygon", "coordinates": [ [ [ 129.4034929, 36.9966567 ], [ 129.4034958, 36.9965721 ], [ 129.4036286, 36.996575 ], [ 129.4036256, 36.9966597 ], [ 129.4034929, 36.9966567 ] ] ] } },
{ "type": "Feature", "properties": { "element": "way", "id": 776860103, "building": "yes", "building:levels": null, "name": null, "name:ko": null, "name:en": null, "amenity": null, "shop": null, "office": null, "tourism": null, "social_facility": null, "healthcare": null, "addr:street": null, "addr:housenumber": null, "start_date": null, "centroid_x_5179": 1169409.9259605519, "centroid_y_5179": 1890376.7512403261, "footprint_area_m2": 131.38003403141931 }, "geometry": { "type": "Polygon", "coordinates": [ [ [ 129.403735899999987, 36.9966662 ], [ 129.4037351, 36.9965799 ], [ 129.4038893, 36.996579 ], [ 129.403890100000012, 36.9966652 ], [ 129.403735899999987, 36.9966662 ] ] ] } },
{ "type": "Feature", "properties": { "element": "way", "id": 776860104, "building": "yes", "building:levels": null, "name": null, "name:ko": null, "name:en": null, "amenity": null, "shop": null, "office": null, "tourism": null, "social_facility": null, "healthcare": null, "addr:street": null, "addr:housenumber": null, "start_date": null, "centroid_x_5179": 1169378.6450251292, "centroid_y_5179": 1890440.4685572116, "footprint_area_m2": 70.53567630578533 }, "geometry": { "type": "Polygon", "coordinates": [ [ [ 129.4033847, 36.9972137 ], [ 129.403390800000011, 36.9971736 ], [ 129.403566500000011, 36.9971909 ], [ 129.4035603, 36.9972309 ], [ 129.4033847, 36.9972137 ] ] ] } },
{ "type": "Feature", "properties": { "element": "way", "id": 776860105, "building": "yes", "building:levels": null, "name": null, "name:ko": null, "name:en": null, "amenity": null, "shop": null, "office": null, "tourism": null, "social_facility": null, "healthcare": null, "addr:street": null, "addr:housenumber": null, "start_date": null, "centroid_x_5179": 1169379.3319765071, "centroid_y_5179": 1890434.6417980278, "footprint_area_m2": 67.884734362335934 }, "geometry": { "type": "Polygon", "coordinates": [ [ [ 129.4033915, 36.99716 ], [ 129.4033977, 36.9971213 ], [ 129.4035724, 36.9971393 ], [ 129.4035662, 36.997178 ], [ 129.4033915, 36.99716 ] ] ] } },
{ "type": "Feature", "properties": { "element": "way", "id": 776860106, "building": "yes", "building:levels": null, "name": null, "name:ko": null, "name:en": null, "amenity": null, "shop": null, "office": null, "tourism": null, "social_facility": null, "healthcare": null, "addr:street": null, "addr:housenumber": null, "start_date": null, "centroid_x_5179": 1169163.9913664376, "centroid_y_5179": 1890664.5361533077, "footprint_area_m2": 58.55576958989905 }, "geometry": { "type": "Polygon", "coordinates": [ [ [ 129.4010704, 36.9992945 ], [ 129.401144, 36.9993035 ], [ 129.4011591, 36.9992248 ], [ 129.4010855, 36.9992158 ], [ 129.4010704, 36.9992945 ] ] ] } },
{ "type": "Feature", "properties": { "element": "way", "id": 776860107, "building": "yes", "building:levels": null, "name": null, "name:ko": null, "name:en": null, "amenity": null, "shop": null, "office": null, "tourism": null, "social_facility": null, "healthcare": null, "addr:street": null, "addr:housenumber": null, "start_date": null, "centroid_x_5179": 1169166.5816420084, "centroid_y_5179": 1890650.3226872098, "footprint_area_m2": 106.91210342365632 }, "geometry": { "type": "Polygon", "coordinates": [ [ [ 129.4010802, 36.999179 ], [ 129.401175200000012, 36.9991933 ], [ 129.4012011, 36.9990832 ], [ 129.4011061, 36.999069 ], [ 129.4010802, 36.999179 ] ] ] } },
{ "type": "Feature", "properties": { "element": "way", "id": 776860108, "building": "yes", "building:levels": null, "name": null, "name:ko": null, "name:en": null, "amenity": null, "shop": null, "office": null, "tourism": null, "social_facility": null, "healthcare": null, "addr:street": null, "addr:housenumber": null, "start_date": null, "centroid_x_5179": 1169174.2678639037, "centroid_y_5179": 1890620.2915327596, "footprint_area_m2": 116.90823425646526 }, "geometry": { "type": "Polygon", "coordinates": [ [ [ 129.4011985, 36.9987891 ], [ 129.40129060000001, 36.9988138 ], [ 129.401242, 36.9989293 ], [ 129.4011499, 36.9989045 ], [ 129.4011985, 36.9987891 ] ] ] } },
{ "type": "Feature", "properties": { "element": "way", "id": 776860109, "building": "yes", "building:levels": null, "name": null, "name:ko": null, "name:en": null, "amenity": null, "shop": null, "office": null, "tourism": null, "social_facility": null, "healthcare": null, "addr:street": null, "addr:housenumber": null, "start_date": null, "centroid_x_5179": 1169182.4543300625, "centroid_y_5179": 1890586.7409604499, "footprint_area_m2": 82.684261575732592 }, "geometry": { "type": "Polygon", "coordinates": [ [ [ 129.401266, 36.9985065 ], [ 129.401362799999987, 36.9985208 ], [ 129.4013434, 36.9986044 ], [ 129.401246500000013, 36.99859 ], [ 129.401266, 36.9985065 ] ] ] } },
{ "type": "Feature", "properties": { "element": "way", "id": 776860110, "building": "yes", "building:levels": null, "name": null, "name:ko": null, "name:en": null, "amenity": null, "shop": null, "office": null, "tourism": null, "social_facility": null, "healthcare": null, "addr:street": null, "addr:housenumber": null, "start_date": null, "centroid_x_5179": 1169166.0305884588, "centroid_y_5179": 1890580.8364745392, "footprint_area_m2": 117.9743027510934 }, "geometry": { "type": "Polygon", "coordinates": [ [ [ 129.4010537, 36.998459 ], [ 129.401187099999987, 36.9984619 ], [ 129.401184, 36.9985514 ], [ 129.401050700000013, 36.9985485 ], [ 129.4010537, 36.998459 ] ] ] } },
{ "type": "Feature", "properties": { "element": "way", "id": 776860111, "building": "yes", "building:levels": null, "name": null, "name:ko": null, "name:en": null, "amenity": null, "shop": null, "office": null, "tourism": null, "social_facility": null, "healthcare": null, "addr:street": null, "addr:housenumber": null, "start_date": null, "centroid_x_5179": 1169162.2305230286, "centroid_y_5179": 1890558.1460620053, "footprint_area_m2": 171.85219077736468 }, "geometry": { "type": "Polygon", "coordinates": [ [ [ 129.4009759, 36.9983356 ], [ 129.4011155, 36.9983769 ], [ 129.4011663, 36.9982673 ], [ 129.401026699999989, 36.998226 ], [ 129.4009759, 36.9983356 ] ] ] } },
{ "type": "Feature", "properties": { "element": "way", "id": 776860112, "building": "yes", "building:levels": null, "name": null, "name:ko": null, "name:en": null, "amenity": null, "shop": null, "office": null, "tourism": null, "social_facility": null, "healthcare": null, "addr:street": null, "addr:housenumber": null, "start_date": null, "centroid_x_5179": 1169148.2640970198, "centroid_y_5179": 1890557.4681425707, "footprint_area_m2": 107.57533310339011 }, "geometry": { "type": "Polygon", "coordinates": [ [ [ 129.4008406, 36.9983282 ], [ 129.4009465, 36.9983586 ], [ 129.400987500000014, 36.9982675 ], [ 129.400881700000014, 36.9982371 ], [ 129.4008406, 36.9983282 ] ] ] } },
{ "type": "Feature", "properties": { "element": "way", "id": 776860113, "building": "yes", "building:levels": null, "name": null, "name:ko": null, "name:en": null, "amenity": null, "shop": null, "office": null, "tourism": null, "social_facility": null, "healthcare": null, "addr:street": null, "addr:housenumber": null, "start_date": null, "centroid_x_5179": 1169151.3215174766, "centroid_y_5179": 1890583.9341681895, "footprint_area_m2": 89.342473153902816 }, "geometry": { "type": "Polygon", "coordinates": [ [ [ 129.4008873, 36.9985084 ], [ 129.4009872, 36.9984817 ], [ 129.4010214, 36.9985631 ], [ 129.40092150000001, 36.9985898 ], [ 129.4008873, 36.9985084 ] ] ] } },
{ "type": "Feature", "properties": { "element": "way", "id": 776860114, "building": "yes", "building:levels": null, "name": null, "name:ko": null, "name:en": null, "amenity": null, "shop": null, "office": null, "tourism": null, "social_facility": null, "healthcare": null, "addr:street": null, "addr:housenumber": null, "start_date": null, "centroid_x_5179": 1169136.9639434866, "centroid_y_5179": 1890574.895494181, "footprint_area_m2": 116.96318176009082 }, "geometry": { "type": "Polygon", "coordinates": [ [ [ 129.4007019, 36.9984425 ], [ 129.4008145, 36.9985271 ], [ 129.400880199999989, 36.9984713 ], [ 129.4007676, 36.9983867 ], [ 129.4007019, 36.9984425 ] ] ] } },
{ "type": "Feature", "properties": { "element": "way", "id": 776860115, "building": "yes", "building:levels": null, "name": null, "name:ko": null, "name:en": null, "amenity": null, "shop": null, "office": null, "tourism": null, "social_facility": null, "healthcare": null, "addr:street": null, "addr:housenumber": null, "start_date": null, "centroid_x_5179": 1169124.7369603557, "centroid_y_5179": 1890588.1562651005, "footprint_area_m2": 220.72552044465189 }, "geometry": { "type": "Polygon", "coordinates": [ [ [ 129.400564, 36.9985131 ], [ 129.400769200000013, 36.9985375 ], [ 129.4007494, 36.998644 ], [ 129.400544200000013, 36.9986197 ], [ 129.400564, 36.9985131 ] ] ] } },
{ "type": "Feature", "properties": { "element": "way", "id": 776860116, "building": "yes", "building:levels": null, "name": null, "name:ko": null, "name:en": null, "amenity": null, "shop": null, "office": null, "tourism": null, "social_facility": null, "healthcare": null, "addr:street": null, "addr:housenumber": null, "start_date": null, "centroid_x_5179": 1169080.7585363269, "centroid_y_5179": 1890576.9305445, "footprint_area_m2": 194.18367989523497 }, "geometry": { "type": "Polygon", "coordinates": [ [ [ 129.400058199999989, 36.9984338 ], [ 129.4002693, 36.9984441 ], [ 129.4002621, 36.9985369 ], [ 129.400051100000013, 36.9985266 ], [ 129.400058199999989, 36.9984338 ] ] ] } },
{ "type": "Feature", "properties": { "element": "way", "id": 776860117, "building": "yes", "building:levels": null, "name": null, "name:ko": null, "name:en": null, "amenity": null, "shop": null, "office": null, "tourism": null, "social_facility": null, "healthcare": null, "addr:street": null, "addr:housenumber": null, "start_date": null, "centroid_x_5179": 1169122.4779962874, "centroid_y_5179": 1890571.1763419544, "footprint_area_m2": 103.38814642424508 }, "geometry": { "type": "Polygon", "coordinates": [ [ [ 129.400543699999986, 36.9984347 ], [ 129.400647600000013, 36.9984872 ], [ 129.400711699999988, 36.9984062 ], [ 129.400664, 36.9983821 ], [ 129.4006508, 36.9983988 ], [ 129.4005946, 36.9983704 ], [ 129.400543699999986, 36.9984347 ] ] ] } },
{ "type": "Feature", "properties": { "element": "way", "id": 776860118, "building": "yes", "building:levels": null, "name": null, "name:ko": null, "name:en": null, "amenity": null, "shop": null, "office": null, "tourism": null, "social_facility": null, "healthcare": null, "addr:street": null, "addr:housenumber": null, "start_date": null, "centroid_x_5179": 1169228.5503480649, "centroid_y_5179": 1890566.1362021633, "footprint_area_m2": 45.123956763679438 }, "geometry": { "type": "Polygon", "coordinates": [ [ [ 129.401750099999987, 36.9983641 ], [ 129.4018729, 36.9983931 ], [ 129.401885600000014, 36.9983589 ], [ 129.4017627, 36.9983299 ], [ 129.401750099999987, 36.9983641 ] ] ] } },
{ "type": "Feature", "properties": { "element": "way", "id": 776860119, "building": "yes", "building:levels": null, "name": null, "name:ko": null, "name:en": null, "amenity": null, "shop": null, "office": null, "tourism": null, "social_facility": null, "healthcare": null, "addr:street": null, "addr:housenumber": null, "start_date": null, "centroid_x_5179": 1169191.1087601583, "centroid_y_5179": 1890494.0988525292, "footprint_area_m2": 134.92196211224214 }, "geometry": { "type": "Polygon", "coordinates": [ [ [ 129.4013098, 36.9977625 ], [ 129.4014799, 36.9977727 ], [ 129.4014843, 36.9977258 ], [ 129.401396, 36.9977205 ], [ 129.401402499999989, 36.9976519 ], [ 129.4013208, 36.997647 ], [ 129.4013098, 36.9977625 ] ] ] } },
{ "type": "Feature", "properties": { "element": "way", "id": 776860120, "building": "yes", "building:levels": null, "name": null, "name:ko": null, "name:en": null, "amenity": null, "shop": null, "office": null, "tourism": null, "social_facility": null, "healthcare": null, "addr:street": null, "addr:housenumber": null, "start_date": null, "centroid_x_5179": 1169180.3761437451, "centroid_y_5179": 1890483.7987195123, "footprint_area_m2": 49.914993605766952 }, "geometry": { "type": "Polygon", "coordinates": [ [ [ 129.4011993, 36.9976476 ], [ 129.401301100000012, 36.9976583 ], [ 129.40131070000001, 36.9975999 ], [ 129.4012708, 36.9975957 ], [ 129.4012682, 36.9976115 ], [ 129.401206300000013, 36.997605 ], [ 129.4011993, 36.9976476 ] ] ] } },
{ "type": "Feature", "properties": { "element": "way", "id": 776860121, "building": "yes", "building:levels": null, "name": null, "name:ko": null, "name:en": null, "amenity": null, "shop": null, "office": null, "tourism": null, "social_facility": null, "healthcare": null, "addr:street": null, "addr:housenumber": null, "start_date": null, "centroid_x_5179": 1169183.6223545393, "centroid_y_5179": 1890472.2642900981, "footprint_area_m2": 63.560147814337014 }, "geometry": { "type": "Polygon", "coordinates": [ [ [ 129.4012303, 36.9975486 ], [ 129.401337399999989, 36.9975588 ], [ 129.4013476, 36.9974906 ], [ 129.401298200000014, 36.9974859 ], [ 129.4012957, 36.9975025 ], [ 129.4012381, 36.997497 ], [ 129.4012303, 36.9975486 ] ] ] } },
{ "type": "Feature", "properties": { "element": "way", "id": 776860122, "building": "yes", "building:levels": null, "name": null, "name:ko": null, "name:en": null, "amenity": null, "shop": null, "office": null, "tourism": null, "social_facility": null, "healthcare": null, "addr:street": null, "addr:housenumber": null, "start_date": null, "centroid_x_5179": 1169169.0118122676, "centroid_y_5179": 1890539.8847824484, "footprint_area_m2": 83.638927080036723 }, "geometry": { "type": "Polygon", "coordinates": [ [ [ 129.401082800000012, 36.9981692 ], [ 129.4010905, 36.9980948 ], [ 129.4012035, 36.9981022 ], [ 129.4011959, 36.9981766 ], [ 129.401082800000012, 36.9981692 ] ] ] } },
{ "type": "Feature", "properties": { "element": "way", "id": 776860123, "building": "yes", "building:levels": null, "name": null, "name:ko": null, "name:en": null, "amenity": null, "shop": null, "office": null, "tourism": null, "social_facility": null, "healthcare": null, "addr:street": null, "addr:housenumber": null, "start_date": null, "centroid_x_5179": 1169251.4069713291, "centroid_y_5179": 1890480.8250215645, "footprint_area_m2": 46.178562410297666 }, "geometry": { "type": "Polygon", "coordinates": [ [ [ 129.402000500000014, 36.9976065 ], [ 129.4020066, 36.997562 ], [ 129.4021103, 36.997571 ], [ 129.4021042, 36.9976156 ], [ 129.402000500000014, 36.9976065 ] ] ] } },
{ "type": "Feature", "properties": { "element": "way", "id": 776860124, "building": "yes", "building:levels": null, "name": null, "name:ko": null, "name:en": null, "amenity": null, "shop": null, "office": null, "tourism": null, "social_facility": null, "healthcare": null, "addr:street": null, "addr:housenumber": null, "start_date": null, "centroid_x_5179": 1169226.312825833, "centroid_y_5179": 1890475.5881543353, "footprint_area_m2": 23.906125822148486 }, "geometry": { "type": "Polygon", "coordinates": [ [ [ 129.4017245, 36.9975544 ], [ 129.4017984, 36.9975697 ], [ 129.4018102, 36.9975334 ], [ 129.4017593, 36.9975228 ], [ 129.4017245, 36.9975544 ] ] ] } },
{ "type": "Feature", "properties": { "element": "way", "id": 776860125, "building": "yes", "building:levels": null, "name": null, "name:ko": null, "name:en": null, "amenity": null, "shop": null, "office": null, "tourism": null, "social_facility": null, "healthcare": null, "addr:street": null, "addr:housenumber": null, "start_date": null, "centroid_x_5179": 1169233.4655893249, "centroid_y_5179": 1890477.1830932486, "footprint_area_m2": 28.318730640502046 }, "geometry": { "type": "Polygon", "coordinates": [ [ [ 129.401814699999989, 36.9975762 ], [ 129.401819100000012, 36.9975369 ], [ 129.4018915, 36.9975422 ], [ 129.401887, 36.9975815 ], [ 129.401814699999989, 36.9975762 ] ] ] } },
{ "type": "Feature", "properties": { "element": "way", "id": 776860126, "building": "yes", "building:levels": null, "name": null, "name:ko": null, "name:en": null, "amenity": null, "shop": null, "office": null, "tourism": null, "social_facility": null, "healthcare": null, "addr:street": null, "addr:housenumber": null, "start_date": null, "centroid_x_5179": 1169345.3402245487, "centroid_y_5179": 1890469.8465914428, "footprint_area_m2": 53.344054007067115 }, "geometry": { "type": "Polygon", "coordinates": [ [ [ 129.403069, 36.9975196 ], [ 129.4030965, 36.9974176 ], [ 129.403147100000012, 36.9974263 ], [ 129.4031196, 36.9975283 ], [ 129.403069, 36.9975196 ] ] ] } },
{ "type": "Feature", "properties": { "element": "way", "id": 776860127, "building": "yes", "building:levels": null, "name": null, "name:ko": null, "name:en": null, "amenity": null, "shop": null, "office": null, "tourism": null, "social_facility": null, "healthcare": null, "addr:street": null, "addr:housenumber": null, "start_date": null, "centroid_x_5179": 1169324.8359515602, "centroid_y_5179": 1890472.1253304719, "footprint_area_m2": 83.925981840271348 }, "geometry": { "type": "Polygon", "coordinates": [ [ [ 129.4027989, 36.99752 ], [ 129.40295230000001, 36.9975294 ], [ 129.4029576, 36.9974743 ], [ 129.4028041, 36.997465 ], [ 129.4027989, 36.99752 ] ] ] } },
{ "type": "Feature", "properties": { "element": "way", "id": 776860128, "building": "yes", "building:levels": null, "name": null, "name:ko": null, "name:en": null, "amenity": null, "shop": null, "office": null, "tourism": null, "social_facility": null, "healthcare": null, "addr:street": null, "addr:housenumber": null, "start_date": null, "centroid_x_5179": 1169296.1539005432, "centroid_y_5179": 1890457.9692586742, "footprint_area_m2": 75.048494171233131 }, "geometry": { "type": "Polygon", "coordinates": [ [ [ 129.402498400000013, 36.9974126 ], [ 129.4025648, 36.9974237 ], [ 129.4025998, 36.9973864 ], [ 129.4026115, 36.9973419 ], [ 129.402520900000013, 36.9973267 ], [ 129.402498400000013, 36.9974126 ] ] ] } },
{ "type": "Feature", "properties": { "element": "way", "id": 776860129, "building": "yes", "building:levels": null, "name": null, "name:ko": null, "name:en": null, "amenity": null, "shop": null, "office": null, "tourism": null, "social_facility": null, "healthcare": null, "addr:street": null, "addr:housenumber": null, "start_date": null, "centroid_x_5179": 1169278.1125022259, "centroid_y_5179": 1890422.6177417398, "footprint_area_m2": 120.35839071494793 }, "geometry": { "type": "Polygon", "coordinates": [ [ [ 129.4022555, 36.9970753 ], [ 129.402385, 36.997122 ], [ 129.4024291, 36.9970438 ], [ 129.402299699999986, 36.9969971 ], [ 129.4022555, 36.9970753 ] ] ] } },
{ "type": "Feature", "properties": { "element": "way", "id": 776860130, "building": "yes", "building:levels": null, "name": null, "name:ko": null, "name:en": null, "amenity": null, "shop": null, "office": null, "tourism": null, "social_facility": null, "healthcare": null, "addr:street": null, "addr:housenumber": null, "start_date": null, "centroid_x_5179": 1169244.4162410402, "centroid_y_5179": 1890430.929298382, "footprint_area_m2": 191.84506307264033 }, "geometry": { "type": "Polygon", "coordinates": [ [ [ 129.4018562, 36.9971569 ], [ 129.4020131, 36.9972223 ], [ 129.4020748, 36.9971227 ], [ 129.4019179, 36.9970595 ], [ 129.4018562, 36.9971569 ] ] ] } },
{ "type": "Feature", "properties": { "element": "way", "id": 776860131, "building": "yes", "building:levels": null, "name": null, "name:ko": null, "name:en": null, "amenity": null, "shop": null, "office": null, "tourism": null, "social_facility": null, "healthcare": null, "addr:street": null, "addr:housenumber": null, "start_date": null, "centroid_x_5179": 1169228.8218138104, "centroid_y_5179": 1890426.3039882747, "footprint_area_m2": 89.086831919212429 }, "geometry": { "type": "Polygon", "coordinates": [ [ [ 129.4017261, 36.9971184 ], [ 129.4018361, 36.9971569 ], [ 129.4018656, 36.9971023 ], [ 129.4018079, 36.997083 ], [ 129.4018106, 36.9970541 ], [ 129.4017355, 36.997052 ], [ 129.4017261, 36.9971184 ] ] ] } },
{ "type": "Feature", "properties": { "element": "way", "id": 776860132, "building": "yes", "building:levels": null, "name": null, "name:ko": null, "name:en": null, "amenity": null, "shop": null, "office": null, "tourism": null, "social_facility": null, "healthcare": null, "addr:street": null, "addr:housenumber": null, "start_date": null, "centroid_x_5179": 1169235.8353167479, "centroid_y_5179": 1890413.4978894517, "footprint_area_m2": 138.65449330631827 }, "geometry": { "type": "Polygon", "coordinates": [ [ [ 129.4017869, 36.9970291 ], [ 129.401941599999986, 36.9970316 ], [ 129.4019439, 36.9969409 ], [ 129.4017892, 36.9969384 ], [ 129.4017869, 36.9970291 ] ] ] } },
{ "type": "Feature", "properties": { "element": "way", "id": 834858215, "building": "public", "building:levels": null, "name": "울진경찰서 북면파출소", "name:ko": "울진경찰서 북면파출소", "name:en": null, "amenity": "police", "shop": null, "office": null, "tourism": null, "social_facility": null, "healthcare": null, "addr:street": null, "addr:housenumber": null, "start_date": null, "centroid_x_5179": 1166459.7817752492, "centroid_y_5179": 1902022.9841641316, "footprint_area_m2": 84.912125800345024 }, "geometry": { "type": "Polygon", "coordinates": [ [ [ 129.373257, 37.1021366 ], [ 129.373326, 37.1020916 ], [ 129.3732494, 37.1020168 ], [ 129.3731804, 37.1020618 ], [ 129.373257, 37.1021366 ] ] ] } },
{ "type": "Feature", "properties": { "element": "way", "id": 970971636, "building": "yes", "building:levels": null, "name": "북면노인복지회관", "name:ko": null, "name:en": null, "amenity": "social_facility", "shop": null, "office": null, "tourism": null, "social_facility": null, "healthcare": null, "addr:street": null, "addr:housenumber": null, "start_date": null, "centroid_x_5179": 1166567.7255921625, "centroid_y_5179": 1902017.7944428157, "footprint_area_m2": 299.36424688408005 }, "geometry": { "type": "Polygon", "coordinates": [ [ [ 129.374317499999989, 37.1019944 ], [ 129.3744207, 37.1019037 ], [ 129.374614900000012, 37.1020271 ], [ 129.3745117, 37.1021178 ], [ 129.374317499999989, 37.1019944 ] ] ] } },
{ "type": "Feature", "properties": { "element": "way", "id": 1097876498, "building": "yes", "building:levels": null, "name": "죽변항로표지관리소", "name:ko": null, "name:en": null, "amenity": null, "shop": null, "office": null, "tourism": null, "social_facility": null, "healthcare": null, "addr:street": null, "addr:housenumber": null, "start_date": null, "centroid_x_5179": 1171512.661563481, "centroid_y_5179": 1897247.0709661196, "footprint_area_m2": 120.93480296069613 }, "geometry": { "type": "Polygon", "coordinates": [ [ [ 129.4290657, 37.0582031 ], [ 129.4288895, 37.0581261 ], [ 129.4289262, 37.0580726 ], [ 129.4291024, 37.0581496 ], [ 129.4290657, 37.0582031 ] ] ] } },
{ "type": "Feature", "properties": { "element": "way", "id": 1222687042, "building": "yes", "building:levels": null, "name": "울진군북면보건지소", "name:ko": null, "name:en": null, "amenity": null, "shop": null, "office": null, "tourism": null, "social_facility": null, "healthcare": "yes", "addr:street": null, "addr:housenumber": null, "start_date": null, "centroid_x_5179": 1166413.952795184, "centroid_y_5179": 1902191.1487313034, "footprint_area_m2": 638.98101145781607 }, "geometry": { "type": "Polygon", "coordinates": [ [ [ 129.3726781, 37.1034316 ], [ 129.3728701, 37.1034309 ], [ 129.372872, 37.1037682 ], [ 129.3726799, 37.1037689 ], [ 129.3726781, 37.1034316 ] ] ] } },
{ "type": "Feature", "properties": { "element": "way", "id": 1222687066, "building": "fire_station", "building:levels": null, "name": "북면119안전센터", "name:ko": null, "name:en": null, "amenity": null, "shop": null, "office": null, "tourism": null, "social_facility": null, "healthcare": null, "addr:street": null, "addr:housenumber": null, "start_date": null, "centroid_x_5179": 1166634.1827403028, "centroid_y_5179": 1902102.4768249213, "footprint_area_m2": 484.50920112691489 }, "geometry": { "type": "Polygon", "coordinates": [ [ [ 129.375257800000014, 37.1025921 ], [ 129.3753553, 37.1029327 ], [ 129.3752383, 37.102954 ], [ 129.3751864, 37.1027724 ], [ 129.3751433, 37.1027803 ], [ 129.3750978, 37.1026212 ], [ 129.375257800000014, 37.1025921 ] ] ] } },
{ "type": "Feature", "properties": { "element": "way", "id": 1222687076, "building": "apartments", "building:levels": null, "name": "혜광타운아파트", "name:ko": null, "name:en": null, "amenity": null, "shop": null, "office": null, "tourism": null, "social_facility": null, "healthcare": null, "addr:street": null, "addr:housenumber": null, "start_date": null, "centroid_x_5179": 1166150.7170191554, "centroid_y_5179": 1901895.9033793965, "footprint_area_m2": 659.28591317486985 }, "geometry": { "type": "Polygon", "coordinates": [ [ [ 129.3695306, 37.1008822 ], [ 129.369935700000013, 37.1008817 ], [ 129.3699358, 37.1009768 ], [ 129.3698506, 37.1009769 ], [ 129.3698508, 37.1011522 ], [ 129.3696897, 37.1011524 ], [ 129.3696895, 37.1009776 ], [ 129.369530700000013, 37.1009777 ], [ 129.3695306, 37.1008822 ] ] ] } },
{ "type": "Feature", "properties": { "element": "way", "id": 1226002259, "building": "apartments", "building:levels": null, "name": "바", "name:ko": null, "name:en": null, "amenity": null, "shop": null, "office": null, "tourism": null, "social_facility": null, "healthcare": null, "addr:street": null, "addr:housenumber": null, "start_date": null, "centroid_x_5179": 1165762.5287120221, "centroid_y_5179": 1901943.1386106634, "footprint_area_m2": 644.50290212811092 }, "geometry": { "type": "Polygon", "coordinates": [ [ [ 129.365061, 37.101484 ], [ 129.3650793, 37.101384 ], [ 129.3653185, 37.1014119 ], [ 129.365312499999987, 37.1014448 ], [ 129.3655324, 37.1014705 ], [ 129.3655391, 37.1014341 ], [ 129.365728, 37.1014562 ], [ 129.3657095, 37.1015573 ], [ 129.3655183, 37.1015349 ], [ 129.365512599999988, 37.1015661 ], [ 129.3652973, 37.101541 ], [ 129.3653026, 37.1015122 ], [ 129.365061, 37.101484 ] ] ] } },
{ "type": "Feature", "properties": { "element": "way", "id": 1226580484, "building": "yes", "building:levels": null, "name": "한국해양과학기술원 동해연구소", "name:ko": null, "name:en": null, "amenity": null, "shop": null, "office": "research", "tourism": null, "social_facility": null, "healthcare": null, "addr:street": null, "addr:housenumber": null, "start_date": null, "centroid_x_5179": 1169347.5345778246, "centroid_y_5179": 1899138.5401908767, "footprint_area_m2": 1994.1770190389047 }, "geometry": { "type": "Polygon", "coordinates": [ [ [ 129.404727900000012, 37.0753067 ], [ 129.4047979, 37.0754166 ], [ 129.4046555, 37.07548 ], [ 129.4047699, 37.0756178 ], [ 129.4049077, 37.0755358 ], [ 129.40499410000001, 37.0756215 ], [ 129.4050945, 37.0757035 ], [ 129.4052019, 37.0757724 ], [ 129.405297600000011, 37.0758246 ], [ 129.4052766, 37.0758581 ], [ 129.405426, 37.0759178 ], [ 129.4055358, 37.0757203 ], [ 129.405419, 37.0756681 ], [ 129.405307, 37.075616 ], [ 129.405187899999987, 37.0755321 ], [ 129.4050805, 37.0754297 ], [ 129.404991700000011, 37.0753365 ], [ 129.4049147, 37.0752285 ], [ 129.404727900000012, 37.0753067 ] ] ] } },
{ "type": "Feature", "properties": { "element": "way", "id": 1226580486, "building": "yes", "building:levels": null, "name": "환동해산업연구원", "name:ko": null, "name:en": null, "amenity": null, "shop": null, "office": "research", "tourism": null, "social_facility": null, "healthcare": null, "addr:street": null, "addr:housenumber": null, "start_date": null, "centroid_x_5179": 1169679.59626097, "centroid_y_5179": 1898883.9903846805, "footprint_area_m2": 1419.4114455723507 }, "geometry": { "type": "Polygon", "coordinates": [ [ [ 129.4084487, 37.0732913 ], [ 129.408997, 37.0733947 ], [ 129.4090706, 37.0731463 ], [ 129.408522299999987, 37.0730428 ], [ 129.4084487, 37.0732913 ] ] ] } },
{ "type": "Feature", "properties": { "element": "way", "id": 1226580494, "building": "yes", "building:levels": null, "name": "국립해양과학관", "name:ko": null, "name:en": null, "amenity": null, "shop": null, "office": null, "tourism": "museum", "social_facility": null, "healthcare": null, "addr:street": null, "addr:housenumber": null, "start_date": null, "centroid_x_5179": 1169779.6575137626, "centroid_y_5179": 1898829.4871805408, "footprint_area_m2": 4217.6829936269542 }, "geometry": { "type": "Polygon", "coordinates": [ [ [ 129.4092086, 37.0726705 ], [ 129.4097317, 37.0732483 ], [ 129.4097639, 37.0732697 ], [ 129.4098148, 37.0732783 ], [ 129.4098631, 37.0732697 ], [ 129.4098846, 37.073244 ], [ 129.409898, 37.0731948 ], [ 129.409917400000012, 37.0730595 ], [ 129.4099607, 37.0729393 ], [ 129.4100292, 37.072814 ], [ 129.4101114, 37.0726963 ], [ 129.4101928, 37.0726032 ], [ 129.410308500000014, 37.0725096 ], [ 129.4102699, 37.0724756 ], [ 129.410388399999988, 37.072331 ], [ 129.410391, 37.0723025 ], [ 129.410369300000013, 37.0722643 ], [ 129.4101603, 37.0720348 ], [ 129.4101297, 37.0720216 ], [ 129.4100885, 37.0720339 ], [ 129.4100664, 37.0720641 ], [ 129.4100574, 37.0720905 ], [ 129.4100434, 37.072493 ], [ 129.410030799999987, 37.0725785 ], [ 129.4099895, 37.0726427 ], [ 129.409933700000011, 37.0726896 ], [ 129.4098597, 37.0727107 ], [ 129.4097706, 37.0727144 ], [ 129.4092086, 37.0726705 ] ] ] } },
{ "type": "Feature", "properties": { "element": "way", "id": 1226640783, "building": "apartments", "building:levels": null, "name": "102", "name:ko": null, "name:en": null, "amenity": null, "shop": null, "office": null, "tourism": null, "social_facility": null, "healthcare": null, "addr:street": null, "addr:housenumber": null, "start_date": null, "centroid_x_5179": 1169974.0877986879, "centroid_y_5179": 1898140.8553053092, "footprint_area_m2": 557.72098968194416 }, "geometry": { "type": "Polygon", "coordinates": [ [ [ 129.4117101, 37.0666093 ], [ 129.411765, 37.0665117 ], [ 129.4118105, 37.066528 ], [ 129.4119648, 37.0662535 ], [ 129.412079299999988, 37.0662945 ], [ 129.411870099999987, 37.0666666 ], [ 129.4117101, 37.0666093 ] ] ] } },
{ "type": "Feature", "properties": { "element": "way", "id": 1226640784, "building": "apartments", "building:levels": null, "name": "101", "name:ko": null, "name:en": null, "amenity": null, "shop": null, "office": null, "tourism": null, "social_facility": null, "healthcare": null, "addr:street": null, "addr:housenumber": null, "start_date": null, "centroid_x_5179": 1169994.3203692797, "centroid_y_5179": 1898149.5963241737, "footprint_area_m2": 519.93529417937975 }, "geometry": { "type": "Polygon", "coordinates": [ [ [ 129.4119557, 37.0667101 ], [ 129.4121974, 37.066335 ], [ 129.4123084, 37.0663805 ], [ 129.412066900000013, 37.0667557 ], [ 129.4119557, 37.0667101 ] ] ] } },
{ "type": "Feature", "properties": { "element": "way", "id": 1226640785, "building": "apartments", "building:levels": null, "name": "103", "name:ko": null, "name:en": null, "amenity": null, "shop": null, "office": null, "tourism": null, "social_facility": null, "healthcare": null, "addr:street": null, "addr:housenumber": null, "start_date": null, "centroid_x_5179": 1170011.50430144, "centroid_y_5179": 1898106.1128476891, "footprint_area_m2": 375.93873753330024 }, "geometry": { "type": "Polygon", "coordinates": [ [ [ 129.4121744, 37.0662502 ], [ 129.4123357, 37.0660011 ], [ 129.4124564, 37.0660508 ], [ 129.412295199999988, 37.0662999 ], [ 129.4121744, 37.0662502 ] ] ] } },
{ "type": "Feature", "properties": { "element": "way", "id": 1226640797, "building": "apartments", "building:levels": null, "name": "106", "name:ko": null, "name:en": null, "amenity": null, "shop": null, "office": null, "tourism": null, "social_facility": null, "healthcare": null, "addr:street": null, "addr:housenumber": null, "start_date": null, "centroid_x_5179": 1170245.8179557442, "centroid_y_5179": 1898067.4186444087, "footprint_area_m2": 368.43381002264834 }, "geometry": { "type": "Polygon", "coordinates": [ [ [ 129.414739, 37.0657116 ], [ 129.4149636, 37.0657609 ], [ 129.414918199999988, 37.0658926 ], [ 129.4150161, 37.0659141 ], [ 129.415084900000011, 37.0657148 ], [ 129.4147623, 37.065644 ], [ 129.414739, 37.0657116 ] ] ] } },
{ "type": "Feature", "properties": { "element": "way", "id": 1226640800, "building": "apartments", "building:levels": null, "name": "107", "name:ko": null, "name:en": null, "amenity": null, "shop": null, "office": null, "tourism": null, "social_facility": null, "healthcare": null, "addr:street": null, "addr:housenumber": null, "start_date": null, "centroid_x_5179": 1170287.8319863023, "centroid_y_5179": 1898082.0626097787, "footprint_area_m2": 395.92664664974524 }, "geometry": { "type": "Polygon", "coordinates": [ [ [ 129.4151981, 37.0657811 ], [ 129.4151738, 37.0658545 ], [ 129.415492199999989, 37.0659217 ], [ 129.4154639, 37.0660072 ], [ 129.4155528, 37.0660259 ], [ 129.4156055, 37.0658671 ], [ 129.4151981, 37.0657811 ] ] ] } },
{ "type": "Feature", "properties": { "element": "way", "id": 1226640802, "building": "apartments", "building:levels": null, "name": "105", "name:ko": null, "name:en": null, "amenity": null, "shop": null, "office": null, "tourism": null, "social_facility": null, "healthcare": null, "addr:street": null, "addr:housenumber": null, "start_date": null, "centroid_x_5179": 1170226.3439547182, "centroid_y_5179": 1898097.3217416324, "footprint_area_m2": 353.4895479412271 }, "geometry": { "type": "Polygon", "coordinates": [ [ [ 129.4145571, 37.0659202 ], [ 129.4145341, 37.0659878 ], [ 129.4147539, 37.0660355 ], [ 129.4147027, 37.0661858 ], [ 129.4147763, 37.0662017 ], [ 129.414829200000014, 37.0660466 ], [ 129.4148682, 37.0660551 ], [ 129.4148896, 37.0659923 ], [ 129.4145571, 37.0659202 ] ] ] } },
{ "type": "Feature", "properties": { "element": "way", "id": 1226640803, "building": "apartments", "building:levels": null, "name": "104", "name:ko": null, "name:en": null, "amenity": null, "shop": null, "office": null, "tourism": null, "social_facility": null, "healthcare": null, "addr:street": null, "addr:housenumber": null, "start_date": null, "centroid_x_5179": 1170244.8212318572, "centroid_y_5179": 1898125.0805815621, "footprint_area_m2": 199.19840663569082 }, "geometry": { "type": "Polygon", "coordinates": [ [ [ 129.4148026, 37.0662181 ], [ 129.414783199999988, 37.0662817 ], [ 129.415083, 37.06634 ], [ 129.4151024, 37.0662765 ], [ 129.4148026, 37.0662181 ] ] ] } },
{ "type": "Feature", "properties": { "element": "way", "id": 1226640804, "building": "apartments", "building:levels": null, "name": "103", "name:ko": null, "name:en": null, "amenity": null, "shop": null, "office": null, "tourism": null, "social_facility": null, "healthcare": null, "addr:street": null, "addr:housenumber": null, "start_date": null, "centroid_x_5179": 1170266.9830115612, "centroid_y_5179": 1898113.6227591319, "footprint_area_m2": 177.36345262555631 }, "geometry": { "type": "Polygon", "coordinates": [ [ [ 129.4151168, 37.0662589 ], [ 129.415172500000011, 37.0660681 ], [ 129.4152618, 37.0660847 ], [ 129.4152062, 37.0662755 ], [ 129.4151168, 37.0662589 ] ] ] } },
{ "type": "Feature", "properties": { "element": "way", "id": 1226640805, "building": "apartments", "building:levels": null, "name": "102", "name:ko": null, "name:en": null, "amenity": null, "shop": null, "office": null, "tourism": null, "social_facility": null, "healthcare": null, "addr:street": null, "addr:housenumber": null, "start_date": null, "centroid_x_5179": 1170282.4690536323, "centroid_y_5179": 1898135.0113399331, "footprint_area_m2": 207.80005951887293 }, "geometry": { "type": "Polygon", "coordinates": [ [ [ 129.41521130000001, 37.0663639 ], [ 129.4152343, 37.0662965 ], [ 129.4155252, 37.0663595 ], [ 129.415502300000014, 37.0664269 ], [ 129.41521130000001, 37.0663639 ] ] ] } },
{ "type": "Feature", "properties": { "element": "way", "id": 1226640806, "building": "apartments", "building:levels": null, "name": "101", "name:ko": null, "name:en": null, "amenity": null, "shop": null, "office": null, "tourism": null, "social_facility": null, "healthcare": null, "addr:street": null, "addr:housenumber": null, "start_date": null, "centroid_x_5179": 1170308.0710932093, "centroid_y_5179": 1898125.5341427906, "footprint_area_m2": 198.74954161794273 }, "geometry": { "type": "Polygon", "coordinates": [ [ [ 129.415574099999986, 37.0663688 ], [ 129.4156456, 37.0661557 ], [ 129.4157338, 37.0661746 ], [ 129.4156623, 37.0663876 ], [ 129.415574099999986, 37.0663688 ] ] ] } },
{ "type": "Feature", "properties": { "element": "way", "id": 1226640808, "building": "apartments", "building:levels": null, "name": "B", "name:ko": null, "name:en": null, "amenity": null, "shop": null, "office": null, "tourism": null, "social_facility": null, "healthcare": null, "addr:street": null, "addr:housenumber": null, "start_date": null, "centroid_x_5179": 1170354.9248943876, "centroid_y_5179": 1898162.1600175533, "footprint_area_m2": 278.27595166194601 }, "geometry": { "type": "Polygon", "coordinates": [ [ [ 129.41615680000001, 37.0664729 ], [ 129.41609840000001, 37.0666926 ], [ 129.4162212, 37.0667134 ], [ 129.4162796, 37.0664936 ], [ 129.41615680000001, 37.0664729 ] ] ] } },
{ "type": "Feature", "properties": { "element": "way", "id": 1226640809, "building": "apartments", "building:levels": null, "name": "A", "name:ko": null, "name:en": null, "amenity": null, "shop": null, "office": null, "tourism": null, "social_facility": null, "healthcare": null, "addr:street": null, "addr:housenumber": null, "start_date": null, "centroid_x_5179": 1170379.8241184193, "centroid_y_5179": 1898170.8583548758, "footprint_area_m2": 389.42854405013259 }, "geometry": { "type": "Polygon", "coordinates": [ [ [ 129.4163938, 37.0665059 ], [ 129.416338, 37.0667314 ], [ 129.416648, 37.0667802 ], [ 129.416666, 37.0667074 ], [ 129.416457, 37.0666745 ], [ 129.416494699999987, 37.0665218 ], [ 129.4163938, 37.0665059 ] ] ] } },
{ "type": "Feature", "properties": { "element": "way", "id": 1226640824, "building": "apartments", "building:levels": null, "name": "102", "name:ko": null, "name:en": null, "amenity": null, "shop": null, "office": null, "tourism": null, "social_facility": null, "healthcare": null, "addr:street": null, "addr:housenumber": null, "start_date": null, "centroid_x_5179": 1170327.5681902764, "centroid_y_5179": 1897890.1475695397, "footprint_area_m2": 637.54610780615951 }, "geometry": { "type": "Polygon", "coordinates": [ [ [ 129.4154786, 37.0641636 ], [ 129.4155067, 37.0642569 ], [ 129.4161609, 37.0641314 ], [ 129.4161327, 37.064038 ], [ 129.4154786, 37.0641636 ] ] ] } },
{ "type": "Feature", "properties": { "element": "way", "id": 1226640825, "building": "apartments", "building:levels": null, "name": "101", "name:ko": null, "name:en": null, "amenity": null, "shop": null, "office": null, "tourism": null, "social_facility": null, "healthcare": null, "addr:street": null, "addr:housenumber": null, "start_date": null, "centroid_x_5179": 1170301.8861040247, "centroid_y_5179": 1897850.5673406566, "footprint_area_m2": 746.84358703791702 }, "geometry": { "type": "Polygon", "coordinates": [ [ [ 129.415130299999987, 37.0638172 ], [ 129.415157599999986, 37.0639123 ], [ 129.415914, 37.0637738 ], [ 129.41588680000001, 37.0636788 ], [ 129.415130299999987, 37.0638172 ] ] ] } },
{ "type": "Feature", "properties": { "element": "way", "id": 1227092978, "building": "apartments", "building:levels": null, "name": "A", "name:ko": null, "name:en": null, "amenity": null, "shop": null, "office": null, "tourism": null, "social_facility": null, "healthcare": null, "addr:street": null, "addr:housenumber": null, "start_date": null, "centroid_x_5179": 1170518.0154298102, "centroid_y_5179": 1897889.1704822094, "footprint_area_m2": 317.67857257443779 }, "geometry": { "type": "Polygon", "coordinates": [ [ [ 129.417769600000014, 37.0641676 ], [ 129.4178296, 37.0642319 ], [ 129.418151599999987, 37.0640405 ], [ 129.4180916, 37.0639762 ], [ 129.417769600000014, 37.0641676 ] ] ] } },
{ "type": "Feature", "properties": { "element": "way", "id": 1227092979, "building": "apartments", "building:levels": null, "name": "B", "name:ko": null, "name:en": null, "amenity": null, "shop": null, "office": null, "tourism": null, "social_facility": null, "healthcare": null, "addr:street": null, "addr:housenumber": null, "start_date": null, "centroid_x_5179": 1170506.8056789956, "centroid_y_5179": 1897873.3379305506, "footprint_area_m2": 334.98948824958052 }, "geometry": { "type": "Polygon", "coordinates": [ [ [ 129.4176424, 37.0640248 ], [ 129.4177086, 37.0640933 ], [ 129.4180196, 37.063902 ], [ 129.41795350000001, 37.0638336 ], [ 129.4176424, 37.0640248 ] ] ] } },
{ "type": "Feature", "properties": { "element": "way", "id": 1227092980, "building": "apartments", "building:levels": null, "name": "C", "name:ko": null, "name:en": null, "amenity": null, "shop": null, "office": null, "tourism": null, "social_facility": null, "healthcare": null, "addr:street": null, "addr:housenumber": null, "start_date": null, "centroid_x_5179": 1170495.8822289926, "centroid_y_5179": 1897858.2394357659, "footprint_area_m2": 333.12276335737067 }, "geometry": { "type": "Polygon", "coordinates": [ [ [ 129.4175147, 37.0638929 ], [ 129.4175797, 37.06396 ], [ 129.4178948, 37.0637659 ], [ 129.417829899999987, 37.0636988 ], [ 129.4175147, 37.0638929 ] ] ] } },
{ "type": "Feature", "properties": { "element": "way", "id": 1227092996, "building": "train_station", "building:levels": null, "name": "후정정거장", "name:ko": "후정정거장", "name:en": null, "amenity": null, "shop": null, "office": null, "tourism": null, "social_facility": null, "healthcare": null, "addr:street": null, "addr:housenumber": null, "start_date": null, "centroid_x_5179": 1170412.8737520124, "centroid_y_5179": 1898433.6981047082, "footprint_area_m2": 749.55936108684045 }, "geometry": { "type": "Polygon", "coordinates": [ [ [ 129.4169255, 37.0693401 ], [ 129.4169656, 37.0693342 ], [ 129.4169884, 37.0693308 ], [ 129.4170426, 37.0693229 ], [ 129.4168855, 37.068723 ], [ 129.4167591, 37.0687476 ], [ 129.4168553, 37.06909 ], [ 129.4169255, 37.0693401 ] ] ] } },
{ "type": "Feature", "properties": { "element": "way", "id": 1227092998, "building": "train_station", "building:levels": null, "name": "봉수항정거장", "name:ko": "봉수항정거장", "name:en": null, "amenity": null, "shop": null, "office": null, "tourism": null, "social_facility": null, "healthcare": null, "addr:street": null, "addr:housenumber": null, "start_date": null, "centroid_x_5179": 1171145.5092158171, "centroid_y_5179": 1898035.6533941121, "footprint_area_m2": 178.73615609354599 }, "geometry": { "type": "Polygon", "coordinates": [ [ [ 129.4249188, 37.0653353 ], [ 129.4249692, 37.0653952 ], [ 129.4251778, 37.0652835 ], [ 129.4251275, 37.0652237 ], [ 129.4250811, 37.0652485 ], [ 129.4249188, 37.0653353 ] ] ] } },
{ "type": "Feature", "properties": { "element": "way", "id": 1227093005, "building": "apartments", "building:levels": null, "name": "1", "name:ko": null, "name:en": null, "amenity": null, "shop": null, "office": null, "tourism": null, "social_facility": null, "healthcare": null, "addr:street": null, "addr:housenumber": null, "start_date": null, "centroid_x_5179": 1170745.1059341654, "centroid_y_5179": 1897687.5945964502, "footprint_area_m2": 327.66690830537675 }, "geometry": { "type": "Polygon", "coordinates": [ [ [ 129.4204225, 37.0621047 ], [ 129.420393600000011, 37.0623807 ], [ 129.420513, 37.0623887 ], [ 129.420542, 37.0621127 ], [ 129.4204225, 37.0621047 ] ] ] } },
{ "type": "Feature", "properties": { "element": "way", "id": 1227093006, "building": "apartments", "building:levels": null, "name": "2", "name:ko": null, "name:en": null, "amenity": null, "shop": null, "office": null, "tourism": null, "social_facility": null, "healthcare": null, "addr:street": null, "addr:housenumber": null, "start_date": null, "centroid_x_5179": 1170718.4090985754, "centroid_y_5179": 1897680.3030845623, "footprint_area_m2": 460.77218941024046 }, "geometry": { "type": "Polygon", "coordinates": [ [ [ 129.4200856, 37.0623615 ], [ 129.420116799999988, 37.062003 ], [ 129.4202464, 37.0620102 ], [ 129.4202152, 37.0623687 ], [ 129.4200856, 37.0623615 ] ] ] } },
{ "type": "Feature", "properties": { "element": "way", "id": 1227093009, "building": "apartments", "building:levels": null, "name": "3", "name:ko": null, "name:en": null, "amenity": null, "shop": null, "office": null, "tourism": null, "social_facility": null, "healthcare": null, "addr:street": null, "addr:housenumber": null, "start_date": null, "centroid_x_5179": 1170718.2223263637, "centroid_y_5179": 1897719.042802217, "footprint_area_m2": 354.90919613713987 }, "geometry": { "type": "Polygon", "coordinates": [ [ [ 129.420058, 37.0624542 ], [ 129.4200447, 37.0626016 ], [ 129.4202874, 37.0626156 ], [ 129.420300700000013, 37.0624682 ], [ 129.420058, 37.0624542 ] ] ] } },
{ "type": "Feature", "properties": { "element": "way", "id": 1227093013, "building": "apartments", "building:levels": null, "name": "4", "name:ko": null, "name:en": null, "amenity": null, "shop": null, "office": null, "tourism": null, "social_facility": null, "healthcare": null, "addr:street": null, "addr:housenumber": null, "start_date": null, "centroid_x_5179": 1170676.2903258835, "centroid_y_5179": 1897642.6030311261, "footprint_area_m2": 818.09346699099888 }, "geometry": { "type": "Polygon", "coordinates": [ [ [ 129.4193608, 37.0616681 ], [ 129.419454699999989, 37.0615935 ], [ 129.4199482, 37.0619892 ], [ 129.4199831, 37.0620855 ], [ 129.4199322, 37.062126 ], [ 129.4193608, 37.0616681 ] ] ] } },
{ "type": "Feature", "properties": { "element": "way", "id": 1227093015, "building": "apartments", "building:levels": null, "name": "5", "name:ko": null, "name:en": null, "amenity": null, "shop": null, "office": null, "tourism": null, "social_facility": null, "healthcare": null, "addr:street": null, "addr:housenumber": null, "start_date": null, "centroid_x_5179": 1170651.346306819, "centroid_y_5179": 1897649.3921689496, "footprint_area_m2": 543.50555761908265 }, "geometry": { "type": "Polygon", "coordinates": [ [ [ 129.4191784, 37.061805 ], [ 129.4192749, 37.0617323 ], [ 129.4196318, 37.0620342 ], [ 129.419535200000013, 37.0621068 ], [ 129.4191784, 37.061805 ] ] ] } },
{ "type": "Feature", "properties": { "element": "way", "id": 1227093017, "building": "apartments", "building:levels": null, "name": "6", "name:ko": null, "name:en": null, "amenity": null, "shop": null, "office": null, "tourism": null, "social_facility": null, "healthcare": null, "addr:street": null, "addr:housenumber": null, "start_date": null, "centroid_x_5179": 1170633.3962029158, "centroid_y_5179": 1897664.0008293008, "footprint_area_m2": 461.25447627522664 }, "geometry": { "type": "Polygon", "coordinates": [ [ [ 129.4189917, 37.0619464 ], [ 129.419076499999989, 37.0618803 ], [ 129.4194215, 37.0621625 ], [ 129.4193367, 37.0622286 ], [ 129.4189917, 37.0619464 ] ] ] } },
{ "type": "Feature", "properties": { "element": "way", "id": 1227093062, "building": "train_station", "building:levels": null, "name": "하트해변정차장", "name:ko": "하트해변정차장", "name:en": null, "amenity": null, "shop": null, "office": null, "tourism": null, "social_facility": null, "healthcare": null, "addr:street": null, "addr:housenumber": null, "start_date": null, "centroid_x_5179": 1171355.6035150681, "centroid_y_5179": 1897582.6412404655, "footprint_area_m2": 190.59122275113219 }, "geometry": { "type": "Polygon", "coordinates": [ [ [ 129.4272054, 37.0611182 ], [ 129.427289699999989, 37.0610826 ], [ 129.427408500000013, 37.0612613 ], [ 129.427324199999987, 37.061297 ], [ 129.427222199999989, 37.0611436 ], [ 129.4272054, 37.0611182 ] ] ] } },
{ "type": "Feature", "properties": { "element": "way", "id": 1227093065, "building": "train_station", "building:levels": null, "name": "죽변 승하차장", "name:ko": "죽변 승하차장", "name:en": null, "amenity": null, "shop": null, "office": null, "tourism": null, "social_facility": null, "healthcare": null, "addr:street": null, "addr:housenumber": null, "start_date": null, "centroid_x_5179": 1171502.0589069289, "centroid_y_5179": 1897026.9589000682, "footprint_area_m2": 771.94149737053499 }, "geometry": { "type": "Polygon", "coordinates": [ [ [ 129.4291177, 37.0563349 ], [ 129.429179, 37.0562381 ], [ 129.428535399999987, 37.0559786 ], [ 129.428474099999988, 37.0560754 ], [ 129.4291177, 37.0563349 ] ] ] } },
{ "type": "Feature", "properties": { "element": "way", "id": 1227259397, "building": "yes", "building:levels": null, "name": "죽변면보건지소", "name:ko": null, "name:en": null, "amenity": null, "shop": null, "office": null, "tourism": null, "social_facility": null, "healthcare": "yes", "addr:street": null, "addr:housenumber": null, "start_date": null, "centroid_x_5179": 1170943.5220931009, "centroid_y_5179": 1897580.1313820267, "footprint_area_m2": 136.06921521941746 }, "geometry": { "type": "Polygon", "coordinates": [ [ [ 129.4225884, 37.0612782 ], [ 129.422600100000011, 37.0611927 ], [ 129.4227594, 37.0612065 ], [ 129.4227476, 37.0612921 ], [ 129.4225884, 37.0612782 ] ] ] } },
{ "type": "Feature", "properties": { "element": "way", "id": 1227259455, "building": "yes", "building:levels": null, "name": "죽변우체국", "name:ko": null, "name:en": null, "amenity": "post_office", "shop": null, "office": null, "tourism": null, "social_facility": null, "healthcare": null, "addr:street": null, "addr:housenumber": null, "start_date": null, "centroid_x_5179": 1170976.012885612, "centroid_y_5179": 1897384.1387004224, "footprint_area_m2": 285.30586383367631 }, "geometry": { "type": "Polygon", "coordinates": [ [ [ 129.4228914, 37.0593923 ], [ 129.4230661, 37.05938 ], [ 129.4230858, 37.0595592 ], [ 129.4229445, 37.0595692 ], [ 129.4229359, 37.0594906 ], [ 129.4229025, 37.059493 ], [ 129.4228914, 37.0593923 ] ] ] } },
{ "type": "Feature", "properties": { "element": "way", "id": 1227259470, "building": "yes", "building:levels": null, "name": "죽변파출소", "name:ko": null, "name:en": null, "amenity": "police", "shop": null, "office": null, "tourism": null, "social_facility": null, "healthcare": null, "addr:street": null, "addr:housenumber": null, "start_date": null, "centroid_x_5179": 1170856.4074798874, "centroid_y_5179": 1897393.9120894738, "footprint_area_m2": 73.247943838726982 }, "geometry": { "type": "Polygon", "coordinates": [ [ [ 129.4215841, 37.0595824 ], [ 129.4216523, 37.0595261 ], [ 129.4217204, 37.0595787 ], [ 129.421652200000011, 37.059635 ], [ 129.4215841, 37.0595824 ] ] ] } },
{ "type": "Feature", "properties": { "element": "way", "id": 1227394295, "building": "yes", "building:levels": null, "name": "죽변면사무소", "name:ko": null, "name:en": null, "amenity": null, "shop": null, "office": "government", "tourism": null, "social_facility": null, "healthcare": null, "addr:street": null, "addr:housenumber": null, "start_date": null, "centroid_x_5179": 1170313.692565761, "centroid_y_5179": 1897005.6021108781, "footprint_area_m2": 970.42829816633582 }, "geometry": { "type": "Polygon", "coordinates": [ [ [ 129.4153559, 37.0564051 ], [ 129.415405, 37.0563399 ], [ 129.415419, 37.0563064 ], [ 129.415377, 37.0562728 ], [ 129.4153489, 37.0562225 ], [ 129.415344299999987, 37.056161 ], [ 129.415363, 37.0561051 ], [ 129.4152906, 37.0560287 ], [ 129.4152205, 37.0559206 ], [ 129.4153303, 37.0558871 ], [ 129.4153746, 37.0559672 ], [ 129.415437700000012, 37.056038 ], [ 129.4155194, 37.0561033 ], [ 129.4155031, 37.0561256 ], [ 129.4155824, 37.0561741 ], [ 129.4156805, 37.0562095 ], [ 129.4158043, 37.0562318 ], [ 129.4157949, 37.0562803 ], [ 129.415685200000013, 37.0562616 ], [ 129.4156642, 37.0562952 ], [ 129.4156291, 37.0562803 ], [ 129.41558710000001, 37.0563045 ], [ 129.4155264, 37.0563194 ], [ 129.4154984, 37.0563716 ], [ 129.4154447, 37.056448 ], [ 129.4153559, 37.0564051 ] ] ] } },
{ "type": "Feature", "properties": { "element": "way", "id": 1227394307, "building": "fire_station", "building:levels": null, "name": "죽변119안전센터", "name:ko": null, "name:en": null, "amenity": null, "shop": null, "office": null, "tourism": null, "social_facility": null, "healthcare": null, "addr:street": null, "addr:housenumber": null, "start_date": null, "centroid_x_5179": 1170054.2667358462, "centroid_y_5179": 1896847.8678679022, "footprint_area_m2": 465.55444019812001 }, "geometry": { "type": "Polygon", "coordinates": [ [ [ 129.4123239, 37.0547454 ], [ 129.4123257, 37.0548717 ], [ 129.4126991, 37.0548683 ], [ 129.4126973, 37.054742 ], [ 129.4123239, 37.0547454 ] ] ] } },
{ "type": "Feature", "properties": { "element": "way", "id": 1227394317, "building": "train_station", "building:levels": null, "name": null, "name:ko": null, "name:en": null, "amenity": null, "shop": null, "office": null, "tourism": null, "social_facility": null, "healthcare": null, "addr:street": null, "addr:housenumber": null, "start_date": "2025-01-01", "centroid_x_5179": 1169328.2234602789, "centroid_y_5179": 1896218.3213182942, "footprint_area_m2": 446.37692288346727 }, "geometry": { "type": "Polygon", "coordinates": [ [ [ 129.404128, 37.0494506 ], [ 129.4041698, 37.0490737 ], [ 129.404288799999989, 37.0490821 ], [ 129.4042471, 37.049459 ], [ 129.404128, 37.0494506 ] ] ] } },
{ "type": "Feature", "properties": { "element": "way", "id": 1228286316, "building": "yes", "building:levels": null, "name": "울진봉평리신라비", "name:ko": null, "name:en": null, "amenity": null, "shop": null, "office": null, "tourism": null, "social_facility": null, "healthcare": null, "addr:street": null, "addr:housenumber": null, "start_date": null, "centroid_x_5179": 1169792.5644961018, "centroid_y_5179": 1895608.5113303205, "footprint_area_m2": 1617.3218263031813 }, "geometry": { "type": "Polygon", "coordinates": [ [ [ 129.4089936, 37.0434994 ], [ 129.4090675, 37.0437402 ], [ 129.4090252, 37.0437485 ], [ 129.409061, 37.0438651 ], [ 129.4091058, 37.0438563 ], [ 129.4091285, 37.0439301 ], [ 129.4092683, 37.0439028 ], [ 129.4092475, 37.043835 ], [ 129.4096848, 37.0437495 ], [ 129.409719599999988, 37.0436709 ], [ 129.4096745, 37.0435891 ], [ 129.4096007, 37.0435531 ], [ 129.4095204, 37.0435687 ], [ 129.4095591, 37.0436951 ], [ 129.409375, 37.043731 ], [ 129.4092953, 37.0434709 ], [ 129.409197299999988, 37.04349 ], [ 129.409204499999987, 37.0435133 ], [ 129.409127899999987, 37.0435282 ], [ 129.409112, 37.0434762 ], [ 129.4089936, 37.0434994 ] ] ] } },
{ "type": "Feature", "properties": { "element": "way", "id": 1232322806, "building": "yes", "building:levels": null, "name": "울진군립추모원 봉안당", "name:ko": null, "name:en": null, "amenity": null, "shop": null, "office": null, "tourism": null, "social_facility": null, "healthcare": null, "addr:street": null, "addr:housenumber": null, "start_date": null, "centroid_x_5179": 1164765.8189763315, "centroid_y_5179": 1889969.382162547, "footprint_area_m2": 714.83145571816544 }, "geometry": { "type": "Polygon", "coordinates": [ [ [ 129.3515552, 36.993983 ], [ 129.351751, 36.9937084 ], [ 129.35151350000001, 36.9936004 ], [ 129.3513878, 36.9937766 ], [ 129.3514357, 36.9937984 ], [ 129.3514295, 36.9938254 ], [ 129.35143260000001, 36.9938574 ], [ 129.3514634, 36.9938722 ], [ 129.3515127, 36.9938648 ], [ 129.3514595, 36.9939394 ], [ 129.3515552, 36.993983 ] ] ] } },
{ "type": "Feature", "properties": { "element": "way", "id": 1232322811, "building": "yes", "building:levels": null, "name": "울진군립추모원", "name:ko": null, "name:en": null, "amenity": null, "shop": null, "office": null, "tourism": null, "social_facility": null, "healthcare": null, "addr:street": null, "addr:housenumber": null, "start_date": null, "centroid_x_5179": 1164732.7327780186, "centroid_y_5179": 1890092.5737945815, "footprint_area_m2": 1828.4272991687114 }, "geometry": { "type": "Polygon", "coordinates": [ [ [ 129.3513757, 36.994627 ], [ 129.3515823, 36.9948589 ], [ 129.3510521, 36.99516 ], [ 129.3508457, 36.9949281 ], [ 129.3513757, 36.994627 ] ] ] } },
{ "type": "Feature", "properties": { "element": "way", "id": 1232322838, "building": "yes", "building:levels": null, "name": "울진파출소", "name:ko": null, "name:en": null, "amenity": "police", "shop": null, "office": null, "tourism": null, "social_facility": null, "healthcare": null, "addr:street": null, "addr:housenumber": null, "start_date": null, "centroid_x_5179": 1169324.9418072931, "centroid_y_5179": 1890339.25320746, "footprint_area_m2": 145.7921779181068 }, "geometry": { "type": "Polygon", "coordinates": [ [ [ 129.402767, 36.9962535 ], [ 129.4029376, 36.9962603 ], [ 129.4029322, 36.9963466 ], [ 129.4027616, 36.9963398 ], [ 129.402767, 36.9962535 ] ] ] } },
{ "type": "Feature", "properties": { "element": "way", "id": 1232442405, "building": "yes", "building:levels": null, "name": "흥부체육관", "name:ko": null, "name:en": null, "amenity": null, "shop": null, "office": null, "tourism": null, "social_facility": null, "healthcare": null, "addr:street": null, "addr:housenumber": null, "start_date": null, "centroid_x_5179": 1165085.6251842387, "centroid_y_5179": 1901418.2989519639, "footprint_area_m2": 2583.3659999263941 }, "geometry": { "type": "Polygon", "coordinates": [ [ [ 129.357321500000012, 37.0966815 ], [ 129.3573247, 37.0970661 ], [ 129.3580055, 37.0970626 ], [ 129.35800230000001, 37.0966779 ], [ 129.357321500000012, 37.0966815 ] ] ] } },
{ "type": "Feature", "properties": { "element": "way", "id": 1232837841, "building": "yes", "building:levels": null, "name": "금강송파출소", "name:ko": null, "name:en": null, "amenity": "police", "shop": null, "office": null, "tourism": null, "social_facility": null, "healthcare": null, "addr:street": null, "addr:housenumber": null, "start_date": null, "centroid_x_5179": 1155802.858136988, "centroid_y_5179": 1883410.280072273, "footprint_area_m2": 85.093346576549692 }, "geometry": { "type": "Polygon", "coordinates": [ [ [ 129.2496021, 36.9362018 ], [ 129.249517200000014, 36.9362655 ], [ 129.2494539, 36.9362116 ], [ 129.249538699999988, 36.9361479 ], [ 129.2496021, 36.9362018 ] ] ] } },
{ "type": "Feature", "properties": { "element": "way", "id": 1232837843, "building": "yes", "building:levels": null, "name": "울진금강송우체국", "name:ko": null, "name:en": null, "amenity": "post_office", "shop": null, "office": null, "tourism": null, "social_facility": null, "healthcare": null, "addr:street": null, "addr:housenumber": null, "start_date": null, "centroid_x_5179": 1155651.0574769818, "centroid_y_5179": 1883246.204311481, "footprint_area_m2": 117.25599561151454 }, "geometry": { "type": "Polygon", "coordinates": [ [ [ 129.247795, 36.9348223 ], [ 129.247876600000012, 36.9347559 ], [ 129.2477857, 36.9346845 ], [ 129.2477041, 36.934751 ], [ 129.247795, 36.9348223 ] ] ] } },
{ "type": "Feature", "properties": { "element": "way", "id": 1232837844, "building": "yes", "building:levels": null, "name": "금강송면사무소", "name:ko": null, "name:en": null, "amenity": null, "shop": null, "office": "government", "tourism": null, "social_facility": null, "healthcare": null, "addr:street": null, "addr:housenumber": null, "start_date": null, "centroid_x_5179": 1155594.4374321834, "centroid_y_5179": 1883336.4319731244, "footprint_area_m2": 244.19118507896098 }, "geometry": { "type": "Polygon", "coordinates": [ [ [ 129.247293899999988, 36.9356397 ], [ 129.2473137, 36.9355477 ], [ 129.2470529, 36.9355118 ], [ 129.24703310000001, 36.9356038 ], [ 129.247293899999988, 36.9356397 ] ] ] } },
{ "type": "Feature", "properties": { "element": "way", "id": 1232837845, "building": "yes", "building:levels": null, "name": null, "name:ko": null, "name:en": null, "amenity": null, "shop": null, "office": null, "tourism": null, "social_facility": null, "healthcare": "yes", "addr:street": null, "addr:housenumber": null, "start_date": null, "centroid_x_5179": 1155590.8753993004, "centroid_y_5179": 1883192.3415358295, "footprint_area_m2": 196.72266025566756 }, "geometry": { "type": "Polygon", "coordinates": [ [ [ 129.2471592, 36.9341882 ], [ 129.2471591, 36.9343679 ], [ 129.247048400000011, 36.9343679 ], [ 129.247048400000011, 36.9341882 ], [ 129.2471592, 36.9341882 ] ] ] } },
{ "type": "Feature", "properties": { "element": "way", "id": 1232837847, "building": "yes", "building:levels": null, "name": "금강송면정류장", "name:ko": null, "name:en": null, "amenity": "bus_station", "shop": null, "office": null, "tourism": null, "social_facility": null, "healthcare": null, "addr:street": null, "addr:housenumber": null, "start_date": null, "centroid_x_5179": 1155491.1107201644, "centroid_y_5179": 1883158.6164242588, "footprint_area_m2": 71.976194889782079 }, "geometry": { "type": "Polygon", "coordinates": [ [ [ 129.2460091, 36.9339376 ], [ 129.246050200000013, 36.9339832 ], [ 129.245945, 36.9340437 ], [ 129.245904, 36.933998 ], [ 129.2460091, 36.9339376 ] ] ] } },
{ "type": "Feature", "properties": { "element": "way", "id": 1234517989, "building": "yes", "building:levels": null, "name": "소곡보건진료소", "name:ko": null, "name:en": null, "amenity": "doctors", "shop": null, "office": null, "tourism": null, "social_facility": null, "healthcare": "doctor", "addr:street": null, "addr:housenumber": null, "start_date": null, "centroid_x_5179": 1164592.8129421044, "centroid_y_5179": 1896408.3165993621, "footprint_area_m2": 170.75636790816597 }, "geometry": { "type": "Polygon", "coordinates": [ [ [ 129.3509076, 37.0518172 ], [ 129.3510934, 37.051748 ], [ 129.351138099999986, 37.0518244 ], [ 129.350952299999989, 37.0518937 ], [ 129.3509076, 37.0518172 ] ] ] } },
{ "type": "Feature", "properties": { "element": "way", "id": 1234982632, "building": "yes", "building:levels": null, "name": "울진북면사무소 하당출장소", "name:ko": null, "name:en": null, "amenity": null, "shop": null, "office": "government", "tourism": null, "social_facility": null, "healthcare": null, "addr:street": null, "addr:housenumber": null, "start_date": null, "centroid_x_5179": 1162013.4735274389, "centroid_y_5179": 1895059.8341400931, "footprint_area_m2": 338.19022294154041 }, "geometry": { "type": "Polygon", "coordinates": [ [ [ 129.3216577, 37.0400147 ], [ 129.3217395, 37.0400664 ], [ 129.321767200000011, 37.0400386 ], [ 129.3218833, 37.040112 ], [ 129.321850500000011, 37.040145 ], [ 129.3218803, 37.0401638 ], [ 129.321841400000011, 37.040203 ], [ 129.3218052, 37.0401801 ], [ 129.3217712, 37.0402143 ], [ 129.3217367, 37.0402143 ], [ 129.3215973, 37.0401262 ], [ 129.3216328, 37.0400904 ], [ 129.3216019, 37.0400709 ], [ 129.3216577, 37.0400147 ] ] ] } },
{ "type": "Feature", "properties": { "element": "way", "id": 1235771480, "building": "yes", "building:levels": null, "name": "울진국유림관리소", "name:ko": null, "name:en": null, "amenity": null, "shop": null, "office": "government", "tourism": null, "social_facility": null, "healthcare": null, "addr:street": null, "addr:housenumber": null, "start_date": null, "centroid_x_5179": 1168611.0777194579, "centroid_y_5179": 1889250.5657872101, "footprint_area_m2": 432.11729315243173 }, "geometry": { "type": "Polygon", "coordinates": [ [ [ 129.3943952, 36.9865779 ], [ 129.394529799999987, 36.9866787 ], [ 129.3945615, 36.9866517 ], [ 129.3947073, 36.9867607 ], [ 129.3947895, 36.9866907 ], [ 129.394509199999987, 36.9864808 ], [ 129.3943952, 36.9865779 ] ] ] } },
{ "type": "Feature", "properties": { "element": "way", "id": 1235771488, "building": "yes", "building:levels": null, "name": "한국전력공사 울진지사", "name:ko": null, "name:en": null, "amenity": null, "shop": null, "office": "energy_supplier", "tourism": null, "social_facility": null, "healthcare": null, "addr:street": null, "addr:housenumber": null, "start_date": null, "centroid_x_5179": 1168635.2521290937, "centroid_y_5179": 1889504.7213728514, "footprint_area_m2": 460.73449017185726 }, "geometry": { "type": "Polygon", "coordinates": [ [ [ 129.395007099999987, 36.9887706 ], [ 129.3949953, 36.9890447 ], [ 129.3948253, 36.98904 ], [ 129.394837200000012, 36.9887659 ], [ 129.395007099999987, 36.9887706 ] ] ] } },
{ "type": "Feature", "properties": { "element": "way", "id": 1236108344, "building": "yes", "building:levels": null, "name": "영덕세무서 울진지서", "name:ko": null, "name:en": null, "amenity": null, "shop": null, "office": "government", "tourism": null, "social_facility": null, "healthcare": null, "addr:street": null, "addr:housenumber": null, "start_date": null, "centroid_x_5179": 1168771.4787960225, "centroid_y_5179": 1889613.0157748624, "footprint_area_m2": 669.05799744552598 }, "geometry": { "type": "Polygon", "coordinates": [ [ [ 129.3962526, 36.9898216 ], [ 129.3963057, 36.9899476 ], [ 129.3963465, 36.9899366 ], [ 129.3963689, 36.9899898 ], [ 129.396637199999986, 36.9899176 ], [ 129.3966151, 36.9898651 ], [ 129.39667510000001, 36.9898489 ], [ 129.3966217, 36.9897222 ], [ 129.3962526, 36.9898216 ] ] ] } },
{ "type": "Feature", "properties": { "element": "way", "id": 1236108347, "building": "yes", "building:levels": null, "name": "대구지방법원 울진군법원", "name:ko": null, "name:en": null, "amenity": "courthouse", "shop": null, "office": null, "tourism": null, "social_facility": null, "healthcare": null, "addr:street": null, "addr:housenumber": null, "start_date": null, "centroid_x_5179": 1168788.5891234074, "centroid_y_5179": 1889543.3292612392, "footprint_area_m2": 464.26574890562705 }, "geometry": { "type": "Polygon", "coordinates": [ [ [ 129.3966696, 36.9890743 ], [ 129.3967868, 36.9893294 ], [ 129.3966245, 36.989377 ], [ 129.3965072, 36.9891219 ], [ 129.3966696, 36.9890743 ] ] ] } },
{ "type": "Feature", "properties": { "element": "way", "id": 1236108361, "building": "apartments", "building:levels": null, "name": "예그리나아파트", "name:ko": null, "name:en": null, "amenity": null, "shop": null, "office": null, "tourism": null, "social_facility": null, "healthcare": null, "addr:street": null, "addr:housenumber": null, "start_date": null, "centroid_x_5179": 1168720.7565626279, "centroid_y_5179": 1889933.091230249, "footprint_area_m2": 392.91867973167859 }, "geometry": { "type": "Polygon", "coordinates": [ [ [ 129.3957862, 36.9927976 ], [ 129.3959987, 36.9925975 ], [ 129.396074199999987, 36.9926487 ], [ 129.3959979, 36.9927206 ], [ 129.3961411, 36.9928176 ], [ 129.396075599999989, 36.9928794 ], [ 129.3959197, 36.9927739 ], [ 129.395849199999986, 36.9928403 ], [ 129.3957862, 36.9927976 ] ] ] } },
{ "type": "Feature", "properties": { "element": "way", "id": 1236108365, "building": "yes", "building:levels": null, "name": "울진군장애인종합복지관", "name:ko": null, "name:en": null, "amenity": "social_centre", "shop": null, "office": null, "tourism": null, "social_facility": null, "healthcare": null, "addr:street": null, "addr:housenumber": null, "start_date": null, "centroid_x_5179": 1168670.6836936173, "centroid_y_5179": 1889876.6903429648, "footprint_area_m2": 846.17896322164711 }, "geometry": { "type": "Polygon", "coordinates": [ [ [ 129.3951281, 36.9921914 ], [ 129.3952658, 36.9920585 ], [ 129.3956789, 36.9923313 ], [ 129.3955693, 36.9924371 ], [ 129.3954196, 36.9923383 ], [ 129.395391499999988, 36.9923655 ], [ 129.3951281, 36.9921914 ] ] ] } },
{ "type": "Feature", "properties": { "element": "way", "id": 1236108395, "building": "apartments", "building:levels": null, "name": "정우퍼펙트빌아파트", "name:ko": null, "name:en": null, "amenity": null, "shop": null, "office": null, "tourism": null, "social_facility": null, "healthcare": null, "addr:street": null, "addr:housenumber": null, "start_date": null, "centroid_x_5179": 1168869.1405662077, "centroid_y_5179": 1889429.722024461, "footprint_area_m2": 501.05564315372959 }, "geometry": { "type": "Polygon", "coordinates": [ [ [ 129.397326600000014, 36.9881471 ], [ 129.3975987, 36.9880643 ], [ 129.397702, 36.988281 ], [ 129.3975868, 36.988316 ], [ 129.3975623, 36.9882645 ], [ 129.397464899999989, 36.988232 ], [ 129.3973795, 36.988258 ], [ 129.397326600000014, 36.9881471 ] ] ] } },
{ "type": "Feature", "properties": { "element": "way", "id": 1236108397, "building": "apartments", "building:levels": null, "name": "나진파크뷰아파트", "name:ko": null, "name:en": null, "amenity": null, "shop": null, "office": null, "tourism": null, "social_facility": null, "healthcare": null, "addr:street": null, "addr:housenumber": null, "start_date": null, "centroid_x_5179": 1168842.6816285769, "centroid_y_5179": 1889374.5109064451, "footprint_area_m2": 218.75798309520644 }, "geometry": { "type": "Polygon", "coordinates": [ [ [ 129.3970928, 36.9876507 ], [ 129.3973004, 36.9876341 ], [ 129.397330399999987, 36.9876553 ], [ 129.397336599999988, 36.9877041 ], [ 129.397294100000011, 36.9877076 ], [ 129.397297, 36.9877305 ], [ 129.3972511, 36.9877342 ], [ 129.397253400000011, 36.9877529 ], [ 129.3972139, 36.9877561 ], [ 129.3972171, 36.9877809 ], [ 129.3971608, 36.9877854 ], [ 129.397149500000012, 36.987696 ], [ 129.3970989, 36.9877 ], [ 129.3970928, 36.9876507 ] ] ] } },
{ "type": "Feature", "properties": { "element": "way", "id": 1236108406, "building": "apartments", "building:levels": null, "name": "보운메트로아파트", "name:ko": null, "name:en": null, "amenity": null, "shop": null, "office": null, "tourism": null, "social_facility": null, "healthcare": null, "addr:street": null, "addr:housenumber": null, "start_date": null, "centroid_x_5179": 1168912.9207572944, "centroid_y_5179": 1889152.7275018867, "footprint_area_m2": 422.60382730375727 }, "geometry": { "type": "Polygon", "coordinates": [ [ [ 129.39802610000001, 36.9858433 ], [ 129.39801940000001, 36.9855232 ], [ 129.3978859, 36.985525 ], [ 129.397892399999989, 36.9858451 ], [ 129.39802610000001, 36.9858433 ] ] ] } },
{ "type": "Feature", "properties": { "element": "way", "id": 1237844041, "building": "yes", "building:levels": null, "name": "근남파출소", "name:ko": null, "name:en": null, "amenity": "police", "shop": null, "office": null, "tourism": null, "social_facility": null, "healthcare": null, "addr:street": null, "addr:housenumber": null, "start_date": null, "centroid_x_5179": 1168776.4179233427, "centroid_y_5179": 1886629.2080637177, "footprint_area_m2": 108.76965366396402 }, "geometry": { "type": "Polygon", "coordinates": [ [ [ 129.3958386, 36.9629071 ], [ 129.3959491, 36.9629912 ], [ 129.395895200000012, 36.9630365 ], [ 129.3958422, 36.9629961 ], [ 129.395826199999988, 36.9630095 ], [ 129.3957687, 36.9629657 ], [ 129.3958386, 36.9629071 ] ] ] } },
{ "type": "Feature", "properties": { "element": "way", "id": 1237844067, "building": "yes", "building:levels": null, "name": "근남면사무소", "name:ko": null, "name:en": null, "amenity": null, "shop": null, "office": "government", "tourism": null, "social_facility": null, "healthcare": null, "addr:street": null, "addr:housenumber": null, "start_date": null, "centroid_x_5179": 1168660.5135226785, "centroid_y_5179": 1886600.7680493812, "footprint_area_m2": 635.41142615158253 }, "geometry": { "type": "Polygon", "coordinates": [ [ [ 129.3947316, 36.9626079 ], [ 129.3948014, 36.9627365 ], [ 129.3943668, 36.9628672 ], [ 129.3943025, 36.9627386 ], [ 129.3947316, 36.9626079 ] ] ] } },
{ "type": "Feature", "properties": { "element": "way", "id": 1237844069, "building": "apartments", "building:levels": null, "name": "행복아파트", "name:ko": null, "name:en": null, "amenity": null, "shop": null, "office": null, "tourism": null, "social_facility": null, "healthcare": null, "addr:street": null, "addr:housenumber": null, "start_date": null, "centroid_x_5179": 1168692.8400100819, "centroid_y_5179": 1886489.315651847, "footprint_area_m2": 612.72243807632617 }, "geometry": { "type": "Polygon", "coordinates": [ [ [ 129.395074099999988, 36.9619132 ], [ 129.394914300000011, 36.9615556 ], [ 129.3946484, 36.9616315 ], [ 129.3946884, 36.961721 ], [ 129.394838, 36.9616783 ], [ 129.3949577, 36.9619464 ], [ 129.395074099999988, 36.9619132 ] ] ] } },
{ "type": "Feature", "properties": { "element": "way", "id": 1237980804, "building": "yes", "building:levels": null, "name": null, "name:ko": null, "name:en": null, "amenity": null, "shop": null, "office": "research", "tourism": null, "social_facility": null, "healthcare": null, "addr:street": null, "addr:housenumber": null, "start_date": null, "centroid_x_5179": 1170675.5421145866, "centroid_y_5179": 1880017.6211772498, "footprint_area_m2": 476.61990713734434 }, "geometry": { "type": "Polygon", "coordinates": [ [ [ 129.415663, 36.9032294 ], [ 129.4157188, 36.9031107 ], [ 129.4157959, 36.9031339 ], [ 129.415826399999986, 36.9030691 ], [ 129.4157641, 36.9030504 ], [ 129.4158171, 36.9029377 ], [ 129.415682299999986, 36.9028971 ], [ 129.4155429, 36.9031933 ], [ 129.415663, 36.9032294 ] ] ] } },
{ "type": "Feature", "properties": { "element": "way", "id": 1237980809, "building": "yes", "building:levels": null, "name": null, "name:ko": null, "name:en": null, "amenity": "social_facility", "shop": null, "office": null, "tourism": null, "social_facility": "nursing_home", "healthcare": null, "addr:street": null, "addr:housenumber": null, "start_date": null, "centroid_x_5179": 1170415.2190953463, "centroid_y_5179": 1880408.2472133737, "footprint_area_m2": 724.27342424427025 }, "geometry": { "type": "Polygon", "coordinates": [ [ [ 129.412837200000013, 36.9065209 ], [ 129.412858199999988, 36.9065687 ], [ 129.4130485, 36.9065154 ], [ 129.4131085, 36.9066523 ], [ 129.4127063, 36.9067651 ], [ 129.4126252, 36.9065804 ], [ 129.412837200000013, 36.9065209 ] ] ] } },
{ "type": "Feature", "properties": { "element": "way", "id": 1238127747, "building": "yes", "building:levels": null, "name": null, "name:ko": null, "name:en": null, "amenity": null, "shop": null, "office": null, "tourism": null, "social_facility": null, "healthcare": null, "addr:street": null, "addr:housenumber": null, "start_date": null, "centroid_x_5179": 1169720.3558873457, "centroid_y_5179": 1887560.5380499288, "footprint_area_m2": 1171.4660156893913 }, "geometry": { "type": "Polygon", "coordinates": [ [ [ 129.406907, 36.9710313 ], [ 129.4066568, 36.9714461 ], [ 129.4064248, 36.9713567 ], [ 129.4066751, 36.970942 ], [ 129.4068186, 36.9709973 ], [ 129.406907, 36.9710313 ] ] ] } },
{ "type": "Feature", "properties": { "element": "way", "id": 1238127749, "building": "yes", "building:levels": null, "name": null, "name:ko": null, "name:en": null, "amenity": null, "shop": null, "office": null, "tourism": null, "social_facility": null, "healthcare": null, "addr:street": null, "addr:housenumber": null, "start_date": null, "centroid_x_5179": 1170050.7360716523, "centroid_y_5179": 1886922.5133526614, "footprint_area_m2": 488.21435009423959 }, "geometry": { "type": "Polygon", "coordinates": [ [ [ 129.4102149, 36.9655525 ], [ 129.4103914, 36.9652783 ], [ 129.4102489, 36.9652198 ], [ 129.4100724, 36.9654939 ], [ 129.4101396, 36.9655216 ], [ 129.4102149, 36.9655525 ] ] ] } },
{ "type": "Feature", "properties": { "element": "way", "id": 1238759435, "building": "yes", "building:levels": null, "name": "울진매화우체국", "name:ko": null, "name:en": null, "amenity": "post_office", "shop": null, "office": null, "tourism": null, "social_facility": null, "healthcare": null, "addr:street": null, "addr:housenumber": null, "start_date": null, "centroid_x_5179": 1167641.9201419759, "centroid_y_5179": 1880831.887813844, "footprint_area_m2": 159.09237561970235 }, "geometry": { "type": "Polygon", "coordinates": [ [ [ 129.3817821, 36.911012 ], [ 129.3819279, 36.9109772 ], [ 129.38189, 36.9108759 ], [ 129.381744200000014, 36.9109107 ], [ 129.3817821, 36.911012 ] ] ] } },
{ "type": "Feature", "properties": { "element": "way", "id": 1238759436, "building": "yes", "building:levels": null, "name": "매화정류장", "name:ko": null, "name:en": null, "amenity": "bus_station", "shop": null, "office": null, "tourism": null, "social_facility": null, "healthcare": null, "addr:street": null, "addr:housenumber": null, "start_date": null, "centroid_x_5179": 1167404.5681438318, "centroid_y_5179": 1880904.7200972841, "footprint_area_m2": 361.56620050382497 }, "geometry": { "type": "Polygon", "coordinates": [ [ [ 129.3791106, 36.9117647 ], [ 129.379241900000011, 36.9117505 ], [ 129.379226, 36.911656 ], [ 129.3793229, 36.9116456 ], [ 129.379305499999987, 36.9115426 ], [ 129.3790773, 36.9115672 ], [ 129.3791106, 36.9117647 ] ] ] } },
{ "type": "Feature", "properties": { "element": "way", "id": 1238759437, "building": "yes", "building:levels": null, "name": "매화면사무소", "name:ko": null, "name:en": null, "amenity": null, "shop": null, "office": "government", "tourism": null, "social_facility": null, "healthcare": null, "addr:street": null, "addr:housenumber": null, "start_date": null, "centroid_x_5179": 1167668.8432154956, "centroid_y_5179": 1881079.5915696882, "footprint_area_m2": 335.49033851160436 }, "geometry": { "type": "Polygon", "coordinates": [ [ [ 129.3823332, 36.9132293 ], [ 129.3823293, 36.9131067 ], [ 129.3820527, 36.9131125 ], [ 129.3820567, 36.9132351 ], [ 129.3823332, 36.9132293 ] ] ] } },
{ "type": "Feature", "properties": { "element": "way", "id": 1238759440, "building": "yes", "building:levels": null, "name": "매화면보건지소", "name:ko": null, "name:en": null, "amenity": null, "shop": null, "office": null, "tourism": null, "social_facility": null, "healthcare": "yes", "addr:street": null, "addr:housenumber": null, "start_date": null, "centroid_x_5179": 1167494.9371895823, "centroid_y_5179": 1881058.4453250801, "footprint_area_m2": 288.83411908869215 }, "geometry": { "type": "Polygon", "coordinates": [ [ [ 129.380128500000012, 36.913081 ], [ 129.3803869, 36.9130581 ], [ 129.380379799999986, 36.9130068 ], [ 129.380333799999988, 36.9130109 ], [ 129.3803236, 36.9129374 ], [ 129.380111199999988, 36.9129563 ], [ 129.380128500000012, 36.913081 ] ] ] } },
{ "type": "Feature", "properties": { "element": "way", "id": 1238759443, "building": "yes", "building:levels": null, "name": "매화면목욕탕", "name:ko": null, "name:en": null, "amenity": "public_bath", "shop": null, "office": null, "tourism": null, "social_facility": null, "healthcare": null, "addr:street": null, "addr:housenumber": null, "start_date": null, "centroid_x_5179": 1167545.2711744662, "centroid_y_5179": 1881068.9852417542, "footprint_area_m2": 286.70228282467974 }, "geometry": { "type": "Polygon", "coordinates": [ [ [ 129.3807507, 36.9129658 ], [ 129.3808209, 36.9129994 ], [ 129.380791, 36.9130393 ], [ 129.3809362, 36.9131089 ], [ 129.3808491, 36.913225 ], [ 129.380759, 36.9131818 ], [ 129.380797800000011, 36.9131301 ], [ 129.3806725, 36.91307 ], [ 129.3807507, 36.9129658 ] ] ] } },
{ "type": "Feature", "properties": { "element": "way", "id": 1241949003, "building": "yes", "building:levels": null, "name": null, "name:ko": null, "name:en": null, "amenity": null, "shop": null, "office": null, "tourism": null, "social_facility": null, "healthcare": null, "addr:street": null, "addr:housenumber": null, "start_date": null, "centroid_x_5179": 1171356.3599013148, "centroid_y_5179": 1875379.6510076632, "footprint_area_m2": 149.74153652356785 }, "geometry": { "type": "Polygon", "coordinates": [ [ [ 129.4221808, 36.8612432 ], [ 129.4222384, 36.8612682 ], [ 129.4223761, 36.8610654 ], [ 129.4223184, 36.8610404 ], [ 129.4221808, 36.8612432 ] ] ] } },
{ "type": "Feature", "properties": { "element": "way", "id": 1293830229, "building": "yes", "building:levels": null, "name": null, "name:ko": null, "name:en": null, "amenity": null, "shop": null, "office": null, "tourism": null, "social_facility": null, "healthcare": null, "addr:street": null, "addr:housenumber": null, "start_date": null, "centroid_x_5179": 1157808.8730905638, "centroid_y_5179": 1872618.8189096067, "footprint_area_m2": 202.48707733504691 }, "geometry": { "type": "Polygon", "coordinates": [ [ [ 129.2696762, 36.8386108 ], [ 129.2698843, 36.8387392 ], [ 129.269926199999986, 36.8386957 ], [ 129.2699414, 36.8386799 ], [ 129.2698245, 36.8386078 ], [ 129.2698093, 36.8386236 ], [ 129.269792700000011, 36.8386133 ], [ 129.2697837, 36.8386227 ], [ 129.2697583, 36.838607 ], [ 129.269759099999987, 36.8385417 ], [ 129.2696771, 36.8385411 ], [ 129.2696762, 36.8386108 ] ] ] } },
{ "type": "Feature", "properties": { "element": "way", "id": 1293830230, "building": "yes", "building:levels": null, "name": null, "name:ko": null, "name:en": null, "amenity": null, "shop": null, "office": null, "tourism": null, "social_facility": null, "healthcare": null, "addr:street": null, "addr:housenumber": null, "start_date": null, "centroid_x_5179": 1157775.8139509496, "centroid_y_5179": 1872592.2101891921, "footprint_area_m2": 266.62215155181525 }, "geometry": { "type": "Polygon", "coordinates": [ [ [ 129.2693764, 36.8384634 ], [ 129.269378100000012, 36.8384921 ], [ 129.2693976, 36.8385377 ], [ 129.269497800000011, 36.8385103 ], [ 129.269478600000014, 36.8384655 ], [ 129.269467100000014, 36.8382762 ], [ 129.26936520000001, 36.8382801 ], [ 129.2693725, 36.8384 ], [ 129.2693506, 36.8384009 ], [ 129.2693545, 36.8384643 ], [ 129.2693764, 36.8384634 ] ] ] } },
{ "type": "Feature", "properties": { "element": "way", "id": 1293830231, "building": "yes", "building:levels": null, "name": null, "name:ko": null, "name:en": null, "amenity": null, "shop": null, "office": null, "tourism": null, "social_facility": null, "healthcare": null, "addr:street": null, "addr:housenumber": null, "start_date": null, "centroid_x_5179": 1157780.7401678765, "centroid_y_5179": 1872489.2558237866, "footprint_area_m2": 307.08018751289211 }, "geometry": { "type": "Polygon", "coordinates": [ [ [ 129.2695297, 36.8375739 ], [ 129.269546600000012, 36.8373877 ], [ 129.269380899999987, 36.837378 ], [ 129.2693639, 36.8375642 ], [ 129.2695297, 36.8375739 ] ] ] } },
{ "type": "Feature", "properties": { "element": "way", "id": 1293830232, "building": "yes", "building:levels": null, "name": null, "name:ko": null, "name:en": null, "amenity": null, "shop": null, "office": null, "tourism": null, "social_facility": null, "healthcare": null, "addr:street": null, "addr:housenumber": null, "start_date": null, "centroid_x_5179": 1157775.1874806769, "centroid_y_5179": 1872541.3389196408, "footprint_area_m2": 374.07622059217306 }, "geometry": { "type": "Polygon", "coordinates": [ [ [ 129.2695047, 36.8378488 ], [ 129.2693217, 36.8378381 ], [ 129.269303, 36.8380436 ], [ 129.269486, 36.8380542 ], [ 129.2695047, 36.8378488 ] ] ] } },
{ "type": "Feature", "properties": { "element": "way", "id": 1293830233, "building": "yes", "building:levels": null, "name": "영양군생태공원사업소 본관", "name:ko": null, "name:en": null, "amenity": null, "shop": null, "office": null, "tourism": null, "social_facility": null, "healthcare": null, "addr:street": null, "addr:housenumber": null, "start_date": null, "centroid_x_5179": 1157776.8377410579, "centroid_y_5179": 1872514.6566119704, "footprint_area_m2": 549.21855661382199 }, "geometry": { "type": "Polygon", "coordinates": [ [ [ 129.2695047, 36.8378488 ], [ 129.2695297, 36.8375739 ], [ 129.2693639, 36.8375642 ], [ 129.2693289, 36.8375622 ], [ 129.269303900000011, 36.8378371 ], [ 129.2693217, 36.8378381 ], [ 129.2695047, 36.8378488 ] ] ] } },
{ "type": "Feature", "properties": { "element": "way", "id": 1293830234, "building": "yes", "building:levels": null, "name": null, "name:ko": null, "name:en": null, "amenity": null, "shop": null, "office": null, "tourism": null, "social_facility": null, "healthcare": null, "addr:street": null, "addr:housenumber": null, "start_date": null, "centroid_x_5179": 1157846.5659464502, "centroid_y_5179": 1872615.7660883747, "footprint_area_m2": 46.833008157937314 }, "geometry": { "type": "Polygon", "coordinates": [ [ [ 129.2702459, 36.838649 ], [ 129.2702468, 36.8385611 ], [ 129.270193, 36.8385607 ], [ 129.2701921, 36.8386487 ], [ 129.2702459, 36.838649 ] ] ] } },
{ "type": "Feature", "properties": { "element": "way", "id": 1293830236, "building": "yes", "building:levels": null, "name": null, "name:ko": null, "name:en": null, "amenity": null, "shop": null, "office": null, "tourism": null, "social_facility": null, "healthcare": null, "addr:street": null, "addr:housenumber": null, "start_date": null, "centroid_x_5179": 1157856.303137766, "centroid_y_5179": 1871694.597040568, "footprint_area_m2": 434.99435829041659 }, "geometry": { "type": "Polygon", "coordinates": [ [ [ 129.2703253, 36.8303592 ], [ 129.270325500000013, 36.8303474 ], [ 129.2703158, 36.8303141 ], [ 129.2702969, 36.8302835 ], [ 129.2702698, 36.8302571 ], [ 129.2702358, 36.8302364 ], [ 129.2701968, 36.8302225 ], [ 129.2701549, 36.8302161 ], [ 129.2701122, 36.8302175 ], [ 129.2700682, 36.8302277 ], [ 129.270028599999989, 36.8302463 ], [ 129.2699959, 36.8302721 ], [ 129.269972200000012, 36.8303035 ], [ 129.269958800000012, 36.8303386 ], [ 129.2699566, 36.8303753 ], [ 129.2703253, 36.8303592 ] ] ] } },
{ "type": "Feature", "properties": { "element": "way", "id": 1293830239, "building": "yes", "building:levels": null, "name": "영양 별생태 체험관", "name:ko": null, "name:en": null, "amenity": null, "shop": null, "office": null, "tourism": null, "social_facility": null, "healthcare": null, "addr:street": null, "addr:housenumber": null, "start_date": null, "centroid_x_5179": 1157853.6509810262, "centroid_y_5179": 1871741.9363211603, "footprint_area_m2": 279.35108748019087 }, "geometry": { "type": "Polygon", "coordinates": [ [ [ 129.2702521, 36.8307563 ], [ 129.2702477, 36.8307886 ], [ 129.26994590000001, 36.8307617 ], [ 129.269957299999987, 36.83068 ], [ 129.2701657, 36.8306985 ], [ 129.27017810000001, 36.8306844 ], [ 129.270196, 36.8306748 ], [ 129.270217, 36.8306711 ], [ 129.270238299999988, 36.8306737 ], [ 129.270259900000013, 36.8306845 ], [ 129.2702737, 36.8307017 ], [ 129.270277099999987, 36.8307219 ], [ 129.270269399999989, 36.8307413 ], [ 129.2702521, 36.8307563 ] ] ] } },
{ "type": "Feature", "properties": { "element": "way", "id": 1293830240, "building": "yes", "building:levels": null, "name": "영양반딧불이천문대", "name:ko": null, "name:en": null, "amenity": null, "shop": null, "office": null, "tourism": null, "social_facility": null, "healthcare": null, "addr:street": null, "addr:housenumber": null, "start_date": null, "centroid_x_5179": 1157798.0055671956, "centroid_y_5179": 1871715.4977638589, "footprint_area_m2": 366.59407639529644 }, "geometry": { "type": "Polygon", "coordinates": [ [ [ 129.2696014, 36.8305314 ], [ 129.2696455, 36.8305653 ], [ 129.2695491, 36.8306456 ], [ 129.2694363, 36.8305589 ], [ 129.2694673, 36.830533 ], [ 129.2693205, 36.8304201 ], [ 129.269398700000011, 36.8303549 ], [ 129.2695807, 36.8304948 ], [ 129.269591100000014, 36.8305041 ], [ 129.2695982, 36.8305153 ], [ 129.2696014, 36.8305314 ] ] ] } },
{ "type": "Feature", "properties": { "element": "way", "id": 1305127913, "building": "yes", "building:levels": null, "name": null, "name:ko": null, "name:en": null, "amenity": null, "shop": null, "office": null, "tourism": null, "social_facility": null, "healthcare": null, "addr:street": null, "addr:housenumber": null, "start_date": null, "centroid_x_5179": 1168246.8032470427, "centroid_y_5179": 1899504.4808480735, "footprint_area_m2": 53.437331869467386 }, "geometry": { "type": "Polygon", "coordinates": [ [ [ 129.3927721, 37.0791163 ], [ 129.392849500000011, 37.0790515 ], [ 129.3928057, 37.0790182 ], [ 129.392728299999987, 37.079083 ], [ 129.3927721, 37.0791163 ] ] ] } },
{ "type": "Feature", "properties": { "element": "way", "id": 1305127914, "building": "yes", "building:levels": null, "name": null, "name:ko": null, "name:en": null, "amenity": null, "shop": null, "office": null, "tourism": null, "social_facility": null, "healthcare": null, "addr:street": null, "addr:housenumber": null, "start_date": null, "centroid_x_5179": 1168141.60779854, "centroid_y_5179": 1899520.3626803989, "footprint_area_m2": 12.242133626978063 }, "geometry": { "type": "Polygon", "coordinates": [ [ [ 129.391605199999987, 37.0792519 ], [ 129.391637800000012, 37.0792247 ], [ 129.39161390000001, 37.0792065 ], [ 129.3915814, 37.0792338 ], [ 129.391605199999987, 37.0792519 ] ] ] } },
{ "type": "Feature", "properties": { "element": "way", "id": 1305127915, "building": "yes", "building:levels": null, "name": null, "name:ko": null, "name:en": null, "amenity": null, "shop": null, "office": null, "tourism": null, "social_facility": null, "healthcare": null, "addr:street": null, "addr:housenumber": null, "start_date": null, "centroid_x_5179": 1168248.7359279902, "centroid_y_5179": 1899334.21967458, "footprint_area_m2": 33.595728226826026 }, "geometry": { "type": "Polygon", "coordinates": [ [ [ 129.3927969, 37.0775725 ], [ 129.392824600000012, 37.0775476 ], [ 129.392748, 37.0774934 ], [ 129.3927204, 37.0775183 ], [ 129.3927969, 37.0775725 ] ] ] } },
{ "type": "Feature", "properties": { "element": "way", "id": 1305127916, "building": "yes", "building:levels": null, "name": null, "name:ko": null, "name:en": null, "amenity": null, "shop": null, "office": null, "tourism": null, "social_facility": null, "healthcare": null, "addr:street": null, "addr:housenumber": null, "start_date": null, "centroid_x_5179": 1168254.4432024844, "centroid_y_5179": 1899339.5273447167, "footprint_area_m2": 31.389511679634793 }, "geometry": { "type": "Polygon", "coordinates": [ [ [ 129.392836499999987, 37.0776156 ], [ 129.3928824, 37.0775749 ], [ 129.3928392, 37.0775439 ], [ 129.3927933, 37.0775846 ], [ 129.392836499999987, 37.0776156 ] ] ] } },
{ "type": "Feature", "properties": { "element": "way", "id": 1305127917, "building": "yes", "building:levels": null, "name": null, "name:ko": null, "name:en": null, "amenity": null, "shop": null, "office": null, "tourism": null, "social_facility": null, "healthcare": null, "addr:street": null, "addr:housenumber": null, "start_date": null, "centroid_x_5179": 1168247.1730075954, "centroid_y_5179": 1899348.3943337887, "footprint_area_m2": 73.45953988619614 }, "geometry": { "type": "Polygon", "coordinates": [ [ [ 129.3927218, 37.0777239 ], [ 129.3928354, 37.0776294 ], [ 129.3927943, 37.077598 ], [ 129.3926808, 37.0776925 ], [ 129.3927218, 37.0777239 ] ] ] } },
{ "type": "Feature", "properties": { "element": "way", "id": 1305127924, "building": "yes", "building:levels": null, "name": null, "name:ko": null, "name:en": null, "amenity": null, "shop": null, "office": null, "tourism": null, "social_facility": null, "healthcare": null, "addr:street": null, "addr:housenumber": null, "start_date": null, "centroid_x_5179": 1168725.4040394588, "centroid_y_5179": 1898983.8759035512, "footprint_area_m2": 1299.6877512635881 }, "geometry": { "type": "Polygon", "coordinates": [ [ [ 129.3978653, 37.0744713 ], [ 129.3982124, 37.0744885 ], [ 129.3982418, 37.0741105 ], [ 129.3978947, 37.0740933 ], [ 129.3978653, 37.0744713 ] ] ] } },
{ "type": "Feature", "properties": { "element": "way", "id": 1305127925, "building": "yes", "building:levels": null, "name": null, "name:ko": null, "name:en": null, "amenity": null, "shop": null, "office": null, "tourism": null, "social_facility": null, "healthcare": null, "addr:street": null, "addr:housenumber": null, "start_date": null, "centroid_x_5179": 1168871.8502616023, "centroid_y_5179": 1899265.1544952786, "footprint_area_m2": 21.513975651648945 }, "geometry": { "type": "Polygon", "coordinates": [ [ [ 129.3997726, 37.0768285 ], [ 129.3998014, 37.0768035 ], [ 129.3997542, 37.0767688 ], [ 129.3997254, 37.0767939 ], [ 129.3997726, 37.0768285 ] ] ] } },
{ "type": "Feature", "properties": { "element": "way", "id": 1305127929, "building": "yes", "building:levels": null, "name": null, "name:ko": null, "name:en": null, "amenity": null, "shop": null, "office": null, "tourism": null, "social_facility": null, "healthcare": null, "addr:street": null, "addr:housenumber": null, "start_date": null, "centroid_x_5179": 1167503.3759445031, "centroid_y_5179": 1900214.0487278104, "footprint_area_m2": 17.673291129307515 }, "geometry": { "type": "Polygon", "coordinates": [ [ [ 129.384586399999989, 37.08562 ], [ 129.3846212, 37.0855916 ], [ 129.3845891, 37.0855664 ], [ 129.3845542, 37.0855948 ], [ 129.384586399999989, 37.08562 ] ] ] } },
{ "type": "Feature", "properties": { "element": "way", "id": 1305127930, "building": "yes", "building:levels": null, "name": null, "name:ko": null, "name:en": null, "amenity": null, "shop": null, "office": null, "tourism": null, "social_facility": null, "healthcare": null, "addr:street": null, "addr:housenumber": null, "start_date": null, "centroid_x_5179": 1167539.2917192613, "centroid_y_5179": 1900228.8022163825, "footprint_area_m2": 20.137666428606316 }, "geometry": { "type": "Polygon", "coordinates": [ [ [ 129.3849842, 37.0857499 ], [ 129.385032200000012, 37.0857098 ], [ 129.3850056, 37.0856895 ], [ 129.3849576, 37.0857296 ], [ 129.3849842, 37.0857499 ] ] ] } },
{ "type": "Feature", "properties": { "element": "way", "id": 1305127940, "building": "yes", "building:levels": null, "name": null, "name:ko": null, "name:en": null, "amenity": null, "shop": null, "office": null, "tourism": null, "social_facility": null, "healthcare": null, "addr:street": null, "addr:housenumber": null, "start_date": null, "centroid_x_5179": 1166386.0727041159, "centroid_y_5179": 1901719.7027220728, "footprint_area_m2": 92.204398224676936 }, "geometry": { "type": "Polygon", "coordinates": [ [ [ 129.372376, 37.0994177 ], [ 129.3724348, 37.0993588 ], [ 129.3723377, 37.0992971 ], [ 129.3722789, 37.099356 ], [ 129.372376, 37.0994177 ] ] ] } },
{ "type": "Feature", "properties": { "element": "way", "id": 1305127959, "building": "yes", "building:levels": null, "name": null, "name:ko": null, "name:en": null, "amenity": null, "shop": null, "office": null, "tourism": null, "social_facility": null, "healthcare": null, "addr:street": null, "addr:housenumber": null, "start_date": null, "centroid_x_5179": 1166894.5717478925, "centroid_y_5179": 1900482.5711165294, "footprint_area_m2": 14.069490892468451 }, "geometry": { "type": "Polygon", "coordinates": [ [ [ 129.3777864, 37.0881425 ], [ 129.3778312, 37.0881257 ], [ 129.377815700000014, 37.0880996 ], [ 129.377771, 37.0881165 ], [ 129.3777864, 37.0881425 ] ] ] } },
{ "type": "Feature", "properties": { "element": "way", "id": 1305127960, "building": "yes", "building:levels": null, "name": null, "name:ko": null, "name:en": null, "amenity": null, "shop": null, "office": null, "tourism": null, "social_facility": null, "healthcare": null, "addr:street": null, "addr:housenumber": null, "start_date": null, "centroid_x_5179": 1166642.2568607253, "centroid_y_5179": 1900708.599959489, "footprint_area_m2": 13.434573815323644 }, "geometry": { "type": "Polygon", "coordinates": [ [ [ 129.374990700000012, 37.0902167 ], [ 129.375031, 37.0902212 ], [ 129.3750368, 37.090188 ], [ 129.3749965, 37.0901836 ], [ 129.374990700000012, 37.0902167 ] ] ] } },
{ "type": "Feature", "properties": { "element": "way", "id": 1305128013, "building": "yes", "building:levels": null, "name": null, "name:ko": null, "name:en": null, "amenity": null, "shop": null, "office": null, "tourism": null, "social_facility": null, "healthcare": null, "addr:street": null, "addr:housenumber": null, "start_date": null, "centroid_x_5179": 1166861.3470432172, "centroid_y_5179": 1900682.9677482019, "footprint_area_m2": 17.271261704717382 }, "geometry": { "type": "Polygon", "coordinates": [ [ [ 129.3774651, 37.0899583 ], [ 129.3775043, 37.0899383 ], [ 129.3774789, 37.0899066 ], [ 129.3774397, 37.0899266 ], [ 129.3774651, 37.0899583 ] ] ] } },
{ "type": "Feature", "properties": { "element": "way", "id": 1305128014, "building": "watchtower", "building:levels": null, "name": null, "name:ko": null, "name:en": null, "amenity": null, "shop": null, "office": null, "tourism": null, "social_facility": null, "healthcare": null, "addr:street": null, "addr:housenumber": null, "start_date": null, "centroid_x_5179": 1166856.8825941114, "centroid_y_5179": 1900387.7193283294, "footprint_area_m2": 11.359888337426332 }, "geometry": { "type": "Polygon", "coordinates": [ [ [ 129.3773431, 37.087292 ], [ 129.37737820000001, 37.0872856 ], [ 129.3773692, 37.0872544 ], [ 129.377334100000013, 37.0872609 ], [ 129.3773431, 37.087292 ] ] ] } },
{ "type": "Feature", "properties": { "element": "way", "id": 1305128015, "building": "yes", "building:levels": null, "name": null, "name:ko": null, "name:en": null, "amenity": null, "shop": null, "office": null, "tourism": null, "social_facility": null, "healthcare": null, "addr:street": null, "addr:housenumber": null, "start_date": null, "centroid_x_5179": 1168062.1473395531, "centroid_y_5179": 1900608.8210266836, "footprint_area_m2": 5.6478303063086743 }, "geometry": { "type": "Polygon", "coordinates": [ [ [ 129.3909464, 37.0890605 ], [ 129.3909734, 37.0890603 ], [ 129.3909731, 37.0890391 ], [ 129.3909461, 37.0890393 ], [ 129.3909464, 37.0890605 ] ] ] } },
{ "type": "Feature", "properties": { "element": "way", "id": 1305128019, "building": "industrial", "building:levels": null, "name": null, "name:ko": null, "name:en": null, "amenity": null, "shop": null, "office": null, "tourism": null, "social_facility": null, "healthcare": null, "addr:street": null, "addr:housenumber": null, "start_date": null, "centroid_x_5179": 1166978.8386927969, "centroid_y_5179": 1900624.1012164089, "footprint_area_m2": 373.2566460367853 }, "geometry": { "type": "Polygon", "coordinates": [ [ [ 129.3788688, 37.0895129 ], [ 129.3789571, 37.0894307 ], [ 129.3786917, 37.0892494 ], [ 129.3786034, 37.0893317 ], [ 129.3788688, 37.0895129 ] ] ] } },
{ "type": "Feature", "properties": { "element": "way", "id": 1305128024, "building": "industrial", "building:levels": null, "name": null, "name:ko": null, "name:en": null, "amenity": null, "shop": null, "office": null, "tourism": null, "social_facility": null, "healthcare": null, "addr:street": null, "addr:housenumber": null, "start_date": null, "centroid_x_5179": 1167055.4625072484, "centroid_y_5179": 1900625.2210299496, "footprint_area_m2": 1513.4734177334644 }, "geometry": { "type": "Polygon", "coordinates": [ [ [ 129.3795618, 37.0896734 ], [ 129.3799411, 37.089316 ], [ 129.3795891, 37.0890783 ], [ 129.379457699999989, 37.0892021 ], [ 129.3796137, 37.0893075 ], [ 129.379365799999988, 37.0895411 ], [ 129.3795618, 37.0896734 ] ] ] } },
{ "type": "Feature", "properties": { "element": "way", "id": 1305128027, "building": "yes", "building:levels": null, "name": null, "name:ko": null, "name:en": null, "amenity": null, "shop": null, "office": null, "tourism": null, "social_facility": null, "healthcare": null, "addr:street": null, "addr:housenumber": null, "start_date": null, "centroid_x_5179": 1166771.4061450884, "centroid_y_5179": 1900921.1380701941, "footprint_area_m2": 24.956256928450578 }, "geometry": { "type": "Polygon", "coordinates": [ [ [ 129.3765261, 37.0921244 ], [ 129.376551799999987, 37.0920857 ], [ 129.3765007, 37.0920641 ], [ 129.3764751, 37.0921028 ], [ 129.3765261, 37.0921244 ] ] ] } },
{ "type": "Feature", "properties": { "element": "way", "id": 1305128028, "building": "yes", "building:levels": null, "name": null, "name:ko": null, "name:en": null, "amenity": null, "shop": null, "office": null, "tourism": null, "social_facility": null, "healthcare": null, "addr:street": null, "addr:housenumber": null, "start_date": null, "centroid_x_5179": 1166746.9668253504, "centroid_y_5179": 1900966.113814631, "footprint_area_m2": 24.930814720503349 }, "geometry": { "type": "Polygon", "coordinates": [ [ [ 129.37626130000001, 37.0925339 ], [ 129.3762869, 37.0924952 ], [ 129.376235900000012, 37.0924737 ], [ 129.3762102, 37.0925124 ], [ 129.37626130000001, 37.0925339 ] ] ] } },
{ "type": "Feature", "properties": { "element": "way", "id": 1305128038, "building": "yes", "building:levels": null, "name": null, "name:ko": null, "name:en": null, "amenity": null, "shop": null, "office": null, "tourism": null, "social_facility": null, "healthcare": null, "addr:street": null, "addr:housenumber": null, "start_date": null, "centroid_x_5179": 1166487.0277319036, "centroid_y_5179": 1900966.8313173973, "footprint_area_m2": 508.02166775701789 }, "geometry": { "type": "Polygon", "coordinates": [ [ [ 129.3735443, 37.0927067 ], [ 129.3736001, 37.0926274 ], [ 129.373106299999989, 37.0924063 ], [ 129.3730505, 37.0924856 ], [ 129.3735443, 37.0927067 ] ] ] } },
{ "type": "Feature", "properties": { "element": "way", "id": 1305128047, "building": "yes", "building:levels": null, "name": null, "name:ko": null, "name:en": null, "amenity": null, "shop": null, "office": null, "tourism": null, "social_facility": null, "healthcare": null, "addr:street": null, "addr:housenumber": null, "start_date": null, "centroid_x_5179": 1166944.78975573, "centroid_y_5179": 1900358.970307989, "footprint_area_m2": 139.58856268714507 }, "geometry": { "type": "Polygon", "coordinates": [ [ [ 129.378432, 37.0870071 ], [ 129.378343699999988, 37.0869235 ], [ 129.37824470000001, 37.08699 ], [ 129.378333, 37.0870736 ], [ 129.378432, 37.0870071 ] ] ] } },
{ "type": "Feature", "properties": { "element": "way", "id": 1305128118, "building": "yes", "building:levels": null, "name": null, "name:ko": null, "name:en": null, "amenity": null, "shop": null, "office": null, "tourism": null, "social_facility": null, "healthcare": null, "addr:street": null, "addr:housenumber": null, "start_date": null, "centroid_x_5179": 1168053.3642791072, "centroid_y_5179": 1899703.0511258894, "footprint_area_m2": 5.4790614675250593 }, "geometry": { "type": "Polygon", "coordinates": [ [ [ 129.3906595, 37.0809058 ], [ 129.3906768, 37.0808898 ], [ 129.390657, 37.0808761 ], [ 129.390639599999986, 37.0808921 ], [ 129.3906595, 37.0809058 ] ] ] } },
{ "type": "Feature", "properties": { "element": "way", "id": 1305128120, "building": "yes", "building:levels": null, "name": null, "name:ko": null, "name:en": null, "amenity": null, "shop": null, "office": null, "tourism": null, "social_facility": null, "healthcare": null, "addr:street": null, "addr:housenumber": null, "start_date": null, "centroid_x_5179": 1166301.5359506828, "centroid_y_5179": 1901516.9703285357, "footprint_area_m2": 1078.3369652908891 }, "geometry": { "type": "Polygon", "coordinates": [ [ [ 129.371500700000013, 37.097734 ], [ 129.3715764, 37.0974278 ], [ 129.371233100000012, 37.0973736 ], [ 129.371216, 37.0974422 ], [ 129.3711824, 37.0974369 ], [ 129.3711511, 37.0975632 ], [ 129.371184699999986, 37.0975685 ], [ 129.37116, 37.097668 ], [ 129.3714608, 37.0977129 ], [ 129.371500700000013, 37.097734 ] ] ] } },
{ "type": "Feature", "properties": { "element": "way", "id": 1305128125, "building": "yes", "building:levels": null, "name": null, "name:ko": null, "name:en": null, "amenity": null, "shop": null, "office": null, "tourism": null, "social_facility": null, "healthcare": null, "addr:street": null, "addr:housenumber": null, "start_date": null, "centroid_x_5179": 1168231.2464567611, "centroid_y_5179": 1900457.1550110781, "footprint_area_m2": 67.796745115123343 }, "geometry": { "type": "Polygon", "coordinates": [ [ [ 129.392797300000012, 37.0877135 ], [ 129.3928995, 37.0876225 ], [ 129.392857600000013, 37.0875926 ], [ 129.3927554, 37.0876835 ], [ 129.392797300000012, 37.0877135 ] ] ] } },
{ "type": "Feature", "properties": { "element": "way", "id": 1305128126, "building": "yes", "building:levels": null, "name": null, "name:ko": null, "name:en": null, "amenity": null, "shop": null, "office": null, "tourism": null, "social_facility": null, "healthcare": null, "addr:street": null, "addr:housenumber": null, "start_date": null, "centroid_x_5179": 1168227.3363464165, "centroid_y_5179": 1900150.0701827435, "footprint_area_m2": 24.452395909787136 }, "geometry": { "type": "Polygon", "coordinates": [ [ [ 129.3927247, 37.0849187 ], [ 129.392755200000011, 37.0848913 ], [ 129.3927046, 37.0848555 ], [ 129.3926741, 37.0848829 ], [ 129.3927247, 37.0849187 ] ] ] } },
{ "type": "Feature", "properties": { "element": "way", "id": 1305128141, "building": "watchtower", "building:levels": null, "name": null, "name:ko": null, "name:en": null, "amenity": null, "shop": null, "office": null, "tourism": null, "social_facility": null, "healthcare": null, "addr:street": null, "addr:housenumber": null, "start_date": null, "centroid_x_5179": 1167424.4404072165, "centroid_y_5179": 1900780.9567466669, "footprint_area_m2": 21.98422527400049 }, "geometry": { "type": "Polygon", "coordinates": [ [ [ 129.3838227, 37.0907453 ], [ 129.383858, 37.0907138 ], [ 129.3838566, 37.0906998 ], [ 129.383841600000011, 37.0906891 ], [ 129.383824299999986, 37.0906897 ], [ 129.383789, 37.0907212 ], [ 129.3838227, 37.0907453 ] ] ] } },
{ "type": "Feature", "properties": { "element": "way", "id": 1305128142, "building": "yes", "building:levels": null, "name": null, "name:ko": null, "name:en": null, "amenity": null, "shop": null, "office": null, "tourism": null, "social_facility": null, "healthcare": null, "addr:street": null, "addr:housenumber": null, "start_date": null, "centroid_x_5179": 1167663.0490149369, "centroid_y_5179": 1900721.9251696144, "footprint_area_m2": 296.24827638876781 }, "geometry": { "type": "Polygon", "coordinates": [ [ [ 129.386766599999987, 37.0898787 ], [ 129.386194499999988, 37.0903777 ], [ 129.386227100000013, 37.0904018 ], [ 129.386799200000013, 37.0899027 ], [ 129.386766599999987, 37.0898787 ] ] ] } },
{ "type": "Feature", "properties": { "element": "way", "id": 1305128144, "building": "yes", "building:levels": null, "name": null, "name:ko": null, "name:en": null, "amenity": null, "shop": null, "office": null, "tourism": null, "social_facility": null, "healthcare": null, "addr:street": null, "addr:housenumber": null, "start_date": null, "centroid_x_5179": 1167811.7689307879, "centroid_y_5179": 1900741.145656324, "footprint_area_m2": 199.87127320276815 }, "geometry": { "type": "Polygon", "coordinates": [ [ [ 129.3879739, 37.0901007 ], [ 129.3882097, 37.090276 ], [ 129.388266499999986, 37.0904501 ], [ 129.388199, 37.090508 ], [ 129.3882274, 37.0905293 ], [ 129.3882477, 37.0905122 ], [ 129.388306199999988, 37.0904619 ], [ 129.3882419, 37.0902622 ], [ 129.3879724, 37.0900611 ], [ 129.3879484, 37.0900818 ], [ 129.3879739, 37.0901007 ] ] ] } },
{ "type": "Feature", "properties": { "element": "way", "id": 1305128153, "building": "yes", "building:levels": null, "name": null, "name:ko": null, "name:en": null, "amenity": null, "shop": null, "office": null, "tourism": null, "social_facility": null, "healthcare": null, "addr:street": null, "addr:housenumber": null, "start_date": null, "centroid_x_5179": 1166999.6362625198, "centroid_y_5179": 1901662.6909534128, "footprint_area_m2": 1637.363067862374 }, "geometry": { "type": "Polygon", "coordinates": [ [ [ 129.3789635, 37.0987305 ], [ 129.3790286, 37.0987788 ], [ 129.3790003, 37.098788 ], [ 129.3789798, 37.0988036 ], [ 129.378969, 37.0988245 ], [ 129.3789696, 37.0988471 ], [ 129.3789815, 37.0988675 ], [ 129.3790028, 37.0988825 ], [ 129.379029800000012, 37.0988893 ], [ 129.3790579, 37.0988869 ], [ 129.37908250000001, 37.0988757 ], [ 129.3790994, 37.0988576 ], [ 129.379105399999986, 37.0988357 ], [ 129.3791684, 37.0988825 ], [ 129.379153800000012, 37.0989177 ], [ 129.3791438, 37.098955 ], [ 129.3791396, 37.0989931 ], [ 129.3791419, 37.0990317 ], [ 129.379189, 37.0989912 ], [ 129.379209800000012, 37.0990067 ], [ 129.3795126, 37.0987468 ], [ 129.379491800000011, 37.0987314 ], [ 129.3795394, 37.0986905 ], [ 129.379494099999988, 37.0986913 ], [ 129.379451100000011, 37.098697 ], [ 129.379552, 37.0986104 ], [ 129.379522400000013, 37.0985884 ], [ 129.3794781, 37.0986263 ], [ 129.379267199999987, 37.0984699 ], [ 129.3789635, 37.0987305 ] ] ] } },
{ "type": "Feature", "properties": { "element": "way", "id": 1305128163, "building": "yes", "building:levels": null, "name": null, "name:ko": null, "name:en": null, "amenity": null, "shop": null, "office": null, "tourism": null, "social_facility": null, "healthcare": null, "addr:street": null, "addr:housenumber": null, "start_date": null, "centroid_x_5179": 1166882.7062983022, "centroid_y_5179": 1901367.3286402002, "footprint_area_m2": 62.60579697854709 }, "geometry": { "type": "Polygon", "coordinates": [ [ [ 129.3779327, 37.0960686 ], [ 129.377890900000011, 37.0960379 ], [ 129.377796100000012, 37.0961201 ], [ 129.3778379, 37.0961508 ], [ 129.3779327, 37.0960686 ] ] ] } },
{ "type": "Feature", "properties": { "element": "way", "id": 1305128164, "building": "yes", "building:levels": null, "name": null, "name:ko": null, "name:en": null, "amenity": null, "shop": null, "office": null, "tourism": null, "social_facility": null, "healthcare": null, "addr:street": null, "addr:housenumber": null, "start_date": null, "centroid_x_5179": 1166897.4742779979, "centroid_y_5179": 1901381.4095701135, "footprint_area_m2": 81.600437147539481 }, "geometry": { "type": "Polygon", "coordinates": [ [ [ 129.378013399999986, 37.0962797 ], [ 129.3781083, 37.0961975 ], [ 129.3780538, 37.0961575 ], [ 129.377959, 37.0962396 ], [ 129.378013399999986, 37.0962797 ] ] ] } },
{ "type": "Feature", "properties": { "element": "way", "id": 1305128210, "building": "yes", "building:levels": null, "name": null, "name:ko": null, "name:en": null, "amenity": null, "shop": null, "office": null, "tourism": null, "social_facility": null, "healthcare": null, "addr:street": null, "addr:housenumber": null, "start_date": null, "centroid_x_5179": 1166974.8247710373, "centroid_y_5179": 1901252.2232708656, "footprint_area_m2": 37.940943452566259 }, "geometry": { "type": "Polygon", "coordinates": [ [ [ 129.378879399999988, 37.0950013 ], [ 129.3788256, 37.0950469 ], [ 129.378870299999988, 37.0950805 ], [ 129.3789241, 37.0950349 ], [ 129.378879399999988, 37.0950013 ] ] ] } },
{ "type": "Feature", "properties": { "element": "way", "id": 1305128211, "building": "storage_tank", "building:levels": null, "name": null, "name:ko": null, "name:en": null, "amenity": null, "shop": null, "office": null, "tourism": null, "social_facility": null, "healthcare": null, "addr:street": null, "addr:housenumber": null, "start_date": null, "centroid_x_5179": 1166983.074213234, "centroid_y_5179": 1901267.3398040403, "footprint_area_m2": 116.17120523026458 }, "geometry": { "type": "Polygon", "coordinates": [ [ [ 129.378912, 37.0951464 ], [ 129.3789025, 37.0951667 ], [ 129.378903400000013, 37.0951883 ], [ 129.3789146, 37.095208 ], [ 129.3789344, 37.0952227 ], [ 129.3789598, 37.0952303 ], [ 129.3789869, 37.0952295 ], [ 129.379011600000013, 37.0952206 ], [ 129.37903, 37.0952048 ], [ 129.3790395, 37.0951845 ], [ 129.3790386, 37.0951629 ], [ 129.379027400000012, 37.0951433 ], [ 129.3790076, 37.0951285 ], [ 129.3789822, 37.095121 ], [ 129.378955100000013, 37.0951217 ], [ 129.3789305, 37.0951306 ], [ 129.378912, 37.0951464 ] ] ] } },
{ "type": "Feature", "properties": { "element": "way", "id": 1305128212, "building": "storage_tank", "building:levels": null, "name": null, "name:ko": null, "name:en": null, "amenity": null, "shop": null, "office": null, "tourism": null, "social_facility": null, "healthcare": null, "addr:street": null, "addr:housenumber": null, "start_date": null, "centroid_x_5179": 1166941.8966110323, "centroid_y_5179": 1901312.3997141926, "footprint_area_m2": 116.13710080253085 }, "geometry": { "type": "Polygon", "coordinates": [ [ [ 129.3784589, 37.0955597 ], [ 129.3784494, 37.09558 ], [ 129.3784503, 37.0956016 ], [ 129.378461499999986, 37.0956213 ], [ 129.3784813, 37.095636 ], [ 129.3785067, 37.0956436 ], [ 129.378533800000014, 37.0956428 ], [ 129.3785584, 37.0956339 ], [ 129.378576900000013, 37.0956181 ], [ 129.378586399999989, 37.0955978 ], [ 129.378585500000014, 37.0955762 ], [ 129.3785743, 37.0955566 ], [ 129.3785545, 37.0955418 ], [ 129.3785291, 37.0955343 ], [ 129.378502, 37.095535 ], [ 129.3784774, 37.095544 ], [ 129.3784589, 37.0955597 ] ] ] } },
{ "type": "Feature", "properties": { "element": "way", "id": 1305128224, "building": "yes", "building:levels": null, "name": null, "name:ko": null, "name:en": null, "amenity": null, "shop": null, "office": null, "tourism": null, "social_facility": null, "healthcare": null, "addr:street": null, "addr:housenumber": null, "start_date": null, "centroid_x_5179": 1166984.6734988398, "centroid_y_5179": 1901310.2402280096, "footprint_area_m2": 12028.622856565922 }, "geometry": { "type": "Polygon", "coordinates": [ [ [ 129.3784719, 37.0959249 ], [ 129.3782717, 37.0961711 ], [ 129.37836870000001, 37.0962215 ], [ 129.3785451, 37.096005 ], [ 129.3785838, 37.0960244 ], [ 129.3786266, 37.0960372 ], [ 129.3784303, 37.0962058 ], [ 129.378534, 37.0962823 ], [ 129.3787228, 37.0961195 ], [ 129.3788701, 37.0962282 ], [ 129.3798898, 37.0953489 ], [ 129.3798169, 37.0952953 ], [ 129.3798424, 37.0952948 ], [ 129.379839, 37.0952017 ], [ 129.3795442, 37.0952082 ], [ 129.3795269, 37.0951794 ], [ 129.3795035, 37.0951534 ], [ 129.3794747, 37.0951312 ], [ 129.3794414, 37.0951134 ], [ 129.3796203, 37.0949593 ], [ 129.379483599999986, 37.0948585 ], [ 129.3794564, 37.0948819 ], [ 129.3793182, 37.0947799 ], [ 129.3790079, 37.0950475 ], [ 129.379138, 37.0951435 ], [ 129.378967, 37.095291 ], [ 129.3787643, 37.0951414 ], [ 129.3787034, 37.0951939 ], [ 129.3787093, 37.0951982 ], [ 129.37863870000001, 37.0952591 ], [ 129.3785452, 37.0951922 ], [ 129.378448, 37.0952751 ], [ 129.378498900000011, 37.0953115 ], [ 129.3784574, 37.0953478 ], [ 129.378501199999988, 37.0953777 ], [ 129.3784243, 37.095444 ], [ 129.3786212, 37.0955892 ], [ 129.378523, 37.0956739 ], [ 129.3783928, 37.0955779 ], [ 129.3780624, 37.0958628 ], [ 129.3782051, 37.0959681 ], [ 129.3782807, 37.0959029 ], [ 129.378324, 37.0959349 ], [ 129.378417500000012, 37.0958543 ], [ 129.3784602, 37.0958866 ], [ 129.3784719, 37.0959249 ] ] ] } },
{ "type": "Feature", "properties": { "element": "way", "id": 1305128225, "building": "yes", "building:levels": null, "name": null, "name:ko": null, "name:en": null, "amenity": null, "shop": null, "office": null, "tourism": null, "social_facility": null, "healthcare": null, "addr:street": null, "addr:housenumber": null, "start_date": null, "centroid_x_5179": 1167021.3111253735, "centroid_y_5179": 1901413.5575441187, "footprint_area_m2": 7182.0580649136464 }, "geometry": { "type": "Polygon", "coordinates": [ [ [ 129.379478299999988, 37.0960628 ], [ 129.3794995, 37.0960446 ], [ 129.379398400000014, 37.09597 ], [ 129.3793358, 37.0960239 ], [ 129.3792751, 37.0959791 ], [ 129.378814, 37.0963768 ], [ 129.378874700000011, 37.0964215 ], [ 129.3788085, 37.0964787 ], [ 129.3789095, 37.0965532 ], [ 129.3788726, 37.0965851 ], [ 129.37924, 37.0968561 ], [ 129.3793431, 37.0967672 ], [ 129.379649699999987, 37.0969934 ], [ 129.3798102, 37.096855 ], [ 129.379825, 37.0968423 ], [ 129.3798395, 37.0968297 ], [ 129.3801109, 37.0965957 ], [ 129.3798845, 37.0964287 ], [ 129.379951299999988, 37.0963712 ], [ 129.3798464, 37.0962938 ], [ 129.3797796, 37.0963513 ], [ 129.379719099999988, 37.0963067 ], [ 129.3797605, 37.096271 ], [ 129.379478299999988, 37.0960628 ] ] ] } },
{ "type": "Feature", "properties": { "element": "way", "id": 1305128226, "building": "yes", "building:levels": null, "name": null, "name:ko": null, "name:en": null, "amenity": null, "shop": null, "office": null, "tourism": null, "social_facility": null, "healthcare": null, "addr:street": null, "addr:housenumber": null, "start_date": null, "centroid_x_5179": 1167082.7467570282, "centroid_y_5179": 1901349.8657709735, "footprint_area_m2": 7298.8172331583864 }, "geometry": { "type": "Polygon", "coordinates": [ [ [ 129.380013100000014, 37.0954399 ], [ 129.3799524, 37.0953951 ], [ 129.3794888, 37.0957949 ], [ 129.3795494, 37.0958397 ], [ 129.3794833, 37.0958968 ], [ 129.3795844, 37.0959713 ], [ 129.379543500000011, 37.0960066 ], [ 129.3799109, 37.0962776 ], [ 129.380017900000013, 37.0961853 ], [ 129.3803245, 37.0964115 ], [ 129.3804906, 37.0962682 ], [ 129.3805055, 37.0962554 ], [ 129.380520100000012, 37.0962429 ], [ 129.380788200000012, 37.0960117 ], [ 129.3805618, 37.0958447 ], [ 129.3806332, 37.0957831 ], [ 129.3805283, 37.0957057 ], [ 129.380456900000013, 37.0957673 ], [ 129.3803964, 37.0957226 ], [ 129.380449199999987, 37.0956771 ], [ 129.380167, 37.0954689 ], [ 129.3801784, 37.0954591 ], [ 129.380077300000011, 37.0953845 ], [ 129.380013100000014, 37.0954399 ] ] ] } },
{ "type": "Feature", "properties": { "element": "way", "id": 1305128231, "building": "watchtower", "building:levels": null, "name": null, "name:ko": null, "name:en": null, "amenity": null, "shop": null, "office": null, "tourism": null, "social_facility": null, "healthcare": null, "addr:street": null, "addr:housenumber": null, "start_date": null, "centroid_x_5179": 1168056.2326392322, "centroid_y_5179": 1899817.4982426208, "footprint_area_m2": 15.531389992128066 }, "geometry": { "type": "Polygon", "coordinates": [ [ [ 129.390697100000011, 37.0819417 ], [ 129.390736800000013, 37.0819412 ], [ 129.390735400000011, 37.081907 ], [ 129.3907227, 37.0818996 ], [ 129.3907059, 37.0818995 ], [ 129.3906958, 37.0819075 ], [ 129.390697100000011, 37.0819417 ] ] ] } },
{ "type": "Feature", "properties": { "element": "way", "id": 1305128232, "building": "yes", "building:levels": null, "name": null, "name:ko": null, "name:en": null, "amenity": null, "shop": null, "office": null, "tourism": null, "social_facility": null, "healthcare": null, "addr:street": null, "addr:housenumber": null, "start_date": null, "centroid_x_5179": 1168128.6968167296, "centroid_y_5179": 1900054.430727873, "footprint_area_m2": 335.94958566261255 }, "geometry": { "type": "Polygon", "coordinates": [ [ [ 129.3922436, 37.083919 ], [ 129.3922321, 37.0838963 ], [ 129.3920784, 37.0839627 ], [ 129.3912202, 37.0840486 ], [ 129.391001100000011, 37.0842449 ], [ 129.3910261, 37.0842626 ], [ 129.3912391, 37.0840715 ], [ 129.3920875, 37.0839865 ], [ 129.3922436, 37.083919 ] ] ] } },
{ "type": "Feature", "properties": { "element": "way", "id": 1305128262, "building": "industrial", "building:levels": null, "name": null, "name:ko": null, "name:en": null, "amenity": null, "shop": null, "office": null, "tourism": null, "social_facility": null, "healthcare": null, "addr:street": null, "addr:housenumber": null, "start_date": null, "centroid_x_5179": 1167895.7345191217, "centroid_y_5179": 1900142.9931921777, "footprint_area_m2": 16648.553683713231 }, "geometry": { "type": "Polygon", "coordinates": [ [ [ 129.389401, 37.0846388 ], [ 129.3894703, 37.0845788 ], [ 129.38940740000001, 37.0845325 ], [ 129.3893381, 37.0845924 ], [ 129.3891323, 37.0844407 ], [ 129.3891674, 37.0844104 ], [ 129.3890346, 37.0843107 ], [ 129.388999500000011, 37.084341 ], [ 129.388525499999986, 37.0839935 ], [ 129.388404, 37.0840984 ], [ 129.3883133, 37.0840316 ], [ 129.3881687, 37.0841565 ], [ 129.38825940000001, 37.0842233 ], [ 129.3878808, 37.0845502 ], [ 129.3886884, 37.0851455 ], [ 129.3886137, 37.08521 ], [ 129.3887305, 37.0852961 ], [ 129.3887537, 37.0852762 ], [ 129.3887978, 37.0853087 ], [ 129.3888494, 37.0852642 ], [ 129.3896212, 37.085833 ], [ 129.389959299999987, 37.0855411 ], [ 129.3899754, 37.0855272 ], [ 129.389996700000012, 37.0855088 ], [ 129.3901007, 37.0854189 ], [ 129.3894869, 37.0849665 ], [ 129.3896522, 37.0848239 ], [ 129.389401, 37.0846388 ] ] ] } },
{ "type": "Feature", "properties": { "element": "way", "id": 1305128263, "building": "industrial", "building:levels": null, "name": null, "name:ko": null, "name:en": null, "amenity": null, "shop": null, "office": null, "tourism": null, "social_facility": null, "healthcare": null, "addr:street": null, "addr:housenumber": null, "start_date": null, "centroid_x_5179": 1167983.2395622609, "centroid_y_5179": 1900035.163058361, "footprint_area_m2": 20106.023549951104 }, "geometry": { "type": "Polygon", "coordinates": [ [ [ 129.3899357, 37.0841872 ], [ 129.39079430000001, 37.0848201 ], [ 129.3911263, 37.0845334 ], [ 129.3911438, 37.0845183 ], [ 129.3911637, 37.0845011 ], [ 129.3912492, 37.0844274 ], [ 129.3910261, 37.0842626 ], [ 129.391001100000011, 37.0842449 ], [ 129.390944, 37.0842024 ], [ 129.3910195, 37.0841372 ], [ 129.390692300000012, 37.083896 ], [ 129.390797, 37.0838057 ], [ 129.3905617, 37.0836323 ], [ 129.39061430000001, 37.0835869 ], [ 129.3905604, 37.0835472 ], [ 129.3905078, 37.0835926 ], [ 129.38968890000001, 37.082989 ], [ 129.388525499999986, 37.0839935 ], [ 129.388999500000011, 37.084341 ], [ 129.3890346, 37.0843107 ], [ 129.3895279, 37.0838848 ], [ 129.389868, 37.0841373 ], [ 129.3897933, 37.0842018 ], [ 129.389861, 37.0842517 ], [ 129.3899357, 37.0841872 ] ] ] } },
{ "type": "Feature", "properties": { "element": "way", "id": 1305128265, "building": "yes", "building:levels": null, "name": null, "name:ko": null, "name:en": null, "amenity": null, "shop": null, "office": null, "tourism": null, "social_facility": null, "healthcare": null, "addr:street": null, "addr:housenumber": null, "start_date": null, "centroid_x_5179": 1168193.9450887518, "centroid_y_5179": 1900042.4428739434, "footprint_area_m2": 16.271339096286411 }, "geometry": { "type": "Polygon", "coordinates": [ [ [ 129.3923132, 37.083946 ], [ 129.3923498, 37.0839549 ], [ 129.3923084, 37.0838912 ], [ 129.3922849, 37.0839011 ], [ 129.3923132, 37.083946 ] ] ] } },
{ "type": "Feature", "properties": { "element": "way", "id": 1305128266, "building": "yes", "building:levels": null, "name": null, "name:ko": null, "name:en": null, "amenity": null, "shop": null, "office": null, "tourism": null, "social_facility": null, "healthcare": null, "addr:street": null, "addr:housenumber": null, "start_date": null, "centroid_x_5179": 1168252.0708938134, "centroid_y_5179": 1900036.6214307218, "footprint_area_m2": 37.713156659238571 }, "geometry": { "type": "Polygon", "coordinates": [ [ [ 129.3929245, 37.0839049 ], [ 129.3929546, 37.0839185 ], [ 129.3930106, 37.083815 ], [ 129.3929798, 37.0838034 ], [ 129.3929245, 37.0839049 ] ] ] } },
{ "type": "Feature", "properties": { "element": "way", "id": 1305128267, "building": "yes", "building:levels": null, "name": null, "name:ko": null, "name:en": null, "amenity": null, "shop": null, "office": null, "tourism": null, "social_facility": null, "healthcare": null, "addr:street": null, "addr:housenumber": null, "start_date": null, "centroid_x_5179": 1168219.357392814, "centroid_y_5179": 1900058.5256483944, "footprint_area_m2": 1495.6492893445964 }, "geometry": { "type": "Polygon", "coordinates": [ [ [ 129.3926147, 37.084292 ], [ 129.3925744, 37.0841541 ], [ 129.392659900000012, 37.0841749 ], [ 129.3930882, 37.0839831 ], [ 129.3929546, 37.0839185 ], [ 129.3929245, 37.0839049 ], [ 129.3927356, 37.0839895 ], [ 129.3924826, 37.0839277 ], [ 129.392461700000013, 37.0839822 ], [ 129.3923498, 37.0839549 ], [ 129.3923132, 37.083946 ], [ 129.3921911, 37.0840608 ], [ 129.3923163, 37.0840913 ], [ 129.3923686, 37.0841739 ], [ 129.3924605, 37.0841986 ], [ 129.392487, 37.0842891 ], [ 129.3926147, 37.084292 ] ] ] } },
{ "type": "Feature", "properties": { "element": "way", "id": 1305128268, "building": "yes", "building:levels": null, "name": null, "name:ko": null, "name:en": null, "amenity": null, "shop": null, "office": null, "tourism": null, "social_facility": null, "healthcare": null, "addr:street": null, "addr:housenumber": null, "start_date": null, "centroid_x_5179": 1168233.606567974, "centroid_y_5179": 1900017.7570835866, "footprint_area_m2": 2152.1401043401816 }, "geometry": { "type": "Polygon", "coordinates": [ [ [ 129.3926509, 37.0835875 ], [ 129.3922906, 37.0837391 ], [ 129.392193, 37.0838176 ], [ 129.3922321, 37.0838963 ], [ 129.3922436, 37.083919 ], [ 129.3922849, 37.0839011 ], [ 129.3923084, 37.0838912 ], [ 129.3926698, 37.0837393 ], [ 129.3928995, 37.0838261 ], [ 129.3929252, 37.0837828 ], [ 129.3929798, 37.0838034 ], [ 129.3930106, 37.083815 ], [ 129.3931445, 37.0838656 ], [ 129.3932949, 37.083751 ], [ 129.3931609, 37.0837004 ], [ 129.3931847, 37.0836604 ], [ 129.3928679, 37.0835414 ], [ 129.3927842, 37.0834147 ], [ 129.392590500000011, 37.0834961 ], [ 129.3926509, 37.0835875 ] ] ] } },
{ "type": "Feature", "properties": { "element": "way", "id": 1305128270, "building": "storage_tank", "building:levels": null, "name": null, "name:ko": null, "name:en": null, "amenity": null, "shop": null, "office": null, "tourism": null, "social_facility": null, "healthcare": null, "addr:street": null, "addr:housenumber": null, "start_date": null, "centroid_x_5179": 1168018.3931983016, "centroid_y_5179": 1899949.6566693271, "footprint_area_m2": 250.65657850505377 }, "geometry": { "type": "Polygon", "coordinates": [ [ [ 129.3902735, 37.0830471 ], [ 129.3902479, 37.0830621 ], [ 129.39022940000001, 37.0830827 ], [ 129.390219800000011, 37.0831068 ], [ 129.39022, 37.0831322 ], [ 129.39023, 37.0831562 ], [ 129.3902488, 37.0831766 ], [ 129.3902746, 37.0831914 ], [ 129.3903049, 37.083199 ], [ 129.3903367, 37.0831989 ], [ 129.39036680000001, 37.0831909 ], [ 129.3903924, 37.0831759 ], [ 129.3904109, 37.0831553 ], [ 129.3904205, 37.0831311 ], [ 129.390420299999988, 37.0831058 ], [ 129.390410300000013, 37.0830817 ], [ 129.3903915, 37.0830613 ], [ 129.3903656, 37.0830466 ], [ 129.3903354, 37.0830389 ], [ 129.39030360000001, 37.0830391 ], [ 129.3902735, 37.0830471 ] ] ] } },
{ "type": "Feature", "properties": { "element": "way", "id": 1305128271, "building": "storage_tank", "building:levels": null, "name": null, "name:ko": null, "name:en": null, "amenity": null, "shop": null, "office": null, "tourism": null, "social_facility": null, "healthcare": null, "addr:street": null, "addr:housenumber": null, "start_date": null, "centroid_x_5179": 1168000.2913229764, "centroid_y_5179": 1899932.8592707221, "footprint_area_m2": 250.60339691379107 }, "geometry": { "type": "Polygon", "coordinates": [ [ [ 129.3900662, 37.082899 ], [ 129.3900406, 37.082914 ], [ 129.39002210000001, 37.0829346 ], [ 129.390012500000012, 37.0829587 ], [ 129.3900127, 37.0829841 ], [ 129.3900227, 37.0830081 ], [ 129.3900415, 37.0830285 ], [ 129.3900673, 37.0830433 ], [ 129.3900976, 37.0830509 ], [ 129.3901294, 37.0830508 ], [ 129.39015950000001, 37.0830428 ], [ 129.3901851, 37.0830278 ], [ 129.3902036, 37.0830072 ], [ 129.3902132, 37.082983 ], [ 129.390213, 37.0829577 ], [ 129.390203, 37.0829337 ], [ 129.3901841, 37.0829133 ], [ 129.3901583, 37.0828985 ], [ 129.3901281, 37.0828908 ], [ 129.39009630000001, 37.082891 ], [ 129.3900662, 37.082899 ] ] ] } },
{ "type": "Feature", "properties": { "element": "way", "id": 1305128272, "building": "storage_tank", "building:levels": null, "name": null, "name:ko": null, "name:en": null, "amenity": null, "shop": null, "office": null, "tourism": null, "social_facility": null, "healthcare": null, "addr:street": null, "addr:housenumber": null, "start_date": null, "centroid_x_5179": 1167975.7326140297, "centroid_y_5179": 1899914.6617679882, "footprint_area_m2": 159.80982854825268 }, "geometry": { "type": "Polygon", "coordinates": [ [ [ 129.389791, 37.0827557 ], [ 129.389769699999988, 37.0827704 ], [ 129.389755900000011, 37.08279 ], [ 129.3897514, 37.0828122 ], [ 129.3897567, 37.0828343 ], [ 129.3897711, 37.0828537 ], [ 129.389793, 37.0828679 ], [ 129.38981960000001, 37.0828753 ], [ 129.389847800000013, 37.082875 ], [ 129.3898742, 37.082867 ], [ 129.389895599999988, 37.0828523 ], [ 129.3899093, 37.0828326 ], [ 129.389913799999988, 37.0828104 ], [ 129.3899085, 37.0827883 ], [ 129.3898941, 37.082769 ], [ 129.389872200000013, 37.0827548 ], [ 129.3898456, 37.0827474 ], [ 129.3898174, 37.0827477 ], [ 129.389791, 37.0827557 ] ] ] } },
{ "type": "Feature", "properties": { "element": "way", "id": 1305128281, "building": "yes", "building:levels": null, "name": null, "name:ko": null, "name:en": null, "amenity": null, "shop": null, "office": null, "tourism": null, "social_facility": null, "healthcare": null, "addr:street": null, "addr:housenumber": null, "start_date": null, "centroid_x_5179": 1168218.8448857502, "centroid_y_5179": 1900157.8372427179, "footprint_area_m2": 7.344620698556664 }, "geometry": { "type": "Polygon", "coordinates": [ [ [ 129.3926222, 37.0849758 ], [ 129.3926323, 37.084967 ], [ 129.3926425, 37.0849581 ], [ 129.392619599999989, 37.0849414 ], [ 129.3925993, 37.0849591 ], [ 129.3926222, 37.0849758 ] ] ] } },
{ "type": "Feature", "properties": { "element": "way", "id": 1305128282, "building": "yes", "building:levels": null, "name": null, "name:ko": null, "name:en": null, "amenity": null, "shop": null, "office": null, "tourism": null, "social_facility": null, "healthcare": null, "addr:street": null, "addr:housenumber": null, "start_date": null, "centroid_x_5179": 1168214.1822747418, "centroid_y_5179": 1900162.8719168049, "footprint_area_m2": 7.3415080909681363 }, "geometry": { "type": "Polygon", "coordinates": [ [ [ 129.39257090000001, 37.085022 ], [ 129.3925789, 37.085015 ], [ 129.3925912, 37.0850043 ], [ 129.3925683, 37.0849876 ], [ 129.392548, 37.0850053 ], [ 129.39257090000001, 37.085022 ] ] ] } },
{ "type": "Feature", "properties": { "element": "way", "id": 1305128283, "building": "yes", "building:levels": null, "name": null, "name:ko": null, "name:en": null, "amenity": null, "shop": null, "office": null, "tourism": null, "social_facility": null, "healthcare": null, "addr:street": null, "addr:housenumber": null, "start_date": null, "centroid_x_5179": 1168209.9255764135, "centroid_y_5179": 1900167.1786566286, "footprint_area_m2": 7.3615328957291046 }, "geometry": { "type": "Polygon", "coordinates": [ [ [ 129.392524, 37.0850616 ], [ 129.392532100000011, 37.0850545 ], [ 129.3925443, 37.0850439 ], [ 129.3925214, 37.0850271 ], [ 129.3925011, 37.0850449 ], [ 129.392524, 37.0850616 ] ] ] } },
{ "type": "Feature", "properties": { "element": "way", "id": 1305128284, "building": "yes", "building:levels": null, "name": null, "name:ko": null, "name:en": null, "amenity": null, "shop": null, "office": null, "tourism": null, "social_facility": null, "healthcare": null, "addr:street": null, "addr:housenumber": null, "start_date": null, "centroid_x_5179": 1168206.4386039707, "centroid_y_5179": 1900171.2642827625, "footprint_area_m2": 7.3415002905086446 }, "geometry": { "type": "Polygon", "coordinates": [ [ [ 129.3924857, 37.085099 ], [ 129.392493699999989, 37.085092 ], [ 129.392506, 37.0850813 ], [ 129.3924831, 37.0850646 ], [ 129.3924628, 37.0850823 ], [ 129.3924857, 37.085099 ] ] ] } },
{ "type": "Feature", "properties": { "element": "way", "id": 1305128285, "building": "yes", "building:levels": null, "name": null, "name:ko": null, "name:en": null, "amenity": null, "shop": null, "office": null, "tourism": null, "social_facility": null, "healthcare": null, "addr:street": null, "addr:housenumber": null, "start_date": null, "centroid_x_5179": 1168202.4250662909, "centroid_y_5179": 1900175.4618611753, "footprint_area_m2": 7.3666063967457083 }, "geometry": { "type": "Polygon", "coordinates": [ [ [ 129.3924415, 37.0851376 ], [ 129.392448699999989, 37.0851313 ], [ 129.3924618, 37.0851198 ], [ 129.3924389, 37.0851031 ], [ 129.392418600000013, 37.0851208 ], [ 129.3924415, 37.0851376 ] ] ] } },
{ "type": "Feature", "properties": { "element": "way", "id": 1305128286, "building": "yes", "building:levels": null, "name": null, "name:ko": null, "name:en": null, "amenity": null, "shop": null, "office": null, "tourism": null, "social_facility": null, "healthcare": null, "addr:street": null, "addr:housenumber": null, "start_date": null, "centroid_x_5179": 1168198.3929802843, "centroid_y_5179": 1900179.6792602488, "footprint_area_m2": 7.3704996749580625 }, "geometry": { "type": "Polygon", "coordinates": [ [ [ 129.392397100000011, 37.0851763 ], [ 129.3924049, 37.0851695 ], [ 129.3924174, 37.0851585 ], [ 129.3923945, 37.0851418 ], [ 129.3923742, 37.0851596 ], [ 129.392397100000011, 37.0851763 ] ] ] } },
{ "type": "Feature", "properties": { "element": "way", "id": 1305128287, "building": "yes", "building:levels": null, "name": null, "name:ko": null, "name:en": null, "amenity": null, "shop": null, "office": null, "tourism": null, "social_facility": null, "healthcare": null, "addr:street": null, "addr:housenumber": null, "start_date": null, "centroid_x_5179": 1168177.1190772874, "centroid_y_5179": 1900202.1097868381, "footprint_area_m2": 3.9255843325787128 }, "geometry": { "type": "Polygon", "coordinates": [ [ [ 129.3921609, 37.0853544 ], [ 129.3921517, 37.0853579 ], [ 129.3921483, 37.0853656 ], [ 129.3921528, 37.0853729 ], [ 129.3921623, 37.0853755 ], [ 129.392171499999989, 37.085372 ], [ 129.392174899999986, 37.0853644 ], [ 129.3921705, 37.0853571 ], [ 129.3921609, 37.0853544 ] ] ] } },
{ "type": "Feature", "properties": { "element": "way", "id": 1305128288, "building": "yes", "building:levels": null, "name": null, "name:ko": null, "name:en": null, "amenity": null, "shop": null, "office": null, "tourism": null, "social_facility": null, "healthcare": null, "addr:street": null, "addr:housenumber": null, "start_date": null, "centroid_x_5179": 1168181.229628924, "centroid_y_5179": 1900197.8295248158, "footprint_area_m2": 3.9202092929223982 }, "geometry": { "type": "Polygon", "coordinates": [ [ [ 129.3922063, 37.0853151 ], [ 129.3921971, 37.0853185 ], [ 129.392193600000013, 37.0853261 ], [ 129.392197900000014, 37.0853335 ], [ 129.3922074, 37.0853362 ], [ 129.3922167, 37.0853328 ], [ 129.3922201, 37.0853252 ], [ 129.3922158, 37.0853178 ], [ 129.3922063, 37.0853151 ] ] ] } },
{ "type": "Feature", "properties": { "element": "way", "id": 1305128297, "building": "yes", "building:levels": null, "name": null, "name:ko": null, "name:en": null, "amenity": null, "shop": null, "office": null, "tourism": null, "social_facility": null, "healthcare": null, "addr:street": null, "addr:housenumber": null, "start_date": null, "centroid_x_5179": 1168112.1715335904, "centroid_y_5179": 1900268.464644223, "footprint_area_m2": 7.3607968325896298 }, "geometry": { "type": "Polygon", "coordinates": [ [ [ 129.3914474, 37.0859917 ], [ 129.3914575, 37.0859828 ], [ 129.3914677, 37.0859739 ], [ 129.391444799999988, 37.0859572 ], [ 129.3914245, 37.0859749 ], [ 129.3914474, 37.0859917 ] ] ] } },
{ "type": "Feature", "properties": { "element": "way", "id": 1305128298, "building": "yes", "building:levels": null, "name": null, "name:ko": null, "name:en": null, "amenity": null, "shop": null, "office": null, "tourism": null, "social_facility": null, "healthcare": null, "addr:street": null, "addr:housenumber": null, "start_date": null, "centroid_x_5179": 1168108.366457562, "centroid_y_5179": 1900272.4478293017, "footprint_area_m2": 7.3414058678042871 }, "geometry": { "type": "Polygon", "coordinates": [ [ [ 129.3914055, 37.0860282 ], [ 129.3914135, 37.0860212 ], [ 129.3914258, 37.0860105 ], [ 129.3914029, 37.0859938 ], [ 129.391382599999986, 37.0860115 ], [ 129.3914055, 37.0860282 ] ] ] } },
{ "type": "Feature", "properties": { "element": "way", "id": 1305128299, "building": "yes", "building:levels": null, "name": null, "name:ko": null, "name:en": null, "amenity": null, "shop": null, "office": null, "tourism": null, "social_facility": null, "healthcare": null, "addr:street": null, "addr:housenumber": null, "start_date": null, "centroid_x_5179": 1168104.4703203368, "centroid_y_5179": 1900276.5213040274, "footprint_area_m2": 7.3401194451278533 }, "geometry": { "type": "Polygon", "coordinates": [ [ [ 129.3913626, 37.0860656 ], [ 129.39137070000001, 37.0860585 ], [ 129.3913829, 37.0860479 ], [ 129.39136, 37.0860312 ], [ 129.3913397, 37.0860489 ], [ 129.3913626, 37.0860656 ] ] ] } },
{ "type": "Feature", "properties": { "element": "way", "id": 1305128300, "building": "yes", "building:levels": null, "name": null, "name:ko": null, "name:en": null, "amenity": null, "shop": null, "office": null, "tourism": null, "social_facility": null, "healthcare": null, "addr:street": null, "addr:housenumber": null, "start_date": null, "centroid_x_5179": 1168100.6289545994, "centroid_y_5179": 1900280.5407174279, "footprint_area_m2": 7.3413983176947166 }, "geometry": { "type": "Polygon", "coordinates": [ [ [ 129.3913203, 37.0861025 ], [ 129.3913283, 37.0860955 ], [ 129.3913406, 37.0860848 ], [ 129.3913177, 37.0860681 ], [ 129.391297400000013, 37.0860858 ], [ 129.3913203, 37.0861025 ] ] ] } },
{ "type": "Feature", "properties": { "element": "way", "id": 1305128301, "building": "yes", "building:levels": null, "name": null, "name:ko": null, "name:en": null, "amenity": null, "shop": null, "office": null, "tourism": null, "social_facility": null, "healthcare": null, "addr:street": null, "addr:housenumber": null, "start_date": null, "centroid_x_5179": 1168096.6118229572, "centroid_y_5179": 1900284.7415249124, "footprint_area_m2": 7.3799715310007308 }, "geometry": { "type": "Polygon", "coordinates": [ [ [ 129.3912761, 37.0861411 ], [ 129.3912833, 37.0861348 ], [ 129.391296399999987, 37.0861234 ], [ 129.391273500000011, 37.0861066 ], [ 129.3912531, 37.0861244 ], [ 129.3912761, 37.0861411 ] ] ] } },
{ "type": "Feature", "properties": { "element": "way", "id": 1305128302, "building": "yes", "building:levels": null, "name": null, "name:ko": null, "name:en": null, "amenity": null, "shop": null, "office": null, "tourism": null, "social_facility": null, "healthcare": null, "addr:street": null, "addr:housenumber": null, "start_date": null, "centroid_x_5179": 1168092.5829047358, "centroid_y_5179": 1900288.9571059418, "footprint_area_m2": 7.3652668425313426 }, "geometry": { "type": "Polygon", "coordinates": [ [ [ 129.3912317, 37.0861798 ], [ 129.391239500000012, 37.086173 ], [ 129.391252, 37.0861621 ], [ 129.3912291, 37.0861453 ], [ 129.391208799999987, 37.0861631 ], [ 129.3912317, 37.0861798 ] ] ] } },
{ "type": "Feature", "properties": { "element": "way", "id": 1305128303, "building": "yes", "building:levels": null, "name": null, "name:ko": null, "name:en": null, "amenity": null, "shop": null, "office": null, "tourism": null, "social_facility": null, "healthcare": null, "addr:street": null, "addr:housenumber": null, "start_date": null, "centroid_x_5179": 1168069.6044742933, "centroid_y_5179": 1900313.2542877516, "footprint_area_m2": 3.9335698676881337 }, "geometry": { "type": "Polygon", "coordinates": [ [ [ 129.39097670000001, 37.086375 ], [ 129.390967499999988, 37.0863785 ], [ 129.390964200000013, 37.0863862 ], [ 129.3909686, 37.0863935 ], [ 129.390978100000012, 37.0863962 ], [ 129.3909873, 37.0863927 ], [ 129.3909907, 37.086385 ], [ 129.3909863, 37.0863777 ], [ 129.39097670000001, 37.086375 ] ] ] } },
{ "type": "Feature", "properties": { "element": "way", "id": 1305128304, "building": "yes", "building:levels": null, "name": null, "name:ko": null, "name:en": null, "amenity": null, "shop": null, "office": null, "tourism": null, "social_facility": null, "healthcare": null, "addr:street": null, "addr:housenumber": null, "start_date": null, "centroid_x_5179": 1168074.988650681, "centroid_y_5179": 1900307.7516459629, "footprint_area_m2": 3.9147280964655469 }, "geometry": { "type": "Polygon", "coordinates": [ [ [ 129.3910362, 37.0863245 ], [ 129.391027, 37.0863279 ], [ 129.391023499999989, 37.0863355 ], [ 129.391027799999989, 37.0863429 ], [ 129.3910373, 37.0863456 ], [ 129.391046499999987, 37.0863422 ], [ 129.39105, 37.0863346 ], [ 129.3910457, 37.0863272 ], [ 129.3910362, 37.0863245 ] ] ] } },
{ "type": "Feature", "properties": { "element": "way", "id": 1305128314, "building": "watchtower", "building:levels": null, "name": null, "name:ko": null, "name:en": null, "amenity": null, "shop": null, "office": null, "tourism": null, "social_facility": null, "healthcare": null, "addr:street": null, "addr:housenumber": null, "start_date": null, "centroid_x_5179": 1168040.3426851013, "centroid_y_5179": 1900412.1166925228, "footprint_area_m2": 18.607550237615921 }, "geometry": { "type": "Polygon", "coordinates": [ [ [ 129.390699399999988, 37.0872666 ], [ 129.3906538, 37.0872574 ], [ 129.3906433, 37.0872906 ], [ 129.390653, 37.0873005 ], [ 129.390676500000012, 37.0873053 ], [ 129.390688899999986, 37.0872998 ], [ 129.390699399999988, 37.0872666 ] ] ] } },
{ "type": "Feature", "properties": { "element": "way", "id": 1305128317, "building": "storage_tank", "building:levels": null, "name": null, "name:ko": null, "name:en": null, "amenity": null, "shop": null, "office": null, "tourism": null, "social_facility": null, "healthcare": null, "addr:street": null, "addr:housenumber": null, "start_date": null, "centroid_x_5179": 1167779.4530997428, "centroid_y_5179": 1900117.326678483, "footprint_area_m2": 159.79609280074834 }, "geometry": { "type": "Polygon", "coordinates": [ [ [ 129.38763, 37.0846164 ], [ 129.3876084, 37.0846309 ], [ 129.387594299999989, 37.0846504 ], [ 129.3875895, 37.0846726 ], [ 129.3875945, 37.0846947 ], [ 129.3876086, 37.0847142 ], [ 129.387630300000012, 37.0847286 ], [ 129.3876568, 37.0847362 ], [ 129.387685, 37.0847362 ], [ 129.3877115, 37.0847284 ], [ 129.3877331, 37.0847139 ], [ 129.387747100000013, 37.0846944 ], [ 129.387751900000012, 37.0846722 ], [ 129.387747, 37.0846501 ], [ 129.3877328, 37.0846306 ], [ 129.387711200000012, 37.0846162 ], [ 129.3876846, 37.0846086 ], [ 129.3876564, 37.0846086 ], [ 129.38763, 37.0846164 ] ] ] } },
{ "type": "Feature", "properties": { "element": "way", "id": 1305128318, "building": "storage_tank", "building:levels": null, "name": null, "name:ko": null, "name:en": null, "amenity": null, "shop": null, "office": null, "tourism": null, "social_facility": null, "healthcare": null, "addr:street": null, "addr:housenumber": null, "start_date": null, "centroid_x_5179": 1167816.1666971783, "centroid_y_5179": 1900157.4281282814, "footprint_area_m2": 250.59638270259677 }, "geometry": { "type": "Polygon", "coordinates": [ [ [ 129.3880459, 37.0849552 ], [ 129.3880203, 37.0849702 ], [ 129.388001800000012, 37.0849908 ], [ 129.387992200000014, 37.085015 ], [ 129.3879924, 37.0850403 ], [ 129.3880024, 37.0850643 ], [ 129.3880212, 37.0850847 ], [ 129.388047, 37.0850995 ], [ 129.3880773, 37.0851072 ], [ 129.3881091, 37.085107 ], [ 129.388139200000012, 37.085099 ], [ 129.3881648, 37.085084 ], [ 129.3881833, 37.0850634 ], [ 129.3881929, 37.0850393 ], [ 129.3881927, 37.0850139 ], [ 129.388182699999987, 37.0849899 ], [ 129.3881638, 37.0849695 ], [ 129.388138, 37.0849547 ], [ 129.3881078, 37.0849471 ], [ 129.388076, 37.0849472 ], [ 129.3880459, 37.0849552 ] ] ] } },
{ "type": "Feature", "properties": { "element": "way", "id": 1305128319, "building": "storage_tank", "building:levels": null, "name": null, "name:ko": null, "name:en": null, "amenity": null, "shop": null, "office": null, "tourism": null, "social_facility": null, "healthcare": null, "addr:street": null, "addr:housenumber": null, "start_date": null, "centroid_x_5179": 1167798.065108601, "centroid_y_5179": 1900140.6303689098, "footprint_area_m2": 250.63663738477277 }, "geometry": { "type": "Polygon", "coordinates": [ [ [ 129.387838499999987, 37.0848071 ], [ 129.387813, 37.0848221 ], [ 129.387794500000012, 37.0848427 ], [ 129.387784900000014, 37.0848669 ], [ 129.3877851, 37.0848922 ], [ 129.3877951, 37.0849163 ], [ 129.3878139, 37.0849367 ], [ 129.3878397, 37.0849514 ], [ 129.38787, 37.0849591 ], [ 129.387901699999986, 37.0849589 ], [ 129.387931900000012, 37.0849509 ], [ 129.3879575, 37.0849359 ], [ 129.387976, 37.0849153 ], [ 129.3879856, 37.0848912 ], [ 129.3879854, 37.0848658 ], [ 129.387975399999988, 37.0848418 ], [ 129.3879565, 37.0848214 ], [ 129.3879307, 37.0848066 ], [ 129.3879004, 37.084799 ], [ 129.387868700000013, 37.0847991 ], [ 129.387838499999987, 37.0848071 ] ] ] } },
{ "type": "Feature", "properties": { "element": "way", "id": 1305128324, "building": "storage_tank", "building:levels": null, "name": null, "name:ko": null, "name:en": null, "amenity": null, "shop": null, "office": null, "tourism": null, "social_facility": null, "healthcare": null, "addr:street": null, "addr:housenumber": null, "start_date": null, "centroid_x_5179": 1167898.2117835153, "centroid_y_5179": 1900241.5291694324, "footprint_area_m2": 104.51373004625492 }, "geometry": { "type": "Polygon", "coordinates": [ [ [ 129.3889968, 37.0857267 ], [ 129.388978900000012, 37.0857414 ], [ 129.388969300000014, 37.0857604 ], [ 129.3889695, 37.0857809 ], [ 129.3889796, 37.0857998 ], [ 129.388998, 37.0858141 ], [ 129.3890218, 37.0858218 ], [ 129.3890475, 37.0858215 ], [ 129.3890711, 37.0858135 ], [ 129.3890891, 37.0857989 ], [ 129.3890987, 37.0857799 ], [ 129.3890984, 37.0857594 ], [ 129.3890884, 37.0857405 ], [ 129.38907, 37.0857261 ], [ 129.3890462, 37.0857185 ], [ 129.389020499999987, 37.0857187 ], [ 129.3889968, 37.0857267 ] ] ] } },
{ "type": "Feature", "properties": { "element": "way", "id": 1305128325, "building": "storage_tank", "building:levels": null, "name": null, "name:ko": null, "name:en": null, "amenity": null, "shop": null, "office": null, "tourism": null, "social_facility": null, "healthcare": null, "addr:street": null, "addr:housenumber": null, "start_date": null, "centroid_x_5179": 1167884.8994216977, "centroid_y_5179": 1900228.4479430488, "footprint_area_m2": 104.52739188683898 }, "geometry": { "type": "Polygon", "coordinates": [ [ [ 129.3888442, 37.0856113 ], [ 129.388826200000011, 37.0856259 ], [ 129.388816600000013, 37.0856449 ], [ 129.3888169, 37.0856654 ], [ 129.388827, 37.0856843 ], [ 129.388845300000014, 37.0856986 ], [ 129.388869199999988, 37.0857063 ], [ 129.3888949, 37.0857061 ], [ 129.388918499999988, 37.085698 ], [ 129.3889365, 37.0856834 ], [ 129.3889461, 37.0856644 ], [ 129.388945799999988, 37.0856439 ], [ 129.3889357, 37.085625 ], [ 129.3889174, 37.0856107 ], [ 129.388893599999989, 37.085603 ], [ 129.3888679, 37.0856032 ], [ 129.3888442, 37.0856113 ] ] ] } },
{ "type": "Feature", "properties": { "element": "way", "id": 1305128328, "building": "yes", "building:levels": null, "name": null, "name:ko": null, "name:en": null, "amenity": null, "shop": null, "office": null, "tourism": null, "social_facility": null, "healthcare": null, "addr:street": null, "addr:housenumber": null, "start_date": null, "centroid_x_5179": 1168008.5250902518, "centroid_y_5179": 1900100.7374775251, "footprint_area_m2": 64.630937530956501 }, "geometry": { "type": "Polygon", "coordinates": [ [ [ 129.3902706, 37.0845357 ], [ 129.390312599999987, 37.0844989 ], [ 129.390215399999988, 37.0844281 ], [ 129.3901734, 37.0844649 ], [ 129.3902706, 37.0845357 ] ] ] } },
{ "type": "Feature", "properties": { "element": "way", "id": 1305128330, "building": "storage_tank", "building:levels": null, "name": null, "name:ko": null, "name:en": null, "amenity": null, "shop": null, "office": null, "tourism": null, "social_facility": null, "healthcare": null, "addr:street": null, "addr:housenumber": null, "start_date": null, "centroid_x_5179": 1168077.6606294457, "centroid_y_5179": 1900171.2976501549, "footprint_area_m2": 24.325266501789976 }, "geometry": { "type": "Polygon", "coordinates": [ [ [ 129.3910129, 37.0850876 ], [ 129.391005, 37.0850993 ], [ 129.3910055, 37.0851126 ], [ 129.3910142, 37.0851238 ], [ 129.391028799999987, 37.0851301 ], [ 129.3910455, 37.0851297 ], [ 129.3910596, 37.0851228 ], [ 129.3910675, 37.0851111 ], [ 129.391067, 37.0850979 ], [ 129.3910583, 37.0850866 ], [ 129.391043700000012, 37.0850803 ], [ 129.3910271, 37.0850807 ], [ 129.3910129, 37.0850876 ] ] ] } },
{ "type": "Feature", "properties": { "element": "way", "id": 1305128331, "building": "storage_tank", "building:levels": null, "name": null, "name:ko": null, "name:en": null, "amenity": null, "shop": null, "office": null, "tourism": null, "social_facility": null, "healthcare": null, "addr:street": null, "addr:housenumber": null, "start_date": null, "centroid_x_5179": 1168084.3056481606, "centroid_y_5179": 1900164.6581912353, "footprint_area_m2": 24.313496716052942 }, "geometry": { "type": "Polygon", "coordinates": [ [ [ 129.3910861, 37.0850266 ], [ 129.3910783, 37.0850383 ], [ 129.3910787, 37.0850516 ], [ 129.3910875, 37.0850628 ], [ 129.391102100000012, 37.0850691 ], [ 129.3911187, 37.0850687 ], [ 129.3911328, 37.0850618 ], [ 129.3911407, 37.0850501 ], [ 129.391140299999989, 37.0850369 ], [ 129.3911315, 37.0850256 ], [ 129.391116899999986, 37.0850193 ], [ 129.3911003, 37.0850197 ], [ 129.3910861, 37.0850266 ] ] ] } },
{ "type": "Feature", "properties": { "element": "way", "id": 1305128333, "building": "yes", "building:levels": null, "name": null, "name:ko": null, "name:en": null, "amenity": null, "shop": null, "office": null, "tourism": null, "social_facility": null, "healthcare": null, "addr:street": null, "addr:housenumber": null, "start_date": null, "centroid_x_5179": 1168091.0324117453, "centroid_y_5179": 1900157.1505341539, "footprint_area_m2": 88.040915957161047 }, "geometry": { "type": "Polygon", "coordinates": [ [ [ 129.3911955, 37.0850351 ], [ 129.391259100000013, 37.0849802 ], [ 129.3911714, 37.0849156 ], [ 129.391107799999986, 37.0849705 ], [ 129.3911955, 37.0850351 ] ] ] } },
{ "type": "Feature", "properties": { "element": "way", "id": 1305128334, "building": "yes", "building:levels": null, "name": null, "name:ko": null, "name:en": null, "amenity": null, "shop": null, "office": null, "tourism": null, "social_facility": null, "healthcare": null, "addr:street": null, "addr:housenumber": null, "start_date": null, "centroid_x_5179": 1168116.5080196736, "centroid_y_5179": 1900156.5589537253, "footprint_area_m2": 17.342012831638172 }, "geometry": { "type": "Polygon", "coordinates": [ [ [ 129.391436, 37.0849628 ], [ 129.3914768, 37.084992 ], [ 129.3915036, 37.0849681 ], [ 129.3914628, 37.0849389 ], [ 129.391436, 37.0849628 ] ] ] } },
{ "type": "Feature", "properties": { "element": "way", "id": 1305128336, "building": "storage_tank", "building:levels": null, "name": null, "name:ko": null, "name:en": null, "amenity": null, "shop": null, "office": null, "tourism": null, "social_facility": null, "healthcare": null, "addr:street": null, "addr:housenumber": null, "start_date": null, "centroid_x_5179": 1168206.0693043286, "centroid_y_5179": 1899972.4569504426, "footprint_area_m2": 179.1927043320556 }, "geometry": { "type": "Polygon", "coordinates": [ [ [ 129.3923684, 37.083248 ], [ 129.3923542, 37.0832689 ], [ 129.392349700000011, 37.0832925 ], [ 129.3923557, 37.0833158 ], [ 129.392371200000014, 37.0833361 ], [ 129.392394599999989, 37.083351 ], [ 129.392422900000014, 37.0833586 ], [ 129.3924528, 37.083358 ], [ 129.3924806, 37.0833492 ], [ 129.392503, 37.0833335 ], [ 129.392517199999986, 37.0833125 ], [ 129.3925217, 37.083289 ], [ 129.3925157, 37.0832656 ], [ 129.3925002, 37.0832453 ], [ 129.3924768, 37.0832305 ], [ 129.3924485, 37.0832229 ], [ 129.392418600000013, 37.0832235 ], [ 129.392390799999987, 37.0832322 ], [ 129.3923684, 37.083248 ] ] ] } },
{ "type": "Feature", "properties": { "element": "way", "id": 1305128337, "building": "storage_tank", "building:levels": null, "name": null, "name:ko": null, "name:en": null, "amenity": null, "shop": null, "office": null, "tourism": null, "social_facility": null, "healthcare": null, "addr:street": null, "addr:housenumber": null, "start_date": null, "centroid_x_5179": 1168183.0878478931, "centroid_y_5179": 1899949.5733541453, "footprint_area_m2": 179.12555297637894 }, "geometry": { "type": "Polygon", "coordinates": [ [ [ 129.3921049, 37.0830459 ], [ 129.392090599999989, 37.0830669 ], [ 129.3920862, 37.0830904 ], [ 129.392092100000013, 37.0831138 ], [ 129.3921077, 37.0831341 ], [ 129.3921311, 37.083149 ], [ 129.3921594, 37.0831565 ], [ 129.3921892, 37.0831559 ], [ 129.392217, 37.0831472 ], [ 129.3922394, 37.0831314 ], [ 129.3922537, 37.0831105 ], [ 129.3922581, 37.083087 ], [ 129.3922522, 37.0830636 ], [ 129.3922366, 37.0830433 ], [ 129.3922133, 37.0830284 ], [ 129.3921849, 37.0830209 ], [ 129.3921551, 37.0830215 ], [ 129.3921273, 37.0830302 ], [ 129.3921049, 37.0830459 ] ] ] } },
{ "type": "Feature", "properties": { "element": "way", "id": 1305128338, "building": "storage_tank", "building:levels": null, "name": null, "name:ko": null, "name:en": null, "amenity": null, "shop": null, "office": null, "tourism": null, "social_facility": null, "healthcare": null, "addr:street": null, "addr:housenumber": null, "start_date": null, "centroid_x_5179": 1168159.4423477144, "centroid_y_5179": 1900011.0724942321, "footprint_area_m2": 89.800216132156521 }, "geometry": { "type": "Polygon", "coordinates": [ [ [ 129.391864700000013, 37.083626 ], [ 129.3918587, 37.0836472 ], [ 129.3918649, 37.0836684 ], [ 129.3918821, 37.0836854 ], [ 129.3919067, 37.0836947 ], [ 129.391934, 37.0836946 ], [ 129.391958499999987, 37.0836851 ], [ 129.3919754, 37.083668 ], [ 129.3919813, 37.0836468 ], [ 129.3919751, 37.0836256 ], [ 129.391958, 37.0836086 ], [ 129.3919334, 37.0835993 ], [ 129.3919061, 37.0835994 ], [ 129.3918816, 37.0836089 ], [ 129.391864700000013, 37.083626 ] ] ] } },
{ "type": "Feature", "properties": { "element": "way", "id": 1305128339, "building": "storage_tank", "building:levels": null, "name": null, "name:ko": null, "name:en": null, "amenity": null, "shop": null, "office": null, "tourism": null, "social_facility": null, "healthcare": null, "addr:street": null, "addr:housenumber": null, "start_date": null, "centroid_x_5179": 1168145.9315404801, "centroid_y_5179": 1899998.0709610416, "footprint_area_m2": 89.808578274873938 }, "geometry": { "type": "Polygon", "coordinates": [ [ [ 129.3917098, 37.0835113 ], [ 129.39170390000001, 37.0835325 ], [ 129.391710100000012, 37.0835537 ], [ 129.3917272, 37.0835707 ], [ 129.3917518, 37.08358 ], [ 129.3917791, 37.0835799 ], [ 129.3918036, 37.0835704 ], [ 129.3918205, 37.0835533 ], [ 129.3918265, 37.0835321 ], [ 129.3918203, 37.0835109 ], [ 129.3918032, 37.0834939 ], [ 129.391778499999987, 37.0834846 ], [ 129.39175130000001, 37.0834847 ], [ 129.3917267, 37.0834942 ], [ 129.3917098, 37.0835113 ] ] ] } },
{ "type": "Feature", "properties": { "element": "way", "id": 1305128340, "building": "storage_tank", "building:levels": null, "name": null, "name:ko": null, "name:en": null, "amenity": null, "shop": null, "office": null, "tourism": null, "social_facility": null, "healthcare": null, "addr:street": null, "addr:housenumber": null, "start_date": null, "centroid_x_5179": 1168181.1348265072, "centroid_y_5179": 1899996.8964174322, "footprint_area_m2": 276.48395402589034 }, "geometry": { "type": "Polygon", "coordinates": [ [ [ 129.3920846, 37.0834559 ], [ 129.392065300000013, 37.0834776 ], [ 129.39205530000001, 37.083503 ], [ 129.392055699999986, 37.0835296 ], [ 129.39206630000001, 37.0835548 ], [ 129.3920862, 37.0835762 ], [ 129.3921134, 37.0835916 ], [ 129.392145199999987, 37.0835995 ], [ 129.3921785, 37.0835993 ], [ 129.3922102, 37.0835908 ], [ 129.3922369, 37.0835749 ], [ 129.392256300000014, 37.0835532 ], [ 129.3922662, 37.0835278 ], [ 129.392265900000012, 37.0835012 ], [ 129.392255299999988, 37.083476 ], [ 129.3922354, 37.0834546 ], [ 129.3922082, 37.0834392 ], [ 129.392176400000011, 37.0834313 ], [ 129.392143, 37.0834315 ], [ 129.3921114, 37.08344 ], [ 129.3920846, 37.0834559 ] ] ] } },
{ "type": "Feature", "properties": { "element": "way", "id": 1305128341, "building": "storage_tank", "building:levels": null, "name": null, "name:ko": null, "name:en": null, "amenity": null, "shop": null, "office": null, "tourism": null, "social_facility": null, "healthcare": null, "addr:street": null, "addr:housenumber": null, "start_date": null, "centroid_x_5179": 1168158.8072247165, "centroid_y_5179": 1899974.9663790038, "footprint_area_m2": 276.51469006798095 }, "geometry": { "type": "Polygon", "coordinates": [ [ [ 129.3918286, 37.0832623 ], [ 129.3918093, 37.083284 ], [ 129.3917993, 37.0833094 ], [ 129.3917997, 37.083336 ], [ 129.3918103, 37.0833612 ], [ 129.391830199999987, 37.0833826 ], [ 129.3918574, 37.083398 ], [ 129.3918892, 37.083406 ], [ 129.391922599999987, 37.0834057 ], [ 129.391954199999986, 37.0833972 ], [ 129.391981, 37.0833813 ], [ 129.3920003, 37.0833596 ], [ 129.39201030000001, 37.0833343 ], [ 129.3920099, 37.0833076 ], [ 129.3919993, 37.0832824 ], [ 129.3919794, 37.0832611 ], [ 129.3919522, 37.0832456 ], [ 129.3919204, 37.0832377 ], [ 129.391887, 37.083238 ], [ 129.3918554, 37.0832464 ], [ 129.3918286, 37.0832623 ] ] ] } },
{ "type": "Feature", "properties": { "element": "way", "id": 1305128349, "building": "storage_tank", "building:levels": null, "name": null, "name:ko": null, "name:en": null, "amenity": null, "shop": null, "office": null, "tourism": null, "social_facility": null, "healthcare": null, "addr:street": null, "addr:housenumber": null, "start_date": null, "centroid_x_5179": 1168074.9352753772, "centroid_y_5179": 1899852.5860253971, "footprint_area_m2": 67.326681754484596 }, "geometry": { "type": "Polygon", "coordinates": [ [ [ 129.3908874, 37.0822144 ], [ 129.3908812, 37.0822326 ], [ 129.3908856, 37.0822511 ], [ 129.390899499999989, 37.0822663 ], [ 129.3909204, 37.0822752 ], [ 129.390944, 37.0822759 ], [ 129.39096570000001, 37.0822684 ], [ 129.3909811, 37.0822542 ], [ 129.3909873, 37.082236 ], [ 129.390982900000012, 37.0822175 ], [ 129.390969, 37.0822023 ], [ 129.3909481, 37.0821934 ], [ 129.390924500000011, 37.0821927 ], [ 129.3909028, 37.0822002 ], [ 129.3908874, 37.0822144 ] ] ] } },
{ "type": "Feature", "properties": { "element": "way", "id": 1305128351, "building": "yes", "building:levels": null, "name": null, "name:ko": null, "name:en": null, "amenity": null, "shop": null, "office": null, "tourism": null, "social_facility": null, "healthcare": null, "addr:street": null, "addr:housenumber": null, "start_date": null, "centroid_x_5179": 1167831.2604734388, "centroid_y_5179": 1899879.9235722327, "footprint_area_m2": 79.495450327242168 }, "geometry": { "type": "Polygon", "coordinates": [ [ [ 129.3881266, 37.0825134 ], [ 129.3882202, 37.0825819 ], [ 129.3882739, 37.0825352 ], [ 129.388180299999988, 37.0824666 ], [ 129.3881266, 37.0825134 ] ] ] } },
{ "type": "Feature", "properties": { "element": "way", "id": 1305128352, "building": "yes", "building:levels": null, "name": null, "name:ko": null, "name:en": null, "amenity": null, "shop": null, "office": null, "tourism": null, "social_facility": null, "healthcare": null, "addr:street": null, "addr:housenumber": null, "start_date": null, "centroid_x_5179": 1167799.1677877314, "centroid_y_5179": 1899849.3585447799, "footprint_area_m2": 86.178057417310086 }, "geometry": { "type": "Polygon", "coordinates": [ [ [ 129.387755199999987, 37.0822416 ], [ 129.3878555, 37.082315 ], [ 129.3879092, 37.0822682 ], [ 129.387909900000011, 37.0822677 ], [ 129.3878096, 37.0821943 ], [ 129.387755199999987, 37.0822416 ] ] ] } },
{ "type": "Feature", "properties": { "element": "way", "id": 1305128353, "building": "yes", "building:levels": null, "name": null, "name:ko": null, "name:en": null, "amenity": null, "shop": null, "office": null, "tourism": null, "social_facility": null, "healthcare": null, "addr:street": null, "addr:housenumber": null, "start_date": null, "centroid_x_5179": 1167787.8669778339, "centroid_y_5179": 1899838.6071528723, "footprint_area_m2": 90.125399825994137 }, "geometry": { "type": "Polygon", "coordinates": [ [ [ 129.3877283, 37.0822218 ], [ 129.3877827, 37.0821745 ], [ 129.3876778, 37.0820978 ], [ 129.3876234, 37.0821451 ], [ 129.3877283, 37.0822218 ] ] ] } },
{ "type": "Feature", "properties": { "element": "way", "id": 1305128354, "building": "yes", "building:levels": null, "name": null, "name:ko": null, "name:en": null, "amenity": null, "shop": null, "office": null, "tourism": null, "social_facility": null, "healthcare": null, "addr:street": null, "addr:housenumber": null, "start_date": null, "centroid_x_5179": 1167850.4034289848, "centroid_y_5179": 1899764.0348654357, "footprint_area_m2": 214.42887824450548 }, "geometry": { "type": "Polygon", "coordinates": [ [ [ 129.388347900000014, 37.0813808 ], [ 129.3882659, 37.0814527 ], [ 129.3884313, 37.0815727 ], [ 129.3885133, 37.0815008 ], [ 129.388347900000014, 37.0813808 ] ] ] } },
{ "type": "Feature", "properties": { "element": "way", "id": 1305128355, "building": "yes", "building:levels": null, "name": null, "name:ko": null, "name:en": null, "amenity": null, "shop": null, "office": null, "tourism": null, "social_facility": null, "healthcare": null, "addr:street": null, "addr:housenumber": null, "start_date": null, "centroid_x_5179": 1167909.2579757597, "centroid_y_5179": 1899703.7695959029, "footprint_area_m2": 214.33584826136143 }, "geometry": { "type": "Polygon", "coordinates": [ [ [ 129.3889962, 37.0808273 ], [ 129.38891430000001, 37.0808992 ], [ 129.3890796, 37.0810192 ], [ 129.3891616, 37.0809473 ], [ 129.3889962, 37.0808273 ] ] ] } },
{ "type": "Feature", "properties": { "element": "way", "id": 1305128356, "building": "yes", "building:levels": null, "name": null, "name:ko": null, "name:en": null, "amenity": null, "shop": null, "office": null, "tourism": null, "social_facility": null, "healthcare": null, "addr:street": null, "addr:housenumber": null, "start_date": null, "centroid_x_5179": 1167959.7339449814, "centroid_y_5179": 1899740.535814146, "footprint_area_m2": 203.01876116782228 }, "geometry": { "type": "Polygon", "coordinates": [ [ [ 129.3895755, 37.0811525 ], [ 129.3894942, 37.0812239 ], [ 129.389652, 37.0813384 ], [ 129.389733299999989, 37.081267 ], [ 129.3895755, 37.0811525 ] ] ] } },
{ "type": "Feature", "properties": { "element": "way", "id": 1305128357, "building": "yes", "building:levels": null, "name": null, "name:ko": null, "name:en": null, "amenity": null, "shop": null, "office": null, "tourism": null, "social_facility": null, "healthcare": null, "addr:street": null, "addr:housenumber": null, "start_date": null, "centroid_x_5179": 1167990.4439045717, "centroid_y_5179": 1899708.2311159284, "footprint_area_m2": 1102.5801034509107 }, "geometry": { "type": "Polygon", "coordinates": [ [ [ 129.3898098, 37.0811999 ], [ 129.3902517, 37.0808124 ], [ 129.390093900000011, 37.0806979 ], [ 129.389652, 37.0810854 ], [ 129.3898098, 37.0811999 ] ] ] } },
{ "type": "Feature", "properties": { "element": "way", "id": 1305128358, "building": "yes", "building:levels": null, "name": null, "name:ko": null, "name:en": null, "amenity": null, "shop": null, "office": null, "tourism": null, "social_facility": null, "healthcare": null, "addr:street": null, "addr:housenumber": null, "start_date": null, "centroid_x_5179": 1168006.5641795767, "centroid_y_5179": 1899492.0388709395, "footprint_area_m2": 1034.6042455821485 }, "geometry": { "type": "Polygon", "coordinates": [ [ [ 129.3902014, 37.0792157 ], [ 129.390366, 37.0790731 ], [ 129.3899681, 37.0787808 ], [ 129.3898035, 37.0789234 ], [ 129.3902014, 37.0792157 ] ] ] } },
{ "type": "Feature", "properties": { "element": "way", "id": 1305128359, "building": "yes", "building:levels": null, "name": null, "name:ko": null, "name:en": null, "amenity": null, "shop": null, "office": null, "tourism": null, "social_facility": null, "healthcare": null, "addr:street": null, "addr:housenumber": null, "start_date": null, "centroid_x_5179": 1168066.6092406674, "centroid_y_5179": 1899521.6965575183, "footprint_area_m2": 1982.1617096213079 }, "geometry": { "type": "Polygon", "coordinates": [ [ [ 129.39082590000001, 37.0794187 ], [ 129.3908626, 37.0794157 ], [ 129.3908965, 37.0794045 ], [ 129.390925, 37.0793858 ], [ 129.390945499999987, 37.0793615 ], [ 129.3909563, 37.0793334 ], [ 129.390956499999987, 37.079304 ], [ 129.391221300000012, 37.0790718 ], [ 129.3911513, 37.0790209 ], [ 129.3911894, 37.0789875 ], [ 129.3911228, 37.0789392 ], [ 129.3910847, 37.0789726 ], [ 129.3910641, 37.0789576 ], [ 129.3907888, 37.0791989 ], [ 129.3908093, 37.0792138 ], [ 129.3907015, 37.0793083 ], [ 129.3904154, 37.0791006 ], [ 129.3903599, 37.0791492 ], [ 129.3904028, 37.0791803 ], [ 129.3903019, 37.0792687 ], [ 129.3906819, 37.0795446 ], [ 129.39082590000001, 37.0794187 ] ] ] } },
{ "type": "Feature", "properties": { "element": "way", "id": 1305128369, "building": "yes", "building:levels": null, "name": null, "name:ko": null, "name:en": null, "amenity": null, "shop": null, "office": null, "tourism": null, "social_facility": null, "healthcare": null, "addr:street": null, "addr:housenumber": null, "start_date": null, "centroid_x_5179": 1168253.421695298, "centroid_y_5179": 1899394.1296872997, "footprint_area_m2": 128.13823820480323 }, "geometry": { "type": "Polygon", "coordinates": [ [ [ 129.3928259, 37.078 ], [ 129.3927477, 37.0780689 ], [ 129.3928513, 37.0781437 ], [ 129.3929295, 37.0780749 ], [ 129.3928259, 37.078 ] ] ] } },
{ "type": "Feature", "properties": { "element": "way", "id": 1305128370, "building": "yes", "building:levels": null, "name": null, "name:ko": null, "name:en": null, "amenity": null, "shop": null, "office": null, "tourism": null, "social_facility": null, "healthcare": null, "addr:street": null, "addr:housenumber": null, "start_date": null, "centroid_x_5179": 1168254.079294042, "centroid_y_5179": 1899378.2974953137, "footprint_area_m2": 826.96759826436153 }, "geometry": { "type": "Polygon", "coordinates": [ [ [ 129.393135300000012, 37.0780232 ], [ 129.3927481, 37.0777432 ], [ 129.39255, 37.0779176 ], [ 129.3926606, 37.0779976 ], [ 129.392748899999987, 37.0779198 ], [ 129.393025599999987, 37.0781198 ], [ 129.393135300000012, 37.0780232 ] ] ] } },
{ "type": "Feature", "properties": { "element": "way", "id": 1305128371, "building": "yes", "building:levels": null, "name": null, "name:ko": null, "name:en": null, "amenity": null, "shop": null, "office": null, "tourism": null, "social_facility": null, "healthcare": null, "addr:street": null, "addr:housenumber": null, "start_date": null, "centroid_x_5179": 1168270.9774355416, "centroid_y_5179": 1899367.4901548445, "footprint_area_m2": 703.48737801404172 }, "geometry": { "type": "Polygon", "coordinates": [ [ [ 129.3931848, 37.0780262 ], [ 129.3932916, 37.0779322 ], [ 129.392875299999986, 37.0776312 ], [ 129.392768499999988, 37.0777253 ], [ 129.3931848, 37.0780262 ] ] ] } },
{ "type": "Feature", "properties": { "element": "way", "id": 1305128372, "building": "yes", "building:levels": null, "name": null, "name:ko": null, "name:en": null, "amenity": null, "shop": null, "office": null, "tourism": null, "social_facility": null, "healthcare": null, "addr:street": null, "addr:housenumber": null, "start_date": null, "centroid_x_5179": 1168273.8871088198, "centroid_y_5179": 1899313.1973922059, "footprint_area_m2": 759.61103326264868 }, "geometry": { "type": "Polygon", "coordinates": [ [ [ 129.39331820000001, 37.0771962 ], [ 129.3932041, 37.0771133 ], [ 129.392783, 37.0774818 ], [ 129.3928971, 37.0775648 ], [ 129.39331820000001, 37.0771962 ] ] ] } },
{ "type": "Feature", "properties": { "element": "way", "id": 1305128374, "building": "yes", "building:levels": null, "name": null, "name:ko": null, "name:en": null, "amenity": null, "shop": null, "office": null, "tourism": null, "social_facility": null, "healthcare": null, "addr:street": null, "addr:housenumber": null, "start_date": null, "centroid_x_5179": 1168353.3365856658, "centroid_y_5179": 1899216.034590736, "footprint_area_m2": 56.678308361814189 }, "geometry": { "type": "Polygon", "coordinates": [ [ [ 129.3939351, 37.0764976 ], [ 129.3939834, 37.0764556 ], [ 129.3939092, 37.0764012 ], [ 129.3938609, 37.0764432 ], [ 129.3939351, 37.0764976 ] ] ] } },
{ "type": "Feature", "properties": { "element": "way", "id": 1305128375, "building": "yes", "building:levels": null, "name": null, "name:ko": null, "name:en": null, "amenity": null, "shop": null, "office": null, "tourism": null, "social_facility": null, "healthcare": null, "addr:street": null, "addr:housenumber": null, "start_date": null, "centroid_x_5179": 1168359.2733033067, "centroid_y_5179": 1899209.8482090349, "footprint_area_m2": 56.725914421873135 }, "geometry": { "type": "Polygon", "coordinates": [ [ [ 129.3940005, 37.0764408 ], [ 129.3940488, 37.0763988 ], [ 129.3939746, 37.0763444 ], [ 129.39392620000001, 37.0763864 ], [ 129.3940005, 37.0764408 ] ] ] } },
{ "type": "Feature", "properties": { "element": "way", "id": 1305128376, "building": "yes", "building:levels": null, "name": null, "name:ko": null, "name:en": null, "amenity": null, "shop": null, "office": null, "tourism": null, "social_facility": null, "healthcare": null, "addr:street": null, "addr:housenumber": null, "start_date": null, "centroid_x_5179": 1168327.5351351411, "centroid_y_5179": 1899247.0910496968, "footprint_area_m2": 712.64219567953319 }, "geometry": { "type": "Polygon", "coordinates": [ [ [ 129.3939134, 37.0765753 ], [ 129.3938128, 37.0765018 ], [ 129.393364600000012, 37.0768924 ], [ 129.393465099999986, 37.0769659 ], [ 129.3939134, 37.0765753 ] ] ] } },
{ "type": "Feature", "properties": { "element": "way", "id": 1305128377, "building": "yes", "building:levels": null, "name": null, "name:ko": null, "name:en": null, "amenity": null, "shop": null, "office": null, "tourism": null, "social_facility": null, "healthcare": null, "addr:street": null, "addr:housenumber": null, "start_date": null, "centroid_x_5179": 1168340.9791213465, "centroid_y_5179": 1899259.9755577249, "footprint_area_m2": 722.36241806073292 }, "geometry": { "type": "Polygon", "coordinates": [ [ [ 129.3940687, 37.0766887 ], [ 129.393967, 37.0766145 ], [ 129.3935174, 37.0770063 ], [ 129.3936191, 37.0770805 ], [ 129.3940687, 37.0766887 ] ] ] } },
{ "type": "Feature", "properties": { "element": "way", "id": 1305128378, "building": "yes", "building:levels": null, "name": null, "name:ko": null, "name:en": null, "amenity": null, "shop": null, "office": null, "tourism": null, "social_facility": null, "healthcare": null, "addr:street": null, "addr:housenumber": null, "start_date": null, "centroid_x_5179": 1168367.9986547246, "centroid_y_5179": 1899258.5828890717, "footprint_area_m2": 284.21204038290699 }, "geometry": { "type": "Polygon", "coordinates": [ [ [ 129.3940805, 37.0769394 ], [ 129.394231600000012, 37.0768077 ], [ 129.3941126, 37.0767208 ], [ 129.393961499999989, 37.0768525 ], [ 129.3940805, 37.0769394 ] ] ] } },
{ "type": "Feature", "properties": { "element": "way", "id": 1305128379, "building": "yes", "building:levels": null, "name": null, "name:ko": null, "name:en": null, "amenity": null, "shop": null, "office": null, "tourism": null, "social_facility": null, "healthcare": null, "addr:street": null, "addr:housenumber": null, "start_date": null, "centroid_x_5179": 1168383.4668097445, "centroid_y_5179": 1899222.777082897, "footprint_area_m2": 357.77336572311697 }, "geometry": { "type": "Polygon", "coordinates": [ [ [ 129.3942514, 37.0766261 ], [ 129.3944134, 37.0764876 ], [ 129.3942735, 37.0763834 ], [ 129.3941115, 37.0765218 ], [ 129.3942514, 37.0766261 ] ] ] } },
{ "type": "Feature", "properties": { "element": "way", "id": 1305128380, "building": "yes", "building:levels": null, "name": null, "name:ko": null, "name:en": null, "amenity": null, "shop": null, "office": null, "tourism": null, "social_facility": null, "healthcare": null, "addr:street": null, "addr:housenumber": null, "start_date": null, "centroid_x_5179": 1168715.7431352281, "centroid_y_5179": 1899597.2078970007, "footprint_area_m2": 934.26942009444906 }, "geometry": { "type": "Polygon", "coordinates": [ [ [ 129.3983759, 37.0796653 ], [ 129.398246699999987, 37.0795713 ], [ 129.397789499999988, 37.0799714 ], [ 129.397918800000014, 37.0800654 ], [ 129.3983759, 37.0796653 ] ] ] } },
{ "type": "Feature", "properties": { "element": "way", "id": 1305128381, "building": "yes", "building:levels": null, "name": null, "name:ko": null, "name:en": null, "amenity": null, "shop": null, "office": null, "tourism": null, "social_facility": null, "healthcare": null, "addr:street": null, "addr:housenumber": null, "start_date": null, "centroid_x_5179": 1168760.0127285833, "centroid_y_5179": 1899550.7472095804, "footprint_area_m2": 890.67010080507634 }, "geometry": { "type": "Polygon", "coordinates": [ [ [ 129.3987234, 37.0791541 ], [ 129.3982875, 37.0795355 ], [ 129.3984168, 37.0796295 ], [ 129.3988526, 37.0792481 ], [ 129.3987234, 37.0791541 ] ] ] } },
{ "type": "Feature", "properties": { "element": "way", "id": 1305128382, "building": "yes", "building:levels": null, "name": null, "name:ko": null, "name:en": null, "amenity": null, "shop": null, "office": null, "tourism": null, "social_facility": null, "healthcare": null, "addr:street": null, "addr:housenumber": null, "start_date": null, "centroid_x_5179": 1168769.9732195849, "centroid_y_5179": 1899507.7299042104, "footprint_area_m2": 914.9916409466116 }, "geometry": { "type": "Polygon", "coordinates": [ [ [ 129.3988666, 37.0792358 ], [ 129.398981600000013, 37.0791352 ], [ 129.3984781, 37.0787691 ], [ 129.3983632, 37.0788697 ], [ 129.3988666, 37.0792358 ] ] ] } },
{ "type": "Feature", "properties": { "element": "way", "id": 1305128383, "building": "yes", "building:levels": null, "name": null, "name:ko": null, "name:en": null, "amenity": null, "shop": null, "office": null, "tourism": null, "social_facility": null, "healthcare": null, "addr:street": null, "addr:housenumber": null, "start_date": null, "centroid_x_5179": 1168805.6034267992, "centroid_y_5179": 1899484.8930820487, "footprint_area_m2": 70.162989306488612 }, "geometry": { "type": "Polygon", "coordinates": [ [ [ 129.399134800000013, 37.0787898 ], [ 129.399062, 37.0787372 ], [ 129.399001, 37.0787908 ], [ 129.3990738, 37.0788434 ], [ 129.399134800000013, 37.0787898 ] ] ] } },
{ "type": "Feature", "properties": { "element": "way", "id": 1305128384, "building": "yes", "building:levels": null, "name": null, "name:ko": null, "name:en": null, "amenity": null, "shop": null, "office": null, "tourism": null, "social_facility": null, "healthcare": null, "addr:street": null, "addr:housenumber": null, "start_date": null, "centroid_x_5179": 1168830.7335953554, "centroid_y_5179": 1899477.5911177783, "footprint_area_m2": 899.61832772168077 }, "geometry": { "type": "Polygon", "coordinates": [ [ [ 129.3990738, 37.0788434 ], [ 129.3990662, 37.07885 ], [ 129.399200400000012, 37.0789472 ], [ 129.399530700000014, 37.0786567 ], [ 129.399592, 37.0787011 ], [ 129.3996563, 37.0786446 ], [ 129.3994609, 37.0785031 ], [ 129.399134800000013, 37.0787898 ], [ 129.3990738, 37.0788434 ] ] ] } },
{ "type": "Feature", "properties": { "element": "way", "id": 1305128385, "building": "yes", "building:levels": null, "name": null, "name:ko": null, "name:en": null, "amenity": null, "shop": null, "office": null, "tourism": null, "social_facility": null, "healthcare": null, "addr:street": null, "addr:housenumber": null, "start_date": null, "centroid_x_5179": 1168715.0690440144, "centroid_y_5179": 1899428.9105069991, "footprint_area_m2": 518.54278843508052 }, "geometry": { "type": "Polygon", "coordinates": [ [ [ 129.3979876, 37.0782083 ], [ 129.397841699999987, 37.0783371 ], [ 129.3979979, 37.0784497 ], [ 129.398239100000012, 37.0782368 ], [ 129.3981344, 37.0781613 ], [ 129.3980391, 37.0782454 ], [ 129.3979876, 37.0782083 ] ] ] } },
{ "type": "Feature", "properties": { "element": "way", "id": 1305128386, "building": "yes", "building:levels": null, "name": null, "name:ko": null, "name:en": null, "amenity": null, "shop": null, "office": null, "tourism": null, "social_facility": null, "healthcare": null, "addr:street": null, "addr:housenumber": null, "start_date": null, "centroid_x_5179": 1168779.1786218737, "centroid_y_5179": 1899356.4421827786, "footprint_area_m2": 617.45736767768369 }, "geometry": { "type": "Polygon", "coordinates": [ [ [ 129.398652700000014, 37.0778168 ], [ 129.3989588, 37.0775533 ], [ 129.3988311, 37.0774588 ], [ 129.398525, 37.0777223 ], [ 129.398652700000014, 37.0778168 ] ] ] } },
{ "type": "Feature", "properties": { "element": "way", "id": 1305128387, "building": "yes", "building:levels": null, "name": null, "name:ko": null, "name:en": null, "amenity": null, "shop": null, "office": null, "tourism": null, "social_facility": null, "healthcare": null, "addr:street": null, "addr:housenumber": null, "start_date": null, "centroid_x_5179": 1168721.4657705571, "centroid_y_5179": 1899373.036775257, "footprint_area_m2": 1114.6915469812438 }, "geometry": { "type": "Polygon", "coordinates": [ [ [ 129.398380800000012, 37.0777193 ], [ 129.3981774, 37.0775705 ], [ 129.3978174, 37.0778838 ], [ 129.3980116, 37.0780258 ], [ 129.3983039, 37.0777715 ], [ 129.398313, 37.0777782 ], [ 129.398380800000012, 37.0777193 ] ] ] } },
{ "type": "Feature", "properties": { "element": "way", "id": 1305128388, "building": "yes", "building:levels": null, "name": null, "name:ko": null, "name:en": null, "amenity": null, "shop": null, "office": null, "tourism": null, "social_facility": null, "healthcare": null, "addr:street": null, "addr:housenumber": null, "start_date": null, "centroid_x_5179": 1168755.0218310973, "centroid_y_5179": 1899336.5313949685, "footprint_area_m2": 877.90948789218737 }, "geometry": { "type": "Polygon", "coordinates": [ [ [ 129.3984323, 37.07765 ], [ 129.398708199999987, 37.0774099 ], [ 129.3985147, 37.0772683 ], [ 129.398216, 37.0775282 ], [ 129.3983101, 37.0775971 ], [ 129.398332900000014, 37.0775773 ], [ 129.3984323, 37.07765 ] ] ] } },
{ "type": "Feature", "properties": { "element": "way", "id": 1305128389, "building": "yes", "building:levels": null, "name": null, "name:ko": null, "name:en": null, "amenity": null, "shop": null, "office": null, "tourism": null, "social_facility": null, "healthcare": null, "addr:street": null, "addr:housenumber": null, "start_date": null, "centroid_x_5179": 1168662.457595909, "centroid_y_5179": 1899286.9863722648, "footprint_area_m2": 1428.1551991885735 }, "geometry": { "type": "Polygon", "coordinates": [ [ [ 129.3972705, 37.0773075 ], [ 129.3977471, 37.0768999 ], [ 129.397557299999988, 37.0767586 ], [ 129.39708060000001, 37.0771662 ], [ 129.3972705, 37.0773075 ] ] ] } },
{ "type": "Feature", "properties": { "element": "way", "id": 1305128390, "building": "yes", "building:levels": null, "name": null, "name:ko": null, "name:en": null, "amenity": null, "shop": null, "office": null, "tourism": null, "social_facility": null, "healthcare": null, "addr:street": null, "addr:housenumber": null, "start_date": null, "centroid_x_5179": 1168623.7855757971, "centroid_y_5179": 1899266.1964656434, "footprint_area_m2": 1318.2688457202696 }, "geometry": { "type": "Polygon", "coordinates": [ [ [ 129.396843100000012, 37.0771147 ], [ 129.397291700000011, 37.0767282 ], [ 129.3971056, 37.0765907 ], [ 129.396657, 37.0769773 ], [ 129.396843100000012, 37.0771147 ] ] ] } },
{ "type": "Feature", "properties": { "element": "way", "id": 1305128391, "building": "yes", "building:levels": null, "name": null, "name:ko": null, "name:en": null, "amenity": null, "shop": null, "office": null, "tourism": null, "social_facility": null, "healthcare": null, "addr:street": null, "addr:housenumber": null, "start_date": null, "centroid_x_5179": 1168483.4894561232, "centroid_y_5179": 1899311.1399925172, "footprint_area_m2": 315.18921000868983 }, "geometry": { "type": "Polygon", "coordinates": [ [ [ 129.3954592, 37.0774002 ], [ 129.395557599999989, 37.0773155 ], [ 129.3953546, 37.0771655 ], [ 129.3952563, 37.0772502 ], [ 129.3954592, 37.0774002 ] ] ] } },
{ "type": "Feature", "properties": { "element": "way", "id": 1305128392, "building": "yes", "building:levels": null, "name": null, "name:ko": null, "name:en": null, "amenity": null, "shop": null, "office": null, "tourism": null, "social_facility": null, "healthcare": null, "addr:street": null, "addr:housenumber": null, "start_date": null, "centroid_x_5179": 1168590.1413388047, "centroid_y_5179": 1899357.5667278769, "footprint_area_m2": 1010.2632322504567 }, "geometry": { "type": "Polygon", "coordinates": [ [ [ 129.396363799999989, 37.0779863 ], [ 129.3969741, 37.077454 ], [ 129.396869400000014, 37.0773776 ], [ 129.3962591, 37.0779098 ], [ 129.396363799999989, 37.0779863 ] ] ] } },
{ "type": "Feature", "properties": { "element": "way", "id": 1305128393, "building": "yes", "building:levels": null, "name": null, "name:ko": null, "name:en": null, "amenity": null, "shop": null, "office": null, "tourism": null, "social_facility": null, "healthcare": null, "addr:street": null, "addr:housenumber": null, "start_date": null, "centroid_x_5179": 1168523.8619836194, "centroid_y_5179": 1899346.9511045909, "footprint_area_m2": 864.59690220332755 }, "geometry": { "type": "Polygon", "coordinates": [ [ [ 129.3961598, 37.0777142 ], [ 129.3956958, 37.0773786 ], [ 129.395578, 37.0774822 ], [ 129.396042099999988, 37.0778179 ], [ 129.3961598, 37.0777142 ] ] ] } },
{ "type": "Feature", "properties": { "element": "way", "id": 1305128394, "building": "yes", "building:levels": null, "name": null, "name:ko": null, "name:en": null, "amenity": null, "shop": null, "office": null, "tourism": null, "social_facility": null, "healthcare": null, "addr:street": null, "addr:housenumber": null, "start_date": null, "centroid_x_5179": 1168580.0825817722, "centroid_y_5179": 1899316.3883915972, "footprint_area_m2": 864.71279429415085 }, "geometry": { "type": "Polygon", "coordinates": [ [ [ 129.3963455, 37.0775435 ], [ 129.3967715, 37.0771772 ], [ 129.396643, 37.077082 ], [ 129.396216900000013, 37.0774484 ], [ 129.3963455, 37.0775435 ] ] ] } },
{ "type": "Feature", "properties": { "element": "way", "id": 1305128395, "building": "yes", "building:levels": null, "name": null, "name:ko": null, "name:en": null, "amenity": null, "shop": null, "office": null, "tourism": null, "social_facility": null, "healthcare": null, "addr:street": null, "addr:housenumber": null, "start_date": null, "centroid_x_5179": 1168506.0596416509, "centroid_y_5179": 1899245.205747413, "footprint_area_m2": 864.7193024030928 }, "geometry": { "type": "Polygon", "coordinates": [ [ [ 129.3954972, 37.0769155 ], [ 129.3959232, 37.0765492 ], [ 129.39579470000001, 37.076454 ], [ 129.395368600000012, 37.0768204 ], [ 129.3954972, 37.0769155 ] ] ] } },
{ "type": "Feature", "properties": { "element": "way", "id": 1305128411, "building": "yes", "building:levels": null, "name": null, "name:ko": null, "name:en": null, "amenity": null, "shop": null, "office": null, "tourism": null, "social_facility": null, "healthcare": null, "addr:street": null, "addr:housenumber": null, "start_date": null, "centroid_x_5179": 1168114.2558656442, "centroid_y_5179": 1899481.6017291215, "footprint_area_m2": 337.21345040405606 }, "geometry": { "type": "Polygon", "coordinates": [ [ [ 129.391293600000012, 37.0790023 ], [ 129.39144, 37.0788744 ], [ 129.3913305, 37.0787947 ], [ 129.3913224, 37.0788018 ], [ 129.391281600000013, 37.0787721 ], [ 129.391151400000012, 37.078886 ], [ 129.391192100000012, 37.0789157 ], [ 129.3911841, 37.0789226 ], [ 129.391293600000012, 37.0790023 ] ] ] } },
{ "type": "Feature", "properties": { "element": "way", "id": 1305128412, "building": "yes", "building:levels": null, "name": null, "name:ko": null, "name:en": null, "amenity": null, "shop": null, "office": null, "tourism": null, "social_facility": null, "healthcare": null, "addr:street": null, "addr:housenumber": null, "start_date": null, "centroid_x_5179": 1168154.201349508, "centroid_y_5179": 1899443.3480975751, "footprint_area_m2": 1053.7306286082003 }, "geometry": { "type": "Polygon", "coordinates": [ [ [ 129.3916286, 37.0787638 ], [ 129.3920128, 37.0784293 ], [ 129.391839299999987, 37.0783024 ], [ 129.3914551, 37.0786369 ], [ 129.3916286, 37.0787638 ] ] ] } },
{ "type": "Feature", "properties": { "element": "way", "id": 1305128429, "building": "yes", "building:levels": null, "name": null, "name:ko": null, "name:en": null, "amenity": null, "shop": null, "office": null, "tourism": null, "social_facility": null, "healthcare": null, "addr:street": null, "addr:housenumber": null, "start_date": null, "centroid_x_5179": 1166210.0536337062, "centroid_y_5179": 1901380.015034952, "footprint_area_m2": 339.15277141157122 }, "geometry": { "type": "Polygon", "coordinates": [ [ [ 129.37028380000001, 37.096448 ], [ 129.3704373, 37.0963818 ], [ 129.3703198, 37.0962085 ], [ 129.3701663, 37.0962747 ], [ 129.37028380000001, 37.096448 ] ] ] } },
{ "type": "Feature", "properties": { "element": "way", "id": 1305128443, "building": "yes", "building:levels": null, "name": null, "name:ko": null, "name:en": null, "amenity": null, "shop": null, "office": null, "tourism": null, "social_facility": null, "healthcare": null, "addr:street": null, "addr:housenumber": null, "start_date": null, "centroid_x_5179": 1167592.2983827495, "centroid_y_5179": 1899759.751055941, "footprint_area_m2": 403.79412727557576 }, "geometry": { "type": "Polygon", "coordinates": [ [ [ 129.3854705, 37.0816141 ], [ 129.385646900000012, 37.0814605 ], [ 129.385502, 37.0813546 ], [ 129.38532570000001, 37.0815082 ], [ 129.3854705, 37.0816141 ] ] ] } },
{ "type": "Feature", "properties": { "element": "way", "id": 1305128444, "building": "yes", "building:levels": null, "name": null, "name:ko": null, "name:en": null, "amenity": null, "shop": null, "office": null, "tourism": null, "social_facility": null, "healthcare": null, "addr:street": null, "addr:housenumber": null, "start_date": null, "centroid_x_5179": 1167642.9947286444, "centroid_y_5179": 1899728.1896652791, "footprint_area_m2": 54.65143306407856 }, "geometry": { "type": "Polygon", "coordinates": [ [ [ 129.3860578, 37.0812414 ], [ 129.3861081, 37.0811978 ], [ 129.38603, 37.0811405 ], [ 129.3859931, 37.0811725 ], [ 129.386028, 37.0811981 ], [ 129.38601460000001, 37.0812097 ], [ 129.3860578, 37.0812414 ] ] ] } },
{ "type": "Feature", "properties": { "element": "way", "id": 1305128445, "building": "yes", "building:levels": null, "name": null, "name:ko": null, "name:en": null, "amenity": null, "shop": null, "office": null, "tourism": null, "social_facility": null, "healthcare": null, "addr:street": null, "addr:housenumber": null, "start_date": null, "centroid_x_5179": 1167628.1126733138, "centroid_y_5179": 1899743.8713399419, "footprint_area_m2": 56.126234842297912 }, "geometry": { "type": "Polygon", "coordinates": [ [ [ 129.3858966, 37.0813811 ], [ 129.385950799999989, 37.0813342 ], [ 129.3859076, 37.0813024 ], [ 129.385888099999988, 37.0813193 ], [ 129.385853200000014, 37.0812937 ], [ 129.3858185, 37.0813238 ], [ 129.3858966, 37.0813811 ] ] ] } },
{ "type": "Feature", "properties": { "element": "way", "id": 1305128446, "building": "yes", "building:levels": null, "name": null, "name:ko": null, "name:en": null, "amenity": null, "shop": null, "office": null, "tourism": null, "social_facility": null, "healthcare": null, "addr:street": null, "addr:housenumber": null, "start_date": null, "centroid_x_5179": 1167610.7605232054, "centroid_y_5179": 1899705.9962490979, "footprint_area_m2": 79.760637569538858 }, "geometry": { "type": "Polygon", "coordinates": [ [ [ 129.3856936, 37.0810517 ], [ 129.3857597, 37.0809946 ], [ 129.385707, 37.0809558 ], [ 129.3856806, 37.0809786 ], [ 129.385641099999987, 37.0809495 ], [ 129.385601400000013, 37.0809838 ], [ 129.3856936, 37.0810517 ] ] ] } },
{ "type": "Feature", "properties": { "element": "way", "id": 1305128447, "building": "yes", "building:levels": null, "name": null, "name:ko": null, "name:en": null, "amenity": null, "shop": null, "office": null, "tourism": null, "social_facility": null, "healthcare": null, "addr:street": null, "addr:housenumber": null, "start_date": null, "centroid_x_5179": 1167557.1203318811, "centroid_y_5179": 1899761.9455948395, "footprint_area_m2": 79.82499472798672 }, "geometry": { "type": "Polygon", "coordinates": [ [ [ 129.3851029, 37.0815654 ], [ 129.385169, 37.0815082 ], [ 129.3851163, 37.0814694 ], [ 129.3850899, 37.0814922 ], [ 129.385050400000011, 37.0814632 ], [ 129.3850107, 37.0814975 ], [ 129.3851029, 37.0815654 ] ] ] } },
{ "type": "Feature", "properties": { "element": "way", "id": 1305128448, "building": "yes", "building:levels": null, "name": null, "name:ko": null, "name:en": null, "amenity": null, "shop": null, "office": null, "tourism": null, "social_facility": null, "healthcare": null, "addr:street": null, "addr:housenumber": null, "start_date": null, "centroid_x_5179": 1167473.0012204584, "centroid_y_5179": 1899740.9199875996, "footprint_area_m2": 113.32680400494458 }, "geometry": { "type": "Polygon", "coordinates": [ [ [ 129.38414130000001, 37.0814037 ], [ 129.3842254, 37.0813334 ], [ 129.3841399, 37.0812683 ], [ 129.3840558, 37.0813387 ], [ 129.38414130000001, 37.0814037 ] ] ] } },
{ "type": "Feature", "properties": { "element": "way", "id": 1305128451, "building": "watchtower", "building:levels": null, "name": null, "name:ko": null, "name:en": null, "amenity": null, "shop": null, "office": null, "tourism": null, "social_facility": null, "healthcare": null, "addr:street": null, "addr:housenumber": null, "start_date": null, "centroid_x_5179": 1168210.2015039038, "centroid_y_5179": 1900328.1895498813, "footprint_area_m2": 17.00909167697154 }, "geometry": { "type": "Polygon", "coordinates": [ [ [ 129.392535400000014, 37.0864793 ], [ 129.392538300000012, 37.0865137 ], [ 129.3925811, 37.0865111 ], [ 129.3925898, 37.0865005 ], [ 129.392588600000011, 37.0864844 ], [ 129.3925782, 37.0864767 ], [ 129.392535400000014, 37.0864793 ] ] ] } },
{ "type": "Feature", "properties": { "element": "way", "id": 1305128452, "building": "watchtower", "building:levels": null, "name": null, "name:ko": null, "name:en": null, "amenity": null, "shop": null, "office": null, "tourism": null, "social_facility": null, "healthcare": null, "addr:street": null, "addr:housenumber": null, "start_date": null, "centroid_x_5179": 1168360.9901910194, "centroid_y_5179": 1900128.1590789862, "footprint_area_m2": 17.016274487853863 }, "geometry": { "type": "Polygon", "coordinates": [ [ [ 129.394201, 37.0846411 ], [ 129.3941802, 37.0846714 ], [ 129.394218, 37.0846876 ], [ 129.3942324, 37.0846825 ], [ 129.3942423, 37.0846683 ], [ 129.394238800000011, 37.0846574 ], [ 129.394201, 37.0846411 ] ] ] } },
{ "type": "Feature", "properties": { "element": "way", "id": 1305128453, "building": "watchtower", "building:levels": null, "name": null, "name:ko": null, "name:en": null, "amenity": null, "shop": null, "office": null, "tourism": null, "social_facility": null, "healthcare": null, "addr:street": null, "addr:housenumber": null, "start_date": null, "centroid_x_5179": 1168899.0808835847, "centroid_y_5179": 1899045.6875414697, "footprint_area_m2": 17.001995942676924 }, "geometry": { "type": "Polygon", "coordinates": [ [ [ 129.399992, 37.07483 ], [ 129.400032900000014, 37.0748411 ], [ 129.400046300000014, 37.0748085 ], [ 129.4000375, 37.0747981 ], [ 129.4000184, 37.0747928 ], [ 129.4000054, 37.0747975 ], [ 129.399992, 37.07483 ] ] ] } },
{ "type": "Feature", "properties": { "element": "way", "id": 1305128454, "building": "watchtower", "building:levels": null, "name": null, "name:ko": null, "name:en": null, "amenity": null, "shop": null, "office": null, "tourism": null, "social_facility": null, "healthcare": null, "addr:street": null, "addr:housenumber": null, "start_date": null, "centroid_x_5179": 1168961.7233563492, "centroid_y_5179": 1899207.2981616857, "footprint_area_m2": 17.013182023723949 }, "geometry": { "type": "Polygon", "coordinates": [ [ [ 129.4007298, 37.0762527 ], [ 129.4007455, 37.0762848 ], [ 129.4007854, 37.076272 ], [ 129.4007897, 37.0762599 ], [ 129.4007824, 37.0762448 ], [ 129.4007696, 37.0762399 ], [ 129.4007298, 37.0762527 ] ] ] } },
{ "type": "Feature", "properties": { "element": "way", "id": 1305128455, "building": "watchtower", "building:levels": null, "name": null, "name:ko": null, "name:en": null, "amenity": null, "shop": null, "office": null, "tourism": null, "social_facility": null, "healthcare": null, "addr:street": null, "addr:housenumber": null, "start_date": null, "centroid_x_5179": 1169064.8245514065, "centroid_y_5179": 1899367.4936036656, "footprint_area_m2": 16.994281949721216 }, "geometry": { "type": "Polygon", "coordinates": [ [ [ 129.401932, 37.0776681 ], [ 129.4019303, 37.0777025 ], [ 129.401973199999986, 37.0777036 ], [ 129.401983300000012, 37.0776939 ], [ 129.401984199999987, 37.0776777 ], [ 129.4019749, 37.0776692 ], [ 129.401932, 37.0776681 ] ] ] } },
{ "type": "Feature", "properties": { "element": "way", "id": 1305128456, "building": "watchtower", "building:levels": null, "name": null, "name:ko": null, "name:en": null, "amenity": null, "shop": null, "office": null, "tourism": null, "social_facility": null, "healthcare": null, "addr:street": null, "addr:housenumber": null, "start_date": null, "centroid_x_5179": 1168785.7160015306, "centroid_y_5179": 1899671.9886882906, "footprint_area_m2": 17.003789573773194 }, "geometry": { "type": "Polygon", "coordinates": [ [ [ 129.3988821, 37.0804534 ], [ 129.3988531, 37.0804789 ], [ 129.398885, 37.0805018 ], [ 129.3989005, 37.0804995 ], [ 129.3989143, 37.0804876 ], [ 129.398914100000013, 37.0804763 ], [ 129.3988821, 37.0804534 ] ] ] } },
{ "type": "Feature", "properties": { "element": "way", "id": 1305128457, "building": "watchtower", "building:levels": null, "name": null, "name:ko": null, "name:en": null, "amenity": null, "shop": null, "office": null, "tourism": null, "social_facility": null, "healthcare": null, "addr:street": null, "addr:housenumber": null, "start_date": null, "centroid_x_5179": 1168554.4009036419, "centroid_y_5179": 1899912.1527214425, "footprint_area_m2": 17.027049529015862 }, "geometry": { "type": "Polygon", "coordinates": [ [ [ 129.3963373, 37.0826586 ], [ 129.396306, 37.0826824 ], [ 129.3963359, 37.082707 ], [ 129.3963516, 37.0827056 ], [ 129.3963664, 37.0826945 ], [ 129.396367199999986, 37.0826832 ], [ 129.3963373, 37.0826586 ] ] ] } },
{ "type": "Feature", "properties": { "element": "way", "id": 1305128458, "building": "watchtower", "building:levels": null, "name": null, "name:ko": null, "name:en": null, "amenity": null, "shop": null, "office": null, "tourism": null, "social_facility": null, "healthcare": null, "addr:street": null, "addr:housenumber": null, "start_date": null, "centroid_x_5179": 1167888.3462259599, "centroid_y_5179": 1899894.4384528238, "footprint_area_m2": 15.551449514791736 }, "geometry": { "type": "Polygon", "coordinates": [ [ [ 129.3888513, 37.0826696 ], [ 129.3888776, 37.0826459 ], [ 129.388845, 37.0826236 ], [ 129.3888296, 37.0826261 ], [ 129.3888182, 37.0826359 ], [ 129.3888187, 37.0826473 ], [ 129.3888513, 37.0826696 ] ] ] } },
{ "type": "Feature", "properties": { "element": "way", "id": 1305128459, "building": "watchtower", "building:levels": null, "name": null, "name:ko": null, "name:en": null, "amenity": null, "shop": null, "office": null, "tourism": null, "social_facility": null, "healthcare": null, "addr:street": null, "addr:housenumber": null, "start_date": null, "centroid_x_5179": 1167720.0049616988, "centroid_y_5179": 1900103.5913867184, "footprint_area_m2": 18.592125439680046 }, "geometry": { "type": "Polygon", "coordinates": [ [ [ 129.3870239, 37.0845784 ], [ 129.3870248, 37.0845409 ], [ 129.3869819, 37.0845402 ], [ 129.386972, 37.08455 ], [ 129.386971499999987, 37.0845692 ], [ 129.3869809, 37.0845777 ], [ 129.3870239, 37.0845784 ] ] ] } },
{ "type": "Feature", "properties": { "element": "way", "id": 1305128472, "building": "yes", "building:levels": null, "name": null, "name:ko": null, "name:en": null, "amenity": null, "shop": null, "office": null, "tourism": null, "social_facility": null, "healthcare": null, "addr:street": null, "addr:housenumber": null, "start_date": null, "centroid_x_5179": 1167668.2666518937, "centroid_y_5179": 1899933.9395143257, "footprint_area_m2": 228.84646199920928 }, "geometry": { "type": "Polygon", "coordinates": [ [ [ 129.3863359, 37.0831449 ], [ 129.3865075, 37.0829982 ], [ 129.386422900000014, 37.0829353 ], [ 129.3862514, 37.083082 ], [ 129.3863359, 37.0831449 ] ] ] } },
{ "type": "Feature", "properties": { "element": "way", "id": 1305128473, "building": "yes", "building:levels": null, "name": null, "name:ko": null, "name:en": null, "amenity": null, "shop": null, "office": null, "tourism": null, "social_facility": null, "healthcare": null, "addr:street": null, "addr:housenumber": null, "start_date": null, "centroid_x_5179": 1167613.4311007804, "centroid_y_5179": 1899974.214952236, "footprint_area_m2": 257.57644810833608 }, "geometry": { "type": "Polygon", "coordinates": [ [ [ 129.3857226, 37.0835348 ], [ 129.3858988, 37.0833782 ], [ 129.385775099999989, 37.0832897 ], [ 129.385716699999989, 37.0833415 ], [ 129.3857636, 37.0833751 ], [ 129.3856458, 37.0834798 ], [ 129.3857226, 37.0835348 ] ] ] } },
{ "type": "Feature", "properties": { "element": "way", "id": 1305128514, "building": "industrial", "building:levels": null, "name": null, "name:ko": null, "name:en": null, "amenity": null, "shop": null, "office": null, "tourism": null, "social_facility": null, "healthcare": null, "addr:street": null, "addr:housenumber": null, "start_date": null, "centroid_x_5179": 1167634.3589075473, "centroid_y_5179": 1901014.4820341459, "footprint_area_m2": 193.49979728426217 }, "geometry": { "type": "Polygon", "coordinates": [ [ [ 129.3863043, 37.0928791 ], [ 129.3863677, 37.0928236 ], [ 129.3863135, 37.0927842 ], [ 129.3861746, 37.0926833 ], [ 129.386111199999988, 37.0927388 ], [ 129.3863043, 37.0928791 ] ] ] } },
{ "type": "Feature", "properties": { "element": "way", "id": 1305128515, "building": "yes", "building:levels": null, "name": null, "name:ko": null, "name:en": null, "amenity": null, "shop": null, "office": null, "tourism": null, "social_facility": null, "healthcare": null, "addr:street": null, "addr:housenumber": null, "start_date": null, "centroid_x_5179": 1167645.4697997167, "centroid_y_5179": 1901014.4368523008, "footprint_area_m2": 7.345616751948878 }, "geometry": { "type": "Polygon", "coordinates": [ [ [ 129.3863657, 37.092796 ], [ 129.386374100000012, 37.0927887 ], [ 129.386386, 37.0927783 ], [ 129.386363100000011, 37.0927616 ], [ 129.3863428, 37.0927793 ], [ 129.3863657, 37.092796 ] ] ] } },
{ "type": "Feature", "properties": { "element": "way", "id": 1305128516, "building": "yes", "building:levels": null, "name": null, "name:ko": null, "name:en": null, "amenity": null, "shop": null, "office": null, "tourism": null, "social_facility": null, "healthcare": null, "addr:street": null, "addr:housenumber": null, "start_date": null, "centroid_x_5179": 1167649.5005039242, "centroid_y_5179": 1901010.220413971, "footprint_area_m2": 7.3384189516794258 }, "geometry": { "type": "Polygon", "coordinates": [ [ [ 129.3864101, 37.0927573 ], [ 129.3864175, 37.0927508 ], [ 129.3864304, 37.0927396 ], [ 129.3864075, 37.0927229 ], [ 129.3863872, 37.0927406 ], [ 129.3864101, 37.0927573 ] ] ] } },
{ "type": "Feature", "properties": { "element": "way", "id": 1305128517, "building": "yes", "building:levels": null, "name": null, "name:ko": null, "name:en": null, "amenity": null, "shop": null, "office": null, "tourism": null, "social_facility": null, "healthcare": null, "addr:street": null, "addr:housenumber": null, "start_date": null, "centroid_x_5179": 1167653.5142857586, "centroid_y_5179": 1901006.0159010487, "footprint_area_m2": 7.3397053746266545 }, "geometry": { "type": "Polygon", "coordinates": [ [ [ 129.3864543, 37.0927187 ], [ 129.3864616, 37.0927123 ], [ 129.386474600000014, 37.092701 ], [ 129.3864517, 37.0926843 ], [ 129.3864314, 37.092702 ], [ 129.3864543, 37.0927187 ] ] ] } },
{ "type": "Feature", "properties": { "element": "way", "id": 1305128518, "building": "yes", "building:levels": null, "name": null, "name:ko": null, "name:en": null, "amenity": null, "shop": null, "office": null, "tourism": null, "social_facility": null, "healthcare": null, "addr:street": null, "addr:housenumber": null, "start_date": null, "centroid_x_5179": 1167657.3557938079, "centroid_y_5179": 1901002.0006996344, "footprint_area_m2": 7.3647672318692212 }, "geometry": { "type": "Polygon", "coordinates": [ [ [ 129.386496599999987, 37.0926819 ], [ 129.386504699999989, 37.0926748 ], [ 129.3865169, 37.0926641 ], [ 129.386494, 37.0926474 ], [ 129.38647370000001, 37.0926651 ], [ 129.386496599999987, 37.0926819 ] ] ] } },
{ "type": "Feature", "properties": { "element": "way", "id": 1305128519, "building": "yes", "building:levels": null, "name": null, "name:ko": null, "name:en": null, "amenity": null, "shop": null, "office": null, "tourism": null, "social_facility": null, "healthcare": null, "addr:street": null, "addr:housenumber": null, "start_date": null, "centroid_x_5179": 1167661.2509154342, "centroid_y_5179": 1900997.9265205753, "footprint_area_m2": 7.3623046815687943 }, "geometry": { "type": "Polygon", "coordinates": [ [ [ 129.3865395, 37.0926445 ], [ 129.386547799999988, 37.0926372 ], [ 129.386559799999986, 37.0926267 ], [ 129.38653690000001, 37.09261 ], [ 129.3865166, 37.0926277 ], [ 129.3865395, 37.0926445 ] ] ] } },
{ "type": "Feature", "properties": { "element": "way", "id": 1305128520, "building": "yes", "building:levels": null, "name": null, "name:ko": null, "name:en": null, "amenity": null, "shop": null, "office": null, "tourism": null, "social_facility": null, "healthcare": null, "addr:street": null, "addr:housenumber": null, "start_date": null, "centroid_x_5179": 1167665.0559857064, "centroid_y_5179": 1900993.9439691589, "footprint_area_m2": 7.3666985056899108 }, "geometry": { "type": "Polygon", "coordinates": [ [ [ 129.386581400000011, 37.0926079 ], [ 129.3865906, 37.0925999 ], [ 129.3866017, 37.0925902 ], [ 129.3865788, 37.0925734 ], [ 129.3865585, 37.0925912 ], [ 129.386581400000011, 37.0926079 ] ] ] } },
{ "type": "Feature", "properties": { "element": "way", "id": 1305128521, "building": "industrial", "building:levels": null, "name": null, "name:ko": null, "name:en": null, "amenity": null, "shop": null, "office": null, "tourism": null, "social_facility": null, "healthcare": null, "addr:street": null, "addr:housenumber": null, "start_date": null, "centroid_x_5179": 1167646.9226750624, "centroid_y_5179": 1900996.5618509923, "footprint_area_m2": 582.78013610480957 }, "geometry": { "type": "Polygon", "coordinates": [ [ [ 129.386578899999989, 37.0925517 ], [ 129.38644, 37.0924508 ], [ 129.3861746, 37.0926833 ], [ 129.3863135, 37.0927842 ], [ 129.386578899999989, 37.0925517 ] ] ] } },
{ "type": "Feature", "properties": { "element": "way", "id": 1305128522, "building": "yes", "building:levels": null, "name": null, "name:ko": null, "name:en": null, "amenity": null, "shop": null, "office": null, "tourism": null, "social_facility": null, "healthcare": null, "addr:street": null, "addr:housenumber": null, "start_date": null, "centroid_x_5179": 1167562.0162636971, "centroid_y_5179": 1901100.2377818206, "footprint_area_m2": 3.9275637981054485 }, "geometry": { "type": "Polygon", "coordinates": [ [ [ 129.3854436, 37.0935562 ], [ 129.3854347, 37.0935601 ], [ 129.3854318, 37.0935678 ], [ 129.3854366, 37.093575 ], [ 129.385446300000012, 37.0935773 ], [ 129.3854553, 37.0935734 ], [ 129.385458199999988, 37.0935657 ], [ 129.385453399999989, 37.0935585 ], [ 129.3854436, 37.0935562 ] ] ] } },
{ "type": "Feature", "properties": { "element": "way", "id": 1305128523, "building": "yes", "building:levels": null, "name": null, "name:ko": null, "name:en": null, "amenity": null, "shop": null, "office": null, "tourism": null, "social_facility": null, "healthcare": null, "addr:street": null, "addr:housenumber": null, "start_date": null, "centroid_x_5179": 1167567.4004157854, "centroid_y_5179": 1901094.7337991744, "footprint_area_m2": 3.9342749399400052 }, "geometry": { "type": "Polygon", "coordinates": [ [ [ 129.385502300000013, 37.0935057 ], [ 129.3854936, 37.0935099 ], [ 129.3854912, 37.0935178 ], [ 129.3854964, 37.0935247 ], [ 129.3855063, 37.0935267 ], [ 129.385515, 37.0935225 ], [ 129.3855175, 37.0935146 ], [ 129.3855122, 37.0935077 ], [ 129.385502300000013, 37.0935057 ] ] ] } },
{ "type": "Feature", "properties": { "element": "way", "id": 1305128524, "building": "industrial", "building:levels": null, "name": null, "name:ko": null, "name:en": null, "amenity": null, "shop": null, "office": null, "tourism": null, "social_facility": null, "healthcare": null, "addr:street": null, "addr:housenumber": null, "start_date": null, "centroid_x_5179": 1167556.3691757489, "centroid_y_5179": 1901089.7160436511, "footprint_area_m2": 283.10224357372903 }, "geometry": { "type": "Polygon", "coordinates": [ [ [ 129.385466900000011, 37.093407 ], [ 129.3854509, 37.0934211 ], [ 129.3853779, 37.0933679 ], [ 129.3852493, 37.0934802 ], [ 129.385322300000013, 37.0935334 ], [ 129.38530320000001, 37.0935501 ], [ 129.385355299999986, 37.093588 ], [ 129.385519, 37.093445 ], [ 129.385466900000011, 37.093407 ] ] ] } },
{ "type": "Feature", "properties": { "element": "way", "id": 1305128525, "building": "yes", "building:levels": null, "name": null, "name:ko": null, "name:en": null, "amenity": null, "shop": null, "office": null, "tourism": null, "social_facility": null, "healthcare": null, "addr:street": null, "addr:housenumber": null, "start_date": null, "centroid_x_5179": 1167600.6705676275, "centroid_y_5179": 1901061.152665464, "footprint_area_m2": 7.3432548171796785 }, "geometry": { "type": "Polygon", "coordinates": [ [ [ 129.385872299999988, 37.0932249 ], [ 129.3858801, 37.0932181 ], [ 129.3858926, 37.0932072 ], [ 129.3858697, 37.0931905 ], [ 129.385849400000012, 37.0932082 ], [ 129.385872299999988, 37.0932249 ] ] ] } },
{ "type": "Feature", "properties": { "element": "way", "id": 1305128526, "building": "yes", "building:levels": null, "name": null, "name:ko": null, "name:en": null, "amenity": null, "shop": null, "office": null, "tourism": null, "social_facility": null, "healthcare": null, "addr:street": null, "addr:housenumber": null, "start_date": null, "centroid_x_5179": 1167604.7018488098, "centroid_y_5179": 1901056.9368819077, "footprint_area_m2": 7.340940404769551 }, "geometry": { "type": "Polygon", "coordinates": [ [ [ 129.3859167, 37.0931862 ], [ 129.3859239, 37.0931799 ], [ 129.385937, 37.0931685 ], [ 129.3859141, 37.0931518 ], [ 129.3858938, 37.0931695 ], [ 129.3859167, 37.0931862 ] ] ] } },
{ "type": "Feature", "properties": { "element": "way", "id": 1305128527, "building": "yes", "building:levels": null, "name": null, "name:ko": null, "name:en": null, "amenity": null, "shop": null, "office": null, "tourism": null, "social_facility": null, "healthcare": null, "addr:street": null, "addr:housenumber": null, "start_date": null, "centroid_x_5179": 1167608.7166593752, "centroid_y_5179": 1901052.7335291551, "footprint_area_m2": 7.3507109974359546 }, "geometry": { "type": "Polygon", "coordinates": [ [ [ 129.385960899999986, 37.0931476 ], [ 129.3859689, 37.0931407 ], [ 129.3859812, 37.0931299 ], [ 129.3859583, 37.0931132 ], [ 129.385938, 37.0931309 ], [ 129.385960899999986, 37.0931476 ] ] ] } },
{ "type": "Feature", "properties": { "element": "way", "id": 1305128528, "building": "yes", "building:levels": null, "name": null, "name:ko": null, "name:en": null, "amenity": null, "shop": null, "office": null, "tourism": null, "social_facility": null, "healthcare": null, "addr:street": null, "addr:housenumber": null, "start_date": null, "centroid_x_5179": 1167612.5565733458, "centroid_y_5179": 1901048.7166004365, "footprint_area_m2": 7.3634903629407908 }, "geometry": { "type": "Polygon", "coordinates": [ [ [ 129.3860032, 37.0931108 ], [ 129.3860114, 37.0931036 ], [ 129.3860235, 37.093093 ], [ 129.386000599999988, 37.0930763 ], [ 129.3859803, 37.093094 ], [ 129.3860032, 37.0931108 ] ] ] } },
{ "type": "Feature", "properties": { "element": "way", "id": 1305128529, "building": "yes", "building:levels": null, "name": null, "name:ko": null, "name:en": null, "amenity": null, "shop": null, "office": null, "tourism": null, "social_facility": null, "healthcare": null, "addr:street": null, "addr:housenumber": null, "start_date": null, "centroid_x_5179": 1167616.4510104344, "centroid_y_5179": 1901044.6416986021, "footprint_area_m2": 7.3559471812412198 }, "geometry": { "type": "Polygon", "coordinates": [ [ [ 129.386046099999987, 37.0930734 ], [ 129.3860541, 37.0930663 ], [ 129.3860664, 37.0930556 ], [ 129.3860435, 37.0930389 ], [ 129.386023200000011, 37.0930566 ], [ 129.386046099999987, 37.0930734 ] ] ] } },
{ "type": "Feature", "properties": { "element": "way", "id": 1305128530, "building": "yes", "building:levels": null, "name": null, "name:ko": null, "name:en": null, "amenity": null, "shop": null, "office": null, "tourism": null, "social_facility": null, "healthcare": null, "addr:street": null, "addr:housenumber": null, "start_date": null, "centroid_x_5179": 1167620.2590130805, "centroid_y_5179": 1901040.6592503882, "footprint_area_m2": 7.3778026431952775 }, "geometry": { "type": "Polygon", "coordinates": [ [ [ 129.386088, 37.0930368 ], [ 129.3860981, 37.093028 ], [ 129.386108400000012, 37.0930191 ], [ 129.386085400000013, 37.0930023 ], [ 129.3860651, 37.0930201 ], [ 129.386088, 37.0930368 ] ] ] } },
{ "type": "Feature", "properties": { "element": "way", "id": 1305128531, "building": "industrial", "building:levels": null, "name": null, "name:ko": null, "name:en": null, "amenity": null, "shop": null, "office": null, "tourism": null, "social_facility": null, "healthcare": null, "addr:street": null, "addr:housenumber": null, "start_date": null, "centroid_x_5179": 1167602.1236460584, "centroid_y_5179": 1901043.2779750738, "footprint_area_m2": 582.77667828923882 }, "geometry": { "type": "Polygon", "coordinates": [ [ [ 129.3860855, 37.0929806 ], [ 129.385946600000011, 37.0928797 ], [ 129.3856812, 37.0931122 ], [ 129.385820099999989, 37.0932131 ], [ 129.3860855, 37.0929806 ] ] ] } },
{ "type": "Feature", "properties": { "element": "way", "id": 1305128532, "building": "industrial", "building:levels": null, "name": null, "name:ko": null, "name:en": null, "amenity": null, "shop": null, "office": null, "tourism": null, "social_facility": null, "healthcare": null, "addr:street": null, "addr:housenumber": null, "start_date": null, "centroid_x_5179": 1167589.5600392309, "centroid_y_5179": 1901061.198220422, "footprint_area_m2": 193.49864916360781 }, "geometry": { "type": "Polygon", "coordinates": [ [ [ 129.3858109, 37.093308 ], [ 129.385874300000012, 37.0932525 ], [ 129.385820099999989, 37.0932131 ], [ 129.3856812, 37.0931122 ], [ 129.3856178, 37.0931677 ], [ 129.3858109, 37.093308 ] ] ] } },
{ "type": "Feature", "properties": { "element": "way", "id": 1305128533, "building": "yes", "building:levels": null, "name": null, "name:ko": null, "name:en": null, "amenity": null, "shop": null, "office": null, "tourism": null, "social_facility": null, "healthcare": null, "addr:street": null, "addr:housenumber": null, "start_date": null, "centroid_x_5179": 1167579.7166422468, "centroid_y_5179": 1901082.81816378, "footprint_area_m2": 3.9182004948065896 }, "geometry": { "type": "Polygon", "coordinates": [ [ [ 129.3856394, 37.0933961 ], [ 129.3856303, 37.0933996 ], [ 129.3856269, 37.0934072 ], [ 129.3856313, 37.0934145 ], [ 129.3856409, 37.0934172 ], [ 129.3856501, 37.0934137 ], [ 129.3856534, 37.093406 ], [ 129.385649, 37.0933987 ], [ 129.3856394, 37.0933961 ] ] ] } },
{ "type": "Feature", "properties": { "element": "way", "id": 1305128534, "building": "yes", "building:levels": null, "name": null, "name:ko": null, "name:en": null, "amenity": null, "shop": null, "office": null, "tourism": null, "social_facility": null, "healthcare": null, "addr:street": null, "addr:housenumber": null, "start_date": null, "centroid_x_5179": 1167585.101602203, "centroid_y_5179": 1901077.3135533901, "footprint_area_m2": 3.9275259506667646 }, "geometry": { "type": "Polygon", "coordinates": [ [ [ 129.3856989, 37.0933455 ], [ 129.3856897, 37.0933489 ], [ 129.3856863, 37.0933565 ], [ 129.38569050000001, 37.0933639 ], [ 129.3857001, 37.0933667 ], [ 129.3857093, 37.0933632 ], [ 129.3857128, 37.0933556 ], [ 129.3857085, 37.0933483 ], [ 129.3856989, 37.0933455 ] ] ] } },
{ "type": "Feature", "properties": { "element": "way", "id": 1305128535, "building": "industrial", "building:levels": null, "name": null, "name:ko": null, "name:en": null, "amenity": null, "shop": null, "office": null, "tourism": null, "social_facility": null, "healthcare": null, "addr:street": null, "addr:housenumber": null, "start_date": null, "centroid_x_5179": 1167574.0701955878, "centroid_y_5179": 1901072.2960353945, "footprint_area_m2": 283.01226018368817 }, "geometry": { "type": "Polygon", "coordinates": [ [ [ 129.3856621, 37.0932469 ], [ 129.385646, 37.093261 ], [ 129.385573099999988, 37.0932078 ], [ 129.3854445, 37.0933201 ], [ 129.3855175, 37.0933733 ], [ 129.385498399999989, 37.0933899 ], [ 129.3855505, 37.0934279 ], [ 129.3857142, 37.0932848 ], [ 129.3856621, 37.0932469 ] ] ] } },
{ "type": "Feature", "properties": { "element": "way", "id": 1305128537, "building": "watchtower", "building:levels": null, "name": null, "name:ko": null, "name:en": null, "amenity": null, "shop": null, "office": null, "tourism": null, "social_facility": null, "healthcare": null, "addr:street": null, "addr:housenumber": null, "start_date": null, "centroid_x_5179": 1167283.7737303614, "centroid_y_5179": 1902095.3552464824, "footprint_area_m2": 10.270648414851262 }, "geometry": { "type": "Polygon", "coordinates": [ [ [ 129.38254950000001, 37.1025637 ], [ 129.38251360000001, 37.1025744 ], [ 129.3825232, 37.1025949 ], [ 129.3825373, 37.1025987 ], [ 129.3825524, 37.1025942 ], [ 129.382559, 37.1025842 ], [ 129.38254950000001, 37.1025637 ] ] ] } },
{ "type": "Feature", "properties": { "element": "way", "id": 1305128544, "building": "yes", "building:levels": null, "name": null, "name:ko": null, "name:en": null, "amenity": null, "shop": null, "office": null, "tourism": null, "social_facility": null, "healthcare": null, "addr:street": null, "addr:housenumber": null, "start_date": null, "centroid_x_5179": 1167134.6486793, "centroid_y_5179": 1901556.4591656411, "footprint_area_m2": 4.2657453837128685 }, "geometry": { "type": "Polygon", "coordinates": [ [ [ 129.3807421, 37.09774 ], [ 129.38072360000001, 37.0977562 ], [ 129.3807382, 37.0977668 ], [ 129.3807567, 37.0977505 ], [ 129.3807421, 37.09774 ] ] ] } },
{ "type": "Feature", "properties": { "element": "way", "id": 1305128546, "building": "yes", "building:levels": null, "name": null, "name:ko": null, "name:en": null, "amenity": null, "shop": null, "office": null, "tourism": null, "social_facility": null, "healthcare": null, "addr:street": null, "addr:housenumber": null, "start_date": null, "centroid_x_5179": 1166962.6650633847, "centroid_y_5179": 1901769.8695483804, "footprint_area_m2": 23.96260331136661 }, "geometry": { "type": "Polygon", "coordinates": [ [ [ 129.3788759, 37.0997422 ], [ 129.3788984, 37.0997238 ], [ 129.3788307, 37.0996713 ], [ 129.3788082, 37.0996898 ], [ 129.3788759, 37.0997422 ] ] ] } },
{ "type": "Feature", "properties": { "element": "way", "id": 1305128547, "building": "yes", "building:levels": null, "name": null, "name:ko": null, "name:en": null, "amenity": null, "shop": null, "office": null, "tourism": null, "social_facility": null, "healthcare": null, "addr:street": null, "addr:housenumber": null, "start_date": null, "centroid_x_5179": 1166624.246127571, "centroid_y_5179": 1901733.5031244431, "footprint_area_m2": 7885.0493328924176 }, "geometry": { "type": "Polygon", "coordinates": [ [ [ 129.3755462, 37.0997102 ], [ 129.3756368, 37.0996333 ], [ 129.375539300000014, 37.09956 ], [ 129.3755516, 37.0995112 ], [ 129.375557, 37.0994617 ], [ 129.3755554, 37.0994119 ], [ 129.3755898, 37.0993818 ], [ 129.3755769, 37.0993229 ], [ 129.3755538, 37.0992661 ], [ 129.3755209, 37.0992124 ], [ 129.375479, 37.0991629 ], [ 129.375428699999986, 37.0991186 ], [ 129.375371199999989, 37.0990803 ], [ 129.3753075, 37.0990489 ], [ 129.3752864, 37.0990669 ], [ 129.375224800000012, 37.0990415 ], [ 129.3753481, 37.0989376 ], [ 129.375233900000012, 37.0988519 ], [ 129.3751977, 37.0988826 ], [ 129.3751591, 37.0988536 ], [ 129.3749305, 37.0990474 ], [ 129.3747214, 37.0992248 ], [ 129.3746892, 37.0992521 ], [ 129.374558400000012, 37.0991775 ], [ 129.374516199999988, 37.0992281 ], [ 129.3744831, 37.0992828 ], [ 129.374459699999989, 37.0993407 ], [ 129.374446400000011, 37.0994005 ], [ 129.3744434, 37.0994613 ], [ 129.3744509, 37.0995217 ], [ 129.3744686, 37.0995809 ], [ 129.3744963, 37.0996375 ], [ 129.3745334, 37.0996906 ], [ 129.3745793, 37.0997391 ], [ 129.374633, 37.0997822 ], [ 129.3746937, 37.0998191 ], [ 129.37476, 37.099849 ], [ 129.3748309, 37.0998713 ], [ 129.3749049, 37.0998858 ], [ 129.3749807, 37.0998921 ], [ 129.37505680000001, 37.0998901 ], [ 129.375131900000014, 37.0998798 ], [ 129.375204599999989, 37.0998614 ], [ 129.3752734, 37.0998353 ], [ 129.3753371, 37.0998019 ], [ 129.3753945, 37.0997619 ], [ 129.375444499999986, 37.0997161 ], [ 129.375486200000012, 37.0996652 ], [ 129.3755462, 37.0997102 ] ] ] } },
{ "type": "Feature", "properties": { "element": "way", "id": 1305128548, "building": "roof", "building:levels": null, "name": null, "name:ko": null, "name:en": null, "amenity": null, "shop": null, "office": null, "tourism": null, "social_facility": null, "healthcare": null, "addr:street": null, "addr:housenumber": null, "start_date": null, "centroid_x_5179": 1166604.0447605087, "centroid_y_5179": 1901697.5814229439, "footprint_area_m2": 147.3224766791968 }, "geometry": { "type": "Polygon", "coordinates": [ [ [ 129.3749305, 37.0990474 ], [ 129.374885799999987, 37.0990139 ], [ 129.3746767, 37.0991913 ], [ 129.3747214, 37.0992248 ], [ 129.3749305, 37.0990474 ] ] ] } },
{ "type": "Feature", "properties": { "element": "way", "id": 1305128549, "building": "yes", "building:levels": null, "name": null, "name:ko": null, "name:en": null, "amenity": null, "shop": null, "office": null, "tourism": null, "social_facility": null, "healthcare": null, "addr:street": null, "addr:housenumber": null, "start_date": null, "centroid_x_5179": 1166592.4273930106, "centroid_y_5179": 1901571.5053894226, "footprint_area_m2": 42.550547799280679 }, "geometry": { "type": "Polygon", "coordinates": [ [ [ 129.374623500000013, 37.0980326 ], [ 129.374701, 37.0979631 ], [ 129.3746663, 37.0979385 ], [ 129.3745889, 37.098008 ], [ 129.374623500000013, 37.0980326 ] ] ] } },
{ "type": "Feature", "properties": { "element": "way", "id": 1305128551, "building": "yes", "building:levels": null, "name": null, "name:ko": null, "name:en": null, "amenity": null, "shop": null, "office": null, "tourism": null, "social_facility": null, "healthcare": null, "addr:street": null, "addr:housenumber": null, "start_date": null, "centroid_x_5179": 1166549.9642031377, "centroid_y_5179": 1901696.732279635, "footprint_area_m2": 24.955169725942799 }, "geometry": { "type": "Polygon", "coordinates": [ [ [ 129.374181599999986, 37.0990969 ], [ 129.374163900000013, 37.0991117 ], [ 129.3741645, 37.0991321 ], [ 129.374183, 37.0991462 ], [ 129.3742086, 37.0991458 ], [ 129.3742263, 37.099131 ], [ 129.3742258, 37.0991105 ], [ 129.3742072, 37.0990964 ], [ 129.374181599999986, 37.0990969 ] ] ] } },
{ "type": "Feature", "properties": { "element": "way", "id": 1305128561, "building": "yes", "building:levels": null, "name": null, "name:ko": null, "name:en": null, "amenity": null, "shop": null, "office": null, "tourism": null, "social_facility": null, "healthcare": null, "addr:street": null, "addr:housenumber": null, "start_date": null, "centroid_x_5179": 1166762.0679026267, "centroid_y_5179": 1901422.0346730957, "footprint_area_m2": 4.6784904858596787 }, "geometry": { "type": "Polygon", "coordinates": [ [ [ 129.3765333, 37.0966172 ], [ 129.376530699999989, 37.0965981 ], [ 129.3765062, 37.0966002 ], [ 129.376508699999988, 37.0966193 ], [ 129.3765333, 37.0966172 ] ] ] } },
{ "type": "Feature", "properties": { "element": "way", "id": 1305128563, "building": "yes", "building:levels": null, "name": null, "name:ko": null, "name:en": null, "amenity": null, "shop": null, "office": null, "tourism": null, "social_facility": null, "healthcare": null, "addr:street": null, "addr:housenumber": null, "start_date": null, "centroid_x_5179": 1166747.4267654559, "centroid_y_5179": 1901422.0110413006, "footprint_area_m2": 41.923514179981098 }, "geometry": { "type": "Polygon", "coordinates": [ [ [ 129.3764258, 37.09662 ], [ 129.3764213, 37.0965894 ], [ 129.3762843, 37.0966022 ], [ 129.3762888, 37.0966328 ], [ 129.3764258, 37.09662 ] ] ] } },
{ "type": "Feature", "properties": { "element": "way", "id": 1305128582, "building": "storage_tank", "building:levels": null, "name": null, "name:ko": null, "name:en": null, "amenity": null, "shop": null, "office": null, "tourism": null, "social_facility": null, "healthcare": null, "addr:street": null, "addr:housenumber": null, "start_date": null, "centroid_x_5179": 1167152.9260964622, "centroid_y_5179": 1901358.2080713499, "footprint_area_m2": 35.339703634101525 }, "geometry": { "type": "Polygon", "coordinates": [ [ [ 129.3808636, 37.095958 ], [ 129.3808649, 37.0959739 ], [ 129.3808761, 37.0959872 ], [ 129.380894, 37.0959943 ], [ 129.380914, 37.0959932 ], [ 129.3809307, 37.0959843 ], [ 129.380939500000011, 37.09597 ], [ 129.3809382, 37.095954 ], [ 129.380927, 37.0959408 ], [ 129.380909, 37.0959337 ], [ 129.380889, 37.0959348 ], [ 129.380872399999987, 37.0959437 ], [ 129.3808636, 37.095958 ] ] ] } },
{ "type": "Feature", "properties": { "element": "way", "id": 1305128583, "building": "storage_tank", "building:levels": null, "name": null, "name:ko": null, "name:en": null, "amenity": null, "shop": null, "office": null, "tourism": null, "social_facility": null, "healthcare": null, "addr:street": null, "addr:housenumber": null, "start_date": null, "centroid_x_5179": 1167145.3068802541, "centroid_y_5179": 1901351.1438776387, "footprint_area_m2": 35.353195614426888 }, "geometry": { "type": "Polygon", "coordinates": [ [ [ 129.3807763, 37.0958957 ], [ 129.38077770000001, 37.0959117 ], [ 129.3807888, 37.095925 ], [ 129.380806799999988, 37.095932 ], [ 129.3808268, 37.0959309 ], [ 129.3808434, 37.095922 ], [ 129.380852299999987, 37.0959077 ], [ 129.380850900000013, 37.0958918 ], [ 129.3808398, 37.0958785 ], [ 129.3808218, 37.0958714 ], [ 129.3808018, 37.0958725 ], [ 129.3807852, 37.0958814 ], [ 129.3807763, 37.0958957 ] ] ] } },
{ "type": "Feature", "properties": { "element": "way", "id": 1305128586, "building": "industrial", "building:levels": null, "name": null, "name:ko": null, "name:en": null, "amenity": null, "shop": null, "office": null, "tourism": null, "social_facility": null, "healthcare": null, "addr:street": null, "addr:housenumber": null, "start_date": null, "centroid_x_5179": 1167144.9824846231, "centroid_y_5179": 1901530.4132986926, "footprint_area_m2": 20.753532044484899 }, "geometry": { "type": "Polygon", "coordinates": [ [ [ 129.3808621, 37.0975463 ], [ 129.3808885, 37.0975224 ], [ 129.3808391, 37.0974875 ], [ 129.380812600000013, 37.0975113 ], [ 129.3808621, 37.0975463 ] ] ] } },
{ "type": "Feature", "properties": { "element": "way", "id": 1305128587, "building": "industrial", "building:levels": null, "name": null, "name:ko": null, "name:en": null, "amenity": null, "shop": null, "office": null, "tourism": null, "social_facility": null, "healthcare": null, "addr:street": null, "addr:housenumber": null, "start_date": null, "centroid_x_5179": 1167140.7604220384, "centroid_y_5179": 1901534.9657384732, "footprint_area_m2": 23.625537894586877 }, "geometry": { "type": "Polygon", "coordinates": [ [ [ 129.3808138, 37.0975897 ], [ 129.3808439, 37.0975626 ], [ 129.380794400000013, 37.0975276 ], [ 129.38076430000001, 37.0975547 ], [ 129.3808138, 37.0975897 ] ] ] } },
{ "type": "Feature", "properties": { "element": "way", "id": 1305128588, "building": "industrial", "building:levels": null, "name": null, "name:ko": null, "name:en": null, "amenity": null, "shop": null, "office": null, "tourism": null, "social_facility": null, "healthcare": null, "addr:street": null, "addr:housenumber": null, "start_date": null, "centroid_x_5179": 1167175.0010050624, "centroid_y_5179": 1901499.1546780679, "footprint_area_m2": 20.742269937402106 }, "geometry": { "type": "Polygon", "coordinates": [ [ [ 129.381192700000014, 37.0972593 ], [ 129.3812192, 37.0972355 ], [ 129.381169699999987, 37.0972005 ], [ 129.3811433, 37.0972243 ], [ 129.381192700000014, 37.0972593 ] ] ] } },
{ "type": "Feature", "properties": { "element": "way", "id": 1305128589, "building": "industrial", "building:levels": null, "name": null, "name:ko": null, "name:en": null, "amenity": null, "shop": null, "office": null, "tourism": null, "social_facility": null, "healthcare": null, "addr:street": null, "addr:housenumber": null, "start_date": null, "centroid_x_5179": 1167170.7823534277, "centroid_y_5179": 1901503.7048575883, "footprint_area_m2": 23.625631716591094 }, "geometry": { "type": "Polygon", "coordinates": [ [ [ 129.3811445, 37.0973027 ], [ 129.3811746, 37.0972756 ], [ 129.3811251, 37.0972406 ], [ 129.381095, 37.0972677 ], [ 129.3811445, 37.0973027 ] ] ] } },
{ "type": "Feature", "properties": { "element": "way", "id": 1305128590, "building": "industrial", "building:levels": null, "name": null, "name:ko": null, "name:en": null, "amenity": null, "shop": null, "office": null, "tourism": null, "social_facility": null, "healthcare": null, "addr:street": null, "addr:housenumber": null, "start_date": null, "centroid_x_5179": 1167133.6808555224, "centroid_y_5179": 1901520.2685170833, "footprint_area_m2": 19.155761038759039 }, "geometry": { "type": "Polygon", "coordinates": [ [ [ 129.380721200000011, 37.0973996 ], [ 129.3806864, 37.0974304 ], [ 129.380721200000011, 37.0974554 ], [ 129.380756, 37.0974246 ], [ 129.380721200000011, 37.0973996 ] ] ] } },
{ "type": "Feature", "properties": { "element": "way", "id": 1305128591, "building": "industrial", "building:levels": null, "name": null, "name:ko": null, "name:en": null, "amenity": null, "shop": null, "office": null, "tourism": null, "social_facility": null, "healthcare": null, "addr:street": null, "addr:housenumber": null, "start_date": null, "centroid_x_5179": 1167128.7097074499, "centroid_y_5179": 1901525.5590390279, "footprint_area_m2": 19.50254314680118 }, "geometry": { "type": "Polygon", "coordinates": [ [ [ 129.3806668, 37.0974479 ], [ 129.3806313, 37.0974793 ], [ 129.3806662, 37.0975042 ], [ 129.3807016, 37.0974728 ], [ 129.3806668, 37.0974479 ] ] ] } },
{ "type": "Feature", "properties": { "element": "way", "id": 1305128592, "building": "industrial", "building:levels": null, "name": null, "name:ko": null, "name:en": null, "amenity": null, "shop": null, "office": null, "tourism": null, "social_facility": null, "healthcare": null, "addr:street": null, "addr:housenumber": null, "start_date": null, "centroid_x_5179": 1167132.6734888672, "centroid_y_5179": 1901542.175634709, "footprint_area_m2": 110.4750217726054 }, "geometry": { "type": "Polygon", "coordinates": [ [ [ 129.3807239, 37.0975571 ], [ 129.380630599999989, 37.097638 ], [ 129.3807056, 37.097693 ], [ 129.3807989, 37.0976121 ], [ 129.3807239, 37.0975571 ] ] ] } },
{ "type": "Feature", "properties": { "element": "way", "id": 1305128593, "building": "industrial", "building:levels": null, "name": null, "name:ko": null, "name:en": null, "amenity": null, "shop": null, "office": null, "tourism": null, "social_facility": null, "healthcare": null, "addr:street": null, "addr:housenumber": null, "start_date": null, "centroid_x_5179": 1167150.5709690698, "centroid_y_5179": 1901523.5555313893, "footprint_area_m2": 108.18666216701642 }, "geometry": { "type": "Polygon", "coordinates": [ [ [ 129.3809201, 37.097387 ], [ 129.3808287, 37.0974662 ], [ 129.3809037, 37.0975212 ], [ 129.3809951, 37.097442 ], [ 129.3809201, 37.097387 ] ] ] } },
{ "type": "Feature", "properties": { "element": "way", "id": 1305128594, "building": "industrial", "building:levels": null, "name": null, "name:ko": null, "name:en": null, "amenity": null, "shop": null, "office": null, "tourism": null, "social_facility": null, "healthcare": null, "addr:street": null, "addr:housenumber": null, "start_date": null, "centroid_x_5179": 1167162.5738789213, "centroid_y_5179": 1901511.0623805674, "footprint_area_m2": 100.45355173844035 }, "geometry": { "type": "Polygon", "coordinates": [ [ [ 129.381049100000013, 37.0972751 ], [ 129.3809642, 37.0973487 ], [ 129.3810392, 37.0974037 ], [ 129.381124, 37.0973301 ], [ 129.381049100000013, 37.0972751 ] ] ] } },
{ "type": "Feature", "properties": { "element": "way", "id": 1305128595, "building": "industrial", "building:levels": null, "name": null, "name:ko": null, "name:en": null, "amenity": null, "shop": null, "office": null, "tourism": null, "social_facility": null, "healthcare": null, "addr:street": null, "addr:housenumber": null, "start_date": null, "centroid_x_5179": 1167181.0977852663, "centroid_y_5179": 1901491.7944221688, "footprint_area_m2": 113.83054488785081 }, "geometry": { "type": "Polygon", "coordinates": [ [ [ 129.38116260000001, 37.0971767 ], [ 129.3812376, 37.0972317 ], [ 129.3813337, 37.0971483 ], [ 129.381258800000012, 37.0970933 ], [ 129.38116260000001, 37.0971767 ] ] ] } },
{ "type": "Feature", "properties": { "element": "way", "id": 1305128596, "building": "industrial", "building:levels": null, "name": null, "name:ko": null, "name:en": null, "amenity": null, "shop": null, "office": null, "tourism": null, "social_facility": null, "healthcare": null, "addr:street": null, "addr:housenumber": null, "start_date": null, "centroid_x_5179": 1167158.901757753, "centroid_y_5179": 1901494.1625712886, "footprint_area_m2": 19.534434837940374 }, "geometry": { "type": "Polygon", "coordinates": [ [ [ 129.3809994, 37.0971596 ], [ 129.380963900000012, 37.097191 ], [ 129.3809987, 37.097216 ], [ 129.381034199999988, 37.0971846 ], [ 129.3809994, 37.0971596 ] ] ] } },
{ "type": "Feature", "properties": { "element": "way", "id": 1305128597, "building": "industrial", "building:levels": null, "name": null, "name:ko": null, "name:en": null, "amenity": null, "shop": null, "office": null, "tourism": null, "social_facility": null, "healthcare": null, "addr:street": null, "addr:housenumber": null, "start_date": null, "centroid_x_5179": 1167163.8744923852, "centroid_y_5179": 1901488.8685681538, "footprint_area_m2": 19.155837435081569 }, "geometry": { "type": "Polygon", "coordinates": [ [ [ 129.381053799999989, 37.0971113 ], [ 129.381019, 37.0971422 ], [ 129.381053799999989, 37.0971671 ], [ 129.3810886, 37.0971363 ], [ 129.381053799999989, 37.0971113 ] ] ] } },
{ "type": "Feature", "properties": { "element": "way", "id": 1305128598, "building": "yes", "building:levels": null, "name": null, "name:ko": null, "name:en": null, "amenity": null, "shop": null, "office": null, "tourism": null, "social_facility": null, "healthcare": null, "addr:street": null, "addr:housenumber": null, "start_date": null, "centroid_x_5179": 1167493.2646312951, "centroid_y_5179": 1901153.9102231294, "footprint_area_m2": 67.476537758490934 }, "geometry": { "type": "Polygon", "coordinates": [ [ [ 129.3847056, 37.0941167 ], [ 129.3847527, 37.0940768 ], [ 129.3846619, 37.0940085 ], [ 129.3846148, 37.0940484 ], [ 129.3847056, 37.0941167 ] ] ] } },
{ "type": "Feature", "properties": { "element": "way", "id": 1305128599, "building": "yes", "building:levels": null, "name": null, "name:ko": null, "name:en": null, "amenity": null, "shop": null, "office": null, "tourism": null, "social_facility": null, "healthcare": null, "addr:street": null, "addr:housenumber": null, "start_date": null, "centroid_x_5179": 1167491.5588571075, "centroid_y_5179": 1901173.5714663132, "footprint_area_m2": 7.374422492595599 }, "geometry": { "type": "Polygon", "coordinates": [ [ [ 129.38467030000001, 37.0942573 ], [ 129.3846799, 37.0942488 ], [ 129.3846906, 37.0942395 ], [ 129.3846677, 37.0942228 ], [ 129.384647300000012, 37.0942406 ], [ 129.38467030000001, 37.0942573 ] ] ] } },
{ "type": "Feature", "properties": { "element": "way", "id": 1305128600, "building": "yes", "building:levels": null, "name": null, "name:ko": null, "name:en": null, "amenity": null, "shop": null, "office": null, "tourism": null, "social_facility": null, "healthcare": null, "addr:street": null, "addr:housenumber": null, "start_date": null, "centroid_x_5179": 1167487.7526840738, "centroid_y_5179": 1901177.5539748522, "footprint_area_m2": 7.3616433550610694 }, "geometry": { "type": "Polygon", "coordinates": [ [ [ 129.3846283, 37.0942938 ], [ 129.384638, 37.0942854 ], [ 129.384648700000014, 37.0942761 ], [ 129.384625699999987, 37.0942594 ], [ 129.3846054, 37.0942771 ], [ 129.3846283, 37.0942938 ] ] ] } },
{ "type": "Feature", "properties": { "element": "way", "id": 1305128601, "building": "yes", "building:levels": null, "name": null, "name:ko": null, "name:en": null, "amenity": null, "shop": null, "office": null, "tourism": null, "social_facility": null, "healthcare": null, "addr:street": null, "addr:housenumber": null, "start_date": null, "centroid_x_5179": 1167483.8591377139, "centroid_y_5179": 1901181.6282294611, "footprint_area_m2": 7.363070009367247 }, "geometry": { "type": "Polygon", "coordinates": [ [ [ 129.3845854, 37.0943312 ], [ 129.3845942, 37.0943236 ], [ 129.3846058, 37.0943135 ], [ 129.3845829, 37.0942968 ], [ 129.384562499999987, 37.0943145 ], [ 129.3845854, 37.0943312 ] ] ] } },
{ "type": "Feature", "properties": { "element": "way", "id": 1305128602, "building": "yes", "building:levels": null, "name": null, "name:ko": null, "name:en": null, "amenity": null, "shop": null, "office": null, "tourism": null, "social_facility": null, "healthcare": null, "addr:street": null, "addr:housenumber": null, "start_date": null, "centroid_x_5179": 1167480.018405292, "centroid_y_5179": 1901185.6478175884, "footprint_area_m2": 7.3638061338142027 }, "geometry": { "type": "Polygon", "coordinates": [ [ [ 129.3845431, 37.0943681 ], [ 129.3845526, 37.0943599 ], [ 129.384563500000013, 37.0943504 ], [ 129.3845406, 37.0943337 ], [ 129.3845202, 37.0943514 ], [ 129.3845431, 37.0943681 ] ] ] } },
{ "type": "Feature", "properties": { "element": "way", "id": 1305128603, "building": "yes", "building:levels": null, "name": null, "name:ko": null, "name:en": null, "amenity": null, "shop": null, "office": null, "tourism": null, "social_facility": null, "healthcare": null, "addr:street": null, "addr:housenumber": null, "start_date": null, "centroid_x_5179": 1167476.002192541, "centroid_y_5179": 1901189.8475527749, "footprint_area_m2": 7.376182980662005 }, "geometry": { "type": "Polygon", "coordinates": [ [ [ 129.384498900000011, 37.0944067 ], [ 129.3845076, 37.0943991 ], [ 129.3845193, 37.094389 ], [ 129.3844963, 37.0943722 ], [ 129.384476, 37.09439 ], [ 129.384498900000011, 37.0944067 ] ] ] } },
{ "type": "Feature", "properties": { "element": "way", "id": 1305128604, "building": "yes", "building:levels": null, "name": null, "name:ko": null, "name:en": null, "amenity": null, "shop": null, "office": null, "tourism": null, "social_facility": null, "healthcare": null, "addr:street": null, "addr:housenumber": null, "start_date": null, "centroid_x_5179": 1167471.9722262544, "centroid_y_5179": 1901194.0631904658, "footprint_area_m2": 7.3758337483925001 }, "geometry": { "type": "Polygon", "coordinates": [ [ [ 129.3844545, 37.0944454 ], [ 129.3844647, 37.0944365 ], [ 129.384474899999987, 37.0944277 ], [ 129.384452, 37.0944109 ], [ 129.3844316, 37.0944287 ], [ 129.3844545, 37.0944454 ] ] ] } },
{ "type": "Feature", "properties": { "element": "way", "id": 1305128605, "building": "industrial", "building:levels": null, "name": null, "name:ko": null, "name:en": null, "amenity": null, "shop": null, "office": null, "tourism": null, "social_facility": null, "healthcare": null, "addr:street": null, "addr:housenumber": null, "start_date": null, "centroid_x_5179": 1167473.4331672022, "centroid_y_5179": 1901176.2033982982, "footprint_area_m2": 582.02950874174121 }, "geometry": { "type": "Polygon", "coordinates": [ [ [ 129.3846677, 37.0942009 ], [ 129.3845288, 37.0941003 ], [ 129.3842637, 37.0943331 ], [ 129.3844025, 37.0944337 ], [ 129.3846677, 37.0942009 ] ] ] } },
{ "type": "Feature", "properties": { "element": "way", "id": 1305128606, "building": "industrial", "building:levels": null, "name": null, "name:ko": null, "name:en": null, "amenity": null, "shop": null, "office": null, "tourism": null, "social_facility": null, "healthcare": null, "addr:street": null, "addr:housenumber": null, "start_date": null, "centroid_x_5179": 1167456.7788023667, "centroid_y_5179": 1901198.4833408729, "footprint_area_m2": 470.47095907105381 }, "geometry": { "type": "Polygon", "coordinates": [ [ [ 129.384303, 37.0946083 ], [ 129.384457, 37.0944732 ], [ 129.3844025, 37.0944337 ], [ 129.3842637, 37.0943331 ], [ 129.38410970000001, 37.0944682 ], [ 129.384303, 37.0946083 ] ] ] } },
{ "type": "Feature", "properties": { "element": "way", "id": 1305128607, "building": "yes", "building:levels": null, "name": null, "name:ko": null, "name:en": null, "amenity": null, "shop": null, "office": null, "tourism": null, "social_facility": null, "healthcare": null, "addr:street": null, "addr:housenumber": null, "start_date": null, "centroid_x_5179": 1167448.2340871957, "centroid_y_5179": 1901219.3251786185, "footprint_area_m2": 3.9340153938758355 }, "geometry": { "type": "Polygon", "coordinates": [ [ [ 129.3841919, 37.0946494 ], [ 129.3841825, 37.0946525 ], [ 129.384178600000013, 37.09466 ], [ 129.3841825, 37.0946675 ], [ 129.3841919, 37.0946706 ], [ 129.3842013, 37.0946675 ], [ 129.3842052, 37.09466 ], [ 129.3842013, 37.0946525 ], [ 129.3841919, 37.0946494 ] ] ] } },
{ "type": "Feature", "properties": { "element": "way", "id": 1305128608, "building": "yes", "building:levels": null, "name": null, "name:ko": null, "name:en": null, "amenity": null, "shop": null, "office": null, "tourism": null, "social_facility": null, "healthcare": null, "addr:street": null, "addr:housenumber": null, "start_date": null, "centroid_x_5179": 1167442.8476216476, "centroid_y_5179": 1901224.8266410611, "footprint_area_m2": 3.9081660258359667 }, "geometry": { "type": "Polygon", "coordinates": [ [ [ 129.3841309, 37.0947 ], [ 129.384122100000013, 37.0947041 ], [ 129.3841194, 37.0947119 ], [ 129.3841244, 37.0947189 ], [ 129.3841342, 37.094721 ], [ 129.384143, 37.094717 ], [ 129.3841457, 37.0947092 ], [ 129.384140699999989, 37.0947022 ], [ 129.3841309, 37.0947 ] ] ] } },
{ "type": "Feature", "properties": { "element": "way", "id": 1305128609, "building": "industrial", "building:levels": null, "name": null, "name:ko": null, "name:en": null, "amenity": null, "shop": null, "office": null, "tourism": null, "social_facility": null, "healthcare": null, "addr:street": null, "addr:housenumber": null, "start_date": null, "centroid_x_5179": 1167437.2025873223, "centroid_y_5179": 1901214.3062654629, "footprint_area_m2": 283.0525826238013 }, "geometry": { "type": "Polygon", "coordinates": [ [ [ 129.3841545, 37.0945508 ], [ 129.384138400000012, 37.0945649 ], [ 129.3840654, 37.0945117 ], [ 129.3839369, 37.094624 ], [ 129.3840099, 37.0946772 ], [ 129.3839908, 37.0946939 ], [ 129.3840429, 37.0947318 ], [ 129.3842066, 37.0945887 ], [ 129.3841545, 37.0945508 ] ] ] } },
{ "type": "Feature", "properties": { "element": "way", "id": 1305128610, "building": "yes", "building:levels": null, "name": null, "name:ko": null, "name:en": null, "amenity": null, "shop": null, "office": null, "tourism": null, "social_facility": null, "healthcare": null, "addr:street": null, "addr:housenumber": null, "start_date": null, "centroid_x_5179": 1167363.2072805583, "centroid_y_5179": 1901306.8895475937, "footprint_area_m2": 7.3577736912947831 }, "geometry": { "type": "Polygon", "coordinates": [ [ [ 129.3832564, 37.0954813 ], [ 129.383267100000012, 37.095472 ], [ 129.3832768, 37.0954636 ], [ 129.3832539, 37.0954469 ], [ 129.383233499999989, 37.0954646 ], [ 129.3832564, 37.0954813 ] ] ] } },
{ "type": "Feature", "properties": { "element": "way", "id": 1305128611, "building": "yes", "building:levels": null, "name": null, "name:ko": null, "name:en": null, "amenity": null, "shop": null, "office": null, "tourism": null, "social_facility": null, "healthcare": null, "addr:street": null, "addr:housenumber": null, "start_date": null, "centroid_x_5179": 1167359.3997891899, "centroid_y_5179": 1901310.872131448, "footprint_area_m2": 7.3737512821297067 }, "geometry": { "type": "Polygon", "coordinates": [ [ [ 129.3832145, 37.0955179 ], [ 129.3832252, 37.0955086 ], [ 129.3832348, 37.0955001 ], [ 129.3832119, 37.0954834 ], [ 129.3831916, 37.0955012 ], [ 129.3832145, 37.0955179 ] ] ] } },
{ "type": "Feature", "properties": { "element": "way", "id": 1305128612, "building": "yes", "building:levels": null, "name": null, "name:ko": null, "name:en": null, "amenity": null, "shop": null, "office": null, "tourism": null, "social_facility": null, "healthcare": null, "addr:street": null, "addr:housenumber": null, "start_date": null, "centroid_x_5179": 1167355.5038881188, "centroid_y_5179": 1901314.9434456753, "footprint_area_m2": 7.3660034494030491 }, "geometry": { "type": "Polygon", "coordinates": [ [ [ 129.3831716, 37.0955553 ], [ 129.3831812, 37.0955469 ], [ 129.383191900000014, 37.0955375 ], [ 129.383169, 37.0955208 ], [ 129.3831487, 37.0955385 ], [ 129.3831716, 37.0955553 ] ] ] } },
{ "type": "Feature", "properties": { "element": "way", "id": 1305128613, "building": "yes", "building:levels": null, "name": null, "name:ko": null, "name:en": null, "amenity": null, "shop": null, "office": null, "tourism": null, "social_facility": null, "healthcare": null, "addr:street": null, "addr:housenumber": null, "start_date": null, "centroid_x_5179": 1167351.6623303096, "centroid_y_5179": 1901318.9621683336, "footprint_area_m2": 7.3596860821786976 }, "geometry": { "type": "Polygon", "coordinates": [ [ [ 129.3831293, 37.0955922 ], [ 129.3831386, 37.095584 ], [ 129.3831496, 37.0955744 ], [ 129.3831267, 37.0955577 ], [ 129.3831064, 37.0955754 ], [ 129.3831293, 37.0955922 ] ] ] } },
{ "type": "Feature", "properties": { "element": "way", "id": 1305128614, "building": "yes", "building:levels": null, "name": null, "name:ko": null, "name:en": null, "amenity": null, "shop": null, "office": null, "tourism": null, "social_facility": null, "healthcare": null, "addr:street": null, "addr:housenumber": null, "start_date": null, "centroid_x_5179": 1167347.6496543027, "centroid_y_5179": 1901323.1639809485, "footprint_area_m2": 7.3435528871511018 }, "geometry": { "type": "Polygon", "coordinates": [ [ [ 129.383085099999988, 37.0956307 ], [ 129.383095200000014, 37.0956219 ], [ 129.3831054, 37.095613 ], [ 129.3830825, 37.0955963 ], [ 129.383062200000012, 37.095614 ], [ 129.383085099999988, 37.0956307 ] ] ] } },
{ "type": "Feature", "properties": { "element": "way", "id": 1305128615, "building": "yes", "building:levels": null, "name": null, "name:ko": null, "name:en": null, "amenity": null, "shop": null, "office": null, "tourism": null, "social_facility": null, "healthcare": null, "addr:street": null, "addr:housenumber": null, "start_date": null, "centroid_x_5179": 1167343.6185109201, "centroid_y_5179": 1901327.3797186508, "footprint_area_m2": 7.3448314058857829 }, "geometry": { "type": "Polygon", "coordinates": [ [ [ 129.3830407, 37.0956694 ], [ 129.383050700000013, 37.0956607 ], [ 129.383061, 37.0956517 ], [ 129.3830381, 37.095635 ], [ 129.3830178, 37.0956527 ], [ 129.3830407, 37.0956694 ] ] ] } },
{ "type": "Feature", "properties": { "element": "way", "id": 1305128616, "building": "industrial", "building:levels": null, "name": null, "name:ko": null, "name:en": null, "amenity": null, "shop": null, "office": null, "tourism": null, "social_facility": null, "healthcare": null, "addr:street": null, "addr:housenumber": null, "start_date": null, "centroid_x_5179": 1167345.0768825756, "centroid_y_5179": 1901309.5182608359, "footprint_area_m2": 582.08194769655449 }, "geometry": { "type": "Polygon", "coordinates": [ [ [ 129.3832538, 37.095425 ], [ 129.383115, 37.0953243 ], [ 129.3828498, 37.0955571 ], [ 129.3829887, 37.0956577 ], [ 129.3832538, 37.095425 ] ] ] } },
{ "type": "Feature", "properties": { "element": "way", "id": 1305128617, "building": "yes", "building:levels": null, "name": null, "name:ko": null, "name:en": null, "amenity": null, "shop": null, "office": null, "tourism": null, "social_facility": null, "healthcare": null, "addr:street": null, "addr:housenumber": null, "start_date": null, "centroid_x_5179": 1167319.8812339669, "centroid_y_5179": 1901352.63881899, "footprint_area_m2": 3.9212229662023033 }, "geometry": { "type": "Polygon", "coordinates": [ [ [ 129.382777800000014, 37.0958734 ], [ 129.3827685, 37.0958767 ], [ 129.3827648, 37.0958842 ], [ 129.3827688, 37.0958916 ], [ 129.382778300000012, 37.0958946 ], [ 129.3827876, 37.0958914 ], [ 129.3827913, 37.0958838 ], [ 129.3827873, 37.0958764 ], [ 129.382777800000014, 37.0958734 ] ] ] } },
{ "type": "Feature", "properties": { "element": "way", "id": 1305128618, "building": "yes", "building:levels": null, "name": null, "name:ko": null, "name:en": null, "amenity": null, "shop": null, "office": null, "tourism": null, "social_facility": null, "healthcare": null, "addr:street": null, "addr:housenumber": null, "start_date": null, "centroid_x_5179": 1167314.4962928342, "centroid_y_5179": 1901358.1415118587, "footprint_area_m2": 3.9188033103502007 }, "geometry": { "type": "Polygon", "coordinates": [ [ [ 129.3827177, 37.095924 ], [ 129.3827086, 37.0959277 ], [ 129.382705499999986, 37.0959354 ], [ 129.3827101, 37.0959426 ], [ 129.3827198, 37.0959451 ], [ 129.3827288, 37.0959414 ], [ 129.382732, 37.0959337 ], [ 129.3827273, 37.0959265 ], [ 129.3827177, 37.095924 ] ] ] } },
{ "type": "Feature", "properties": { "element": "way", "id": 1305128619, "building": "industrial", "building:levels": null, "name": null, "name:ko": null, "name:en": null, "amenity": null, "shop": null, "office": null, "tourism": null, "social_facility": null, "healthcare": null, "addr:street": null, "addr:housenumber": null, "start_date": null, "centroid_x_5179": 1167308.8508589817, "centroid_y_5179": 1901347.6231620763, "footprint_area_m2": 282.80136163589998 }, "geometry": { "type": "Polygon", "coordinates": [ [ [ 129.3827407, 37.0957749 ], [ 129.382724599999989, 37.0957889 ], [ 129.3826516, 37.0957358 ], [ 129.382523099999986, 37.0958481 ], [ 129.3825961, 37.0959012 ], [ 129.382577, 37.0959179 ], [ 129.382629, 37.0959558 ], [ 129.38279270000001, 37.0958128 ], [ 129.3827407, 37.0957749 ] ] ] } },
{ "type": "Feature", "properties": { "element": "way", "id": 1305128620, "building": "industrial", "building:levels": null, "name": null, "name:ko": null, "name:en": null, "amenity": null, "shop": null, "office": null, "tourism": null, "social_facility": null, "healthcare": null, "addr:street": null, "addr:housenumber": null, "start_date": null, "centroid_x_5179": 1167328.4255218755, "centroid_y_5179": 1901331.8001321773, "footprint_area_m2": 470.58457655006896 }, "geometry": { "type": "Polygon", "coordinates": [ [ [ 129.3828892, 37.0958324 ], [ 129.3830431, 37.0956972 ], [ 129.3829887, 37.0956577 ], [ 129.3828498, 37.0955571 ], [ 129.382695899999987, 37.0956923 ], [ 129.3828892, 37.0958324 ] ] ] } },
{ "type": "Feature", "properties": { "element": "way", "id": 1305128623, "building": "industrial", "building:levels": null, "name": null, "name:ko": null, "name:en": null, "amenity": null, "shop": null, "office": null, "tourism": null, "social_facility": null, "healthcare": null, "addr:street": null, "addr:housenumber": null, "start_date": null, "centroid_x_5179": 1167291.0782977357, "centroid_y_5179": 1901371.1853598326, "footprint_area_m2": 783.38105129670168 }, "geometry": { "type": "Polygon", "coordinates": [ [ [ 129.3826828, 37.09602 ], [ 129.382486300000011, 37.0958749 ], [ 129.3822337, 37.0960925 ], [ 129.382430199999988, 37.0962376 ], [ 129.3826828, 37.09602 ] ] ] } },
{ "type": "Feature", "properties": { "element": "way", "id": 1305128624, "building": "yes", "building:levels": null, "name": null, "name:ko": null, "name:en": null, "amenity": null, "shop": null, "office": null, "tourism": null, "social_facility": null, "healthcare": null, "addr:street": null, "addr:housenumber": null, "start_date": null, "centroid_x_5179": 1167164.2545687477, "centroid_y_5179": 1901364.0548471736, "footprint_area_m2": 65.043976439644396 }, "geometry": { "type": "Polygon", "coordinates": [ [ [ 129.381034699999987, 37.0960658 ], [ 129.381094499999989, 37.0960123 ], [ 129.3810259, 37.0959635 ], [ 129.380966, 37.096017 ], [ 129.381034699999987, 37.0960658 ] ] ] } },
{ "type": "Feature", "properties": { "element": "way", "id": 1305128625, "building": "yes", "building:levels": null, "name": null, "name:ko": null, "name:en": null, "amenity": null, "shop": null, "office": null, "tourism": null, "social_facility": null, "healthcare": null, "addr:street": null, "addr:housenumber": null, "start_date": null, "centroid_x_5179": 1167282.3025927201, "centroid_y_5179": 1901290.4511429425, "footprint_area_m2": 13.378852090978611 }, "geometry": { "type": "Polygon", "coordinates": [ [ [ 129.382342200000011, 37.0953537 ], [ 129.3823707, 37.0953299 ], [ 129.3823409, 37.0953072 ], [ 129.382312399999989, 37.095331 ], [ 129.382342200000011, 37.0953537 ] ] ] } },
{ "type": "Feature", "properties": { "element": "way", "id": 1305128628, "building": "storage_tank", "building:levels": null, "name": null, "name:ko": null, "name:en": null, "amenity": null, "shop": null, "office": null, "tourism": null, "social_facility": null, "healthcare": null, "addr:street": null, "addr:housenumber": null, "start_date": null, "centroid_x_5179": 1167066.0396828286, "centroid_y_5179": 1901196.4332581619, "footprint_area_m2": 57.969923758025054 }, "geometry": { "type": "Polygon", "coordinates": [ [ [ 129.3798983, 37.0944835 ], [ 129.3798764, 37.0944839 ], [ 129.3798568, 37.0944918 ], [ 129.3798435, 37.0945057 ], [ 129.3798391, 37.0945228 ], [ 129.3798444, 37.0945398 ], [ 129.379858399999989, 37.0945532 ], [ 129.3798784, 37.0945605 ], [ 129.3799003, 37.0945601 ], [ 129.37991980000001, 37.0945522 ], [ 129.379933099999988, 37.0945383 ], [ 129.3799376, 37.0945212 ], [ 129.379932200000013, 37.0945042 ], [ 129.3799182, 37.0944908 ], [ 129.3798983, 37.0944835 ] ] ] } },
{ "type": "Feature", "properties": { "element": "way", "id": 1305128629, "building": "storage_tank", "building:levels": null, "name": null, "name:ko": null, "name:en": null, "amenity": null, "shop": null, "office": null, "tourism": null, "social_facility": null, "healthcare": null, "addr:street": null, "addr:housenumber": null, "start_date": null, "centroid_x_5179": 1167058.8146930928, "centroid_y_5179": 1901203.0013247284, "footprint_area_m2": 57.931894180318629 }, "geometry": { "type": "Polygon", "coordinates": [ [ [ 129.3798185, 37.094544 ], [ 129.3797966, 37.0945444 ], [ 129.379777, 37.0945523 ], [ 129.379763700000012, 37.0945662 ], [ 129.379759299999989, 37.0945833 ], [ 129.379764599999987, 37.0946002 ], [ 129.3797786, 37.0946137 ], [ 129.379798599999987, 37.0946209 ], [ 129.3798205, 37.0946206 ], [ 129.37984, 37.0946126 ], [ 129.3798533, 37.0945987 ], [ 129.3798578, 37.0945816 ], [ 129.3798524, 37.0945647 ], [ 129.379838400000011, 37.0945512 ], [ 129.3798185, 37.094544 ] ] ] } },
{ "type": "Feature", "properties": { "element": "way", "id": 1305128630, "building": "storage_tank", "building:levels": null, "name": null, "name:ko": null, "name:en": null, "amenity": null, "shop": null, "office": null, "tourism": null, "social_facility": null, "healthcare": null, "addr:street": null, "addr:housenumber": null, "start_date": null, "centroid_x_5179": 1167050.2662219417, "centroid_y_5179": 1901209.9214962265, "footprint_area_m2": 57.941164612519046 }, "geometry": { "type": "Polygon", "coordinates": [ [ [ 129.379723899999988, 37.0946079 ], [ 129.379702, 37.0946082 ], [ 129.3796824, 37.0946162 ], [ 129.3796691, 37.09463 ], [ 129.3796647, 37.0946472 ], [ 129.37967, 37.0946641 ], [ 129.3796841, 37.0946776 ], [ 129.379704, 37.0946848 ], [ 129.379725900000011, 37.0946844 ], [ 129.379745500000013, 37.0946765 ], [ 129.3797587, 37.0946626 ], [ 129.379763200000014, 37.0946455 ], [ 129.3797578, 37.0946286 ], [ 129.3797438, 37.0946151 ], [ 129.379723899999988, 37.0946079 ] ] ] } },
{ "type": "Feature", "properties": { "element": "way", "id": 1305128633, "building": "yes", "building:levels": null, "name": null, "name:ko": null, "name:en": null, "amenity": null, "shop": null, "office": null, "tourism": null, "social_facility": null, "healthcare": null, "addr:street": null, "addr:housenumber": null, "start_date": null, "centroid_x_5179": 1167051.4404918859, "centroid_y_5179": 1901192.9697935972, "footprint_area_m2": 305.07733678546788 }, "geometry": { "type": "Polygon", "coordinates": [ [ [ 129.3797907, 37.0943669 ], [ 129.379568799999987, 37.0945541 ], [ 129.379656, 37.0946199 ], [ 129.3798779, 37.0944327 ], [ 129.3797907, 37.0943669 ] ] ] } },
{ "type": "Feature", "properties": { "element": "way", "id": 1305128634, "building": "yes", "building:levels": null, "name": null, "name:ko": null, "name:en": null, "amenity": null, "shop": null, "office": null, "tourism": null, "social_facility": null, "healthcare": null, "addr:street": null, "addr:housenumber": null, "start_date": null, "centroid_x_5179": 1167053.0337146453, "centroid_y_5179": 1901173.7265533472, "footprint_area_m2": 56.680400086286021 }, "geometry": { "type": "Polygon", "coordinates": [ [ [ 129.3796748, 37.0943354 ], [ 129.3797204, 37.0943701 ], [ 129.3797992, 37.0943041 ], [ 129.3797535, 37.0942694 ], [ 129.3796748, 37.0943354 ] ] ] } },
{ "type": "Feature", "properties": { "element": "way", "id": 1305128635, "building": "yes", "building:levels": null, "name": null, "name:ko": null, "name:en": null, "amenity": null, "shop": null, "office": null, "tourism": null, "social_facility": null, "healthcare": null, "addr:street": null, "addr:housenumber": null, "start_date": null, "centroid_x_5179": 1167044.4302483632, "centroid_y_5179": 1901172.2747740864, "footprint_area_m2": 80.820351099173365 }, "geometry": { "type": "Polygon", "coordinates": [ [ [ 129.3797157, 37.0942854 ], [ 129.3796647, 37.0942467 ], [ 129.37956410000001, 37.094331 ], [ 129.3796151, 37.0943697 ], [ 129.3797157, 37.0942854 ] ] ] } },
{ "type": "Feature", "properties": { "element": "way", "id": 1305128636, "building": "yes", "building:levels": null, "name": null, "name:ko": null, "name:en": null, "amenity": null, "shop": null, "office": null, "tourism": null, "social_facility": null, "healthcare": null, "addr:street": null, "addr:housenumber": null, "start_date": null, "centroid_x_5179": 1167099.2802588649, "centroid_y_5179": 1901235.5309943166, "footprint_area_m2": 1259.8803810653906 }, "geometry": { "type": "Polygon", "coordinates": [ [ [ 129.3801832, 37.0951142 ], [ 129.3802671, 37.0950433 ], [ 129.3802598, 37.0950378 ], [ 129.3805686, 37.0947765 ], [ 129.3803666, 37.0946247 ], [ 129.37997390000001, 37.0949569 ], [ 129.3801832, 37.0951142 ] ] ] } },
{ "type": "Feature", "properties": { "element": "way", "id": 1305128638, "building": "storage_tank", "building:levels": null, "name": null, "name:ko": null, "name:en": null, "amenity": null, "shop": null, "office": null, "tourism": null, "social_facility": null, "healthcare": null, "addr:street": null, "addr:housenumber": null, "start_date": null, "centroid_x_5179": 1167164.535521721, "centroid_y_5179": 1901235.7371969162, "footprint_area_m2": 120.36599487084975 }, "geometry": { "type": "Polygon", "coordinates": [ [ [ 129.380960499999986, 37.0948146 ], [ 129.380942800000014, 37.0948315 ], [ 129.380934599999989, 37.0948524 ], [ 129.380937, 37.0948744 ], [ 129.3809498, 37.0948939 ], [ 129.3809709, 37.094908 ], [ 129.3809972, 37.0949146 ], [ 129.381024700000012, 37.0949126 ], [ 129.381049100000013, 37.0949025 ], [ 129.3810669, 37.0948856 ], [ 129.3810751, 37.0948646 ], [ 129.3810727, 37.0948427 ], [ 129.3810599, 37.0948232 ], [ 129.3810388, 37.0948091 ], [ 129.3810125, 37.0948025 ], [ 129.380985, 37.0948044 ], [ 129.380960499999986, 37.0948146 ] ] ] } },
{ "type": "Feature", "properties": { "element": "way", "id": 1305128639, "building": "yes", "building:levels": null, "name": null, "name:ko": null, "name:en": null, "amenity": null, "shop": null, "office": null, "tourism": null, "social_facility": null, "healthcare": null, "addr:street": null, "addr:housenumber": null, "start_date": null, "centroid_x_5179": 1167179.2784909215, "centroid_y_5179": 1901267.1112826283, "footprint_area_m2": 28.997951549212907 }, "geometry": { "type": "Polygon", "coordinates": [ [ [ 129.3811929, 37.0951747 ], [ 129.3812232, 37.0951502 ], [ 129.3811624, 37.0951024 ], [ 129.3811321, 37.095127 ], [ 129.3811929, 37.0951747 ] ] ] } },
{ "type": "Feature", "properties": { "element": "way", "id": 1305128642, "building": "storage_tank", "building:levels": null, "name": null, "name:ko": null, "name:en": null, "amenity": null, "shop": null, "office": null, "tourism": null, "social_facility": null, "healthcare": null, "addr:street": null, "addr:housenumber": null, "start_date": null, "centroid_x_5179": 1167162.9414035978, "centroid_y_5179": 1901285.8826218394, "footprint_area_m2": 54.728175120446373 }, "geometry": { "type": "Polygon", "coordinates": [ [ [ 129.3810061, 37.095273 ], [ 129.380984899999987, 37.0952739 ], [ 129.380966199999989, 37.0952821 ], [ 129.3809539, 37.0952959 ], [ 129.3809503, 37.0953127 ], [ 129.380956200000014, 37.095329 ], [ 129.3809703, 37.0953417 ], [ 129.38099, 37.0953482 ], [ 129.381011300000011, 37.0953473 ], [ 129.381029899999987, 37.0953391 ], [ 129.3810423, 37.0953252 ], [ 129.3810459, 37.0953085 ], [ 129.38104, 37.0952922 ], [ 129.3810258, 37.0952795 ], [ 129.3810061, 37.095273 ] ] ] } },
{ "type": "Feature", "properties": { "element": "way", "id": 1305128643, "building": "storage_tank", "building:levels": null, "name": null, "name:ko": null, "name:en": null, "amenity": null, "shop": null, "office": null, "tourism": null, "social_facility": null, "healthcare": null, "addr:street": null, "addr:housenumber": null, "start_date": null, "centroid_x_5179": 1167149.8529764572, "centroid_y_5179": 1901278.4787396372, "footprint_area_m2": 179.45610246397121 }, "geometry": { "type": "Polygon", "coordinates": [ [ [ 129.3808617, 37.0951783 ], [ 129.3808319, 37.095179 ], [ 129.3808041, 37.0951878 ], [ 129.3807817, 37.0952036 ], [ 129.3807675, 37.0952246 ], [ 129.3807632, 37.0952482 ], [ 129.3807692, 37.0952715 ], [ 129.3807849, 37.0952918 ], [ 129.380808300000012, 37.0953066 ], [ 129.3808367, 37.0953142 ], [ 129.3808666, 37.0953135 ], [ 129.380894399999988, 37.0953047 ], [ 129.3809167, 37.0952888 ], [ 129.38093090000001, 37.0952678 ], [ 129.3809353, 37.0952442 ], [ 129.3809292, 37.0952209 ], [ 129.380913600000014, 37.0952006 ], [ 129.380890099999988, 37.0951858 ], [ 129.3808617, 37.0951783 ] ] ] } },
{ "type": "Feature", "properties": { "element": "way", "id": 1305128644, "building": "storage_tank", "building:levels": null, "name": null, "name:ko": null, "name:en": null, "amenity": null, "shop": null, "office": null, "tourism": null, "social_facility": null, "healthcare": null, "addr:street": null, "addr:housenumber": null, "start_date": null, "centroid_x_5179": 1167136.1339120464, "centroid_y_5179": 1901291.8615906155, "footprint_area_m2": 179.53718213993315 }, "geometry": { "type": "Polygon", "coordinates": [ [ [ 129.3807104, 37.0953013 ], [ 129.380680500000011, 37.095302 ], [ 129.380652700000013, 37.0953108 ], [ 129.3806304, 37.0953266 ], [ 129.3806162, 37.0953476 ], [ 129.3806119, 37.0953712 ], [ 129.3806179, 37.0953946 ], [ 129.38063360000001, 37.0954149 ], [ 129.380657, 37.0954297 ], [ 129.3806854, 37.0954372 ], [ 129.3807153, 37.0954365 ], [ 129.380743099999989, 37.0954277 ], [ 129.3807654, 37.0954119 ], [ 129.380779600000011, 37.0953909 ], [ 129.380784, 37.0953673 ], [ 129.3807779, 37.0953439 ], [ 129.3807622, 37.0953236 ], [ 129.380738799999989, 37.0953088 ], [ 129.3807104, 37.0953013 ] ] ] } },
{ "type": "Feature", "properties": { "element": "way", "id": 1305128646, "building": "yes", "building:levels": null, "name": null, "name:ko": null, "name:en": null, "amenity": null, "shop": null, "office": null, "tourism": null, "social_facility": null, "healthcare": null, "addr:street": null, "addr:housenumber": null, "start_date": null, "centroid_x_5179": 1167121.8674354018, "centroid_y_5179": 1901269.0032476492, "footprint_area_m2": 549.34848008191216 }, "geometry": { "type": "Polygon", "coordinates": [ [ [ 129.3804771, 37.0953234 ], [ 129.3807271, 37.0951145 ], [ 129.3805877, 37.0950083 ], [ 129.3803376, 37.0952172 ], [ 129.3804771, 37.0953234 ] ] ] } },
{ "type": "Feature", "properties": { "element": "way", "id": 1305128647, "building": "yes", "building:levels": null, "name": null, "name:ko": null, "name:en": null, "amenity": null, "shop": null, "office": null, "tourism": null, "social_facility": null, "healthcare": null, "addr:street": null, "addr:housenumber": null, "start_date": null, "centroid_x_5179": 1167191.9807631571, "centroid_y_5179": 1901344.0662557376, "footprint_area_m2": 227.91675113058056 }, "geometry": { "type": "Polygon", "coordinates": [ [ [ 129.3813429, 37.095733 ], [ 129.3812174, 37.0958419 ], [ 129.3813324, 37.0959262 ], [ 129.381457899999987, 37.0958174 ], [ 129.3813429, 37.095733 ] ] ] } },
{ "type": "Feature", "properties": { "element": "way", "id": 1305128648, "building": "yes", "building:levels": null, "name": null, "name:ko": null, "name:en": null, "amenity": null, "shop": null, "office": null, "tourism": null, "social_facility": null, "healthcare": null, "addr:street": null, "addr:housenumber": null, "start_date": null, "centroid_x_5179": 1167202.9618907936, "centroid_y_5179": 1901328.7815234635, "footprint_area_m2": 323.94260840771136 }, "geometry": { "type": "Polygon", "coordinates": [ [ [ 129.3813137, 37.0956874 ], [ 129.381473, 37.0958042 ], [ 129.3816018, 37.0956925 ], [ 129.3814425, 37.0955757 ], [ 129.3813137, 37.0956874 ] ] ] } },
{ "type": "Feature", "properties": { "element": "way", "id": 1305128649, "building": "yes", "building:levels": null, "name": null, "name:ko": null, "name:en": null, "amenity": null, "shop": null, "office": null, "tourism": null, "social_facility": null, "healthcare": null, "addr:street": null, "addr:housenumber": null, "start_date": null, "centroid_x_5179": 1167174.0643705409, "centroid_y_5179": 1901313.9710103634, "footprint_area_m2": 1517.6355601318569 }, "geometry": { "type": "Polygon", "coordinates": [ [ [ 129.381173, 37.0958093 ], [ 129.3813137, 37.0956874 ], [ 129.3814425, 37.0955757 ], [ 129.3810858, 37.095314 ], [ 129.380816399999986, 37.0955477 ], [ 129.381173, 37.0958093 ] ] ] } },
{ "type": "Feature", "properties": { "element": "way", "id": 1305128651, "building": "yes", "building:levels": null, "name": null, "name:ko": null, "name:en": null, "amenity": null, "shop": null, "office": null, "tourism": null, "social_facility": null, "healthcare": null, "addr:street": null, "addr:housenumber": null, "start_date": null, "centroid_x_5179": 1167201.4882439491, "centroid_y_5179": 1901297.8158676845, "footprint_area_m2": 46.723799250360749 }, "geometry": { "type": "Polygon", "coordinates": [ [ [ 129.381465100000014, 37.0954595 ], [ 129.3814968, 37.0954323 ], [ 129.3814035, 37.095363 ], [ 129.381371699999988, 37.0953901 ], [ 129.381465100000014, 37.0954595 ] ] ] } },
{ "type": "Feature", "properties": { "element": "way", "id": 1305128652, "building": "yes", "building:levels": null, "name": null, "name:ko": null, "name:en": null, "amenity": null, "shop": null, "office": null, "tourism": null, "social_facility": null, "healthcare": null, "addr:street": null, "addr:housenumber": null, "start_date": null, "centroid_x_5179": 1167247.6828059272, "centroid_y_5179": 1901300.3982989301, "footprint_area_m2": 36.133075464702635 }, "geometry": { "type": "Polygon", "coordinates": [ [ [ 129.3819054, 37.0954378 ], [ 129.38194390000001, 37.0954661 ], [ 129.3820034, 37.0954147 ], [ 129.381964900000014, 37.0953864 ], [ 129.3819054, 37.0954378 ] ] ] } },
{ "type": "Feature", "properties": { "element": "way", "id": 1305128653, "building": "yes", "building:levels": null, "name": null, "name:ko": null, "name:en": null, "amenity": null, "shop": null, "office": null, "tourism": null, "social_facility": null, "healthcare": null, "addr:street": null, "addr:housenumber": null, "start_date": null, "centroid_x_5179": 1167234.3299127195, "centroid_y_5179": 1901284.482062567, "footprint_area_m2": 1815.4242759927199 }, "geometry": { "type": "Polygon", "coordinates": [ [ [ 129.381771500000013, 37.0955537 ], [ 129.3819054, 37.0954378 ], [ 129.381964900000014, 37.0953864 ], [ 129.38214450000001, 37.095231 ], [ 129.3818446, 37.0950105 ], [ 129.3814509, 37.0953511 ], [ 129.3816022, 37.0954623 ], [ 129.3816229, 37.0954444 ], [ 129.381771500000013, 37.0955537 ] ] ] } },
{ "type": "Feature", "properties": { "element": "way", "id": 1305128655, "building": "yes", "building:levels": null, "name": null, "name:ko": null, "name:en": null, "amenity": null, "shop": null, "office": null, "tourism": null, "social_facility": null, "healthcare": null, "addr:street": null, "addr:housenumber": null, "start_date": null, "centroid_x_5179": 1167219.4740249759, "centroid_y_5179": 1901253.4619159615, "footprint_area_m2": 401.3397885145306 }, "geometry": { "type": "Polygon", "coordinates": [ [ [ 129.3816261, 37.0951402 ], [ 129.381774400000012, 37.0950094 ], [ 129.381684299999989, 37.0949444 ], [ 129.3817194, 37.0949135 ], [ 129.3816539, 37.0948662 ], [ 129.3814705, 37.095028 ], [ 129.3816261, 37.0951402 ] ] ] } },
{ "type": "Feature", "properties": { "element": "way", "id": 1305128656, "building": "yes", "building:levels": null, "name": null, "name:ko": null, "name:en": null, "amenity": null, "shop": null, "office": null, "tourism": null, "social_facility": null, "healthcare": null, "addr:street": null, "addr:housenumber": null, "start_date": null, "centroid_x_5179": 1167195.2017467942, "centroid_y_5179": 1901222.3827700296, "footprint_area_m2": 1364.6940960925913 }, "geometry": { "type": "Polygon", "coordinates": [ [ [ 129.3812154, 37.0944827 ], [ 129.381024599999989, 37.0946461 ], [ 129.3814782, 37.0949828 ], [ 129.3816689, 37.0948194 ], [ 129.3812154, 37.0944827 ] ] ] } },
{ "type": "Feature", "properties": { "element": "way", "id": 1305128657, "building": "yes", "building:levels": null, "name": null, "name:ko": null, "name:en": null, "amenity": null, "shop": null, "office": null, "tourism": null, "social_facility": null, "healthcare": null, "addr:street": null, "addr:housenumber": null, "start_date": null, "centroid_x_5179": 1167172.3284586731, "centroid_y_5179": 1901190.6906620788, "footprint_area_m2": 153.55155928722655 }, "geometry": { "type": "Polygon", "coordinates": [ [ [ 129.381097399999987, 37.0945305 ], [ 129.3811823, 37.0944597 ], [ 129.3810675, 37.0943721 ], [ 129.38098260000001, 37.0944429 ], [ 129.381097399999987, 37.0945305 ] ] ] } },
{ "type": "Feature", "properties": { "element": "way", "id": 1305128658, "building": "yes", "building:levels": null, "name": null, "name:ko": null, "name:en": null, "amenity": null, "shop": null, "office": null, "tourism": null, "social_facility": null, "healthcare": null, "addr:street": null, "addr:housenumber": null, "start_date": null, "centroid_x_5179": 1167080.8080085958, "centroid_y_5179": 1901167.2505674588, "footprint_area_m2": 638.3755111649325 }, "geometry": { "type": "Polygon", "coordinates": [ [ [ 129.3801109, 37.0944209 ], [ 129.3802586, 37.0942929 ], [ 129.379985, 37.094092 ], [ 129.3798372, 37.09422 ], [ 129.3801109, 37.0944209 ] ] ] } },
{ "type": "Feature", "properties": { "element": "way", "id": 1305128659, "building": "yes", "building:levels": null, "name": null, "name:ko": null, "name:en": null, "amenity": null, "shop": null, "office": null, "tourism": null, "social_facility": null, "healthcare": null, "addr:street": null, "addr:housenumber": null, "start_date": null, "centroid_x_5179": 1167112.6474662381, "centroid_y_5179": 1901182.9322255864, "footprint_area_m2": 168.79619362707064 }, "geometry": { "type": "Polygon", "coordinates": [ [ [ 129.3804551, 37.0944792 ], [ 129.380522500000012, 37.0944204 ], [ 129.3803639, 37.0943049 ], [ 129.380296499999986, 37.0943637 ], [ 129.3804551, 37.0944792 ] ] ] } },
{ "type": "Feature", "properties": { "element": "way", "id": 1305128660, "building": "yes", "building:levels": null, "name": null, "name:ko": null, "name:en": null, "amenity": null, "shop": null, "office": null, "tourism": null, "social_facility": null, "healthcare": null, "addr:street": null, "addr:housenumber": null, "start_date": null, "centroid_x_5179": 1167129.8297406319, "centroid_y_5179": 1901176.5232582265, "footprint_area_m2": 1630.0254722421453 }, "geometry": { "type": "Polygon", "coordinates": [ [ [ 129.380402800000013, 37.0940359 ], [ 129.3802321, 37.0941833 ], [ 129.380599100000012, 37.0944539 ], [ 129.3805374, 37.0945072 ], [ 129.3806485, 37.094589 ], [ 129.38071020000001, 37.0945358 ], [ 129.3807966, 37.0945995 ], [ 129.3809674, 37.0944522 ], [ 129.380402800000013, 37.0940359 ] ] ] } },
{ "type": "Feature", "properties": { "element": "way", "id": 1305128661, "building": "yes", "building:levels": null, "name": null, "name:ko": null, "name:en": null, "amenity": null, "shop": null, "office": null, "tourism": null, "social_facility": null, "healthcare": null, "addr:street": null, "addr:housenumber": null, "start_date": null, "centroid_x_5179": 1167103.0573567851, "centroid_y_5179": 1901138.7947987982, "footprint_area_m2": 45.761727707219052 }, "geometry": { "type": "Polygon", "coordinates": [ [ [ 129.3802684, 37.094045 ], [ 129.3803505, 37.0939726 ], [ 129.3803153, 37.0939472 ], [ 129.3802331, 37.0940196 ], [ 129.3802684, 37.094045 ] ] ] } },
{ "type": "Feature", "properties": { "element": "way", "id": 1305128663, "building": "yes", "building:levels": null, "name": null, "name:ko": null, "name:en": null, "amenity": null, "shop": null, "office": null, "tourism": null, "social_facility": null, "healthcare": null, "addr:street": null, "addr:housenumber": null, "start_date": null, "centroid_x_5179": 1167096.3739265064, "centroid_y_5179": 1901133.2006025116, "footprint_area_m2": 137.55113013002043 }, "geometry": { "type": "Polygon", "coordinates": [ [ [ 129.3801973, 37.0940244 ], [ 129.380310400000013, 37.0939253 ], [ 129.3802335, 37.0938694 ], [ 129.38012040000001, 37.0939685 ], [ 129.3801973, 37.0940244 ] ] ] } },
{ "type": "Feature", "properties": { "element": "way", "id": 1305128671, "building": "watchtower", "building:levels": null, "name": null, "name:ko": null, "name:en": null, "amenity": null, "shop": null, "office": null, "tourism": null, "social_facility": null, "healthcare": null, "addr:street": null, "addr:housenumber": null, "start_date": null, "centroid_x_5179": 1168716.9978086262, "centroid_y_5179": 1899213.0004989561, "footprint_area_m2": 16.898810678568843 }, "geometry": { "type": "Polygon", "coordinates": [ [ [ 129.3980224, 37.0763812 ], [ 129.39803710000001, 37.0763509 ], [ 129.3980297, 37.0763397 ], [ 129.398009699999989, 37.0763335 ], [ 129.3979958, 37.0763381 ], [ 129.39798110000001, 37.0763684 ], [ 129.3980224, 37.0763812 ] ] ] } },
{ "type": "Feature", "properties": { "element": "way", "id": 1305128672, "building": "watchtower", "building:levels": null, "name": null, "name:ko": null, "name:en": null, "amenity": null, "shop": null, "office": null, "tourism": null, "social_facility": null, "healthcare": null, "addr:street": null, "addr:housenumber": null, "start_date": null, "centroid_x_5179": 1168516.1527185703, "centroid_y_5179": 1899188.71990226, "footprint_area_m2": 16.883527688086623 }, "geometry": { "type": "Polygon", "coordinates": [ [ [ 129.395768, 37.0761941 ], [ 129.3957695, 37.0761616 ], [ 129.395758, 37.076153 ], [ 129.3957365, 37.0761524 ], [ 129.3957253, 37.0761603 ], [ 129.3957237, 37.0761928 ], [ 129.395768, 37.0761941 ] ] ] } },
{ "type": "Feature", "properties": { "element": "way", "id": 1305128674, "building": "yes", "building:levels": null, "name": null, "name:ko": null, "name:en": null, "amenity": null, "shop": null, "office": null, "tourism": null, "social_facility": null, "healthcare": null, "addr:street": null, "addr:housenumber": null, "start_date": null, "centroid_x_5179": 1168262.0863106693, "centroid_y_5179": 1899118.3991706134, "footprint_area_m2": 104.97613249839404 }, "geometry": { "type": "Polygon", "coordinates": [ [ [ 129.3929822, 37.0756159 ], [ 129.3929861, 37.0755677 ], [ 129.3927663, 37.0755564 ], [ 129.3927624, 37.0756046 ], [ 129.3929822, 37.0756159 ] ] ] } },
{ "type": "Feature", "properties": { "element": "way", "id": 1305128675, "building": "yes", "building:levels": null, "name": null, "name:ko": null, "name:en": null, "amenity": null, "shop": null, "office": null, "tourism": null, "social_facility": null, "healthcare": null, "addr:street": null, "addr:housenumber": null, "start_date": null, "centroid_x_5179": 1168303.0670317004, "centroid_y_5179": 1899141.024480429, "footprint_area_m2": 349.9780686465657 }, "geometry": { "type": "Polygon", "coordinates": [ [ [ 129.3933955, 37.0758969 ], [ 129.393417699999986, 37.0757912 ], [ 129.3934205, 37.0757781 ], [ 129.3934319, 37.0757235 ], [ 129.3934568, 37.0757268 ], [ 129.3934653, 37.0756863 ], [ 129.393330099999986, 37.0756682 ], [ 129.3933216, 37.0757087 ], [ 129.3932671, 37.0757015 ], [ 129.3932615, 37.0757282 ], [ 129.3932567, 37.0757508 ], [ 129.393243500000011, 37.075749 ], [ 129.3932421, 37.0757558 ], [ 129.393236699999989, 37.0757814 ], [ 129.3932499, 37.0757832 ], [ 129.39323060000001, 37.0758749 ], [ 129.3933955, 37.0758969 ] ] ] } },
{ "type": "Feature", "properties": { "element": "way", "id": 1305128685, "building": "yes", "building:levels": null, "name": null, "name:ko": null, "name:en": null, "amenity": null, "shop": null, "office": null, "tourism": null, "social_facility": null, "healthcare": null, "addr:street": null, "addr:housenumber": null, "start_date": null, "centroid_x_5179": 1167419.5758413824, "centroid_y_5179": 1899795.6890655053, "footprint_area_m2": 170.54299208118013 }, "geometry": { "type": "Polygon", "coordinates": [ [ [ 129.3836574, 37.0818154 ], [ 129.3835702, 37.0817529 ], [ 129.3834467, 37.0818626 ], [ 129.3835339, 37.0819251 ], [ 129.3836574, 37.0818154 ] ] ] } },
{ "type": "Feature", "properties": { "element": "way", "id": 1305128692, "building": "watchtower", "building:levels": null, "name": null, "name:ko": null, "name:en": null, "amenity": null, "shop": null, "office": null, "tourism": null, "social_facility": null, "healthcare": null, "addr:street": null, "addr:housenumber": null, "start_date": null, "centroid_x_5179": 1168336.4487828759, "centroid_y_5179": 1899171.1637017222, "footprint_area_m2": 16.889006576003197 }, "geometry": { "type": "Polygon", "coordinates": [ [ [ 129.3937498, 37.0760625 ], [ 129.3937396, 37.0760311 ], [ 129.3937254, 37.0760255 ], [ 129.3937046, 37.0760297 ], [ 129.3936967, 37.0760399 ], [ 129.393706900000012, 37.0760714 ], [ 129.3937498, 37.0760625 ] ] ] } },
{ "type": "Feature", "properties": { "element": "way", "id": 1305128693, "building": "watchtower", "building:levels": null, "name": null, "name:ko": null, "name:en": null, "amenity": null, "shop": null, "office": null, "tourism": null, "social_facility": null, "healthcare": null, "addr:street": null, "addr:housenumber": null, "start_date": null, "centroid_x_5179": 1168194.6250625704, "centroid_y_5179": 1899361.7474561753, "footprint_area_m2": 16.875037634264263 }, "geometry": { "type": "Polygon", "coordinates": [ [ [ 129.392203099999989, 37.0777908 ], [ 129.3921732, 37.0777688 ], [ 129.3921575, 37.0777702 ], [ 129.39214290000001, 37.0777828 ], [ 129.3921432, 37.0777948 ], [ 129.3921732, 37.0778168 ], [ 129.392203099999989, 37.0777908 ] ] ] } },
{ "type": "Feature", "properties": { "element": "way", "id": 1305128694, "building": "watchtower", "building:levels": null, "name": null, "name:ko": null, "name:en": null, "amenity": null, "shop": null, "office": null, "tourism": null, "social_facility": null, "healthcare": null, "addr:street": null, "addr:housenumber": null, "start_date": null, "centroid_x_5179": 1168068.8402270037, "centroid_y_5179": 1899400.2876503021, "footprint_area_m2": 16.906070401394508 }, "geometry": { "type": "Polygon", "coordinates": [ [ [ 129.3907878, 37.078179 ], [ 129.3907859, 37.0781466 ], [ 129.3907735, 37.0781387 ], [ 129.390752, 37.0781396 ], [ 129.390741600000013, 37.0781482 ], [ 129.390743500000013, 37.0781807 ], [ 129.3907878, 37.078179 ] ] ] } },
{ "type": "Feature", "properties": { "element": "way", "id": 1305128695, "building": "watchtower", "building:levels": null, "name": null, "name:ko": null, "name:en": null, "amenity": null, "shop": null, "office": null, "tourism": null, "social_facility": null, "healthcare": null, "addr:street": null, "addr:housenumber": null, "start_date": null, "centroid_x_5179": 1167887.0473143894, "centroid_y_5179": 1899504.5141843194, "footprint_area_m2": 16.889057896691163 }, "geometry": { "type": "Polygon", "coordinates": [ [ [ 129.3887737, 37.0791428 ], [ 129.3887574, 37.079113 ], [ 129.3887423, 37.0791092 ], [ 129.3887226, 37.0791161 ], [ 129.3887168, 37.0791271 ], [ 129.3887331, 37.0791569 ], [ 129.3887737, 37.0791428 ] ] ] } },
{ "type": "Feature", "properties": { "element": "way", "id": 1305128696, "building": "watchtower", "building:levels": null, "name": null, "name:ko": null, "name:en": null, "amenity": null, "shop": null, "office": null, "tourism": null, "social_facility": null, "healthcare": null, "addr:street": null, "addr:housenumber": null, "start_date": null, "centroid_x_5179": 1167677.9864991119, "centroid_y_5179": 1899498.7835405683, "footprint_area_m2": 16.858394358289083 }, "geometry": { "type": "Polygon", "coordinates": [ [ [ 129.3864051, 37.0791418 ], [ 129.38641770000001, 37.0791109 ], [ 129.3864096, 37.0791001 ], [ 129.3863892, 37.0790948 ], [ 129.3863757, 37.0790999 ], [ 129.386363, 37.0791308 ], [ 129.3864051, 37.0791418 ] ] ] } },
{ "type": "Feature", "properties": { "element": "way", "id": 1305128697, "building": "watchtower", "building:levels": null, "name": null, "name:ko": null, "name:en": null, "amenity": null, "shop": null, "office": null, "tourism": null, "social_facility": null, "healthcare": null, "addr:street": null, "addr:housenumber": null, "start_date": null, "centroid_x_5179": 1167621.1941625848, "centroid_y_5179": 1899437.830617385, "footprint_area_m2": 16.870936943003343 }, "geometry": { "type": "Polygon", "coordinates": [ [ [ 129.3857716, 37.0785842 ], [ 129.3857477, 37.0785579 ], [ 129.385732, 37.0785568 ], [ 129.3857146, 37.0785668 ], [ 129.3857118, 37.0785786 ], [ 129.3857357, 37.0786049 ], [ 129.3857716, 37.0785842 ] ] ] } },
{ "type": "Feature", "properties": { "element": "way", "id": 1305128698, "building": "watchtower", "building:levels": null, "name": null, "name:ko": null, "name:en": null, "amenity": null, "shop": null, "office": null, "tourism": null, "social_facility": null, "healthcare": null, "addr:street": null, "addr:housenumber": null, "start_date": null, "centroid_x_5179": 1167589.952213713, "centroid_y_5179": 1899543.1902343833, "footprint_area_m2": 16.896476613033379 }, "geometry": { "type": "Polygon", "coordinates": [ [ [ 129.3854423, 37.0795243 ], [ 129.3854044, 37.0795124 ], [ 129.3853904, 37.0795183 ], [ 129.3853825, 37.0795342 ], [ 129.3853882, 37.0795453 ], [ 129.385426200000012, 37.0795572 ], [ 129.3854423, 37.0795243 ] ] ] } },
{ "type": "Feature", "properties": { "element": "way", "id": 1305128699, "building": "watchtower", "building:levels": null, "name": null, "name:ko": null, "name:en": null, "amenity": null, "shop": null, "office": null, "tourism": null, "social_facility": null, "healthcare": null, "addr:street": null, "addr:housenumber": null, "start_date": null, "centroid_x_5179": 1167477.6661581781, "centroid_y_5179": 1899627.1878209682, "footprint_area_m2": 16.856477715179338 }, "geometry": { "type": "Polygon", "coordinates": [ [ [ 129.38418870000001, 37.0803307 ], [ 129.384190600000011, 37.0802983 ], [ 129.3841792, 37.0802896 ], [ 129.3841577, 37.0802888 ], [ 129.3841464, 37.0802966 ], [ 129.3841445, 37.0803291 ], [ 129.38418870000001, 37.0803307 ] ] ] } },
{ "type": "Feature", "properties": { "element": "way", "id": 1305128700, "building": "watchtower", "building:levels": null, "name": null, "name:ko": null, "name:en": null, "amenity": null, "shop": null, "office": null, "tourism": null, "social_facility": null, "healthcare": null, "addr:street": null, "addr:housenumber": null, "start_date": null, "centroid_x_5179": 1167396.2252127964, "centroid_y_5179": 1899703.1481393683, "footprint_area_m2": 16.842352040061201 }, "geometry": { "type": "Polygon", "coordinates": [ [ [ 129.3833017, 37.0810083 ], [ 129.3832705, 37.0809875 ], [ 129.3832549, 37.0809895 ], [ 129.3832411, 37.0810026 ], [ 129.3832421, 37.0810145 ], [ 129.383273300000013, 37.0810354 ], [ 129.3833017, 37.0810083 ] ] ] } },
{ "type": "Feature", "properties": { "element": "way", "id": 1305128701, "building": "watchtower", "building:levels": null, "name": null, "name:ko": null, "name:en": null, "amenity": null, "shop": null, "office": null, "tourism": null, "social_facility": null, "healthcare": null, "addr:street": null, "addr:housenumber": null, "start_date": null, "centroid_x_5179": 1167361.2461610448, "centroid_y_5179": 1899935.4712745985, "footprint_area_m2": 16.899805631703966 }, "geometry": { "type": "Polygon", "coordinates": [ [ [ 129.3829599, 37.083105 ], [ 129.382926200000014, 37.0830868 ], [ 129.382910900000013, 37.08309 ], [ 129.3828988, 37.0831042 ], [ 129.382901299999986, 37.083116 ], [ 129.382935, 37.0831343 ], [ 129.3829599, 37.083105 ] ] ] } },
{ "type": "Feature", "properties": { "element": "way", "id": 1305128703, "building": "yes", "building:levels": null, "name": null, "name:ko": null, "name:en": null, "amenity": null, "shop": null, "office": null, "tourism": null, "social_facility": null, "healthcare": null, "addr:street": null, "addr:housenumber": null, "start_date": null, "centroid_x_5179": 1166916.3683385041, "centroid_y_5179": 1900295.6444927356, "footprint_area_m2": 5.789596946412126 }, "geometry": { "type": "Polygon", "coordinates": [ [ [ 129.3780237, 37.0864349 ], [ 129.378005699999989, 37.0864178 ], [ 129.377985599999988, 37.0864312 ], [ 129.3780036, 37.0864484 ], [ 129.3780237, 37.0864349 ] ] ] } },
{ "type": "Feature", "properties": { "element": "way", "id": 1305128705, "building": "yes", "building:levels": null, "name": null, "name:ko": null, "name:en": null, "amenity": null, "shop": null, "office": null, "tourism": null, "social_facility": null, "healthcare": null, "addr:street": null, "addr:housenumber": null, "start_date": null, "centroid_x_5179": 1166623.7178399989, "centroid_y_5179": 1901063.075362873, "footprint_area_m2": 47.227281617596603 }, "geometry": { "type": "Polygon", "coordinates": [ [ [ 129.3748948, 37.0934422 ], [ 129.3749368, 37.0933876 ], [ 129.3748732, 37.0933564 ], [ 129.3748311, 37.093411 ], [ 129.3748948, 37.0934422 ] ] ] } },
{ "type": "Feature", "properties": { "element": "way", "id": 1305128706, "building": "yes", "building:levels": null, "name": null, "name:ko": null, "name:en": null, "amenity": null, "shop": null, "office": null, "tourism": null, "social_facility": null, "healthcare": null, "addr:street": null, "addr:housenumber": null, "start_date": null, "centroid_x_5179": 1166488.8178806959, "centroid_y_5179": 1901170.7963712157, "footprint_area_m2": 17.048047779027051 }, "geometry": { "type": "Polygon", "coordinates": [ [ [ 129.3733782, 37.0944209 ], [ 129.3734258, 37.0943868 ], [ 129.3734031, 37.0943667 ], [ 129.3733556, 37.0944008 ], [ 129.3733782, 37.0944209 ] ] ] } },
{ "type": "Feature", "properties": { "element": "way", "id": 1305128707, "building": "yes", "building:levels": null, "name": null, "name:ko": null, "name:en": null, "amenity": null, "shop": null, "office": null, "tourism": null, "social_facility": null, "healthcare": null, "addr:street": null, "addr:housenumber": null, "start_date": null, "centroid_x_5179": 1166390.2404386927, "centroid_y_5179": 1901178.7034203829, "footprint_area_m2": 8.8545854738450256 }, "geometry": { "type": "Polygon", "coordinates": [ [ [ 129.3722814, 37.0945015 ], [ 129.3723076, 37.0944812 ], [ 129.3722861, 37.0944636 ], [ 129.372259899999989, 37.0944839 ], [ 129.3722814, 37.0945015 ] ] ] } },
{ "type": "Feature", "properties": { "element": "way", "id": 1305128716, "building": "watchtower", "building:levels": null, "name": null, "name:ko": null, "name:en": null, "amenity": null, "shop": null, "office": null, "tourism": null, "social_facility": null, "healthcare": null, "addr:street": null, "addr:housenumber": null, "start_date": null, "centroid_x_5179": 1166580.4553029507, "centroid_y_5179": 1901482.1617678066, "footprint_area_m2": 16.8797427737818 }, "geometry": { "type": "Polygon", "coordinates": [ [ [ 129.3744884, 37.0971565 ], [ 129.3744629, 37.0971818 ], [ 129.3744657, 37.0971942 ], [ 129.3744824, 37.097205 ], [ 129.3744974, 37.097204 ], [ 129.374522899999988, 37.0971787 ], [ 129.3744884, 37.0971565 ] ] ] } },
{ "type": "Feature", "properties": { "element": "way", "id": 1305128717, "building": "watchtower", "building:levels": null, "name": null, "name:ko": null, "name:en": null, "amenity": null, "shop": null, "office": null, "tourism": null, "social_facility": null, "healthcare": null, "addr:street": null, "addr:housenumber": null, "start_date": null, "centroid_x_5179": 1166670.5549606697, "centroid_y_5179": 1901849.1893480048, "footprint_area_m2": 16.853042174708278 }, "geometry": { "type": "Polygon", "coordinates": [ [ [ 129.375574699999987, 37.1004486 ], [ 129.375558500000011, 37.1004784 ], [ 129.3755653, 37.1004897 ], [ 129.375585, 37.1004966 ], [ 129.375599099999988, 37.1004924 ], [ 129.3756153, 37.1004626 ], [ 129.375574699999987, 37.1004486 ] ] ] } },
{ "type": "Feature", "properties": { "element": "way", "id": 1305128718, "building": "yes", "building:levels": null, "name": null, "name:ko": null, "name:en": null, "amenity": null, "shop": null, "office": null, "tourism": null, "social_facility": null, "healthcare": null, "addr:street": null, "addr:housenumber": null, "start_date": null, "centroid_x_5179": 1166805.3721716413, "centroid_y_5179": 1901914.4562775008, "footprint_area_m2": 84.445107511119545 }, "geometry": { "type": "Polygon", "coordinates": [ [ [ 129.37716180000001, 37.1010898 ], [ 129.3771961, 37.1010352 ], [ 129.3770707, 37.1009851 ], [ 129.3770364, 37.1010396 ], [ 129.37716180000001, 37.1010898 ] ] ] } },
{ "type": "Feature", "properties": { "element": "way", "id": 1305128719, "building": "yes", "building:levels": null, "name": null, "name:ko": null, "name:en": null, "amenity": null, "shop": null, "office": null, "tourism": null, "social_facility": null, "healthcare": null, "addr:street": null, "addr:housenumber": null, "start_date": null, "centroid_x_5179": 1166774.4726611972, "centroid_y_5179": 1901892.8138249503, "footprint_area_m2": 26.189171388041377 }, "geometry": { "type": "Polygon", "coordinates": [ [ [ 129.376774, 37.1008813 ], [ 129.3768059, 37.1008552 ], [ 129.376753799999989, 37.1008146 ], [ 129.3767219, 37.1008407 ], [ 129.376774, 37.1008813 ] ] ] } },
{ "type": "Feature", "properties": { "element": "way", "id": 1305128720, "building": "watchtower", "building:levels": null, "name": null, "name:ko": null, "name:en": null, "amenity": null, "shop": null, "office": null, "tourism": null, "social_facility": null, "healthcare": null, "addr:street": null, "addr:housenumber": null, "start_date": null, "centroid_x_5179": 1167180.0403808667, "centroid_y_5179": 1900114.5630815546, "footprint_area_m2": 16.873026644044916 }, "geometry": { "type": "Polygon", "coordinates": [ [ [ 129.3809531, 37.0847363 ], [ 129.3809124, 37.0847374 ], [ 129.3809024, 37.0847472 ], [ 129.380903100000012, 37.0847643 ], [ 129.3809138, 37.0847727 ], [ 129.3809545, 37.0847716 ], [ 129.3809531, 37.0847363 ] ] ] } },
{ "type": "Feature", "properties": { "element": "way", "id": 1305128722, "building": "watchtower", "building:levels": null, "name": null, "name:ko": null, "name:en": null, "amenity": null, "shop": null, "office": null, "tourism": null, "social_facility": null, "healthcare": null, "addr:street": null, "addr:housenumber": null, "start_date": null, "centroid_x_5179": 1166663.3532915707, "centroid_y_5179": 1900497.1125766535, "footprint_area_m2": 16.88219510861806 }, "geometry": { "type": "Polygon", "coordinates": [ [ [ 129.3752365, 37.0882976 ], [ 129.375211400000012, 37.088272 ], [ 129.375195600000012, 37.0882714 ], [ 129.3751787, 37.088282 ], [ 129.3751765, 37.0882938 ], [ 129.3752017, 37.0883194 ], [ 129.3752365, 37.0882976 ] ] ] } },
{ "type": "Feature", "properties": { "element": "way", "id": 1305128723, "building": "watchtower", "building:levels": null, "name": null, "name:ko": null, "name:en": null, "amenity": null, "shop": null, "office": null, "tourism": null, "social_facility": null, "healthcare": null, "addr:street": null, "addr:housenumber": null, "start_date": null, "centroid_x_5179": 1166649.4193500101, "centroid_y_5179": 1900825.0770022925, "footprint_area_m2": 16.86230741668108 }, "geometry": { "type": "Polygon", "coordinates": [ [ [ 129.3751447, 37.091233 ], [ 129.375104, 37.0912327 ], [ 129.3750935, 37.0912421 ], [ 129.3750933, 37.0912592 ], [ 129.375103599999989, 37.091268 ], [ 129.375144299999988, 37.0912683 ], [ 129.3751447, 37.091233 ] ] ] } },
{ "type": "Feature", "properties": { "element": "way", "id": 1305128724, "building": "watchtower", "building:levels": null, "name": null, "name:ko": null, "name:en": null, "amenity": null, "shop": null, "office": null, "tourism": null, "social_facility": null, "healthcare": null, "addr:street": null, "addr:housenumber": null, "start_date": null, "centroid_x_5179": 1166558.1631521257, "centroid_y_5179": 1900930.9157673623, "footprint_area_m2": 16.891826761225687 }, "geometry": { "type": "Polygon", "coordinates": [ [ [ 129.374141900000012, 37.0922028 ], [ 129.374101200000013, 37.0922024 ], [ 129.374090700000011, 37.0922119 ], [ 129.3740905, 37.092229 ], [ 129.374100700000014, 37.0922378 ], [ 129.3741415, 37.0922381 ], [ 129.374141900000012, 37.0922028 ] ] ] } },
{ "type": "Feature", "properties": { "element": "way", "id": 1305128725, "building": "watchtower", "building:levels": null, "name": null, "name:ko": null, "name:en": null, "amenity": null, "shop": null, "office": null, "tourism": null, "social_facility": null, "healthcare": null, "addr:street": null, "addr:housenumber": null, "start_date": null, "centroid_x_5179": 1166517.3802374841, "centroid_y_5179": 1901130.0203558537, "footprint_area_m2": 19.259305538679087 }, "geometry": { "type": "Polygon", "coordinates": [ [ [ 129.3737382, 37.0940179 ], [ 129.3736972, 37.0939979 ], [ 129.3736817, 37.0940026 ], [ 129.3736706, 37.0940171 ], [ 129.373674200000011, 37.0940278 ], [ 129.3737152, 37.0940479 ], [ 129.3737382, 37.0940179 ] ] ] } },
{ "type": "Feature", "properties": { "element": "way", "id": 1305128726, "building": "watchtower", "building:levels": null, "name": null, "name:ko": null, "name:en": null, "amenity": null, "shop": null, "office": null, "tourism": null, "social_facility": null, "healthcare": null, "addr:street": null, "addr:housenumber": null, "start_date": null, "centroid_x_5179": 1166259.2255469416, "centroid_y_5179": 1901294.704059442, "footprint_area_m2": 19.307713005597183 }, "geometry": { "type": "Polygon", "coordinates": [ [ [ 129.370842900000014, 37.095523 ], [ 129.3708062, 37.0955479 ], [ 129.370807, 37.0955611 ], [ 129.3708208, 37.0955741 ], [ 129.370834699999989, 37.0955747 ], [ 129.3708714, 37.0955499 ], [ 129.370842900000014, 37.095523 ] ] ] } },
{ "type": "Feature", "properties": { "element": "way", "id": 1305128727, "building": "yes", "building:levels": null, "name": null, "name:ko": null, "name:en": null, "amenity": null, "shop": null, "office": null, "tourism": null, "social_facility": null, "healthcare": null, "addr:street": null, "addr:housenumber": null, "start_date": null, "centroid_x_5179": 1166256.7868453974, "centroid_y_5179": 1901260.77680253, "footprint_area_m2": 82.763228229276763 }, "geometry": { "type": "Polygon", "coordinates": [ [ [ 129.3707868, 37.0953029 ], [ 129.3708741, 37.0952466 ], [ 129.37081520000001, 37.0951885 ], [ 129.3707279, 37.0952447 ], [ 129.3707868, 37.0953029 ] ] ] } },
{ "type": "Feature", "properties": { "element": "way", "id": 1305128728, "building": "yes", "building:levels": null, "name": null, "name:ko": null, "name:en": null, "amenity": null, "shop": null, "office": null, "tourism": null, "social_facility": null, "healthcare": null, "addr:street": null, "addr:housenumber": null, "start_date": null, "centroid_x_5179": 1166287.7665495994, "centroid_y_5179": 1901249.1574540373, "footprint_area_m2": 69.992963776240401 }, "geometry": { "type": "Polygon", "coordinates": [ [ [ 129.3711283, 37.0951878 ], [ 129.371215, 37.0951346 ], [ 129.3711654, 37.0950832 ], [ 129.3710787, 37.0951364 ], [ 129.3711283, 37.0951878 ] ] ] } },
{ "type": "Feature", "properties": { "element": "way", "id": 1305128729, "building": "yes", "building:levels": null, "name": null, "name:ko": null, "name:en": null, "amenity": null, "shop": null, "office": null, "tourism": null, "social_facility": null, "healthcare": null, "addr:street": null, "addr:housenumber": null, "start_date": null, "centroid_x_5179": 1166333.4372806246, "centroid_y_5179": 1901245.9617914967, "footprint_area_m2": 147.4431830590614 }, "geometry": { "type": "Polygon", "coordinates": [ [ [ 129.3716154, 37.0951764 ], [ 129.3717651, 37.0950824 ], [ 129.371704200000011, 37.0950208 ], [ 129.3715545, 37.0951148 ], [ 129.3716154, 37.0951764 ] ] ] } },
{ "type": "Feature", "properties": { "element": "way", "id": 1305128730, "building": "yes", "building:levels": null, "name": null, "name:ko": null, "name:en": null, "amenity": null, "shop": null, "office": null, "tourism": null, "social_facility": null, "healthcare": null, "addr:street": null, "addr:housenumber": null, "start_date": null, "centroid_x_5179": 1166349.1263364463, "centroid_y_5179": 1901272.0899293239, "footprint_area_m2": 138.78636638391572 }, "geometry": { "type": "Polygon", "coordinates": [ [ [ 129.3719017, 37.0953956 ], [ 129.371924400000012, 37.0953389 ], [ 129.371899899999988, 37.0953326 ], [ 129.3719145, 37.0952961 ], [ 129.3717926, 37.095265 ], [ 129.3717552, 37.0953583 ], [ 129.3719017, 37.0953956 ] ] ] } },
{ "type": "Feature", "properties": { "element": "way", "id": 1305128735, "building": "yes", "building:levels": null, "name": null, "name:ko": null, "name:en": null, "amenity": null, "shop": null, "office": null, "tourism": null, "social_facility": null, "healthcare": null, "addr:street": null, "addr:housenumber": null, "start_date": null, "centroid_x_5179": 1166541.1325446882, "centroid_y_5179": 1901559.9173785683, "footprint_area_m2": 172.47950228638555 }, "geometry": { "type": "Polygon", "coordinates": [ [ [ 129.374153400000012, 37.0979515 ], [ 129.3741494, 37.0978821 ], [ 129.3740989, 37.0978839 ], [ 129.3740947, 37.0978099 ], [ 129.3739975, 37.0978134 ], [ 129.3740056, 37.0979568 ], [ 129.374153400000012, 37.0979515 ] ] ] } },
{ "type": "Feature", "properties": { "element": "way", "id": 1305128736, "building": "yes", "building:levels": null, "name": null, "name:ko": null, "name:en": null, "amenity": null, "shop": null, "office": null, "tourism": null, "social_facility": null, "healthcare": null, "addr:street": null, "addr:housenumber": null, "start_date": null, "centroid_x_5179": 1166551.5861230185, "centroid_y_5179": 1901582.8929429147, "footprint_area_m2": 769.0766342605715 }, "geometry": { "type": "Polygon", "coordinates": [ [ [ 129.374033700000012, 37.0981941 ], [ 129.3740349, 37.0982294 ], [ 129.3743361, 37.0982229 ], [ 129.3743261, 37.0979279 ], [ 129.374226, 37.0979301 ], [ 129.3742278, 37.0979845 ], [ 129.3740268, 37.0979888 ], [ 129.3740325, 37.098159 ], [ 129.374033700000012, 37.0981941 ] ] ] } },
{ "type": "Feature", "properties": { "element": "way", "id": 1305128737, "building": "yes", "building:levels": null, "name": null, "name:ko": null, "name:en": null, "amenity": null, "shop": null, "office": null, "tourism": null, "social_facility": null, "healthcare": null, "addr:street": null, "addr:housenumber": null, "start_date": null, "centroid_x_5179": 1166529.9807695854, "centroid_y_5179": 1901591.6797861445, "footprint_area_m2": 59.662200046802418 }, "geometry": { "type": "Polygon", "coordinates": [ [ [ 129.3738616, 37.0981978 ], [ 129.3739654, 37.0981956 ], [ 129.374033700000012, 37.0981941 ], [ 129.3740325, 37.098159 ], [ 129.3739626, 37.0981605 ], [ 129.373860400000012, 37.0981627 ], [ 129.3738616, 37.0981978 ] ] ] } },
{ "type": "Feature", "properties": { "element": "way", "id": 1305128738, "building": "yes", "building:levels": null, "name": null, "name:ko": null, "name:en": null, "amenity": null, "shop": null, "office": null, "tourism": null, "social_facility": null, "healthcare": null, "addr:street": null, "addr:housenumber": null, "start_date": null, "centroid_x_5179": 1166516.2016430851, "centroid_y_5179": 1901587.6915666419, "footprint_area_m2": 147.18243022858488 }, "geometry": { "type": "Polygon", "coordinates": [ [ [ 129.3737208, 37.098092 ], [ 129.3737245, 37.0982008 ], [ 129.3738616, 37.0981978 ], [ 129.373860400000012, 37.0981627 ], [ 129.3738579, 37.0980891 ], [ 129.3737208, 37.098092 ] ] ] } },
{ "type": "Feature", "properties": { "element": "way", "id": 1305128740, "building": "watchtower", "building:levels": null, "name": null, "name:ko": null, "name:en": null, "amenity": null, "shop": null, "office": null, "tourism": null, "social_facility": null, "healthcare": null, "addr:street": null, "addr:housenumber": null, "start_date": null, "centroid_x_5179": 1166821.4769950809, "centroid_y_5179": 1901915.5424386482, "footprint_area_m2": 27.537164423984944 }, "geometry": { "type": "Polygon", "coordinates": [ [ [ 129.3772611, 37.1010612 ], [ 129.3773114, 37.1010762 ], [ 129.3773342, 37.1010275 ], [ 129.3772839, 37.1010125 ], [ 129.3772611, 37.1010612 ] ] ] } },
{ "type": "Feature", "properties": { "element": "way", "id": 1305128743, "building": "yes", "building:levels": null, "name": null, "name:ko": null, "name:en": null, "amenity": null, "shop": null, "office": null, "tourism": null, "social_facility": null, "healthcare": null, "addr:street": null, "addr:housenumber": null, "start_date": null, "centroid_x_5179": 1166870.076153822, "centroid_y_5179": 1901927.6156121055, "footprint_area_m2": 48.527222849139164 }, "geometry": { "type": "Polygon", "coordinates": [ [ [ 129.377892300000013, 37.1011072 ], [ 129.3778441, 37.1010926 ], [ 129.3778016, 37.1011817 ], [ 129.3778499, 37.1011963 ], [ 129.3778719, 37.1011501 ], [ 129.377892300000013, 37.1011072 ] ] ] } },
{ "type": "Feature", "properties": { "element": "way", "id": 1305128744, "building": "yes", "building:levels": null, "name": null, "name:ko": null, "name:en": null, "amenity": null, "shop": null, "office": null, "tourism": null, "social_facility": null, "healthcare": null, "addr:street": null, "addr:housenumber": null, "start_date": null, "centroid_x_5179": 1166883.8829092032, "centroid_y_5179": 1901930.1945068147, "footprint_area_m2": 116.99383694776844 }, "geometry": { "type": "Polygon", "coordinates": [ [ [ 129.3781133, 37.1012233 ], [ 129.3781337, 37.1011803 ], [ 129.377892300000013, 37.1011072 ], [ 129.3778719, 37.1011501 ], [ 129.3781133, 37.1012233 ] ] ] } },
{ "type": "Feature", "properties": { "element": "way", "id": 1305128745, "building": "yes", "building:levels": null, "name": null, "name:ko": null, "name:en": null, "amenity": null, "shop": null, "office": null, "tourism": null, "social_facility": null, "healthcare": null, "addr:street": null, "addr:housenumber": null, "start_date": null, "centroid_x_5179": 1166882.4830636964, "centroid_y_5179": 1901936.8056072176, "footprint_area_m2": 148.82195127288111 }, "geometry": { "type": "Polygon", "coordinates": [ [ [ 129.378082400000011, 37.1012883 ], [ 129.3781113, 37.1012274 ], [ 129.3778948, 37.1011618 ], [ 129.3778658, 37.1012227 ], [ 129.378082400000011, 37.1012883 ] ] ] } },
{ "type": "Feature", "properties": { "element": "way", "id": 1305128746, "building": "yes", "building:levels": null, "name": null, "name:ko": null, "name:en": null, "amenity": null, "shop": null, "office": null, "tourism": null, "social_facility": null, "healthcare": null, "addr:street": null, "addr:housenumber": null, "start_date": null, "centroid_x_5179": 1166847.2303202262, "centroid_y_5179": 1901886.2974331246, "footprint_area_m2": 56.675211337309072 }, "geometry": { "type": "Polygon", "coordinates": [ [ [ 129.3776197, 37.1008168 ], [ 129.377644, 37.1007682 ], [ 129.377541900000011, 37.1007358 ], [ 129.3775176, 37.1007843 ], [ 129.3776197, 37.1008168 ] ] ] } },
{ "type": "Feature", "properties": { "element": "way", "id": 1305128764, "building": "yes", "building:levels": null, "name": null, "name:ko": null, "name:en": null, "amenity": null, "shop": null, "office": null, "tourism": null, "social_facility": null, "healthcare": null, "addr:street": null, "addr:housenumber": null, "start_date": null, "centroid_x_5179": 1167507.7528299054, "centroid_y_5179": 1900127.9089345136, "footprint_area_m2": 145.73415061504099 }, "geometry": { "type": "Polygon", "coordinates": [ [ [ 129.384629100000012, 37.084893 ], [ 129.3847144, 37.0848187 ], [ 129.3846064, 37.0847397 ], [ 129.384521, 37.084814 ], [ 129.384629100000012, 37.084893 ] ] ] } },
{ "type": "Feature", "properties": { "element": "way", "id": 1305128765, "building": "yes", "building:levels": null, "name": null, "name:ko": null, "name:en": null, "amenity": null, "shop": null, "office": null, "tourism": null, "social_facility": null, "healthcare": null, "addr:street": null, "addr:housenumber": null, "start_date": null, "centroid_x_5179": 1167602.4085297778, "centroid_y_5179": 1900217.6902012241, "footprint_area_m2": 17.192221435482079 }, "geometry": { "type": "Polygon", "coordinates": [ [ [ 129.3857133, 37.0856347 ], [ 129.385736799999989, 37.0856121 ], [ 129.3856911, 37.0855819 ], [ 129.3856676, 37.0856045 ], [ 129.3857133, 37.0856347 ] ] ] } },
{ "type": "Feature", "properties": { "element": "way", "id": 1305128767, "building": "watchtower", "building:levels": null, "name": null, "name:ko": null, "name:en": null, "amenity": null, "shop": null, "office": null, "tourism": null, "social_facility": null, "healthcare": null, "addr:street": null, "addr:housenumber": null, "start_date": null, "centroid_x_5179": 1167231.460611735, "centroid_y_5179": 1900049.7127536407, "footprint_area_m2": 21.379024723078832 }, "geometry": { "type": "Polygon", "coordinates": [ [ [ 129.3814582, 37.0841702 ], [ 129.3815017, 37.0841899 ], [ 129.3815284, 37.0841522 ], [ 129.38148480000001, 37.0841325 ], [ 129.3814582, 37.0841702 ] ] ] } },
{ "type": "Feature", "properties": { "element": "way", "id": 1305128771, "building": "yes", "building:levels": null, "name": null, "name:ko": null, "name:en": null, "amenity": null, "shop": null, "office": null, "tourism": null, "social_facility": null, "healthcare": null, "addr:street": null, "addr:housenumber": null, "start_date": null, "centroid_x_5179": 1168254.7310812387, "centroid_y_5179": 1900432.8779520537, "footprint_area_m2": 55.586301244721938 }, "geometry": { "type": "Polygon", "coordinates": [ [ [ 129.3930954, 37.0874775 ], [ 129.3931461, 37.087433 ], [ 129.393076799999989, 37.0873827 ], [ 129.393026099999986, 37.0874272 ], [ 129.3930954, 37.0874775 ] ] ] } },
{ "type": "Feature", "properties": { "element": "way", "id": 1305128772, "building": "yes", "building:levels": null, "name": null, "name:ko": null, "name:en": null, "amenity": null, "shop": null, "office": null, "tourism": null, "social_facility": null, "healthcare": null, "addr:street": null, "addr:housenumber": null, "start_date": null, "centroid_x_5179": 1168230.8850606387, "centroid_y_5179": 1900410.8762253325, "footprint_area_m2": 49.923044553803493 }, "geometry": { "type": "Polygon", "coordinates": [ [ [ 129.3928843, 37.0871967 ], [ 129.3928558, 37.0871764 ], [ 129.39273510000001, 37.0872843 ], [ 129.3927538, 37.0872976 ], [ 129.392783, 37.0872715 ], [ 129.3927928, 37.0872784 ], [ 129.3928843, 37.0871967 ] ] ] } },
{ "type": "Feature", "properties": { "element": "way", "id": 1305128773, "building": "yes", "building:levels": null, "name": null, "name:ko": null, "name:en": null, "amenity": null, "shop": null, "office": null, "tourism": null, "social_facility": null, "healthcare": null, "addr:street": null, "addr:housenumber": null, "start_date": null, "centroid_x_5179": 1168245.3800252937, "centroid_y_5179": 1900392.9884391373, "footprint_area_m2": 54.596978610924054 }, "geometry": { "type": "Polygon", "coordinates": [ [ [ 129.393065299999989, 37.0870101 ], [ 129.3930444, 37.0869944 ], [ 129.392878700000011, 37.0871347 ], [ 129.3928996, 37.0871504 ], [ 129.393065299999989, 37.0870101 ] ] ] } },
{ "type": "Feature", "properties": { "element": "way", "id": 1305128776, "building": "yes", "building:levels": null, "name": null, "name:ko": null, "name:en": null, "amenity": null, "shop": null, "office": null, "tourism": null, "social_facility": null, "healthcare": null, "addr:street": null, "addr:housenumber": null, "start_date": null, "centroid_x_5179": 1168211.5080411055, "centroid_y_5179": 1900431.200729307, "footprint_area_m2": 114.9238676834195 }, "geometry": { "type": "Polygon", "coordinates": [ [ [ 129.3925692, 37.0874982 ], [ 129.39269010000001, 37.0873899 ], [ 129.3926301, 37.0873473 ], [ 129.3925092, 37.0874556 ], [ 129.3925692, 37.0874982 ] ] ] } },
{ "type": "Feature", "properties": { "element": "way", "id": 1305128777, "building": "yes", "building:levels": null, "name": null, "name:ko": null, "name:en": null, "amenity": null, "shop": null, "office": null, "tourism": null, "social_facility": null, "healthcare": null, "addr:street": null, "addr:housenumber": null, "start_date": null, "centroid_x_5179": 1168136.2787533817, "centroid_y_5179": 1900600.8123010467, "footprint_area_m2": 91.865799147864777 }, "geometry": { "type": "Polygon", "coordinates": [ [ [ 129.391762, 37.0890278 ], [ 129.3918734, 37.0889464 ], [ 129.39182120000001, 37.0889009 ], [ 129.3917099, 37.0889823 ], [ 129.391762, 37.0890278 ] ] ] } },
{ "type": "Feature", "properties": { "element": "way", "id": 1305128778, "building": "yes", "building:levels": null, "name": null, "name:ko": null, "name:en": null, "amenity": null, "shop": null, "office": null, "tourism": null, "social_facility": null, "healthcare": null, "addr:street": null, "addr:housenumber": null, "start_date": null, "centroid_x_5179": 1168122.4104374242, "centroid_y_5179": 1900575.8772389935, "footprint_area_m2": 587.40345197623969 }, "geometry": { "type": "Polygon", "coordinates": [ [ [ 129.391720099999986, 37.0885796 ], [ 129.391614, 37.0886631 ], [ 129.3915974, 37.0886497 ], [ 129.391501, 37.0887255 ], [ 129.391517599999986, 37.0887389 ], [ 129.391424300000011, 37.0888124 ], [ 129.3915408, 37.0889066 ], [ 129.3916312, 37.0888355 ], [ 129.3916389, 37.0888418 ], [ 129.3918162, 37.0887024 ], [ 129.3918035, 37.0886921 ], [ 129.3918318, 37.0886699 ], [ 129.391720099999986, 37.0885796 ] ] ] } },
{ "type": "Feature", "properties": { "element": "way", "id": 1305128779, "building": "yes", "building:levels": null, "name": null, "name:ko": null, "name:en": null, "amenity": null, "shop": null, "office": null, "tourism": null, "social_facility": null, "healthcare": null, "addr:street": null, "addr:housenumber": null, "start_date": null, "centroid_x_5179": 1168055.1722493917, "centroid_y_5179": 1900600.0744515411, "footprint_area_m2": 33.058573947163822 }, "geometry": { "type": "Polygon", "coordinates": [ [ [ 129.390891399999987, 37.0890092 ], [ 129.3909266, 37.0889781 ], [ 129.3908673, 37.0889353 ], [ 129.390832100000011, 37.0889664 ], [ 129.390891399999987, 37.0890092 ] ] ] } },
{ "type": "Feature", "properties": { "element": "way", "id": 1305128780, "building": "yes", "building:levels": null, "name": null, "name:ko": null, "name:en": null, "amenity": null, "shop": null, "office": null, "tourism": null, "social_facility": null, "healthcare": null, "addr:street": null, "addr:housenumber": null, "start_date": null, "centroid_x_5179": 1168045.565964835, "centroid_y_5179": 1900600.3263708828, "footprint_area_m2": 97.605106385770299 }, "geometry": { "type": "Polygon", "coordinates": [ [ [ 129.390716700000013, 37.0889308 ], [ 129.39072010000001, 37.0890241 ], [ 129.390826, 37.0890217 ], [ 129.3908227, 37.0889284 ], [ 129.390716700000013, 37.0889308 ] ] ] } },
{ "type": "Feature", "properties": { "element": "way", "id": 1305128781, "building": "yes", "building:levels": null, "name": null, "name:ko": null, "name:en": null, "amenity": null, "shop": null, "office": null, "tourism": null, "social_facility": null, "healthcare": null, "addr:street": null, "addr:housenumber": null, "start_date": null, "centroid_x_5179": 1167677.6362148689, "centroid_y_5179": 1900971.8180464334, "footprint_area_m2": 404.35893000958197 }, "geometry": { "type": "Polygon", "coordinates": [ [ [ 129.3867074, 37.0925205 ], [ 129.3868637, 37.0923874 ], [ 129.3868029, 37.0923419 ], [ 129.3868295, 37.0923193 ], [ 129.386741300000011, 37.0922534 ], [ 129.386558400000013, 37.0924092 ], [ 129.3867074, 37.0925205 ] ] ] } },
{ "type": "Feature", "properties": { "element": "way", "id": 1305128783, "building": "yes", "building:levels": null, "name": null, "name:ko": null, "name:en": null, "amenity": null, "shop": null, "office": null, "tourism": null, "social_facility": null, "healthcare": null, "addr:street": null, "addr:housenumber": null, "start_date": null, "centroid_x_5179": 1167223.5308579644, "centroid_y_5179": 1901181.0668221016, "footprint_area_m2": 241.74741895584708 }, "geometry": { "type": "Polygon", "coordinates": [ [ [ 129.3816721, 37.094244 ], [ 129.381627900000012, 37.0942821 ], [ 129.3816452, 37.0942949 ], [ 129.3815435, 37.0943825 ], [ 129.3815764, 37.0944068 ], [ 129.381549799999988, 37.0944297 ], [ 129.3816038, 37.0944695 ], [ 129.3817321, 37.094359 ], [ 129.3817421, 37.0943664 ], [ 129.381786299999987, 37.0943283 ], [ 129.3816721, 37.094244 ] ] ] } },
{ "type": "Feature", "properties": { "element": "way", "id": 1305128785, "building": "yes", "building:levels": null, "name": null, "name:ko": null, "name:en": null, "amenity": null, "shop": null, "office": null, "tourism": null, "social_facility": null, "healthcare": null, "addr:street": null, "addr:housenumber": null, "start_date": null, "centroid_x_5179": 1167205.2661411949, "centroid_y_5179": 1901001.220004725, "footprint_area_m2": 119.88720001101305 }, "geometry": { "type": "Polygon", "coordinates": [ [ [ 129.38150730000001, 37.0926992 ], [ 129.381451199999987, 37.0926588 ], [ 129.381311399999987, 37.0927824 ], [ 129.3813547, 37.0928135 ], [ 129.3813752, 37.0927954 ], [ 129.381388, 37.0928046 ], [ 129.38150730000001, 37.0926992 ] ] ] } },
{ "type": "Feature", "properties": { "element": "way", "id": 1305128786, "building": "yes", "building:levels": null, "name": null, "name:ko": null, "name:en": null, "amenity": null, "shop": null, "office": null, "tourism": null, "social_facility": null, "healthcare": null, "addr:street": null, "addr:housenumber": null, "start_date": null, "centroid_x_5179": 1167238.968912045, "centroid_y_5179": 1900976.2366462639, "footprint_area_m2": 22.708045865746314 }, "geometry": { "type": "Polygon", "coordinates": [ [ [ 129.3817965, 37.0925379 ], [ 129.3818239, 37.0925126 ], [ 129.3817718, 37.0924767 ], [ 129.3817444, 37.092502 ], [ 129.3817965, 37.0925379 ] ] ] } },
{ "type": "Feature", "properties": { "element": "way", "id": 1305128787, "building": "yes", "building:levels": null, "name": null, "name:ko": null, "name:en": null, "amenity": null, "shop": null, "office": null, "tourism": null, "social_facility": null, "healthcare": null, "addr:street": null, "addr:housenumber": null, "start_date": null, "centroid_x_5179": 1167247.0009585067, "centroid_y_5179": 1901004.459092383, "footprint_area_m2": 756.73358830118957 }, "geometry": { "type": "Polygon", "coordinates": [ [ [ 129.3818412, 37.092584 ], [ 129.3816579, 37.0927463 ], [ 129.381869200000011, 37.0928982 ], [ 129.3818858, 37.0928835 ], [ 129.381948, 37.0929283 ], [ 129.3820939, 37.0927991 ], [ 129.3820317, 37.0927544 ], [ 129.382052499999986, 37.0927359 ], [ 129.3818412, 37.092584 ] ] ] } },
{ "type": "Feature", "properties": { "element": "way", "id": 1305128788, "building": "yes", "building:levels": null, "name": null, "name:ko": null, "name:en": null, "amenity": null, "shop": null, "office": null, "tourism": null, "social_facility": null, "healthcare": null, "addr:street": null, "addr:housenumber": null, "start_date": null, "centroid_x_5179": 1167279.6527564137, "centroid_y_5179": 1901023.2615820041, "footprint_area_m2": 55.705899928508636 }, "geometry": { "type": "Polygon", "coordinates": [ [ [ 129.382271800000012, 37.0929723 ], [ 129.3823147, 37.0929346 ], [ 129.382232499999986, 37.0928751 ], [ 129.3821897, 37.0929128 ], [ 129.382271800000012, 37.0929723 ] ] ] } },
{ "type": "Feature", "properties": { "element": "way", "id": 1305128789, "building": "storage_tank", "building:levels": null, "name": null, "name:ko": null, "name:en": null, "amenity": null, "shop": null, "office": null, "tourism": null, "social_facility": null, "healthcare": null, "addr:street": null, "addr:housenumber": null, "start_date": null, "centroid_x_5179": 1167164.3943031779, "centroid_y_5179": 1901106.6684126579, "footprint_area_m2": 142.32119691080322 }, "geometry": { "type": "Polygon", "coordinates": [ [ [ 129.380937499999987, 37.093642 ], [ 129.380915, 37.093657 ], [ 129.380901099999988, 37.0936777 ], [ 129.380898, 37.093701 ], [ 129.3809061, 37.0937235 ], [ 129.380924099999987, 37.093742 ], [ 129.3809489, 37.0937535 ], [ 129.3809786, 37.093757 ], [ 129.3810076, 37.0937511 ], [ 129.3810316, 37.0937369 ], [ 129.381047, 37.0937164 ], [ 129.3810506, 37.0936864 ], [ 129.3810407, 37.0936644 ], [ 129.3810211, 37.0936469 ], [ 129.3809948, 37.0936366 ], [ 129.3809655, 37.0936349 ], [ 129.380937499999987, 37.093642 ] ] ] } },
{ "type": "Feature", "properties": { "element": "way", "id": 1305128790, "building": "storage_tank", "building:levels": null, "name": null, "name:ko": null, "name:en": null, "amenity": null, "shop": null, "office": null, "tourism": null, "social_facility": null, "healthcare": null, "addr:street": null, "addr:housenumber": null, "start_date": null, "centroid_x_5179": 1167185.0391938381, "centroid_y_5179": 1901127.1802763615, "footprint_area_m2": 142.41070940821814 }, "geometry": { "type": "Polygon", "coordinates": [ [ [ 129.3811782, 37.0938215 ], [ 129.3811542, 37.0938358 ], [ 129.3811388, 37.0938563 ], [ 129.3811345, 37.09388 ], [ 129.3811418, 37.0939032 ], [ 129.3811584, 37.0939214 ], [ 129.381184100000013, 37.0939342 ], [ 129.381214, 37.0939381 ], [ 129.381243500000011, 37.0939325 ], [ 129.381268, 37.0939183 ], [ 129.381283599999989, 37.0938976 ], [ 129.3812881, 37.0938737 ], [ 129.3812805, 37.0938502 ], [ 129.3812623, 37.0938309 ], [ 129.381236, 37.0938188 ], [ 129.3812073, 37.0938156 ], [ 129.3811782, 37.0938215 ] ] ] } },
{ "type": "Feature", "properties": { "element": "way", "id": 1305128791, "building": "yes", "building:levels": null, "name": null, "name:ko": null, "name:en": null, "amenity": null, "shop": null, "office": null, "tourism": null, "social_facility": null, "healthcare": null, "addr:street": null, "addr:housenumber": null, "start_date": null, "centroid_x_5179": 1167174.2581034941, "centroid_y_5179": 1901117.6239195191, "footprint_area_m2": 469.50781207049477 }, "geometry": { "type": "Polygon", "coordinates": [ [ [ 129.380924099999987, 37.093742 ], [ 129.380888199999987, 37.0937727 ], [ 129.381125700000013, 37.0939493 ], [ 129.3811584, 37.0939214 ], [ 129.3811418, 37.0939032 ], [ 129.3811345, 37.09388 ], [ 129.3811388, 37.0938563 ], [ 129.3811542, 37.0938358 ], [ 129.3811782, 37.0938215 ], [ 129.3812073, 37.0938156 ], [ 129.381236, 37.0938188 ], [ 129.3812734, 37.0937868 ], [ 129.3810915, 37.0936515 ], [ 129.3810506, 37.0936864 ], [ 129.381047, 37.0937164 ], [ 129.3810316, 37.0937369 ], [ 129.3810076, 37.0937511 ], [ 129.3809786, 37.093757 ], [ 129.3809489, 37.0937535 ], [ 129.380924099999987, 37.093742 ] ] ] } },
{ "type": "Feature", "properties": { "element": "way", "id": 1305128792, "building": "storage_tank", "building:levels": null, "name": null, "name:ko": null, "name:en": null, "amenity": null, "shop": null, "office": null, "tourism": null, "social_facility": null, "healthcare": null, "addr:street": null, "addr:housenumber": null, "start_date": null, "centroid_x_5179": 1167219.8064383268, "centroid_y_5179": 1901015.9581085285, "footprint_area_m2": 257.25101443553444 }, "geometry": { "type": "Polygon", "coordinates": [ [ [ 129.3815198, 37.0928007 ], [ 129.3814963, 37.0928182 ], [ 129.3814807, 37.0928407 ], [ 129.381474700000012, 37.0928659 ], [ 129.3814787, 37.0928914 ], [ 129.3814923, 37.0929146 ], [ 129.3815143, 37.0929333 ], [ 129.3815425, 37.0929457 ], [ 129.3815741, 37.0929506 ], [ 129.381606, 37.0929474 ], [ 129.3816352, 37.0929365 ], [ 129.3816587, 37.092919 ], [ 129.3816742, 37.0928965 ], [ 129.3816803, 37.0928713 ], [ 129.3816763, 37.0928458 ], [ 129.3816626, 37.0928226 ], [ 129.3816406, 37.0928038 ], [ 129.381612499999989, 37.0927914 ], [ 129.381580899999989, 37.0927866 ], [ 129.381548900000013, 37.0927898 ], [ 129.3815198, 37.0928007 ] ] ] } },
{ "type": "Feature", "properties": { "element": "way", "id": 1305128793, "building": "storage_tank", "building:levels": null, "name": null, "name:ko": null, "name:en": null, "amenity": null, "shop": null, "office": null, "tourism": null, "social_facility": null, "healthcare": null, "addr:street": null, "addr:housenumber": null, "start_date": null, "centroid_x_5179": 1167235.9396974347, "centroid_y_5179": 1901032.0690999932, "footprint_area_m2": 257.29634897882761 }, "geometry": { "type": "Polygon", "coordinates": [ [ [ 129.3817048, 37.0929429 ], [ 129.3816813, 37.0929605 ], [ 129.3816658, 37.092983 ], [ 129.3816597, 37.0930082 ], [ 129.3816637, 37.0930336 ], [ 129.3816774, 37.0930569 ], [ 129.3816994, 37.0930756 ], [ 129.381727500000011, 37.093088 ], [ 129.381759100000011, 37.0930929 ], [ 129.381791099999987, 37.0930897 ], [ 129.3818202, 37.0930788 ], [ 129.3818437, 37.0930612 ], [ 129.3818593, 37.0930388 ], [ 129.381865299999987, 37.0930136 ], [ 129.3818613, 37.0929881 ], [ 129.3818477, 37.0929648 ], [ 129.3818257, 37.0929461 ], [ 129.3817975, 37.0929337 ], [ 129.3817659, 37.0929289 ], [ 129.381734, 37.092932 ], [ 129.3817048, 37.0929429 ] ] ] } },
{ "type": "Feature", "properties": { "element": "way", "id": 1305128800, "building": "yes", "building:levels": null, "name": null, "name:ko": null, "name:en": null, "amenity": null, "shop": null, "office": null, "tourism": null, "social_facility": null, "healthcare": null, "addr:street": null, "addr:housenumber": null, "start_date": null, "centroid_x_5179": 1167332.8200349503, "centroid_y_5179": 1901216.0033186085, "footprint_area_m2": 35.446556117602547 }, "geometry": { "type": "Polygon", "coordinates": [ [ [ 129.3829436, 37.0946609 ], [ 129.3828757, 37.0946116 ], [ 129.3828426, 37.0946405 ], [ 129.3829106, 37.0946898 ], [ 129.3829436, 37.0946609 ] ] ] } },
{ "type": "Feature", "properties": { "element": "way", "id": 1305128801, "building": "storage_tank", "building:levels": null, "name": null, "name:ko": null, "name:en": null, "amenity": null, "shop": null, "office": null, "tourism": null, "social_facility": null, "healthcare": null, "addr:street": null, "addr:housenumber": null, "start_date": null, "centroid_x_5179": 1167344.4722719085, "centroid_y_5179": 1901202.554623469, "footprint_area_m2": 27.507944231901025 }, "geometry": { "type": "Polygon", "coordinates": [ [ [ 129.382994200000013, 37.0945107 ], [ 129.3829874, 37.0945237 ], [ 129.3829895, 37.0945377 ], [ 129.3830002, 37.0945489 ], [ 129.3830165, 37.0945544 ], [ 129.383034, 37.0945527 ], [ 129.3830481, 37.0945442 ], [ 129.383055, 37.0945312 ], [ 129.3830528, 37.0945172 ], [ 129.383042100000011, 37.094506 ], [ 129.3830259, 37.0945005 ], [ 129.3830083, 37.0945022 ], [ 129.382994200000013, 37.0945107 ] ] ] } },
{ "type": "Feature", "properties": { "element": "way", "id": 1305128802, "building": "storage_tank", "building:levels": null, "name": null, "name:ko": null, "name:en": null, "amenity": null, "shop": null, "office": null, "tourism": null, "social_facility": null, "healthcare": null, "addr:street": null, "addr:housenumber": null, "start_date": null, "centroid_x_5179": 1167337.3461251177, "centroid_y_5179": 1901209.63910593, "footprint_area_m2": 27.488090474900435 }, "geometry": { "type": "Polygon", "coordinates": [ [ [ 129.382915700000012, 37.0945758 ], [ 129.3829088, 37.0945888 ], [ 129.382911, 37.0946028 ], [ 129.3829216, 37.094614 ], [ 129.3829379, 37.0946195 ], [ 129.382955399999986, 37.0946178 ], [ 129.3829695, 37.0946093 ], [ 129.3829764, 37.0945963 ], [ 129.3829742, 37.0945823 ], [ 129.382963600000011, 37.0945711 ], [ 129.382947300000012, 37.0945656 ], [ 129.3829298, 37.0945673 ], [ 129.382915700000012, 37.0945758 ] ] ] } },
{ "type": "Feature", "properties": { "element": "way", "id": 1305128805, "building": "yes", "building:levels": null, "name": null, "name:ko": null, "name:en": null, "amenity": null, "shop": null, "office": null, "tourism": null, "social_facility": null, "healthcare": null, "addr:street": null, "addr:housenumber": null, "start_date": null, "centroid_x_5179": 1167262.2237810853, "centroid_y_5179": 1901113.819128888, "footprint_area_m2": 16516.941434980061 }, "geometry": { "type": "Polygon", "coordinates": [ [ [ 129.3813295, 37.0935846 ], [ 129.381350200000014, 37.0936213 ], [ 129.381244900000013, 37.093712 ], [ 129.382310600000011, 37.0944993 ], [ 129.3823367, 37.0944769 ], [ 129.3823572, 37.094492 ], [ 129.3824286, 37.0944306 ], [ 129.3827153, 37.0946424 ], [ 129.3830366, 37.0943657 ], [ 129.383011, 37.0943468 ], [ 129.38305840000001, 37.094306 ], [ 129.3829402, 37.0942187 ], [ 129.3829239, 37.0942066 ], [ 129.382908500000013, 37.0941953 ], [ 129.3827798, 37.0941002 ], [ 129.382758700000011, 37.0940846 ], [ 129.3827459, 37.0940751 ], [ 129.382509199999987, 37.0939002 ], [ 129.382974100000013, 37.0934949 ], [ 129.3827426, 37.093326 ], [ 129.3825674, 37.0934788 ], [ 129.3819957, 37.0930615 ], [ 129.3817774, 37.0932493 ], [ 129.381644, 37.0931506 ], [ 129.3816707, 37.0931276 ], [ 129.3813623, 37.0928994 ], [ 129.3812792, 37.0929709 ], [ 129.3812872, 37.0929768 ], [ 129.3810832, 37.0931519 ], [ 129.381385, 37.0933748 ], [ 129.3810824, 37.0932702 ], [ 129.381032, 37.093362 ], [ 129.3811374, 37.0933988 ], [ 129.381101, 37.0934651 ], [ 129.381207100000012, 37.0935021 ], [ 129.381243500000011, 37.0934358 ], [ 129.3813237, 37.0934654 ], [ 129.381316, 37.0935052 ], [ 129.381318, 37.0935454 ], [ 129.3813295, 37.0935846 ] ] ] } },
{ "type": "Feature", "properties": { "element": "way", "id": 1305128806, "building": "yes", "building:levels": null, "name": null, "name:ko": null, "name:en": null, "amenity": null, "shop": null, "office": null, "tourism": null, "social_facility": null, "healthcare": null, "addr:street": null, "addr:housenumber": null, "start_date": null, "centroid_x_5179": 1167354.4788801288, "centroid_y_5179": 1901188.7737686245, "footprint_area_m2": 121.7974426108189 }, "geometry": { "type": "Polygon", "coordinates": [ [ [ 129.3831681, 37.0944758 ], [ 129.3832262, 37.0944262 ], [ 129.3830931, 37.0943272 ], [ 129.3830351, 37.0943768 ], [ 129.3831681, 37.0944758 ] ] ] } },
{ "type": "Feature", "properties": { "element": "way", "id": 1305128841, "building": "yes", "building:levels": null, "name": null, "name:ko": null, "name:en": null, "amenity": null, "shop": null, "office": null, "tourism": null, "social_facility": null, "healthcare": null, "addr:street": null, "addr:housenumber": null, "start_date": null, "centroid_x_5179": 1167364.909023704, "centroid_y_5179": 1901287.2218587117, "footprint_area_m2": 67.542773153017578 }, "geometry": { "type": "Polygon", "coordinates": [ [ [ 129.3832917, 37.0953407 ], [ 129.383338900000012, 37.0953008 ], [ 129.3832481, 37.0952325 ], [ 129.3832009, 37.0952724 ], [ 129.3832917, 37.0953407 ] ] ] } },
{ "type": "Feature", "properties": { "element": "way", "id": 1305128844, "building": "watchtower", "building:levels": null, "name": null, "name:ko": null, "name:en": null, "amenity": null, "shop": null, "office": null, "tourism": null, "social_facility": null, "healthcare": null, "addr:street": null, "addr:housenumber": null, "start_date": null, "centroid_x_5179": 1167296.6254478521, "centroid_y_5179": 1901612.6595043298, "footprint_area_m2": 11.205856687191812 }, "geometry": { "type": "Polygon", "coordinates": [ [ [ 129.3825773, 37.098252 ], [ 129.382600700000012, 37.0982264 ], [ 129.3825716, 37.0982096 ], [ 129.3825483, 37.0982352 ], [ 129.3825773, 37.098252 ] ] ] } },
{ "type": "Feature", "properties": { "element": "way", "id": 1305128845, "building": "watchtower", "building:levels": null, "name": null, "name:ko": null, "name:en": null, "amenity": null, "shop": null, "office": null, "tourism": null, "social_facility": null, "healthcare": null, "addr:street": null, "addr:housenumber": null, "start_date": null, "centroid_x_5179": 1167780.5541021177, "centroid_y_5179": 1901012.4125293195, "footprint_area_m2": 17.667501589157958 }, "geometry": { "type": "Polygon", "coordinates": [ [ [ 129.3878813, 37.0927635 ], [ 129.387916600000011, 37.0927311 ], [ 129.387885, 37.0927093 ], [ 129.3878498, 37.0927416 ], [ 129.3878813, 37.0927635 ] ] ] } },
{ "type": "Feature", "properties": { "element": "way", "id": 1305128857, "building": "yes", "building:levels": null, "name": null, "name:ko": null, "name:en": null, "amenity": null, "shop": null, "office": null, "tourism": null, "social_facility": null, "healthcare": null, "addr:street": null, "addr:housenumber": null, "start_date": null, "centroid_x_5179": 1167483.2151381667, "centroid_y_5179": 1901055.6919314435, "footprint_area_m2": 121.91951429282186 }, "geometry": { "type": "Polygon", "coordinates": [ [ [ 129.3845859, 37.093254 ], [ 129.3846442, 37.0932046 ], [ 129.384511800000013, 37.093105 ], [ 129.384453400000012, 37.0931545 ], [ 129.3845859, 37.093254 ] ] ] } },
{ "type": "Feature", "properties": { "element": "way", "id": 1305128858, "building": "storage_tank", "building:levels": null, "name": null, "name:ko": null, "name:en": null, "amenity": null, "shop": null, "office": null, "tourism": null, "social_facility": null, "healthcare": null, "addr:street": null, "addr:housenumber": null, "start_date": null, "centroid_x_5179": 1167364.9795744952, "centroid_y_5179": 1900898.9292013613, "footprint_area_m2": 257.30104821863466 }, "geometry": { "type": "Polygon", "coordinates": [ [ [ 129.3831264, 37.0917204 ], [ 129.383102900000011, 37.0917379 ], [ 129.3830874, 37.0917604 ], [ 129.383081299999986, 37.0917856 ], [ 129.3830853, 37.0918111 ], [ 129.3830989, 37.0918343 ], [ 129.3831209, 37.0918531 ], [ 129.3831491, 37.0918655 ], [ 129.3831807, 37.0918703 ], [ 129.3832126, 37.0918671 ], [ 129.3832418, 37.0918562 ], [ 129.3832653, 37.0918387 ], [ 129.3832808, 37.0918162 ], [ 129.3832869, 37.091791 ], [ 129.383282900000012, 37.0917655 ], [ 129.3832692, 37.0917423 ], [ 129.3832473, 37.0917235 ], [ 129.3832191, 37.0917111 ], [ 129.3831875, 37.0917063 ], [ 129.383155499999987, 37.0917095 ], [ 129.3831264, 37.0917204 ] ] ] } },
{ "type": "Feature", "properties": { "element": "way", "id": 1305128859, "building": "storage_tank", "building:levels": null, "name": null, "name:ko": null, "name:en": null, "amenity": null, "shop": null, "office": null, "tourism": null, "social_facility": null, "healthcare": null, "addr:street": null, "addr:housenumber": null, "start_date": null, "centroid_x_5179": 1167348.8444792726, "centroid_y_5179": 1900882.8157556187, "footprint_area_m2": 257.27539456666875 }, "geometry": { "type": "Polygon", "coordinates": [ [ [ 129.3829413, 37.0915781 ], [ 129.3829179, 37.0915956 ], [ 129.382902300000012, 37.0916181 ], [ 129.3828962, 37.0916433 ], [ 129.3829002, 37.0916688 ], [ 129.3829139, 37.091692 ], [ 129.3829359, 37.0917108 ], [ 129.3829641, 37.0917232 ], [ 129.3829957, 37.091728 ], [ 129.3830276, 37.0917248 ], [ 129.3830567, 37.0917139 ], [ 129.3830802, 37.0916964 ], [ 129.3830958, 37.0916739 ], [ 129.383101900000014, 37.0916487 ], [ 129.3830979, 37.0916232 ], [ 129.383084200000013, 37.0916 ], [ 129.383062200000012, 37.0915813 ], [ 129.383034, 37.0915689 ], [ 129.3830024, 37.091564 ], [ 129.3829705, 37.0915672 ], [ 129.3829413, 37.0915781 ] ] ] } },
{ "type": "Feature", "properties": { "element": "way", "id": 1305128860, "building": "storage_tank", "building:levels": null, "name": null, "name:ko": null, "name:en": null, "amenity": null, "shop": null, "office": null, "tourism": null, "social_facility": null, "healthcare": null, "addr:street": null, "addr:housenumber": null, "start_date": null, "centroid_x_5179": 1167464.2696415088, "centroid_y_5179": 1900874.0622044762, "footprint_area_m2": 174.40761777284388 }, "geometry": { "type": "Polygon", "coordinates": [ [ [ 129.38424040000001, 37.0914949 ], [ 129.3842215, 37.091513 ], [ 129.384211599999986, 37.0915351 ], [ 129.3842117, 37.0915586 ], [ 129.3842219, 37.0915806 ], [ 129.3842409, 37.0915986 ], [ 129.3842665, 37.0916102 ], [ 129.3842956, 37.0916142 ], [ 129.384324600000014, 37.09161 ], [ 129.38435, 37.0915982 ], [ 129.3843689, 37.0915801 ], [ 129.3843788, 37.091558 ], [ 129.384378700000013, 37.0915345 ], [ 129.3843685, 37.0915124 ], [ 129.3843494, 37.0914945 ], [ 129.3843239, 37.0914828 ], [ 129.3842948, 37.0914788 ], [ 129.3842658, 37.091483 ], [ 129.38424040000001, 37.0914949 ] ] ] } },
{ "type": "Feature", "properties": { "element": "way", "id": 1305128861, "building": "storage_tank", "building:levels": null, "name": null, "name:ko": null, "name:en": null, "amenity": null, "shop": null, "office": null, "tourism": null, "social_facility": null, "healthcare": null, "addr:street": null, "addr:housenumber": null, "start_date": null, "centroid_x_5179": 1167484.948243967, "centroid_y_5179": 1900852.8951667673, "footprint_area_m2": 174.40986309092756 }, "geometry": { "type": "Polygon", "coordinates": [ [ [ 129.384468199999986, 37.0913005 ], [ 129.3844494, 37.0913186 ], [ 129.3844394, 37.0913407 ], [ 129.384439500000013, 37.0913642 ], [ 129.3844497, 37.0913862 ], [ 129.3844688, 37.0914042 ], [ 129.3844944, 37.0914158 ], [ 129.3845234, 37.0914198 ], [ 129.3845524, 37.0914156 ], [ 129.384577900000011, 37.0914038 ], [ 129.3845967, 37.0913857 ], [ 129.3846067, 37.0913636 ], [ 129.3846065, 37.0913401 ], [ 129.3845963, 37.091318 ], [ 129.384577299999989, 37.0913001 ], [ 129.3845517, 37.0912884 ], [ 129.3845226, 37.0912844 ], [ 129.3844937, 37.0912886 ], [ 129.384468199999986, 37.0913005 ] ] ] } },
{ "type": "Feature", "properties": { "element": "way", "id": 1305128862, "building": "storage_tank", "building:levels": null, "name": null, "name:ko": null, "name:en": null, "amenity": null, "shop": null, "office": null, "tourism": null, "social_facility": null, "healthcare": null, "addr:street": null, "addr:housenumber": null, "start_date": null, "centroid_x_5179": 1167525.935765048, "centroid_y_5179": 1900894.3462608012, "footprint_area_m2": 264.33676818513902 }, "geometry": { "type": "Polygon", "coordinates": [ [ [ 129.384940300000011, 37.0916464 ], [ 129.3849127, 37.0916652 ], [ 129.384894800000012, 37.0916903 ], [ 129.3848888, 37.0917189 ], [ 129.3848954, 37.0917473 ], [ 129.3849137, 37.0917723 ], [ 129.384941700000013, 37.0917907 ], [ 129.3849759, 37.0918004 ], [ 129.3850122, 37.0918002 ], [ 129.3850462, 37.0917901 ], [ 129.385073799999986, 37.0917713 ], [ 129.3850917, 37.0917461 ], [ 129.385097699999989, 37.0917176 ], [ 129.385091100000011, 37.0916891 ], [ 129.3850727, 37.0916642 ], [ 129.3850448, 37.0916457 ], [ 129.385010599999987, 37.0916361 ], [ 129.38497430000001, 37.0916363 ], [ 129.384940300000011, 37.0916464 ] ] ] } },
{ "type": "Feature", "properties": { "element": "way", "id": 1305128863, "building": "storage_tank", "building:levels": null, "name": null, "name:ko": null, "name:en": null, "amenity": null, "shop": null, "office": null, "tourism": null, "social_facility": null, "healthcare": null, "addr:street": null, "addr:housenumber": null, "start_date": null, "centroid_x_5179": 1167504.6366613063, "centroid_y_5179": 1900873.9126608539, "footprint_area_m2": 264.33733984398373 }, "geometry": { "type": "Polygon", "coordinates": [ [ [ 129.3846962, 37.0914661 ], [ 129.3846686, 37.0914849 ], [ 129.3846507, 37.0915101 ], [ 129.3846447, 37.0915386 ], [ 129.3846513, 37.0915671 ], [ 129.384669699999989, 37.091592 ], [ 129.38469760000001, 37.0916105 ], [ 129.3847318, 37.0916201 ], [ 129.3847681, 37.0916199 ], [ 129.3848021, 37.0916098 ], [ 129.384829700000012, 37.091591 ], [ 129.3848476, 37.0915659 ], [ 129.384853600000014, 37.0915373 ], [ 129.384847, 37.0915089 ], [ 129.384828700000014, 37.0914839 ], [ 129.3848007, 37.0914655 ], [ 129.384766500000012, 37.0914558 ], [ 129.3847302, 37.091456 ], [ 129.3846962, 37.0914661 ] ] ] } },
{ "type": "Feature", "properties": { "element": "way", "id": 1305128864, "building": "storage_tank", "building:levels": null, "name": null, "name:ko": null, "name:en": null, "amenity": null, "shop": null, "office": null, "tourism": null, "social_facility": null, "healthcare": null, "addr:street": null, "addr:housenumber": null, "start_date": null, "centroid_x_5179": 1167448.5240867124, "centroid_y_5179": 1900826.6855332807, "footprint_area_m2": 240.12249095358885 }, "geometry": { "type": "Polygon", "coordinates": [ [ [ 129.3840571, 37.091054 ], [ 129.3840308, 37.0910719 ], [ 129.3840137, 37.0910959 ], [ 129.384008, 37.0911231 ], [ 129.3840143, 37.0911502 ], [ 129.3840318, 37.091174 ], [ 129.384058399999986, 37.0911916 ], [ 129.384091, 37.0912008 ], [ 129.3841256, 37.0912006 ], [ 129.384158, 37.091191 ], [ 129.384184299999987, 37.0911731 ], [ 129.3842014, 37.0911491 ], [ 129.3842071, 37.0911219 ], [ 129.3842008, 37.0910948 ], [ 129.384183299999989, 37.091071 ], [ 129.3841567, 37.0910534 ], [ 129.3841241, 37.0910442 ], [ 129.384089499999988, 37.0910444 ], [ 129.3840571, 37.091054 ] ] ] } },
{ "type": "Feature", "properties": { "element": "way", "id": 1305128867, "building": "yes", "building:levels": null, "name": null, "name:ko": null, "name:en": null, "amenity": null, "shop": null, "office": null, "tourism": null, "social_facility": null, "healthcare": null, "addr:street": null, "addr:housenumber": null, "start_date": null, "centroid_x_5179": 1167450.4844274116, "centroid_y_5179": 1900886.3748923407, "footprint_area_m2": 165.80950397648337 }, "geometry": { "type": "Polygon", "coordinates": [ [ [ 129.384145100000012, 37.0917408 ], [ 129.3841587, 37.0917291 ], [ 129.3841807, 37.0917453 ], [ 129.3842247, 37.0917074 ], [ 129.3842027, 37.0916911 ], [ 129.3842383, 37.0916603 ], [ 129.3841177, 37.0915714 ], [ 129.38402450000001, 37.0916518 ], [ 129.3840534, 37.0916732 ], [ 129.3840984, 37.0916343 ], [ 129.384136399999988, 37.0916624 ], [ 129.384091500000011, 37.0917012 ], [ 129.384145100000012, 37.0917408 ] ] ] } },
{ "type": "Feature", "properties": { "element": "way", "id": 1305128870, "building": "storage_tank", "building:levels": null, "name": null, "name:ko": null, "name:en": null, "amenity": null, "shop": null, "office": null, "tourism": null, "social_facility": null, "healthcare": null, "addr:street": null, "addr:housenumber": null, "start_date": null, "centroid_x_5179": 1167303.174504152, "centroid_y_5179": 1900984.56394016, "footprint_area_m2": 142.48813882774789 }, "geometry": { "type": "Polygon", "coordinates": [ [ [ 129.3824751, 37.0925155 ], [ 129.382451, 37.0925298 ], [ 129.3824356, 37.0925503 ], [ 129.3824313, 37.092574 ], [ 129.3824387, 37.0925972 ], [ 129.38245520000001, 37.0926154 ], [ 129.3824809, 37.0926282 ], [ 129.3825108, 37.0926322 ], [ 129.382540299999988, 37.0926266 ], [ 129.382564800000011, 37.0926123 ], [ 129.382580499999989, 37.0925916 ], [ 129.382584900000012, 37.0925677 ], [ 129.3825774, 37.0925442 ], [ 129.3825591, 37.0925249 ], [ 129.3825329, 37.0925128 ], [ 129.3825042, 37.0925096 ], [ 129.3824751, 37.0925155 ] ] ] } },
{ "type": "Feature", "properties": { "element": "way", "id": 1305128871, "building": "storage_tank", "building:levels": null, "name": null, "name:ko": null, "name:en": null, "amenity": null, "shop": null, "office": null, "tourism": null, "social_facility": null, "healthcare": null, "addr:street": null, "addr:housenumber": null, "start_date": null, "centroid_x_5179": 1167282.5302739395, "centroid_y_5179": 1900964.052084082, "footprint_area_m2": 142.31284517677875 }, "geometry": { "type": "Polygon", "coordinates": [ [ [ 129.382234399999987, 37.092336 ], [ 129.3822118, 37.0923511 ], [ 129.382198, 37.0923717 ], [ 129.3821949, 37.092395 ], [ 129.38220290000001, 37.0924175 ], [ 129.3822209, 37.092436 ], [ 129.3822458, 37.0924476 ], [ 129.3822754, 37.092451 ], [ 129.38230440000001, 37.0924451 ], [ 129.3823285, 37.0924309 ], [ 129.3823438, 37.0924104 ], [ 129.3823475, 37.0923804 ], [ 129.3823375, 37.0923584 ], [ 129.3823179, 37.0923409 ], [ 129.3822916, 37.0923306 ], [ 129.3822623, 37.0923289 ], [ 129.382234399999987, 37.092336 ] ] ] } },
{ "type": "Feature", "properties": { "element": "way", "id": 1305128872, "building": "yes", "building:levels": null, "name": null, "name:ko": null, "name:en": null, "amenity": null, "shop": null, "office": null, "tourism": null, "social_facility": null, "healthcare": null, "addr:street": null, "addr:housenumber": null, "start_date": null, "centroid_x_5179": 1167292.3960506392, "centroid_y_5179": 1900975.0080111837, "footprint_area_m2": 469.65655810384874 }, "geometry": { "type": "Polygon", "coordinates": [ [ [ 129.3822209, 37.092436 ], [ 129.382185099999987, 37.0924667 ], [ 129.3824225, 37.0926434 ], [ 129.38245520000001, 37.0926154 ], [ 129.3824387, 37.0925972 ], [ 129.3824313, 37.092574 ], [ 129.3824356, 37.0925503 ], [ 129.382451, 37.0925298 ], [ 129.3824751, 37.0925155 ], [ 129.3825042, 37.0925096 ], [ 129.3825329, 37.0925128 ], [ 129.3825703, 37.0924808 ], [ 129.3823884, 37.0923455 ], [ 129.3823475, 37.0923804 ], [ 129.3823438, 37.0924104 ], [ 129.3823285, 37.0924309 ], [ 129.38230440000001, 37.0924451 ], [ 129.3822754, 37.092451 ], [ 129.3822458, 37.0924476 ], [ 129.3822209, 37.092436 ] ] ] } },
{ "type": "Feature", "properties": { "element": "way", "id": 1305128874, "building": "yes", "building:levels": null, "name": null, "name:ko": null, "name:en": null, "amenity": null, "shop": null, "office": null, "tourism": null, "social_facility": null, "healthcare": null, "addr:street": null, "addr:housenumber": null, "start_date": null, "centroid_x_5179": 1167461.8596339258, "centroid_y_5179": 1901082.8677719431, "footprint_area_m2": 35.486913047469457 }, "geometry": { "type": "Polygon", "coordinates": [ [ [ 129.3843652, 37.0934384 ], [ 129.3842972, 37.093389 ], [ 129.3842642, 37.093418 ], [ 129.384332199999989, 37.0934673 ], [ 129.3843652, 37.0934384 ] ] ] } },
{ "type": "Feature", "properties": { "element": "way", "id": 1305128875, "building": "storage_tank", "building:levels": null, "name": null, "name:ko": null, "name:en": null, "amenity": null, "shop": null, "office": null, "tourism": null, "social_facility": null, "healthcare": null, "addr:street": null, "addr:housenumber": null, "start_date": null, "centroid_x_5179": 1167473.5090413757, "centroid_y_5179": 1901069.4168069728, "footprint_area_m2": 27.483055921856113 }, "geometry": { "type": "Polygon", "coordinates": [ [ [ 129.3844158, 37.0932882 ], [ 129.384408900000011, 37.0933011 ], [ 129.3844111, 37.0933151 ], [ 129.384421800000013, 37.0933264 ], [ 129.384438, 37.0933319 ], [ 129.3844556, 37.0933301 ], [ 129.384469599999989, 37.0933216 ], [ 129.3844765, 37.0933086 ], [ 129.3844743, 37.0932947 ], [ 129.3844637, 37.0932834 ], [ 129.3844474, 37.0932779 ], [ 129.384429899999986, 37.0932797 ], [ 129.3844158, 37.0932882 ] ] ] } },
{ "type": "Feature", "properties": { "element": "way", "id": 1305128880, "building": "storage_tank", "building:levels": null, "name": null, "name:ko": null, "name:en": null, "amenity": null, "shop": null, "office": null, "tourism": null, "social_facility": null, "healthcare": null, "addr:street": null, "addr:housenumber": null, "start_date": null, "centroid_x_5179": 1167466.3847981079, "centroid_y_5179": 1901076.5014133975, "footprint_area_m2": 27.506066564639227 }, "geometry": { "type": "Polygon", "coordinates": [ [ [ 129.3843372, 37.0933533 ], [ 129.38433040000001, 37.0933662 ], [ 129.3843325, 37.0933802 ], [ 129.384343199999989, 37.0933915 ], [ 129.384359499999988, 37.093397 ], [ 129.384377, 37.0933952 ], [ 129.384391099999988, 37.0933867 ], [ 129.384398, 37.0933737 ], [ 129.3843958, 37.0933598 ], [ 129.3843851, 37.0933485 ], [ 129.3843689, 37.093343 ], [ 129.3843513, 37.0933448 ], [ 129.3843372, 37.0933533 ] ] ] } },
{ "type": "Feature", "properties": { "element": "way", "id": 1305128883, "building": "yes", "building:levels": null, "name": null, "name:ko": null, "name:en": null, "amenity": null, "shop": null, "office": null, "tourism": null, "social_facility": null, "healthcare": null, "addr:street": null, "addr:housenumber": null, "start_date": null, "centroid_x_5179": 1167391.6558057424, "centroid_y_5179": 1900980.8445638726, "footprint_area_m2": 16436.212609223261 }, "geometry": { "type": "Polygon", "coordinates": [ [ [ 129.3827511, 37.092362 ], [ 129.3827718, 37.0923987 ], [ 129.3826665, 37.0924894 ], [ 129.3837322, 37.0932768 ], [ 129.383758300000011, 37.0932543 ], [ 129.383778799999988, 37.0932695 ], [ 129.383850200000012, 37.093208 ], [ 129.3841368, 37.0934198 ], [ 129.384458099999989, 37.0931432 ], [ 129.3844326, 37.0931243 ], [ 129.38448, 37.0930835 ], [ 129.3843618, 37.0929962 ], [ 129.3843454, 37.0929841 ], [ 129.3843301, 37.0929727 ], [ 129.3841803, 37.092862 ], [ 129.3841674, 37.0928525 ], [ 129.3839307, 37.0926777 ], [ 129.3843957, 37.0922723 ], [ 129.384164199999987, 37.0921034 ], [ 129.383989, 37.0922562 ], [ 129.3834173, 37.091839 ], [ 129.383199, 37.0920267 ], [ 129.3830656, 37.091928 ], [ 129.383092299999987, 37.091905 ], [ 129.3827839, 37.0916769 ], [ 129.3827008, 37.0917483 ], [ 129.382708799999989, 37.0917542 ], [ 129.3825048, 37.0919293 ], [ 129.3828066, 37.0921523 ], [ 129.382502, 37.0920469 ], [ 129.3824554, 37.0921402 ], [ 129.382745199999988, 37.0922428 ], [ 129.382737600000013, 37.0922826 ], [ 129.382739500000014, 37.0923228 ], [ 129.3827511, 37.092362 ] ] ] } },
{ "type": "Feature", "properties": { "element": "way", "id": 1305128910, "building": "yes", "building:levels": null, "name": null, "name:ko": null, "name:en": null, "amenity": null, "shop": null, "office": null, "tourism": null, "social_facility": null, "healthcare": null, "addr:street": null, "addr:housenumber": null, "start_date": null, "centroid_x_5179": 1167582.2140746543, "centroid_y_5179": 1900681.4932430987, "footprint_area_m2": 117.86388074150031 }, "geometry": { "type": "Polygon", "coordinates": [ [ [ 129.385572, 37.0898605 ], [ 129.3856652, 37.0897777 ], [ 129.3855853, 37.0897205 ], [ 129.3854921, 37.0898033 ], [ 129.385572, 37.0898605 ] ] ] } },
{ "type": "Feature", "properties": { "element": "way", "id": 1305128911, "building": "yes", "building:levels": null, "name": null, "name:ko": null, "name:en": null, "amenity": null, "shop": null, "office": null, "tourism": null, "social_facility": null, "healthcare": null, "addr:street": null, "addr:housenumber": null, "start_date": null, "centroid_x_5179": 1167563.9251045662, "centroid_y_5179": 1900665.6635854279, "footprint_area_m2": 294.19348918980114 }, "geometry": { "type": "Polygon", "coordinates": [ [ [ 129.3854318, 37.0897678 ], [ 129.3855196, 37.0896929 ], [ 129.385307, 37.0895345 ], [ 129.385219299999989, 37.0896094 ], [ 129.3854318, 37.0897678 ] ] ] } },
{ "type": "Feature", "properties": { "element": "way", "id": 1305128913, "building": "storage_tank", "building:levels": null, "name": null, "name:ko": null, "name:en": null, "amenity": null, "shop": null, "office": null, "tourism": null, "social_facility": null, "healthcare": null, "addr:street": null, "addr:housenumber": null, "start_date": null, "centroid_x_5179": 1167494.0868060242, "centroid_y_5179": 1900786.2646730701, "footprint_area_m2": 142.46908655469483 }, "geometry": { "type": "Polygon", "coordinates": [ [ [ 129.384577900000011, 37.0906948 ], [ 129.384553899999986, 37.0907091 ], [ 129.3845385, 37.0907297 ], [ 129.3845342, 37.0907534 ], [ 129.384541500000012, 37.0907766 ], [ 129.3845581, 37.0907947 ], [ 129.3845838, 37.0908076 ], [ 129.384613699999989, 37.0908115 ], [ 129.3846432, 37.0908059 ], [ 129.3846677, 37.0907916 ], [ 129.3846833, 37.0907709 ], [ 129.3846878, 37.090747 ], [ 129.3846802, 37.0907236 ], [ 129.384662, 37.0907043 ], [ 129.3846357, 37.0906921 ], [ 129.384607, 37.0906889 ], [ 129.384577900000011, 37.0906948 ] ] ] } },
{ "type": "Feature", "properties": { "element": "way", "id": 1305128914, "building": "storage_tank", "building:levels": null, "name": null, "name:ko": null, "name:en": null, "amenity": null, "shop": null, "office": null, "tourism": null, "social_facility": null, "healthcare": null, "addr:street": null, "addr:housenumber": null, "start_date": null, "centroid_x_5179": 1167473.4442454681, "centroid_y_5179": 1900765.7531720235, "footprint_area_m2": 142.33907170281407 }, "geometry": { "type": "Polygon", "coordinates": [ [ [ 129.3843372, 37.0905154 ], [ 129.3843147, 37.0905304 ], [ 129.3843008, 37.0905511 ], [ 129.3842977, 37.0905743 ], [ 129.3843058, 37.0905969 ], [ 129.3843238, 37.0906153 ], [ 129.38434860000001, 37.0906269 ], [ 129.3843783, 37.0906303 ], [ 129.3844073, 37.0906245 ], [ 129.384431299999989, 37.0906103 ], [ 129.384446700000012, 37.0905898 ], [ 129.3844503, 37.0905598 ], [ 129.384440399999988, 37.0905377 ], [ 129.384420799999987, 37.0905203 ], [ 129.3843944, 37.0905099 ], [ 129.3843652, 37.0905082 ], [ 129.3843372, 37.0905154 ] ] ] } },
{ "type": "Feature", "properties": { "element": "way", "id": 1305128915, "building": "yes", "building:levels": null, "name": null, "name:ko": null, "name:en": null, "amenity": null, "shop": null, "office": null, "tourism": null, "social_facility": null, "healthcare": null, "addr:street": null, "addr:housenumber": null, "start_date": null, "centroid_x_5179": 1167483.3059567732, "centroid_y_5179": 1900776.7083877861, "footprint_area_m2": 469.48271756258811 }, "geometry": { "type": "Polygon", "coordinates": [ [ [ 129.3843238, 37.0906153 ], [ 129.3842879, 37.090646 ], [ 129.3845254, 37.0908227 ], [ 129.3845581, 37.0907947 ], [ 129.384541500000012, 37.0907766 ], [ 129.3845342, 37.0907534 ], [ 129.3845385, 37.0907297 ], [ 129.384553899999986, 37.0907091 ], [ 129.384577900000011, 37.0906948 ], [ 129.384607, 37.0906889 ], [ 129.3846357, 37.0906921 ], [ 129.384673099999986, 37.0906602 ], [ 129.384491200000014, 37.0905248 ], [ 129.3844503, 37.0905598 ], [ 129.384446700000012, 37.0905898 ], [ 129.384431299999989, 37.0906103 ], [ 129.3844073, 37.0906245 ], [ 129.3843783, 37.0906303 ], [ 129.38434860000001, 37.0906269 ], [ 129.3843238, 37.0906153 ] ] ] } },
{ "type": "Feature", "properties": { "element": "way", "id": 1305128917, "building": "storage_tank", "building:levels": null, "name": null, "name:ko": null, "name:en": null, "amenity": null, "shop": null, "office": null, "tourism": null, "social_facility": null, "healthcare": null, "addr:street": null, "addr:housenumber": null, "start_date": null, "centroid_x_5179": 1167555.5564936684, "centroid_y_5179": 1900696.6876718539, "footprint_area_m2": 161.09324286309123 }, "geometry": { "type": "Polygon", "coordinates": [ [ [ 129.3852406, 37.0898762 ], [ 129.3852191, 37.089891 ], [ 129.3852053, 37.0899107 ], [ 129.385200700000013, 37.089933 ], [ 129.385206, 37.0899552 ], [ 129.3852205, 37.0899746 ], [ 129.38524240000001, 37.0899889 ], [ 129.385269099999988, 37.0899964 ], [ 129.385297400000013, 37.0899961 ], [ 129.3853239, 37.0899881 ], [ 129.3853454, 37.0899733 ], [ 129.385359200000011, 37.0899536 ], [ 129.3853638, 37.0899313 ], [ 129.3853585, 37.0899091 ], [ 129.385344, 37.0898897 ], [ 129.3853221, 37.0898754 ], [ 129.3852954, 37.089868 ], [ 129.3852671, 37.0898682 ], [ 129.3852406, 37.0898762 ] ] ] } },
{ "type": "Feature", "properties": { "element": "way", "id": 1305128918, "building": "storage_tank", "building:levels": null, "name": null, "name:ko": null, "name:en": null, "amenity": null, "shop": null, "office": null, "tourism": null, "social_facility": null, "healthcare": null, "addr:street": null, "addr:housenumber": null, "start_date": null, "centroid_x_5179": 1167542.3336228684, "centroid_y_5179": 1900683.509732669, "footprint_area_m2": 161.05864229858835 }, "geometry": { "type": "Polygon", "coordinates": [ [ [ 129.3850889, 37.0897599 ], [ 129.3850675, 37.0897746 ], [ 129.3850536, 37.0897943 ], [ 129.3850491, 37.0898166 ], [ 129.3850543, 37.0898388 ], [ 129.3850688, 37.0898582 ], [ 129.3850907, 37.0898725 ], [ 129.3851175, 37.08988 ], [ 129.3851458, 37.0898797 ], [ 129.3851723, 37.0898717 ], [ 129.3851937, 37.089857 ], [ 129.3852076, 37.0898373 ], [ 129.3852121, 37.089815 ], [ 129.385206899999986, 37.0897928 ], [ 129.3851924, 37.0897734 ], [ 129.385170499999987, 37.0897591 ], [ 129.385143699999986, 37.0897516 ], [ 129.385115399999989, 37.0897519 ], [ 129.3850889, 37.0897599 ] ] ] } },
{ "type": "Feature", "properties": { "element": "way", "id": 1305128927, "building": "yes", "building:levels": null, "name": null, "name:ko": null, "name:en": null, "amenity": null, "shop": null, "office": null, "tourism": null, "social_facility": null, "healthcare": null, "addr:street": null, "addr:housenumber": null, "start_date": null, "centroid_x_5179": 1167584.0430777522, "centroid_y_5179": 1900779.8726456964, "footprint_area_m2": 17179.530445135468 }, "geometry": { "type": "Polygon", "coordinates": [ [ [ 129.3848539, 37.0905414 ], [ 129.384874599999989, 37.0905781 ], [ 129.384769299999988, 37.0906688 ], [ 129.385835, 37.0914562 ], [ 129.3858611, 37.0914337 ], [ 129.3858817, 37.0914489 ], [ 129.385953, 37.0913874 ], [ 129.3862397, 37.0915992 ], [ 129.386561, 37.0913225 ], [ 129.386535400000014, 37.0913036 ], [ 129.386582800000014, 37.0912628 ], [ 129.386464600000011, 37.0911755 ], [ 129.386448300000012, 37.0911634 ], [ 129.386433, 37.0911521 ], [ 129.3860305, 37.0908547 ], [ 129.3864043, 37.0905328 ], [ 129.3863874, 37.0905202 ], [ 129.3864364, 37.090478 ], [ 129.386338099999989, 37.0904054 ], [ 129.3862891, 37.0904476 ], [ 129.386227100000013, 37.0904018 ], [ 129.386194499999988, 37.0903777 ], [ 129.3861723, 37.0903613 ], [ 129.3862382, 37.0903044 ], [ 129.3857425, 37.0899382 ], [ 129.3855853, 37.0900736 ], [ 129.3855156, 37.0900221 ], [ 129.3853006, 37.0902072 ], [ 129.3848487, 37.0898733 ], [ 129.3847932, 37.0899211 ], [ 129.3848106, 37.0899339 ], [ 129.3846077, 37.0901087 ], [ 129.3849094, 37.0903316 ], [ 129.384755500000011, 37.0902856 ], [ 129.3847509, 37.0902954 ], [ 129.3846842, 37.0902754 ], [ 129.384698899999989, 37.0902443 ], [ 129.384621, 37.0902209 ], [ 129.384575, 37.0903185 ], [ 129.384719600000011, 37.0903618 ], [ 129.3847106, 37.090381 ], [ 129.3848481, 37.0904222 ], [ 129.3848404, 37.090462 ], [ 129.3848424, 37.0905022 ], [ 129.3848539, 37.0905414 ] ] ] } },
{ "type": "Feature", "properties": { "element": "way", "id": 1305128942, "building": "storage_tank", "building:levels": null, "name": null, "name:ko": null, "name:en": null, "amenity": null, "shop": null, "office": null, "tourism": null, "social_facility": null, "healthcare": null, "addr:street": null, "addr:housenumber": null, "start_date": null, "centroid_x_5179": 1167657.2991997192, "centroid_y_5179": 1900878.20815375, "footprint_area_m2": 27.486041873517976 }, "geometry": { "type": "Polygon", "coordinates": [ [ [ 129.386440099999987, 37.0915326 ], [ 129.3864332, 37.0915456 ], [ 129.386435400000011, 37.0915596 ], [ 129.3864461, 37.0915708 ], [ 129.3864623, 37.0915763 ], [ 129.386479900000012, 37.0915746 ], [ 129.3864939, 37.0915661 ], [ 129.3865008, 37.0915531 ], [ 129.38649860000001, 37.0915391 ], [ 129.386488, 37.0915279 ], [ 129.386471699999987, 37.0915224 ], [ 129.3864542, 37.0915241 ], [ 129.386440099999987, 37.0915326 ] ] ] } },
{ "type": "Feature", "properties": { "element": "way", "id": 1305128945, "building": "yes", "building:levels": null, "name": null, "name:ko": null, "name:en": null, "amenity": null, "shop": null, "office": null, "tourism": null, "social_facility": null, "healthcare": null, "addr:street": null, "addr:housenumber": null, "start_date": null, "centroid_x_5179": 1167652.3261467025, "centroid_y_5179": 1900885.4574422042, "footprint_area_m2": 41.29870103376728 }, "geometry": { "type": "Polygon", "coordinates": [ [ [ 129.3864644, 37.091618 ], [ 129.386405, 37.0915747 ], [ 129.386361, 37.0916131 ], [ 129.3864204, 37.0916564 ], [ 129.3864644, 37.091618 ] ] ] } },
{ "type": "Feature", "properties": { "element": "way", "id": 1305128947, "building": "storage_tank", "building:levels": null, "name": null, "name:ko": null, "name:en": null, "amenity": null, "shop": null, "office": null, "tourism": null, "social_facility": null, "healthcare": null, "addr:street": null, "addr:housenumber": null, "start_date": null, "centroid_x_5179": 1167664.4277676248, "centroid_y_5179": 1900871.1236817604, "footprint_area_m2": 27.494304441365752 }, "geometry": { "type": "Polygon", "coordinates": [ [ [ 129.386518700000011, 37.0914675 ], [ 129.3865118, 37.0914805 ], [ 129.386514, 37.0914945 ], [ 129.3865246, 37.0915057 ], [ 129.3865409, 37.0915112 ], [ 129.386558400000013, 37.0915095 ], [ 129.3865725, 37.091501 ], [ 129.386579399999988, 37.091488 ], [ 129.3865772, 37.091474 ], [ 129.3865666, 37.0914628 ], [ 129.38655030000001, 37.0914573 ], [ 129.3865327, 37.091459 ], [ 129.386518700000011, 37.0914675 ] ] ] } },
{ "type": "Feature", "properties": { "element": "way", "id": 1305128951, "building": "yes", "building:levels": null, "name": null, "name:ko": null, "name:en": null, "amenity": null, "shop": null, "office": null, "tourism": null, "social_facility": null, "healthcare": null, "addr:street": null, "addr:housenumber": null, "start_date": null, "centroid_x_5179": 1167611.5863716851, "centroid_y_5179": 1900643.6353804267, "footprint_area_m2": 469.93254442456509 }, "geometry": { "type": "Polygon", "coordinates": [ [ [ 129.3857367, 37.0893935 ], [ 129.3857008, 37.0894242 ], [ 129.3859383, 37.0896009 ], [ 129.385971, 37.0895729 ], [ 129.3859545, 37.0895547 ], [ 129.38594710000001, 37.0895315 ], [ 129.38595140000001, 37.0895078 ], [ 129.3859668, 37.0894873 ], [ 129.3859909, 37.089473 ], [ 129.38602, 37.0894671 ], [ 129.3860487, 37.0894703 ], [ 129.3860861, 37.0894383 ], [ 129.3859042, 37.0893029 ], [ 129.385863300000011, 37.0893379 ], [ 129.3858596, 37.0893679 ], [ 129.3858442, 37.0893884 ], [ 129.385820200000012, 37.0894026 ], [ 129.3857912, 37.0894085 ], [ 129.3857616, 37.089405 ], [ 129.3857367, 37.0893935 ] ] ] } },
{ "type": "Feature", "properties": { "element": "way", "id": 1305128952, "building": "storage_tank", "building:levels": null, "name": null, "name:ko": null, "name:en": null, "amenity": null, "shop": null, "office": null, "tourism": null, "social_facility": null, "healthcare": null, "addr:street": null, "addr:housenumber": null, "start_date": null, "centroid_x_5179": 1167622.3672424243, "centroid_y_5179": 1900653.1942074341, "footprint_area_m2": 142.49413719642735 }, "geometry": { "type": "Polygon", "coordinates": [ [ [ 129.3859909, 37.089473 ], [ 129.3859668, 37.0894873 ], [ 129.38595140000001, 37.0895078 ], [ 129.38594710000001, 37.0895315 ], [ 129.3859545, 37.0895547 ], [ 129.385971, 37.0895729 ], [ 129.3859967, 37.0895857 ], [ 129.3860266, 37.0895897 ], [ 129.3860561, 37.0895841 ], [ 129.386080600000014, 37.0895698 ], [ 129.3860963, 37.0895491 ], [ 129.386100699999986, 37.0895252 ], [ 129.3860932, 37.0895017 ], [ 129.386074900000011, 37.0894824 ], [ 129.3860487, 37.0894703 ], [ 129.38602, 37.0894671 ], [ 129.3859909, 37.089473 ] ] ] } },
{ "type": "Feature", "properties": { "element": "way", "id": 1305128953, "building": "storage_tank", "building:levels": null, "name": null, "name:ko": null, "name:en": null, "amenity": null, "shop": null, "office": null, "tourism": null, "social_facility": null, "healthcare": null, "addr:street": null, "addr:housenumber": null, "start_date": null, "centroid_x_5179": 1167601.7220794091, "centroid_y_5179": 1900632.6793075062, "footprint_area_m2": 142.29279035567828 }, "geometry": { "type": "Polygon", "coordinates": [ [ [ 129.3857502, 37.0892935 ], [ 129.3857276, 37.0893085 ], [ 129.3857138, 37.0893292 ], [ 129.3857107, 37.0893525 ], [ 129.385718700000012, 37.089375 ], [ 129.3857367, 37.0893935 ], [ 129.3857616, 37.089405 ], [ 129.3857912, 37.0894085 ], [ 129.385820200000012, 37.0894026 ], [ 129.3858442, 37.0893884 ], [ 129.3858596, 37.0893679 ], [ 129.385863300000011, 37.0893379 ], [ 129.3858533, 37.0893159 ], [ 129.3858337, 37.0892984 ], [ 129.3858074, 37.0892881 ], [ 129.38577810000001, 37.0892864 ], [ 129.3857502, 37.0892935 ] ] ] } },
{ "type": "Feature", "properties": { "element": "way", "id": 1305128960, "building": "yes", "building:levels": null, "name": null, "name:ko": null, "name:en": null, "amenity": null, "shop": null, "office": null, "tourism": null, "social_facility": null, "healthcare": null, "addr:street": null, "addr:housenumber": null, "start_date": null, "centroid_x_5179": 1167780.60762819, "centroid_y_5179": 1900752.3905625462, "footprint_area_m2": 41.344929526264714 }, "geometry": { "type": "Polygon", "coordinates": [ [ [ 129.3878774, 37.0903961 ], [ 129.387817899999988, 37.0903529 ], [ 129.387773900000013, 37.0903913 ], [ 129.3878334, 37.0904346 ], [ 129.3878774, 37.0903961 ] ] ] } },
{ "type": "Feature", "properties": { "element": "way", "id": 1305128961, "building": "storage_tank", "building:levels": null, "name": null, "name:ko": null, "name:en": null, "amenity": null, "shop": null, "office": null, "tourism": null, "social_facility": null, "healthcare": null, "addr:street": null, "addr:housenumber": null, "start_date": null, "centroid_x_5179": 1167785.5811938667, "centroid_y_5179": 1900745.1433658679, "footprint_area_m2": 27.509543016572273 }, "geometry": { "type": "Polygon", "coordinates": [ [ [ 129.387853, 37.0903108 ], [ 129.387846200000013, 37.0903238 ], [ 129.3878483, 37.0903378 ], [ 129.387859, 37.090349 ], [ 129.3878753, 37.0903545 ], [ 129.3878928, 37.0903528 ], [ 129.3879069, 37.0903443 ], [ 129.3879138, 37.0903313 ], [ 129.3879116, 37.0903173 ], [ 129.3879009, 37.0903061 ], [ 129.3878847, 37.0903006 ], [ 129.3878671, 37.0903023 ], [ 129.387853, 37.0903108 ] ] ] } },
{ "type": "Feature", "properties": { "element": "way", "id": 1305128962, "building": "storage_tank", "building:levels": null, "name": null, "name:ko": null, "name:en": null, "amenity": null, "shop": null, "office": null, "tourism": null, "social_facility": null, "healthcare": null, "addr:street": null, "addr:housenumber": null, "start_date": null, "centroid_x_5179": 1167792.7048599229, "centroid_y_5179": 1900738.05627174, "footprint_area_m2": 27.482141189379661 }, "geometry": { "type": "Polygon", "coordinates": [ [ [ 129.3879316, 37.0902457 ], [ 129.387924700000013, 37.0902587 ], [ 129.3879269, 37.0902727 ], [ 129.3879375, 37.0902839 ], [ 129.3879538, 37.0902894 ], [ 129.3879714, 37.0902876 ], [ 129.3879854, 37.0902791 ], [ 129.3879923, 37.0902662 ], [ 129.3879901, 37.0902522 ], [ 129.3879795, 37.0902409 ], [ 129.3879632, 37.0902355 ], [ 129.387945699999989, 37.0902372 ], [ 129.3879316, 37.0902457 ] ] ] } },
{ "type": "Feature", "properties": { "element": "way", "id": 1305128982, "building": "yes", "building:levels": null, "name": null, "name:ko": null, "name:en": null, "amenity": null, "shop": null, "office": null, "tourism": null, "social_facility": null, "healthcare": null, "addr:street": null, "addr:housenumber": null, "start_date": null, "centroid_x_5179": 1168246.8012510031, "centroid_y_5179": 1900441.2683256357, "footprint_area_m2": 99.007968084906224 }, "geometry": { "type": "Polygon", "coordinates": [ [ [ 129.3930794, 37.0874911 ], [ 129.393013599999989, 37.0874419 ], [ 129.3929182, 37.0875232 ], [ 129.392984, 37.0875723 ], [ 129.3930794, 37.0874911 ] ] ] } },
{ "type": "Feature", "properties": { "element": "way", "id": 1305128983, "building": "tower", "building:levels": null, "name": null, "name:ko": null, "name:en": null, "amenity": null, "shop": null, "office": null, "tourism": null, "social_facility": null, "healthcare": null, "addr:street": null, "addr:housenumber": null, "start_date": null, "centroid_x_5179": 1168280.638269865, "centroid_y_5179": 1900409.0363745398, "footprint_area_m2": 19.512774764585131 }, "geometry": { "type": "Polygon", "coordinates": [ [ [ 129.3933591, 37.0871809 ], [ 129.3933346, 37.0872009 ], [ 129.393385099999989, 37.0872404 ], [ 129.393409600000012, 37.0872204 ], [ 129.3933591, 37.0871809 ] ] ] } },
{ "type": "Feature", "properties": { "element": "way", "id": 1305128984, "building": "yes", "building:levels": null, "name": null, "name:ko": null, "name:en": null, "amenity": null, "shop": null, "office": null, "tourism": null, "social_facility": null, "healthcare": null, "addr:street": null, "addr:housenumber": null, "start_date": null, "centroid_x_5179": 1168263.9120927004, "centroid_y_5179": 1900388.2797617039, "footprint_area_m2": 28.645932592869617 }, "geometry": { "type": "Polygon", "coordinates": [ [ [ 129.3932079, 37.0870657 ], [ 129.39323060000001, 37.0870459 ], [ 129.3931508, 37.0869876 ], [ 129.393128100000013, 37.0870074 ], [ 129.3932079, 37.0870657 ] ] ] } },
{ "type": "Feature", "properties": { "element": "way", "id": 1305128985, "building": "yes", "building:levels": null, "name": null, "name:ko": null, "name:en": null, "amenity": null, "shop": null, "office": null, "tourism": null, "social_facility": null, "healthcare": null, "addr:street": null, "addr:housenumber": null, "start_date": null, "centroid_x_5179": 1168274.0258073143, "centroid_y_5179": 1900398.3821724518, "footprint_area_m2": 27.768405617856939 }, "geometry": { "type": "Polygon", "coordinates": [ [ [ 129.3932438, 37.0870961 ], [ 129.3933255, 37.0871547 ], [ 129.393346900000012, 37.0871356 ], [ 129.3932652, 37.087077 ], [ 129.3932438, 37.0870961 ] ] ] } },
{ "type": "Feature", "properties": { "element": "way", "id": 1305128986, "building": "yes", "building:levels": null, "name": null, "name:ko": null, "name:en": null, "amenity": null, "shop": null, "office": null, "tourism": null, "social_facility": null, "healthcare": null, "addr:street": null, "addr:housenumber": null, "start_date": null, "centroid_x_5179": 1168270.4433518082, "centroid_y_5179": 1900421.0191890867, "footprint_area_m2": 55.711736803223204 }, "geometry": { "type": "Polygon", "coordinates": [ [ [ 129.3932283, 37.0873752 ], [ 129.3933276, 37.0872931 ], [ 129.393292, 37.0872657 ], [ 129.393192699999986, 37.0873477 ], [ 129.3932283, 37.0873752 ] ] ] } },
{ "type": "Feature", "properties": { "element": "way", "id": 1305128987, "building": "yes", "building:levels": null, "name": null, "name:ko": null, "name:en": null, "amenity": null, "shop": null, "office": null, "tourism": null, "social_facility": null, "healthcare": null, "addr:street": null, "addr:housenumber": null, "start_date": null, "centroid_x_5179": 1168257.5229182183, "centroid_y_5179": 1900407.2603049662, "footprint_area_m2": 530.82474220117933 }, "geometry": { "type": "Polygon", "coordinates": [ [ [ 129.3931245, 37.0873493 ], [ 129.393145, 37.0873314 ], [ 129.3931565, 37.0873397 ], [ 129.3932493, 37.0872589 ], [ 129.3932591, 37.087266 ], [ 129.393306599999988, 37.0872245 ], [ 129.3930623, 37.0870461 ], [ 129.3930147, 37.0870876 ], [ 129.393026, 37.0870958 ], [ 129.392933199999987, 37.0871767 ], [ 129.392945, 37.0871853 ], [ 129.3929244, 37.0872032 ], [ 129.392996900000014, 37.0872561 ], [ 129.393041, 37.0872178 ], [ 129.393106100000011, 37.0872653 ], [ 129.3930621, 37.0873037 ], [ 129.3931245, 37.0873493 ] ] ] } },
{ "type": "Feature", "properties": { "element": "way", "id": 1305128989, "building": "yes", "building:levels": null, "name": null, "name:ko": null, "name:en": null, "amenity": null, "shop": null, "office": null, "tourism": null, "social_facility": null, "healthcare": null, "addr:street": null, "addr:housenumber": null, "start_date": null, "centroid_x_5179": 1168398.0666614466, "centroid_y_5179": 1900425.1410450467, "footprint_area_m2": 16.893745658571898 }, "geometry": { "type": "Polygon", "coordinates": [ [ [ 129.394724200000013, 37.0873496 ], [ 129.394723, 37.0873183 ], [ 129.3946683, 37.0873197 ], [ 129.394669599999986, 37.087351 ], [ 129.394724200000013, 37.0873496 ] ] ] } },
{ "type": "Feature", "properties": { "element": "way", "id": 1305128990, "building": "yes", "building:levels": null, "name": null, "name:ko": null, "name:en": null, "amenity": null, "shop": null, "office": null, "tourism": null, "social_facility": null, "healthcare": null, "addr:street": null, "addr:housenumber": null, "start_date": null, "centroid_x_5179": 1168240.819214287, "centroid_y_5179": 1900521.4360301427, "footprint_area_m2": 122.98815870169499 }, "geometry": { "type": "Polygon", "coordinates": [ [ [ 129.3929713, 37.0883031 ], [ 129.393040500000012, 37.0882478 ], [ 129.3929277, 37.0881578 ], [ 129.392858499999988, 37.0882131 ], [ 129.3929713, 37.0883031 ] ] ] } },
{ "type": "Feature", "properties": { "element": "way", "id": 1305128997, "building": "yes", "building:levels": null, "name": null, "name:ko": null, "name:en": null, "amenity": null, "shop": null, "office": null, "tourism": null, "social_facility": null, "healthcare": null, "addr:street": null, "addr:housenumber": null, "start_date": null, "centroid_x_5179": 1168021.9711090608, "centroid_y_5179": 1900666.2055815209, "footprint_area_m2": 34.092837241391486 }, "geometry": { "type": "Polygon", "coordinates": [ [ [ 129.3904815, 37.0895523 ], [ 129.390482600000013, 37.0895969 ], [ 129.390560099999988, 37.0895957 ], [ 129.3905589, 37.0895511 ], [ 129.3904815, 37.0895523 ] ] ] } },
{ "type": "Feature", "properties": { "element": "way", "id": 1305128998, "building": "yes", "building:levels": null, "name": null, "name:ko": null, "name:en": null, "amenity": null, "shop": null, "office": null, "tourism": null, "social_facility": null, "healthcare": null, "addr:street": null, "addr:housenumber": null, "start_date": null, "centroid_x_5179": 1167923.7677711565, "centroid_y_5179": 1900853.5096295774, "footprint_area_m2": 30.235987722115624 }, "geometry": { "type": "Polygon", "coordinates": [ [ [ 129.3894544, 37.0913144 ], [ 129.3895005, 37.0912902 ], [ 129.3894621, 37.0912438 ], [ 129.3894161, 37.091268 ], [ 129.3894544, 37.0913144 ] ] ] } },
{ "type": "Feature", "properties": { "element": "way", "id": 1305129003, "building": "yes", "building:levels": null, "name": null, "name:ko": null, "name:en": null, "amenity": null, "shop": null, "office": null, "tourism": null, "social_facility": null, "healthcare": null, "addr:street": null, "addr:housenumber": null, "start_date": null, "centroid_x_5179": 1167733.0831199104, "centroid_y_5179": 1900841.744330022, "footprint_area_m2": 601.06194236888643 }, "geometry": { "type": "Polygon", "coordinates": [ [ [ 129.3872816, 37.0913677 ], [ 129.3875083, 37.0911677 ], [ 129.38734070000001, 37.0910468 ], [ 129.387114, 37.0912469 ], [ 129.3872816, 37.0913677 ] ] ] } },
{ "type": "Feature", "properties": { "element": "way", "id": 1305129004, "building": "storage_tank", "building:levels": null, "name": null, "name:ko": null, "name:en": null, "amenity": null, "shop": null, "office": null, "tourism": null, "social_facility": null, "healthcare": null, "addr:street": null, "addr:housenumber": null, "start_date": null, "centroid_x_5179": 1167670.6154122211, "centroid_y_5179": 1900550.4342006054, "footprint_area_m2": 161.04548116021189 }, "geometry": { "type": "Polygon", "coordinates": [ [ [ 129.386501900000013, 37.088538 ], [ 129.386480400000011, 37.0885528 ], [ 129.3864666, 37.0885725 ], [ 129.386462, 37.0885948 ], [ 129.3864673, 37.088617 ], [ 129.386481800000013, 37.0886364 ], [ 129.3865037, 37.0886507 ], [ 129.3865304, 37.0886581 ], [ 129.3865587, 37.0886578 ], [ 129.386585200000013, 37.0886498 ], [ 129.386606699999987, 37.0886351 ], [ 129.3866205, 37.0886154 ], [ 129.3866251, 37.0885931 ], [ 129.3866198, 37.0885709 ], [ 129.386605300000014, 37.0885515 ], [ 129.3865834, 37.0885372 ], [ 129.3865567, 37.0885297 ], [ 129.3865284, 37.08853 ], [ 129.386501900000013, 37.088538 ] ] ] } },
{ "type": "Feature", "properties": { "element": "way", "id": 1305129005, "building": "storage_tank", "building:levels": null, "name": null, "name:ko": null, "name:en": null, "amenity": null, "shop": null, "office": null, "tourism": null, "social_facility": null, "healthcare": null, "addr:street": null, "addr:housenumber": null, "start_date": null, "centroid_x_5179": 1167683.8401401336, "centroid_y_5179": 1900563.6129869013, "footprint_area_m2": 161.10311924783596 }, "geometry": { "type": "Polygon", "coordinates": [ [ [ 129.3866535, 37.0886544 ], [ 129.386632100000014, 37.0886691 ], [ 129.386618199999987, 37.0886888 ], [ 129.3866137, 37.0887111 ], [ 129.3866189, 37.0887333 ], [ 129.3866334, 37.0887527 ], [ 129.3866553, 37.088767 ], [ 129.3866821, 37.0887745 ], [ 129.3867104, 37.0887742 ], [ 129.386736899999988, 37.0887662 ], [ 129.3867583, 37.0887515 ], [ 129.3867722, 37.0887318 ], [ 129.386776700000013, 37.0887095 ], [ 129.3867715, 37.0886873 ], [ 129.386757, 37.0886678 ], [ 129.38673510000001, 37.0886535 ], [ 129.3867083, 37.0886461 ], [ 129.38668, 37.0886464 ], [ 129.3866535, 37.0886544 ] ] ] } },
{ "type": "Feature", "properties": { "element": "way", "id": 1305129007, "building": "yes", "building:levels": null, "name": null, "name:ko": null, "name:en": null, "amenity": null, "shop": null, "office": null, "tourism": null, "social_facility": null, "healthcare": null, "addr:street": null, "addr:housenumber": null, "start_date": null, "centroid_x_5179": 1167712.3252873148, "centroid_y_5179": 1900646.7996087654, "footprint_area_m2": 17178.977170192076 }, "geometry": { "type": "Polygon", "coordinates": [ [ [ 129.38626690000001, 37.0893195 ], [ 129.3862875, 37.0893562 ], [ 129.3861823, 37.0894469 ], [ 129.386766599999987, 37.0898787 ], [ 129.386799200000013, 37.0899027 ], [ 129.387248, 37.0902343 ], [ 129.387274100000013, 37.0902119 ], [ 129.3872946, 37.090227 ], [ 129.387366, 37.0901656 ], [ 129.3876526, 37.0903774 ], [ 129.3879739, 37.0901007 ], [ 129.3879484, 37.0900818 ], [ 129.3879724, 37.0900611 ], [ 129.3879958, 37.090041 ], [ 129.3878776, 37.0899537 ], [ 129.3878612, 37.0899416 ], [ 129.3878459, 37.0899303 ], [ 129.3874434, 37.0896329 ], [ 129.3878173, 37.0893109 ], [ 129.3878003, 37.0892983 ], [ 129.3878493, 37.0892561 ], [ 129.387751, 37.0891835 ], [ 129.387702, 37.0892257 ], [ 129.3875852, 37.0891394 ], [ 129.3876512, 37.0890826 ], [ 129.3871555, 37.0887163 ], [ 129.3869982, 37.0888518 ], [ 129.38692850000001, 37.0888003 ], [ 129.3867136, 37.0889854 ], [ 129.386261600000012, 37.0886515 ], [ 129.3862062, 37.0886992 ], [ 129.3862235, 37.0887121 ], [ 129.3860206, 37.0888868 ], [ 129.386322400000012, 37.0891098 ], [ 129.3861685, 37.0890637 ], [ 129.3861638, 37.0890736 ], [ 129.3860972, 37.0890536 ], [ 129.3861118, 37.0890224 ], [ 129.3860339, 37.0889991 ], [ 129.3859879, 37.0890967 ], [ 129.3861325, 37.08914 ], [ 129.3861235, 37.0891591 ], [ 129.386261, 37.0892003 ], [ 129.386253399999987, 37.0892401 ], [ 129.386255299999988, 37.0892803 ], [ 129.38626690000001, 37.0893195 ] ] ] } },
{ "type": "Feature", "properties": { "element": "way", "id": 1305129010, "building": "yes", "building:levels": null, "name": null, "name:ko": null, "name:en": null, "amenity": null, "shop": null, "office": null, "tourism": null, "social_facility": null, "healthcare": null, "addr:street": null, "addr:housenumber": null, "start_date": null, "centroid_x_5179": 1167648.8763322961, "centroid_y_5179": 1900696.4736816708, "footprint_area_m2": 94.778689878477294 }, "geometry": { "type": "Polygon", "coordinates": [ [ [ 129.386289799999986, 37.0899844 ], [ 129.3864199, 37.089879 ], [ 129.386373600000013, 37.0898427 ], [ 129.3862435, 37.089948 ], [ 129.386289799999986, 37.0899844 ] ] ] } },
{ "type": "Feature", "properties": { "element": "way", "id": 1305129013, "building": "yes", "building:levels": null, "name": null, "name:ko": null, "name:en": null, "amenity": null, "shop": null, "office": null, "tourism": null, "social_facility": null, "healthcare": null, "addr:street": null, "addr:housenumber": null, "start_date": null, "centroid_x_5179": 1167819.8536267446, "centroid_y_5179": 1900738.8215493073, "footprint_area_m2": 7.3469522696345049 }, "geometry": { "type": "Polygon", "coordinates": [ [ [ 129.3882884, 37.0902714 ], [ 129.3882524, 37.0902459 ], [ 129.3882396, 37.0902575 ], [ 129.3882755, 37.090283 ], [ 129.3882884, 37.0902714 ] ] ] } },
{ "type": "Feature", "properties": { "element": "way", "id": 1305129014, "building": "yes", "building:levels": null, "name": null, "name:ko": null, "name:en": null, "amenity": null, "shop": null, "office": null, "tourism": null, "social_facility": null, "healthcare": null, "addr:street": null, "addr:housenumber": null, "start_date": null, "centroid_x_5179": 1167823.6803336642, "centroid_y_5179": 1900742.5032585955, "footprint_area_m2": 8.012391958900805 }, "geometry": { "type": "Polygon", "coordinates": [ [ [ 129.38829770000001, 37.0902781 ], [ 129.388283199999989, 37.0902911 ], [ 129.3883179, 37.0903158 ], [ 129.3883325, 37.0903027 ], [ 129.38829770000001, 37.0902781 ] ] ] } },
{ "type": "Feature", "properties": { "element": "way", "id": 1305129015, "building": "yes", "building:levels": null, "name": null, "name:ko": null, "name:en": null, "amenity": null, "shop": null, "office": null, "tourism": null, "social_facility": null, "healthcare": null, "addr:street": null, "addr:housenumber": null, "start_date": null, "centroid_x_5179": 1167835.0667620904, "centroid_y_5179": 1900753.9079818272, "footprint_area_m2": 10.432686099786652 }, "geometry": { "type": "Polygon", "coordinates": [ [ [ 129.3884128, 37.0903992 ], [ 129.3884395, 37.0904182 ], [ 129.3884641, 37.0903961 ], [ 129.388437399999987, 37.0903771 ], [ 129.3884128, 37.0903992 ] ] ] } },
{ "type": "Feature", "properties": { "element": "way", "id": 1305129016, "building": "yes", "building:levels": null, "name": null, "name:ko": null, "name:en": null, "amenity": null, "shop": null, "office": null, "tourism": null, "social_facility": null, "healthcare": null, "addr:street": null, "addr:housenumber": null, "start_date": null, "centroid_x_5179": 1167828.122419819, "centroid_y_5179": 1900749.848009625, "footprint_area_m2": 65.287358816187236 }, "geometry": { "type": "Polygon", "coordinates": [ [ [ 129.3883751, 37.0904139 ], [ 129.388425500000011, 37.0903687 ], [ 129.3883438, 37.0903107 ], [ 129.3882934, 37.090356 ], [ 129.3883751, 37.0904139 ] ] ] } },
{ "type": "Feature", "properties": { "element": "way", "id": 1305129017, "building": "yes", "building:levels": null, "name": null, "name:ko": null, "name:en": null, "amenity": null, "shop": null, "office": null, "tourism": null, "social_facility": null, "healthcare": null, "addr:street": null, "addr:housenumber": null, "start_date": null, "centroid_x_5179": 1167803.6467458371, "centroid_y_5179": 1900783.9776974868, "footprint_area_m2": 1312.892414545777 }, "geometry": { "type": "Polygon", "coordinates": [ [ [ 129.3883869, 37.0906169 ], [ 129.3882477, 37.0905122 ], [ 129.3882274, 37.0905293 ], [ 129.388199, 37.090508 ], [ 129.3881141, 37.0904441 ], [ 129.3878412, 37.090675 ], [ 129.3878985, 37.0907181 ], [ 129.387839500000013, 37.090768 ], [ 129.388034800000014, 37.0909149 ], [ 129.3883869, 37.0906169 ] ] ] } },
{ "type": "Feature", "properties": { "element": "way", "id": 1305129024, "building": "watchtower", "building:levels": null, "name": null, "name:ko": null, "name:en": null, "amenity": null, "shop": null, "office": null, "tourism": null, "social_facility": null, "healthcare": null, "addr:street": null, "addr:housenumber": null, "start_date": null, "centroid_x_5179": 1167970.8134489611, "centroid_y_5179": 1900640.5756929612, "footprint_area_m2": 19.301053547681732 }, "geometry": { "type": "Polygon", "coordinates": [ [ [ 129.3899374, 37.0893805 ], [ 129.38997470000001, 37.0893478 ], [ 129.389942100000013, 37.089324 ], [ 129.389904699999988, 37.0893568 ], [ 129.3899374, 37.0893805 ] ] ] } },
{ "type": "Feature", "properties": { "element": "way", "id": 1305129027, "building": "industrial", "building:levels": null, "name": null, "name:ko": null, "name:en": null, "amenity": null, "shop": null, "office": null, "tourism": null, "social_facility": null, "healthcare": null, "addr:street": null, "addr:housenumber": null, "start_date": null, "centroid_x_5179": 1167808.6827794488, "centroid_y_5179": 1900503.9148196022, "footprint_area_m2": 40.780673056295896 }, "geometry": { "type": "Polygon", "coordinates": [ [ [ 129.388057300000014, 37.0881969 ], [ 129.3881442, 37.0881268 ], [ 129.388114300000012, 37.0881033 ], [ 129.3880275, 37.0881734 ], [ 129.388057300000014, 37.0881969 ] ] ] } },
{ "type": "Feature", "properties": { "element": "way", "id": 1305129036, "building": "industrial", "building:levels": null, "name": null, "name:ko": null, "name:en": null, "amenity": null, "shop": null, "office": null, "tourism": null, "social_facility": null, "healthcare": null, "addr:street": null, "addr:housenumber": null, "start_date": null, "centroid_x_5179": 1167809.5022340787, "centroid_y_5179": 1900560.0123781534, "footprint_area_m2": 27.105247532990013 }, "geometry": { "type": "Polygon", "coordinates": [ [ [ 129.3880825, 37.0886942 ], [ 129.3881561, 37.088635 ], [ 129.3881328, 37.0886165 ], [ 129.3880591, 37.0886756 ], [ 129.3880825, 37.0886942 ] ] ] } },
{ "type": "Feature", "properties": { "element": "way", "id": 1305129037, "building": "industrial", "building:levels": null, "name": null, "name:ko": null, "name:en": null, "amenity": null, "shop": null, "office": null, "tourism": null, "social_facility": null, "healthcare": null, "addr:street": null, "addr:housenumber": null, "start_date": null, "centroid_x_5179": 1167717.5924789524, "centroid_y_5179": 1900473.6912179322, "footprint_area_m2": 65.696855523876962 }, "geometry": { "type": "Polygon", "coordinates": [ [ [ 129.3871249, 37.0878669 ], [ 129.3870824, 37.0878359 ], [ 129.386984500000011, 37.0879214 ], [ 129.3870269, 37.0879523 ], [ 129.3871249, 37.0878669 ] ] ] } },
{ "type": "Feature", "properties": { "element": "way", "id": 1305129038, "building": "industrial", "building:levels": null, "name": null, "name:ko": null, "name:en": null, "amenity": null, "shop": null, "office": null, "tourism": null, "social_facility": null, "healthcare": null, "addr:street": null, "addr:housenumber": null, "start_date": null, "centroid_x_5179": 1167732.5071460018, "centroid_y_5179": 1900466.6446782234, "footprint_area_m2": 58.139101261393463 }, "geometry": { "type": "Polygon", "coordinates": [ [ [ 129.3872068, 37.0877794 ], [ 129.387158699999986, 37.0878229 ], [ 129.38723490000001, 37.0878765 ], [ 129.387283, 37.087833 ], [ 129.3872068, 37.0877794 ] ] ] } },
{ "type": "Feature", "properties": { "element": "way", "id": 1305129039, "building": "storage_tank", "building:levels": null, "name": null, "name:ko": null, "name:en": null, "amenity": null, "shop": null, "office": null, "tourism": null, "social_facility": null, "healthcare": null, "addr:street": null, "addr:housenumber": null, "start_date": null, "centroid_x_5179": 1167748.3386965557, "centroid_y_5179": 1900452.875059868, "footprint_area_m2": 138.20435554680904 }, "geometry": { "type": "Polygon", "coordinates": [ [ [ 129.3873482, 37.0877891 ], [ 129.3875007, 37.0876542 ], [ 129.387443499999989, 37.087613 ], [ 129.387290900000011, 37.0877479 ], [ 129.3873482, 37.0877891 ] ] ] } },
{ "type": "Feature", "properties": { "element": "way", "id": 1305129040, "building": "industrial", "building:levels": null, "name": null, "name:ko": null, "name:en": null, "amenity": null, "shop": null, "office": null, "tourism": null, "social_facility": null, "healthcare": null, "addr:street": null, "addr:housenumber": null, "start_date": null, "centroid_x_5179": 1167743.5650594542, "centroid_y_5179": 1900514.7023461824, "footprint_area_m2": 2315.8007758331173 }, "geometry": { "type": "Polygon", "coordinates": [ [ [ 129.3875218, 37.0885809 ], [ 129.3877731, 37.088361 ], [ 129.38719, 37.087937 ], [ 129.3869388, 37.0881568 ], [ 129.3875218, 37.0885809 ] ] ] } },
{ "type": "Feature", "properties": { "element": "way", "id": 1305129041, "building": "storage_tank", "building:levels": null, "name": null, "name:ko": null, "name:en": null, "amenity": null, "shop": null, "office": null, "tourism": null, "social_facility": null, "healthcare": null, "addr:street": null, "addr:housenumber": null, "start_date": null, "centroid_x_5179": 1167786.5957356126, "centroid_y_5179": 1900565.1504782923, "footprint_area_m2": 281.02269282149393 }, "geometry": { "type": "Polygon", "coordinates": [ [ [ 129.3877579, 37.0886631 ], [ 129.3877459, 37.0886881 ], [ 129.3877443, 37.0887149 ], [ 129.3877531, 37.0887408 ], [ 129.3877714, 37.0887633 ], [ 129.3877976, 37.0887801 ], [ 129.3878291, 37.0887897 ], [ 129.3878627, 37.088791 ], [ 129.3878951, 37.088784 ], [ 129.387923300000011, 37.0887693 ], [ 129.3879444, 37.0887484 ], [ 129.387956300000013, 37.0887233 ], [ 129.387958, 37.0886965 ], [ 129.3879492, 37.0886706 ], [ 129.3879308, 37.0886482 ], [ 129.387904600000013, 37.0886313 ], [ 129.3878732, 37.0886218 ], [ 129.3878396, 37.0886205 ], [ 129.3878071, 37.0886275 ], [ 129.387779, 37.0886422 ], [ 129.3877579, 37.0886631 ] ] ] } },
{ "type": "Feature", "properties": { "element": "way", "id": 1305129042, "building": "storage_tank", "building:levels": null, "name": null, "name:ko": null, "name:en": null, "amenity": null, "shop": null, "office": null, "tourism": null, "social_facility": null, "healthcare": null, "addr:street": null, "addr:housenumber": null, "start_date": null, "centroid_x_5179": 1167806.2688482536, "centroid_y_5179": 1900544.5085767175, "footprint_area_m2": 280.97567798424035 }, "geometry": { "type": "Polygon", "coordinates": [ [ [ 129.387974500000013, 37.0884736 ], [ 129.3879626, 37.0884986 ], [ 129.3879609, 37.0885254 ], [ 129.387969700000014, 37.0885513 ], [ 129.3879881, 37.0885738 ], [ 129.3880143, 37.0885906 ], [ 129.3880457, 37.0886002 ], [ 129.388079299999987, 37.0886015 ], [ 129.3881118, 37.0885945 ], [ 129.3881399, 37.0885798 ], [ 129.388161, 37.0885589 ], [ 129.388173, 37.0885338 ], [ 129.388174600000013, 37.088507 ], [ 129.3881658, 37.0884811 ], [ 129.3881474, 37.0884587 ], [ 129.3881213, 37.0884419 ], [ 129.388089799999989, 37.0884323 ], [ 129.3880562, 37.088431 ], [ 129.388023800000013, 37.088438 ], [ 129.387995600000011, 37.0884527 ], [ 129.387974500000013, 37.0884736 ] ] ] } },
{ "type": "Feature", "properties": { "element": "way", "id": 1305129043, "building": "storage_tank", "building:levels": null, "name": null, "name:ko": null, "name:en": null, "amenity": null, "shop": null, "office": null, "tourism": null, "social_facility": null, "healthcare": null, "addr:street": null, "addr:housenumber": null, "start_date": null, "centroid_x_5179": 1167828.4618322449, "centroid_y_5179": 1900516.7620995732, "footprint_area_m2": 173.45383632299507 }, "geometry": { "type": "Polygon", "coordinates": [ [ [ 129.3882486, 37.0882168 ], [ 129.3882329, 37.0882366 ], [ 129.3882266, 37.0882595 ], [ 129.3882305, 37.0882827 ], [ 129.3882441, 37.0883035 ], [ 129.3882658, 37.0883193 ], [ 129.388293, 37.0883282 ], [ 129.3883223, 37.0883292 ], [ 129.3883504, 37.0883221 ], [ 129.3883736, 37.0883078 ], [ 129.3883894, 37.088288 ], [ 129.3883957, 37.0882651 ], [ 129.3883918, 37.0882419 ], [ 129.3883782, 37.0882211 ], [ 129.388356499999986, 37.0882053 ], [ 129.3883293, 37.0881964 ], [ 129.3882999, 37.0881954 ], [ 129.3882719, 37.0882025 ], [ 129.3882486, 37.0882168 ] ] ] } },
{ "type": "Feature", "properties": { "element": "way", "id": 1305129044, "building": "storage_tank", "building:levels": null, "name": null, "name:ko": null, "name:en": null, "amenity": null, "shop": null, "office": null, "tourism": null, "social_facility": null, "healthcare": null, "addr:street": null, "addr:housenumber": null, "start_date": null, "centroid_x_5179": 1167849.4257724476, "centroid_y_5179": 1900536.6573272052, "footprint_area_m2": 173.49002500057864 }, "geometry": { "type": "Polygon", "coordinates": [ [ [ 129.3884888, 37.0883923 ], [ 129.3884731, 37.0884121 ], [ 129.3884668, 37.088435 ], [ 129.3884707, 37.0884582 ], [ 129.388484299999988, 37.088479 ], [ 129.388506, 37.0884948 ], [ 129.388533200000012, 37.0885037 ], [ 129.3885625, 37.0885047 ], [ 129.388590599999986, 37.0884976 ], [ 129.3886138, 37.0884833 ], [ 129.3886296, 37.0884635 ], [ 129.3886359, 37.0884406 ], [ 129.388632, 37.0884173 ], [ 129.388618400000013, 37.0883966 ], [ 129.3885967, 37.0883808 ], [ 129.388569499999988, 37.0883718 ], [ 129.3885401, 37.0883709 ], [ 129.388512100000014, 37.088378 ], [ 129.3884888, 37.0883923 ] ] ] } },
{ "type": "Feature", "properties": { "element": "way", "id": 1305129045, "building": "industrial", "building:levels": null, "name": null, "name:ko": null, "name:en": null, "amenity": null, "shop": null, "office": null, "tourism": null, "social_facility": null, "healthcare": null, "addr:street": null, "addr:housenumber": null, "start_date": null, "centroid_x_5179": 1167822.4380419904, "centroid_y_5179": 1900549.8288884128, "footprint_area_m2": 133.49028526368915 }, "geometry": { "type": "Polygon", "coordinates": [ [ [ 129.388225, 37.0886398 ], [ 129.3883462, 37.0885332 ], [ 129.388276600000012, 37.0884828 ], [ 129.388155399999988, 37.0885893 ], [ 129.388225, 37.0886398 ] ] ] } },
{ "type": "Feature", "properties": { "element": "way", "id": 1305129046, "building": "industrial", "building:levels": null, "name": null, "name:ko": null, "name:en": null, "amenity": null, "shop": null, "office": null, "tourism": null, "social_facility": null, "healthcare": null, "addr:street": null, "addr:housenumber": null, "start_date": null, "centroid_x_5179": 1167824.122196472, "centroid_y_5179": 1900580.5027688995, "footprint_area_m2": 1663.3746454574843 }, "geometry": { "type": "Polygon", "coordinates": [ [ [ 129.3883993, 37.0885537 ], [ 129.3879294, 37.0889529 ], [ 129.3881539, 37.089121 ], [ 129.3886238, 37.0887217 ], [ 129.3883993, 37.0885537 ] ] ] } },
{ "type": "Feature", "properties": { "element": "way", "id": 1305129047, "building": "industrial", "building:levels": null, "name": null, "name:ko": null, "name:en": null, "amenity": null, "shop": null, "office": null, "tourism": null, "social_facility": null, "healthcare": null, "addr:street": null, "addr:housenumber": null, "start_date": null, "centroid_x_5179": 1167870.6966054016, "centroid_y_5179": 1900578.8002509747, "footprint_area_m2": 83.229849901027023 }, "geometry": { "type": "Polygon", "coordinates": [ [ [ 129.3888254, 37.0888739 ], [ 129.388877, 37.0888302 ], [ 129.388774500000011, 37.0887534 ], [ 129.388723, 37.0887971 ], [ 129.3888254, 37.0888739 ] ] ] } },
{ "type": "Feature", "properties": { "element": "way", "id": 1305129048, "building": "industrial", "building:levels": null, "name": null, "name:ko": null, "name:en": null, "amenity": null, "shop": null, "office": null, "tourism": null, "social_facility": null, "healthcare": null, "addr:street": null, "addr:housenumber": null, "start_date": null, "centroid_x_5179": 1167881.6721403282, "centroid_y_5179": 1900579.1790381148, "footprint_area_m2": 60.968366399430082 }, "geometry": { "type": "Polygon", "coordinates": [ [ [ 129.388902, 37.0887636 ], [ 129.388857699999988, 37.0888012 ], [ 129.388945, 37.0888666 ], [ 129.3889893, 37.088829 ], [ 129.388902, 37.0887636 ] ] ] } },
{ "type": "Feature", "properties": { "element": "way", "id": 1305129049, "building": "industrial", "building:levels": null, "name": null, "name:ko": null, "name:en": null, "amenity": null, "shop": null, "office": null, "tourism": null, "social_facility": null, "healthcare": null, "addr:street": null, "addr:housenumber": null, "start_date": null, "centroid_x_5179": 1167869.6702154125, "centroid_y_5179": 1900557.5959389112, "footprint_area_m2": 623.06175200199289 }, "geometry": { "type": "Polygon", "coordinates": [ [ [ 129.3888296, 37.0887832 ], [ 129.3889876, 37.0886474 ], [ 129.3887378, 37.0884624 ], [ 129.3885798, 37.0885982 ], [ 129.3888296, 37.0887832 ] ] ] } },
{ "type": "Feature", "properties": { "element": "way", "id": 1305129055, "building": "watchtower", "building:levels": null, "name": null, "name:ko": null, "name:en": null, "amenity": null, "shop": null, "office": null, "tourism": null, "social_facility": null, "healthcare": null, "addr:street": null, "addr:housenumber": null, "start_date": null, "centroid_x_5179": 1167387.8415696991, "centroid_y_5179": 1900649.5990865016, "footprint_area_m2": 14.468360236231394 }, "geometry": { "type": "Polygon", "coordinates": [ [ [ 129.3833856, 37.0895137 ], [ 129.3833553, 37.0895368 ], [ 129.3833856, 37.0895621 ], [ 129.383415899999989, 37.089539 ], [ 129.3833856, 37.0895137 ] ] ] } },
{ "type": "Feature", "properties": { "element": "way", "id": 1305129056, "building": "watchtower", "building:levels": null, "name": null, "name:ko": null, "name:en": null, "amenity": null, "shop": null, "office": null, "tourism": null, "social_facility": null, "healthcare": null, "addr:street": null, "addr:housenumber": null, "start_date": null, "centroid_x_5179": 1167312.0949634931, "centroid_y_5179": 1900661.2779797916, "footprint_area_m2": 20.342202893739923 }, "geometry": { "type": "Polygon", "coordinates": [ [ [ 129.382565699999986, 37.08964 ], [ 129.3825133, 37.0896346 ], [ 129.382507, 37.0896733 ], [ 129.3825594, 37.0896787 ], [ 129.382565699999986, 37.08964 ] ] ] } },
{ "type": "Feature", "properties": { "element": "way", "id": 1305129057, "building": "industrial", "building:levels": null, "name": null, "name:ko": null, "name:en": null, "amenity": null, "shop": null, "office": null, "tourism": null, "social_facility": null, "healthcare": null, "addr:street": null, "addr:housenumber": null, "start_date": null, "centroid_x_5179": 1167333.3464922754, "centroid_y_5179": 1900643.3973371892, "footprint_area_m2": 624.75426063310715 }, "geometry": { "type": "Polygon", "coordinates": [ [ [ 129.382655699999987, 37.0896817 ], [ 129.3830016, 37.0893874 ], [ 129.3828871, 37.0893018 ], [ 129.3825411, 37.0895961 ], [ 129.382655699999987, 37.0896817 ] ] ] } },
{ "type": "Feature", "properties": { "element": "way", "id": 1305129058, "building": "industrial", "building:levels": null, "name": null, "name:ko": null, "name:en": null, "amenity": null, "shop": null, "office": null, "tourism": null, "social_facility": null, "healthcare": null, "addr:street": null, "addr:housenumber": null, "start_date": null, "centroid_x_5179": 1167190.2237081167, "centroid_y_5179": 1900713.705756556, "footprint_area_m2": 734.66328952125366 }, "geometry": { "type": "Polygon", "coordinates": [ [ [ 129.3811584, 37.0903252 ], [ 129.381394, 37.0901222 ], [ 129.381196499999987, 37.0899763 ], [ 129.3809609, 37.0901793 ], [ 129.3811584, 37.0903252 ] ] ] } },
{ "type": "Feature", "properties": { "element": "way", "id": 1305129063, "building": "yes", "building:levels": null, "name": null, "name:ko": null, "name:en": null, "amenity": null, "shop": null, "office": null, "tourism": null, "social_facility": null, "healthcare": null, "addr:street": null, "addr:housenumber": null, "start_date": null, "centroid_x_5179": 1166757.7540529713, "centroid_y_5179": 1901002.6218208175, "footprint_area_m2": 184.71777553595217 }, "geometry": { "type": "Polygon", "coordinates": [ [ [ 129.3763901, 37.0929177 ], [ 129.376487, 37.0928399 ], [ 129.3763659, 37.0927439 ], [ 129.376269, 37.0928217 ], [ 129.3763901, 37.0929177 ] ] ] } },
{ "type": "Feature", "properties": { "element": "way", "id": 1305129066, "building": "yes", "building:levels": null, "name": null, "name:ko": null, "name:en": null, "amenity": null, "shop": null, "office": null, "tourism": null, "social_facility": null, "healthcare": null, "addr:street": null, "addr:housenumber": null, "start_date": null, "centroid_x_5179": 1166571.8392424993, "centroid_y_5179": 1900925.2001933625, "footprint_area_m2": 19.534626486228419 }, "geometry": { "type": "Polygon", "coordinates": [ [ [ 129.374302300000011, 37.0921797 ], [ 129.3742971, 37.092147 ], [ 129.3742375, 37.092153 ], [ 129.3742427, 37.0921857 ], [ 129.374302300000011, 37.0921797 ] ] ] } },
{ "type": "Feature", "properties": { "element": "way", "id": 1305129067, "building": "yes", "building:levels": null, "name": null, "name:ko": null, "name:en": null, "amenity": null, "shop": null, "office": null, "tourism": null, "social_facility": null, "healthcare": null, "addr:street": null, "addr:housenumber": null, "start_date": null, "centroid_x_5179": 1166572.50574061, "centroid_y_5179": 1900931.4239683712, "footprint_area_m2": 19.371241919460413 }, "geometry": { "type": "Polygon", "coordinates": [ [ [ 129.374251500000014, 37.0922415 ], [ 129.3743112, 37.0922355 ], [ 129.374306, 37.0922031 ], [ 129.3742464, 37.0922091 ], [ 129.374251500000014, 37.0922415 ] ] ] } },
{ "type": "Feature", "properties": { "element": "way", "id": 1305129088, "building": "yes", "building:levels": null, "name": null, "name:ko": null, "name:en": null, "amenity": null, "shop": null, "office": null, "tourism": null, "social_facility": null, "healthcare": null, "addr:street": null, "addr:housenumber": null, "start_date": null, "centroid_x_5179": 1167531.2602953457, "centroid_y_5179": 1900336.1536936841, "footprint_area_m2": 272.75949414693559 }, "geometry": { "type": "Polygon", "coordinates": [ [ [ 129.3850232, 37.0868101 ], [ 129.3850904, 37.0867505 ], [ 129.3848338, 37.0865665 ], [ 129.3847667, 37.0866261 ], [ 129.3850232, 37.0868101 ] ] ] } },
{ "type": "Feature", "properties": { "element": "way", "id": 1305129089, "building": "yes", "building:levels": null, "name": null, "name:ko": null, "name:en": null, "amenity": null, "shop": null, "office": null, "tourism": null, "social_facility": null, "healthcare": null, "addr:street": null, "addr:housenumber": null, "start_date": null, "centroid_x_5179": 1167486.7285477424, "centroid_y_5179": 1900265.0001675803, "footprint_area_m2": 391.93954087496445 }, "geometry": { "type": "Polygon", "coordinates": [ [ [ 129.3844782, 37.0861874 ], [ 129.3845828, 37.0860964 ], [ 129.3843455, 37.085923 ], [ 129.384241, 37.0860141 ], [ 129.3844782, 37.0861874 ] ] ] } },
{ "type": "Feature", "properties": { "element": "way", "id": 1305129090, "building": "yes", "building:levels": null, "name": null, "name:ko": null, "name:en": null, "amenity": null, "shop": null, "office": null, "tourism": null, "social_facility": null, "healthcare": null, "addr:street": null, "addr:housenumber": null, "start_date": null, "centroid_x_5179": 1167512.3333366602, "centroid_y_5179": 1900284.213192818, "footprint_area_m2": 528.73812805905072 }, "geometry": { "type": "Polygon", "coordinates": [ [ [ 129.3846924, 37.0860963 ], [ 129.3846503, 37.0861329 ], [ 129.3846134, 37.086106 ], [ 129.3845053, 37.0862002 ], [ 129.3846725, 37.0863223 ], [ 129.38469520000001, 37.0863025 ], [ 129.3847729, 37.0863592 ], [ 129.3849004, 37.0862482 ], [ 129.3846924, 37.0860963 ] ] ] } },
{ "type": "Feature", "properties": { "element": "way", "id": 1305129091, "building": "yes", "building:levels": null, "name": null, "name:ko": null, "name:en": null, "amenity": null, "shop": null, "office": null, "tourism": null, "social_facility": null, "healthcare": null, "addr:street": null, "addr:housenumber": null, "start_date": null, "centroid_x_5179": 1167551.6089951925, "centroid_y_5179": 1900258.5234150309, "footprint_area_m2": 1322.3347008815924 }, "geometry": { "type": "Polygon", "coordinates": [ [ [ 129.3850999, 37.086235 ], [ 129.385399799999988, 37.085986 ], [ 129.3852728, 37.0858887 ], [ 129.385328, 37.0858428 ], [ 129.385179, 37.0857286 ], [ 129.3849261, 37.0859386 ], [ 129.3849952, 37.0859916 ], [ 129.384893, 37.0860764 ], [ 129.3850999, 37.086235 ] ] ] } },
{ "type": "Feature", "properties": { "element": "way", "id": 1305129092, "building": "yes", "building:levels": null, "name": null, "name:ko": null, "name:en": null, "amenity": null, "shop": null, "office": null, "tourism": null, "social_facility": null, "healthcare": null, "addr:street": null, "addr:housenumber": null, "start_date": null, "centroid_x_5179": 1167426.7977067924, "centroid_y_5179": 1900299.8706250568, "footprint_area_m2": 1779.5197262121303 }, "geometry": { "type": "Polygon", "coordinates": [ [ [ 129.383933399999989, 37.086641 ], [ 129.3841309, 37.0864699 ], [ 129.383675899999986, 37.0861356 ], [ 129.3835755, 37.0862226 ], [ 129.383512599999989, 37.0861764 ], [ 129.3833538, 37.0863141 ], [ 129.3836241, 37.0865126 ], [ 129.383685899999989, 37.0864591 ], [ 129.383933399999989, 37.086641 ] ] ] } },
{ "type": "Feature", "properties": { "element": "way", "id": 1305129093, "building": "yes", "building:levels": null, "name": null, "name:ko": null, "name:en": null, "amenity": null, "shop": null, "office": null, "tourism": null, "social_facility": null, "healthcare": null, "addr:street": null, "addr:housenumber": null, "start_date": null, "centroid_x_5179": 1167409.7685046995, "centroid_y_5179": 1900237.3076005122, "footprint_area_m2": 1960.5176126733531 }, "geometry": { "type": "Polygon", "coordinates": [ [ [ 129.3838805, 37.0856974 ], [ 129.3836393, 37.0855151 ], [ 129.3831856, 37.0858971 ], [ 129.3834804, 37.0861199 ], [ 129.3837589, 37.0858855 ], [ 129.3837053, 37.085845 ], [ 129.3838805, 37.0856974 ] ] ] } },
{ "type": "Feature", "properties": { "element": "way", "id": 1305129094, "building": "yes", "building:levels": null, "name": null, "name:ko": null, "name:en": null, "amenity": null, "shop": null, "office": null, "tourism": null, "social_facility": null, "healthcare": null, "addr:street": null, "addr:housenumber": null, "start_date": null, "centroid_x_5179": 1167458.2088973939, "centroid_y_5179": 1900190.8173113971, "footprint_area_m2": 2336.6821003309674 }, "geometry": { "type": "Polygon", "coordinates": [ [ [ 129.384086700000012, 37.0851123 ], [ 129.3836483, 37.0854819 ], [ 129.3838441, 37.0856297 ], [ 129.3839534, 37.0855376 ], [ 129.3841066, 37.0856532 ], [ 129.3844901, 37.0853298 ], [ 129.3842703, 37.085164 ], [ 129.384216, 37.0852098 ], [ 129.384086700000012, 37.0851123 ] ] ] } },
{ "type": "Feature", "properties": { "element": "way", "id": 1305129097, "building": "yes", "building:levels": null, "name": null, "name:ko": null, "name:en": null, "amenity": null, "shop": null, "office": null, "tourism": null, "social_facility": null, "healthcare": null, "addr:street": null, "addr:housenumber": null, "start_date": null, "centroid_x_5179": 1167059.5076631568, "centroid_y_5179": 1900905.1979422809, "footprint_area_m2": 97.678795024119609 }, "geometry": { "type": "Polygon", "coordinates": [ [ [ 129.3797519, 37.0918356 ], [ 129.3796719, 37.0919125 ], [ 129.3797482, 37.091963 ], [ 129.3798281, 37.0918861 ], [ 129.3797519, 37.0918356 ] ] ] } },
{ "type": "Feature", "properties": { "element": "way", "id": 1305129098, "building": "industrial", "building:levels": null, "name": null, "name:ko": null, "name:en": null, "amenity": null, "shop": null, "office": null, "tourism": null, "social_facility": null, "healthcare": null, "addr:street": null, "addr:housenumber": null, "start_date": null, "centroid_x_5179": 1167562.2059615585, "centroid_y_5179": 1900577.6374528473, "footprint_area_m2": 2423.6325454663379 }, "geometry": { "type": "Polygon", "coordinates": [ [ [ 129.3851601, 37.0892094 ], [ 129.3857578, 37.0886989 ], [ 129.385500799999988, 37.0885074 ], [ 129.3849031, 37.0890179 ], [ 129.3851601, 37.0892094 ] ] ] } },
{ "type": "Feature", "properties": { "element": "way", "id": 1305129100, "building": "industrial", "building:levels": null, "name": null, "name:ko": null, "name:en": null, "amenity": null, "shop": null, "office": null, "tourism": null, "social_facility": null, "healthcare": null, "addr:street": null, "addr:housenumber": null, "start_date": null, "centroid_x_5179": 1167537.1126616229, "centroid_y_5179": 1901115.1774636146, "footprint_area_m2": 807.355325418044 }, "geometry": { "type": "Polygon", "coordinates": [ [ [ 129.3851435, 37.0938898 ], [ 129.38539560000001, 37.0936689 ], [ 129.385193, 37.0935218 ], [ 129.3849409, 37.0937427 ], [ 129.3851435, 37.0938898 ] ] ] } },
{ "type": "Feature", "properties": { "element": "way", "id": 1305129101, "building": "industrial", "building:levels": null, "name": null, "name:ko": null, "name:en": null, "amenity": null, "shop": null, "office": null, "tourism": null, "social_facility": null, "healthcare": null, "addr:street": null, "addr:housenumber": null, "start_date": null, "centroid_x_5179": 1167304.2583218962, "centroid_y_5179": 1900841.9486412983, "footprint_area_m2": 2130.1352108191686 }, "geometry": { "type": "Polygon", "coordinates": [ [ [ 129.3823543, 37.0916059 ], [ 129.382879699999989, 37.0911571 ], [ 129.382622700000013, 37.0909657 ], [ 129.3820973, 37.0914144 ], [ 129.3823543, 37.0916059 ] ] ] } },
{ "type": "Feature", "properties": { "element": "way", "id": 1305129128, "building": "yes", "building:levels": null, "name": null, "name:ko": null, "name:en": null, "amenity": null, "shop": null, "office": null, "tourism": null, "social_facility": null, "healthcare": null, "addr:street": null, "addr:housenumber": null, "start_date": null, "centroid_x_5179": 1167183.8632599935, "centroid_y_5179": 1901466.1239409975, "footprint_area_m2": 184.6146369491567 }, "geometry": { "type": "Polygon", "coordinates": [ [ [ 129.3812739, 37.0970174 ], [ 129.3813815, 37.0969211 ], [ 129.38127320000001, 37.0968441 ], [ 129.3811656, 37.0969403 ], [ 129.3812739, 37.0970174 ] ] ] } },
{ "type": "Feature", "properties": { "element": "way", "id": 1305129130, "building": "yes", "building:levels": null, "name": null, "name:ko": null, "name:en": null, "amenity": null, "shop": null, "office": null, "tourism": null, "social_facility": null, "healthcare": null, "addr:street": null, "addr:housenumber": null, "start_date": null, "centroid_x_5179": 1167169.1119909112, "centroid_y_5179": 1901480.1079926391, "footprint_area_m2": 42.703277205892505 }, "geometry": { "type": "Polygon", "coordinates": [ [ [ 129.3810938, 37.0970271 ], [ 129.381070200000011, 37.0970462 ], [ 129.3810704, 37.0970729 ], [ 129.3810942, 37.0970917 ], [ 129.3811277, 37.0970916 ], [ 129.3811394, 37.0970822 ], [ 129.3811513, 37.0970725 ], [ 129.381151100000011, 37.0970458 ], [ 129.3811273, 37.097027 ], [ 129.3810938, 37.0970271 ] ] ] } },
{ "type": "Feature", "properties": { "element": "way", "id": 1305129131, "building": "yes", "building:levels": null, "name": null, "name:ko": null, "name:en": null, "amenity": null, "shop": null, "office": null, "tourism": null, "social_facility": null, "healthcare": null, "addr:street": null, "addr:housenumber": null, "start_date": null, "centroid_x_5179": 1167151.0273720478, "centroid_y_5179": 1901499.1024747046, "footprint_area_m2": 42.760981812409618 }, "geometry": { "type": "Polygon", "coordinates": [ [ [ 129.3808946, 37.0972015 ], [ 129.380871, 37.0972205 ], [ 129.3808712, 37.0972473 ], [ 129.380895, 37.0972661 ], [ 129.3809286, 37.0972659 ], [ 129.380939899999987, 37.0972568 ], [ 129.3809522, 37.0972469 ], [ 129.380952, 37.0972202 ], [ 129.3809281, 37.0972013 ], [ 129.3808946, 37.0972015 ] ] ] } },
{ "type": "Feature", "properties": { "element": "way", "id": 1305129132, "building": "yes", "building:levels": null, "name": null, "name:ko": null, "name:en": null, "amenity": null, "shop": null, "office": null, "tourism": null, "social_facility": null, "healthcare": null, "addr:street": null, "addr:housenumber": null, "start_date": null, "centroid_x_5179": 1167138.4985514267, "centroid_y_5179": 1901511.4982255623, "footprint_area_m2": 42.678444840003287 }, "geometry": { "type": "Polygon", "coordinates": [ [ [ 129.3807565, 37.0973154 ], [ 129.3807329, 37.0973344 ], [ 129.380733099999986, 37.0973612 ], [ 129.3807569, 37.09738 ], [ 129.3807904, 37.0973798 ], [ 129.3808022, 37.0973703 ], [ 129.380814, 37.0973608 ], [ 129.3808138, 37.0973341 ], [ 129.38079, 37.0973153 ], [ 129.3807565, 37.0973154 ] ] ] } },
{ "type": "Feature", "properties": { "element": "way", "id": 1305129133, "building": "yes", "building:levels": null, "name": null, "name:ko": null, "name:en": null, "amenity": null, "shop": null, "office": null, "tourism": null, "social_facility": null, "healthcare": null, "addr:street": null, "addr:housenumber": null, "start_date": null, "centroid_x_5179": 1167120.6775624556, "centroid_y_5179": 1901530.3304484459, "footprint_area_m2": 42.705569536881114 }, "geometry": { "type": "Polygon", "coordinates": [ [ [ 129.3805602, 37.0974883 ], [ 129.3805366, 37.0975073 ], [ 129.380536799999987, 37.097534 ], [ 129.3805606, 37.0975528 ], [ 129.3805942, 37.0975527 ], [ 129.3806059, 37.0975432 ], [ 129.380617699999988, 37.0975337 ], [ 129.3806176, 37.0975069 ], [ 129.3805937, 37.0974881 ], [ 129.3805602, 37.0974883 ] ] ] } },
{ "type": "Feature", "properties": { "element": "way", "id": 1305129139, "building": "yes", "building:levels": null, "name": null, "name:ko": null, "name:en": null, "amenity": null, "shop": null, "office": null, "tourism": null, "social_facility": null, "healthcare": null, "addr:street": null, "addr:housenumber": null, "start_date": null, "centroid_x_5179": 1166702.4289867501, "centroid_y_5179": 1901858.681649012, "footprint_area_m2": 35.991225890365058 }, "geometry": { "type": "Polygon", "coordinates": [ [ [ 129.3759498, 37.1005913 ], [ 129.3759935, 37.1005489 ], [ 129.3759421, 37.1005152 ], [ 129.3758985, 37.1005577 ], [ 129.3759498, 37.1005913 ] ] ] } },
{ "type": "Feature", "properties": { "element": "way", "id": 1305129140, "building": "yes", "building:levels": null, "name": null, "name:ko": null, "name:en": null, "amenity": null, "shop": null, "office": null, "tourism": null, "social_facility": null, "healthcare": null, "addr:street": null, "addr:housenumber": null, "start_date": null, "centroid_x_5179": 1166832.3301771837, "centroid_y_5179": 1901408.8254051527, "footprint_area_m2": 442.39284974128589 }, "geometry": { "type": "Polygon", "coordinates": [ [ [ 129.377244, 37.0966238 ], [ 129.377486, 37.0964167 ], [ 129.3773701, 37.0963306 ], [ 129.3771281, 37.0965376 ], [ 129.377244, 37.0966238 ] ] ] } },
{ "type": "Feature", "properties": { "element": "way", "id": 1305129142, "building": "yes", "building:levels": null, "name": null, "name:ko": null, "name:en": null, "amenity": null, "shop": null, "office": null, "tourism": null, "social_facility": null, "healthcare": null, "addr:street": null, "addr:housenumber": null, "start_date": null, "centroid_x_5179": 1166901.1868542407, "centroid_y_5179": 1901417.2923560273, "footprint_area_m2": 1126.4810961621038 }, "geometry": { "type": "Polygon", "coordinates": [ [ [ 129.3780726, 37.0967558 ], [ 129.3783507, 37.0965155 ], [ 129.3780942, 37.0963266 ], [ 129.377816, 37.0965669 ], [ 129.3780726, 37.0967558 ] ] ] } },
{ "type": "Feature", "properties": { "element": "way", "id": 1305129157, "building": "yes", "building:levels": null, "name": null, "name:ko": null, "name:en": null, "amenity": null, "shop": null, "office": null, "tourism": null, "social_facility": null, "healthcare": null, "addr:street": null, "addr:housenumber": null, "start_date": null, "centroid_x_5179": 1166811.2678930005, "centroid_y_5179": 1901903.3958075438, "footprint_area_m2": 177.4043958043016 }, "geometry": { "type": "Polygon", "coordinates": [ [ [ 129.3771896, 37.1010211 ], [ 129.3772859, 37.1009295 ], [ 129.3771707, 37.1008524 ], [ 129.3770743, 37.1009439 ], [ 129.3771896, 37.1010211 ] ] ] } },
{ "type": "Feature", "properties": { "element": "way", "id": 1305129173, "building": "yes", "building:levels": null, "name": null, "name:ko": null, "name:en": null, "amenity": null, "shop": null, "office": null, "tourism": null, "social_facility": null, "healthcare": null, "addr:street": null, "addr:housenumber": null, "start_date": null, "centroid_x_5179": 1166774.5651558433, "centroid_y_5179": 1901502.5574805748, "footprint_area_m2": 707.56905038843809 }, "geometry": { "type": "Polygon", "coordinates": [ [ [ 129.3768935, 37.097284 ], [ 129.376718, 37.0971565 ], [ 129.3764629, 37.0973799 ], [ 129.3766383, 37.0975074 ], [ 129.3768935, 37.097284 ] ] ] } },
{ "type": "Feature", "properties": { "element": "way", "id": 1305129174, "building": "yes", "building:levels": null, "name": null, "name:ko": null, "name:en": null, "amenity": null, "shop": null, "office": null, "tourism": null, "social_facility": null, "healthcare": null, "addr:street": null, "addr:housenumber": null, "start_date": null, "centroid_x_5179": 1166801.189096373, "centroid_y_5179": 1901527.6938616224, "footprint_area_m2": 722.08244042432727 }, "geometry": { "type": "Polygon", "coordinates": [ [ [ 129.3772003, 37.0975071 ], [ 129.3770213, 37.0973769 ], [ 129.3767661, 37.0976003 ], [ 129.3769452, 37.0977304 ], [ 129.3772003, 37.0975071 ] ] ] } },
{ "type": "Feature", "properties": { "element": "way", "id": 1305129175, "building": "yes", "building:levels": null, "name": null, "name:ko": null, "name:en": null, "amenity": null, "shop": null, "office": null, "tourism": null, "social_facility": null, "healthcare": null, "addr:street": null, "addr:housenumber": null, "start_date": null, "centroid_x_5179": 1166826.4814188245, "centroid_y_5179": 1901551.5727299864, "footprint_area_m2": 724.14914248630282 }, "geometry": { "type": "Polygon", "coordinates": [ [ [ 129.3772352, 37.0979412 ], [ 129.3774904, 37.0977179 ], [ 129.3773108, 37.0975874 ], [ 129.3770556, 37.0978107 ], [ 129.3772352, 37.0979412 ] ] ] } },
{ "type": "Feature", "properties": { "element": "way", "id": 1305129176, "building": "yes", "building:levels": null, "name": null, "name:ko": null, "name:en": null, "amenity": null, "shop": null, "office": null, "tourism": null, "social_facility": null, "healthcare": null, "addr:street": null, "addr:housenumber": null, "start_date": null, "centroid_x_5179": 1166862.9335504784, "centroid_y_5179": 1901588.7108939774, "footprint_area_m2": 1944.1032846560727 }, "geometry": { "type": "Polygon", "coordinates": [ [ [ 129.3777844, 37.0983767 ], [ 129.3780543, 37.0981426 ], [ 129.3775981, 37.0978081 ], [ 129.3773282, 37.0980422 ], [ 129.3777844, 37.0983767 ] ] ] } },
{ "type": "Feature", "properties": { "element": "way", "id": 1305129177, "building": "yes", "building:levels": null, "name": null, "name:ko": null, "name:en": null, "amenity": null, "shop": null, "office": null, "tourism": null, "social_facility": null, "healthcare": null, "addr:street": null, "addr:housenumber": null, "start_date": null, "centroid_x_5179": 1167081.3488697966, "centroid_y_5179": 1901571.3981723611, "footprint_area_m2": 528.59469686375178 }, "geometry": { "type": "Polygon", "coordinates": [ [ [ 129.3803337, 37.0978443 ], [ 129.3801942, 37.0977422 ], [ 129.3799543, 37.0979506 ], [ 129.3800938, 37.0980528 ], [ 129.3803337, 37.0978443 ] ] ] } },
{ "type": "Feature", "properties": { "element": "way", "id": 1305129178, "building": "yes", "building:levels": null, "name": null, "name:ko": null, "name:en": null, "amenity": null, "shop": null, "office": null, "tourism": null, "social_facility": null, "healthcare": null, "addr:street": null, "addr:housenumber": null, "start_date": null, "centroid_x_5179": 1167095.999056675, "centroid_y_5179": 1901580.7358133793, "footprint_area_m2": 496.5576870009113 }, "geometry": { "type": "Polygon", "coordinates": [ [ [ 129.3804022, 37.0978131 ], [ 129.3801114, 37.0980657 ], [ 129.3802196, 37.0981449 ], [ 129.3805103, 37.0978922 ], [ 129.3804022, 37.0978131 ] ] ] } },
{ "type": "Feature", "properties": { "element": "way", "id": 1305129179, "building": "yes", "building:levels": null, "name": null, "name:ko": null, "name:en": null, "amenity": null, "shop": null, "office": null, "tourism": null, "social_facility": null, "healthcare": null, "addr:street": null, "addr:housenumber": null, "start_date": null, "centroid_x_5179": 1167075.4106119464, "centroid_y_5179": 1901631.0815699578, "footprint_area_m2": 145.73358565555895 }, "geometry": { "type": "Polygon", "coordinates": [ [ [ 129.380050899999986, 37.0985207 ], [ 129.380194499999988, 37.098401 ], [ 129.38013, 37.0983518 ], [ 129.3799865, 37.0984716 ], [ 129.380050899999986, 37.0985207 ] ] ] } },
{ "type": "Feature", "properties": { "element": "way", "id": 1305129180, "building": "yes", "building:levels": null, "name": null, "name:ko": null, "name:en": null, "amenity": null, "shop": null, "office": null, "tourism": null, "social_facility": null, "healthcare": null, "addr:street": null, "addr:housenumber": null, "start_date": null, "centroid_x_5179": 1167043.1951099983, "centroid_y_5179": 1901612.9327166073, "footprint_area_m2": 654.37947599137692 }, "geometry": { "type": "Polygon", "coordinates": [ [ [ 129.3796637, 37.0984479 ], [ 129.3797975, 37.0983343 ], [ 129.3798246, 37.0983545 ], [ 129.3798573, 37.0983267 ], [ 129.3798303, 37.0983064 ], [ 129.3799316, 37.0982203 ], [ 129.37978, 37.0981068 ], [ 129.3795121, 37.0983344 ], [ 129.3796637, 37.0984479 ] ] ] } },
{ "type": "Feature", "properties": { "element": "way", "id": 1305129181, "building": "yes", "building:levels": null, "name": null, "name:ko": null, "name:en": null, "amenity": null, "shop": null, "office": null, "tourism": null, "social_facility": null, "healthcare": null, "addr:street": null, "addr:housenumber": null, "start_date": null, "centroid_x_5179": 1166949.2249345556, "centroid_y_5179": 1901724.6364712554, "footprint_area_m2": 2595.5687061415861 }, "geometry": { "type": "Polygon", "coordinates": [ [ [ 129.3782865, 37.099324 ], [ 129.3786948, 37.0996259 ], [ 129.3790976, 37.0992792 ], [ 129.3786893, 37.0989774 ], [ 129.3782865, 37.099324 ] ] ] } },
{ "type": "Feature", "properties": { "element": "way", "id": 1305129182, "building": "yes", "building:levels": null, "name": null, "name:ko": null, "name:en": null, "amenity": null, "shop": null, "office": null, "tourism": null, "social_facility": null, "healthcare": null, "addr:street": null, "addr:housenumber": null, "start_date": null, "centroid_x_5179": 1166902.0850933164, "centroid_y_5179": 1901764.6069976387, "footprint_area_m2": 1963.5591626037285 }, "geometry": { "type": "Polygon", "coordinates": [ [ [ 129.37852860000001, 37.0995995 ], [ 129.3782311, 37.0993801 ], [ 129.3778129, 37.0997408 ], [ 129.3781103, 37.0999602 ], [ 129.37852860000001, 37.0995995 ] ] ] } },
{ "type": "Feature", "properties": { "element": "way", "id": 1305129197, "building": "yes", "building:levels": null, "name": null, "name:ko": null, "name:en": null, "amenity": null, "shop": null, "office": null, "tourism": null, "social_facility": null, "healthcare": null, "addr:street": null, "addr:housenumber": null, "start_date": null, "centroid_x_5179": 1166940.159163214, "centroid_y_5179": 1901784.7069887621, "footprint_area_m2": 741.73580426332319 }, "geometry": { "type": "Polygon", "coordinates": [ [ [ 129.37863440000001, 37.1000179 ], [ 129.378822500000012, 37.0998573 ], [ 129.3785725, 37.099671 ], [ 129.378384399999987, 37.0998316 ], [ 129.37863440000001, 37.1000179 ] ] ] } },
{ "type": "Feature", "properties": { "element": "way", "id": 1305129198, "building": "yes", "building:levels": null, "name": null, "name:ko": null, "name:en": null, "amenity": null, "shop": null, "office": null, "tourism": null, "social_facility": null, "healthcare": null, "addr:street": null, "addr:housenumber": null, "start_date": null, "centroid_x_5179": 1166920.2139343426, "centroid_y_5179": 1901807.7215119021, "footprint_area_m2": 740.18538680238294 }, "geometry": { "type": "Polygon", "coordinates": [ [ [ 129.3784402, 37.1002312 ], [ 129.378608, 37.100088 ], [ 129.3783282, 37.0998795 ], [ 129.3781605, 37.1000227 ], [ 129.3784402, 37.1002312 ] ] ] } },
{ "type": "Feature", "properties": { "element": "way", "id": 1305129199, "building": "yes", "building:levels": null, "name": null, "name:ko": null, "name:en": null, "amenity": null, "shop": null, "office": null, "tourism": null, "social_facility": null, "healthcare": null, "addr:street": null, "addr:housenumber": null, "start_date": null, "centroid_x_5179": 1166903.1298055078, "centroid_y_5179": 1901825.2236676582, "footprint_area_m2": 742.85249634265949 }, "geometry": { "type": "Polygon", "coordinates": [ [ [ 129.3782517, 37.1003922 ], [ 129.37842, 37.1002484 ], [ 129.378140300000013, 37.10004 ], [ 129.3779719, 37.1001837 ], [ 129.3782517, 37.1003922 ] ] ] } },
{ "type": "Feature", "properties": { "element": "way", "id": 1305129200, "building": "yes", "building:levels": null, "name": null, "name:ko": null, "name:en": null, "amenity": null, "shop": null, "office": null, "tourism": null, "social_facility": null, "healthcare": null, "addr:street": null, "addr:housenumber": null, "start_date": null, "centroid_x_5179": 1166885.3545092158, "centroid_y_5179": 1901858.3057997129, "footprint_area_m2": 1898.964950097374 }, "geometry": { "type": "Polygon", "coordinates": [ [ [ 129.3780887, 37.1007982 ], [ 129.3783607, 37.1005655 ], [ 129.377918099999988, 37.1002364 ], [ 129.3776461, 37.1004691 ], [ 129.3780887, 37.1007982 ] ] ] } },
{ "type": "Feature", "properties": { "element": "way", "id": 1305129213, "building": "yes", "building:levels": null, "name": null, "name:ko": null, "name:en": null, "amenity": null, "shop": null, "office": null, "tourism": null, "social_facility": null, "healthcare": null, "addr:street": null, "addr:housenumber": null, "start_date": null, "centroid_x_5179": 1166822.0719196885, "centroid_y_5179": 1901849.3191652016, "footprint_area_m2": 1194.7829206552553 }, "geometry": { "type": "Polygon", "coordinates": [ [ [ 129.377132, 37.1007119 ], [ 129.3776066, 37.1003003 ], [ 129.3774472, 37.1001833 ], [ 129.376972599999988, 37.100595 ], [ 129.377132, 37.1007119 ] ] ] } },
{ "type": "Feature", "properties": { "element": "way", "id": 1305129214, "building": "yes", "building:levels": null, "name": null, "name:ko": null, "name:en": null, "amenity": null, "shop": null, "office": null, "tourism": null, "social_facility": null, "healthcare": null, "addr:street": null, "addr:housenumber": null, "start_date": null, "centroid_x_5179": 1166758.938761367, "centroid_y_5179": 1901813.7653294597, "footprint_area_m2": 2393.3796633990364 }, "geometry": { "type": "Polygon", "coordinates": [ [ [ 129.3766737, 37.1004535 ], [ 129.376974, 37.1001916 ], [ 129.376469500000013, 37.0998236 ], [ 129.3761692, 37.1000854 ], [ 129.3766737, 37.1004535 ] ] ] } },
{ "type": "Feature", "properties": { "element": "way", "id": 1305129215, "building": "yes", "building:levels": null, "name": null, "name:ko": null, "name:en": null, "amenity": null, "shop": null, "office": null, "tourism": null, "social_facility": null, "healthcare": null, "addr:street": null, "addr:housenumber": null, "start_date": null, "centroid_x_5179": 1166718.9687336944, "centroid_y_5179": 1901836.1085310534, "footprint_area_m2": 826.39633544866479 }, "geometry": { "type": "Polygon", "coordinates": [ [ [ 129.376173599999987, 37.10053 ], [ 129.3763602, 37.1003641 ], [ 129.3760804, 37.1001639 ], [ 129.3758938, 37.1003298 ], [ 129.376173599999987, 37.10053 ] ] ] } },
{ "type": "Feature", "properties": { "element": "way", "id": 1305129229, "building": "yes", "building:levels": null, "name": null, "name:ko": null, "name:en": null, "amenity": null, "shop": null, "office": null, "tourism": null, "social_facility": null, "healthcare": null, "addr:street": null, "addr:housenumber": null, "start_date": null, "centroid_x_5179": 1166619.8520772778, "centroid_y_5179": 1901516.7950590893, "footprint_area_m2": 3640.7775047217337 }, "geometry": { "type": "Polygon", "coordinates": [ [ [ 129.3749733, 37.0972782 ], [ 129.3747655, 37.0971239 ], [ 129.3745269, 37.0973283 ], [ 129.3747483, 37.0974926 ], [ 129.3745534, 37.0975381 ], [ 129.3746049, 37.0976785 ], [ 129.374726399999986, 37.0976501 ], [ 129.37457520000001, 37.0977797 ], [ 129.3747572, 37.0979149 ], [ 129.3751816, 37.0975513 ], [ 129.3752982, 37.0976379 ], [ 129.3754298, 37.0975251 ], [ 129.3753132, 37.0974386 ], [ 129.3754662, 37.0973075 ], [ 129.3752855, 37.0971733 ], [ 129.3750096, 37.0974097 ], [ 129.374907900000011, 37.0973342 ], [ 129.3749733, 37.0972782 ] ] ] } },
{ "type": "Feature", "properties": { "element": "way", "id": 1305129230, "building": "yes", "building:levels": null, "name": null, "name:ko": null, "name:en": null, "amenity": null, "shop": null, "office": null, "tourism": null, "social_facility": null, "healthcare": null, "addr:street": null, "addr:housenumber": null, "start_date": null, "centroid_x_5179": 1166634.6671721793, "centroid_y_5179": 1901445.4281302441, "footprint_area_m2": 34.635002291127606 }, "geometry": { "type": "Polygon", "coordinates": [ [ [ 129.375116600000013, 37.0968098 ], [ 129.375057199999986, 37.0968165 ], [ 129.3750675, 37.0968745 ], [ 129.3751268, 37.0968678 ], [ 129.375116600000013, 37.0968098 ] ] ] } },
{ "type": "Feature", "properties": { "element": "way", "id": 1305129231, "building": "yes", "building:levels": null, "name": null, "name:ko": null, "name:en": null, "amenity": null, "shop": null, "office": null, "tourism": null, "social_facility": null, "healthcare": null, "addr:street": null, "addr:housenumber": null, "start_date": null, "centroid_x_5179": 1166643.0681987721, "centroid_y_5179": 1901435.5629147922, "footprint_area_m2": 330.67803153557713 }, "geometry": { "type": "Polygon", "coordinates": [ [ [ 129.3751268, 37.0968678 ], [ 129.375279799999987, 37.0968506 ], [ 129.3752418, 37.0966357 ], [ 129.375088799999986, 37.096653 ], [ 129.375116600000013, 37.0968098 ], [ 129.3751268, 37.0968678 ] ] ] } },
{ "type": "Feature", "properties": { "element": "way", "id": 1305129234, "building": "yes", "building:levels": null, "name": null, "name:ko": null, "name:en": null, "amenity": null, "shop": null, "office": null, "tourism": null, "social_facility": null, "healthcare": null, "addr:street": null, "addr:housenumber": null, "start_date": null, "centroid_x_5179": 1166688.9329398347, "centroid_y_5179": 1901433.4477921657, "footprint_area_m2": 1783.0657845806456 }, "geometry": { "type": "Polygon", "coordinates": [ [ [ 129.375440200000014, 37.0969101 ], [ 129.3760102, 37.0968508 ], [ 129.375959200000011, 37.096539 ], [ 129.3753892, 37.0965983 ], [ 129.375440200000014, 37.0969101 ] ] ] } },
{ "type": "Feature", "properties": { "element": "way", "id": 1305129235, "building": "yes", "building:levels": null, "name": null, "name:ko": null, "name:en": null, "amenity": null, "shop": null, "office": null, "tourism": null, "social_facility": null, "healthcare": null, "addr:street": null, "addr:housenumber": null, "start_date": null, "centroid_x_5179": 1166627.1334191638, "centroid_y_5179": 1901406.6713120586, "footprint_area_m2": 463.61602984670225 }, "geometry": { "type": "Polygon", "coordinates": [ [ [ 129.374954699999989, 37.0966273 ], [ 129.375157800000011, 37.0965475 ], [ 129.3750426, 37.0963613 ], [ 129.3748396, 37.0964411 ], [ 129.374954699999989, 37.0966273 ] ] ] } },
{ "type": "Feature", "properties": { "element": "way", "id": 1305129239, "building": "yes", "building:levels": null, "name": null, "name:ko": null, "name:en": null, "amenity": null, "shop": null, "office": null, "tourism": null, "social_facility": null, "healthcare": null, "addr:street": null, "addr:housenumber": null, "start_date": null, "centroid_x_5179": 1167587.3422455478, "centroid_y_5179": 1900369.1811168003, "footprint_area_m2": 462.16988824464693 }, "geometry": { "type": "Polygon", "coordinates": [ [ [ 129.3856255, 37.0871153 ], [ 129.3857472, 37.0870057 ], [ 129.385507600000011, 37.0868364 ], [ 129.385386, 37.0869459 ], [ 129.3856255, 37.0871153 ] ] ] } },
{ "type": "Feature", "properties": { "element": "way", "id": 1305129243, "building": "yes", "building:levels": null, "name": null, "name:ko": null, "name:en": null, "amenity": null, "shop": null, "office": null, "tourism": null, "social_facility": null, "healthcare": null, "addr:street": null, "addr:housenumber": null, "start_date": null, "centroid_x_5179": 1167633.5839115703, "centroid_y_5179": 1900337.5624098647, "footprint_area_m2": 1318.5894980507255 }, "geometry": { "type": "Polygon", "coordinates": [ [ [ 129.385905900000012, 37.0869653 ], [ 129.3864166, 37.086519 ], [ 129.3862532, 37.0864001 ], [ 129.3857425, 37.0868464 ], [ 129.385905900000012, 37.0869653 ] ] ] } },
{ "type": "Feature", "properties": { "element": "way", "id": 1305129246, "building": "industrial", "building:levels": null, "name": null, "name:ko": null, "name:en": null, "amenity": null, "shop": null, "office": null, "tourism": null, "social_facility": null, "healthcare": null, "addr:street": null, "addr:housenumber": null, "start_date": null, "centroid_x_5179": 1167916.3485868224, "centroid_y_5179": 1900396.2649622723, "footprint_area_m2": 3482.5975672708396 }, "geometry": { "type": "Polygon", "coordinates": [ [ [ 129.3897569, 37.0872484 ], [ 129.3891471, 37.0867732 ], [ 129.388856800000013, 37.0870103 ], [ 129.3888447, 37.0871177 ], [ 129.3889752, 37.0872194 ], [ 129.3889509, 37.0872392 ], [ 129.3890235, 37.0872957 ], [ 129.3890477, 37.0872759 ], [ 129.389393399999989, 37.0875452 ], [ 129.3897569, 37.0872484 ] ] ] } },
{ "type": "Feature", "properties": { "element": "way", "id": 1305129256, "building": "yes", "building:levels": null, "name": null, "name:ko": null, "name:en": null, "amenity": null, "shop": null, "office": null, "tourism": null, "social_facility": null, "healthcare": null, "addr:street": null, "addr:housenumber": null, "start_date": null, "centroid_x_5179": 1167913.5614431947, "centroid_y_5179": 1900676.4856589879, "footprint_area_m2": 512.7494826843681 }, "geometry": { "type": "Polygon", "coordinates": [ [ [ 129.389238400000011, 37.089843 ], [ 129.3894957, 37.0896232 ], [ 129.3893693, 37.0895291 ], [ 129.3891121, 37.089749 ], [ 129.389238400000011, 37.089843 ] ] ] } },
{ "type": "Feature", "properties": { "element": "way", "id": 1305129257, "building": "yes", "building:levels": null, "name": null, "name:ko": null, "name:en": null, "amenity": null, "shop": null, "office": null, "tourism": null, "social_facility": null, "healthcare": null, "addr:street": null, "addr:housenumber": null, "start_date": null, "centroid_x_5179": 1167861.3620406324, "centroid_y_5179": 1900708.5013655075, "footprint_area_m2": 610.39348438259276 }, "geometry": { "type": "Polygon", "coordinates": [ [ [ 129.3886919, 37.0901454 ], [ 129.3889232, 37.0899451 ], [ 129.388756199999989, 37.0898223 ], [ 129.3885248, 37.0900226 ], [ 129.3886919, 37.0901454 ] ] ] } },
{ "type": "Feature", "properties": { "element": "way", "id": 1305129258, "building": "yes", "building:levels": null, "name": null, "name:ko": null, "name:en": null, "amenity": null, "shop": null, "office": null, "tourism": null, "social_facility": null, "healthcare": null, "addr:street": null, "addr:housenumber": null, "start_date": null, "centroid_x_5179": 1167772.5097302636, "centroid_y_5179": 1900817.7308846246, "footprint_area_m2": 579.36314958867092 }, "geometry": { "type": "Polygon", "coordinates": [ [ [ 129.387625899999989, 37.0908193 ], [ 129.3875373, 37.0908958 ], [ 129.3877042, 37.091019 ], [ 129.3876531, 37.0910631 ], [ 129.3877455, 37.0911313 ], [ 129.387753800000013, 37.0911374 ], [ 129.387805, 37.0910933 ], [ 129.387847099999988, 37.0911244 ], [ 129.3879192, 37.0910622 ], [ 129.387877, 37.0910311 ], [ 129.387941, 37.090976 ], [ 129.3878402, 37.0909016 ], [ 129.3877928, 37.0909425 ], [ 129.387625899999989, 37.0908193 ] ] ] } },
{ "type": "Feature", "properties": { "element": "way", "id": 1305129270, "building": "industrial", "building:levels": null, "name": null, "name:ko": null, "name:en": null, "amenity": null, "shop": null, "office": null, "tourism": null, "social_facility": null, "healthcare": null, "addr:street": null, "addr:housenumber": null, "start_date": null, "centroid_x_5179": 1167422.3547147014, "centroid_y_5179": 1900855.8631581564, "footprint_area_m2": 1215.3045319059183 }, "geometry": { "type": "Polygon", "coordinates": [ [ [ 129.383870699999989, 37.0916136 ], [ 129.3841021, 37.09142 ], [ 129.383768800000013, 37.0911665 ], [ 129.3835374, 37.0913601 ], [ 129.383870699999989, 37.0916136 ] ] ] } },
{ "type": "Feature", "properties": { "element": "way", "id": 1305129271, "building": "industrial", "building:levels": null, "name": null, "name:ko": null, "name:en": null, "amenity": null, "shop": null, "office": null, "tourism": null, "social_facility": null, "healthcare": null, "addr:street": null, "addr:housenumber": null, "start_date": null, "centroid_x_5179": 1167542.722446674, "centroid_y_5179": 1900929.3329577453, "footprint_area_m2": 152.56162152690976 }, "geometry": { "type": "Polygon", "coordinates": [ [ [ 129.385203600000011, 37.0921087 ], [ 129.3852889, 37.0920318 ], [ 129.3851761, 37.0919522 ], [ 129.3850908, 37.0920291 ], [ 129.385203600000011, 37.0921087 ] ] ] } },
{ "type": "Feature", "properties": { "element": "way", "id": 1305129272, "building": "industrial", "building:levels": null, "name": null, "name:ko": null, "name:en": null, "amenity": null, "shop": null, "office": null, "tourism": null, "social_facility": null, "healthcare": null, "addr:street": null, "addr:housenumber": null, "start_date": null, "centroid_x_5179": 1167488.2420031435, "centroid_y_5179": 1900917.2853490361, "footprint_area_m2": 1514.4768913329797 }, "geometry": { "type": "Polygon", "coordinates": [ [ [ 129.384667, 37.0921851 ], [ 129.3848978, 37.0919878 ], [ 129.3844819, 37.0916782 ], [ 129.3842511, 37.0918755 ], [ 129.384667, 37.0921851 ] ] ] } },
{ "type": "Feature", "properties": { "element": "way", "id": 1305129273, "building": "industrial", "building:levels": null, "name": null, "name:ko": null, "name:en": null, "amenity": null, "shop": null, "office": null, "tourism": null, "social_facility": null, "healthcare": null, "addr:street": null, "addr:housenumber": null, "start_date": null, "centroid_x_5179": 1167419.407548683, "centroid_y_5179": 1901237.5114600083, "footprint_area_m2": 782.82819401498796 }, "geometry": { "type": "Polygon", "coordinates": [ [ [ 129.383847300000014, 37.0950105 ], [ 129.3840955, 37.0947908 ], [ 129.3838962, 37.0946475 ], [ 129.383648, 37.0948672 ], [ 129.383847300000014, 37.0950105 ] ] ] } },
{ "type": "Feature", "properties": { "element": "way", "id": 1305129274, "building": "industrial", "building:levels": null, "name": null, "name:ko": null, "name:en": null, "amenity": null, "shop": null, "office": null, "tourism": null, "social_facility": null, "healthcare": null, "addr:street": null, "addr:housenumber": null, "start_date": null, "centroid_x_5179": 1167395.6594035844, "centroid_y_5179": 1901260.1088787827, "footprint_area_m2": 472.44079152644463 }, "geometry": { "type": "Polygon", "coordinates": [ [ [ 129.383436499999988, 37.0950549 ], [ 129.3836011, 37.095176 ], [ 129.3837829, 37.0950187 ], [ 129.3836183, 37.0948977 ], [ 129.383436499999988, 37.0950549 ] ] ] } },
{ "type": "Feature", "properties": { "element": "way", "id": 1305129282, "building": "industrial", "building:levels": null, "name": null, "name:ko": null, "name:en": null, "amenity": null, "shop": null, "office": null, "tourism": null, "social_facility": null, "healthcare": null, "addr:street": null, "addr:housenumber": null, "start_date": null, "centroid_x_5179": 1167261.3458095673, "centroid_y_5179": 1901399.4602754256, "footprint_area_m2": 807.32614901100624 }, "geometry": { "type": "Polygon", "coordinates": [ [ [ 129.3821054, 37.0965003 ], [ 129.382357500000012, 37.0962794 ], [ 129.382154899999989, 37.0961323 ], [ 129.3819028, 37.0963532 ], [ 129.3821054, 37.0965003 ] ] ] } },
{ "type": "Feature", "properties": { "element": "way", "id": 1305129283, "building": "industrial", "building:levels": null, "name": null, "name:ko": null, "name:en": null, "amenity": null, "shop": null, "office": null, "tourism": null, "social_facility": null, "healthcare": null, "addr:street": null, "addr:housenumber": null, "start_date": null, "centroid_x_5179": 1167214.7937485348, "centroid_y_5179": 1901439.504169231, "footprint_area_m2": 734.5847927931469 }, "geometry": { "type": "Polygon", "coordinates": [ [ [ 129.3816007, 37.0968596 ], [ 129.3818316, 37.0966575 ], [ 129.381630300000012, 37.0965112 ], [ 129.3813994, 37.0967132 ], [ 129.3816007, 37.0968596 ] ] ] } },
{ "type": "Feature", "properties": { "element": "way", "id": 1305129291, "building": "industrial", "building:levels": null, "name": null, "name:ko": null, "name:en": null, "amenity": null, "shop": null, "office": null, "tourism": null, "social_facility": null, "healthcare": null, "addr:street": null, "addr:housenumber": null, "start_date": null, "centroid_x_5179": 1167012.7506088072, "centroid_y_5179": 1901514.8163131131, "footprint_area_m2": 435.02955725458492 }, "geometry": { "type": "Polygon", "coordinates": [ [ [ 129.379190099999988, 37.0974374 ], [ 129.379324700000012, 37.0975376 ], [ 129.379529600000012, 37.0973625 ], [ 129.379395, 37.0972623 ], [ 129.379190099999988, 37.0974374 ] ] ] } },
{ "type": "Feature", "properties": { "element": "way", "id": 1305129297, "building": "yes", "building:levels": null, "name": null, "name:ko": null, "name:en": null, "amenity": null, "shop": null, "office": null, "tourism": null, "social_facility": null, "healthcare": null, "addr:street": null, "addr:housenumber": null, "start_date": null, "centroid_x_5179": 1166977.9503749136, "centroid_y_5179": 1901617.8934047348, "footprint_area_m2": 501.35180746656368 }, "geometry": { "type": "Polygon", "coordinates": [ [ [ 129.3789597, 37.0984803 ], [ 129.37913850000001, 37.098327 ], [ 129.379116, 37.0983103 ], [ 129.3791644, 37.0982689 ], [ 129.3790588, 37.0981906 ], [ 129.3790152, 37.098228 ], [ 129.3789717, 37.0982653 ], [ 129.3789414, 37.0982428 ], [ 129.37882590000001, 37.0983419 ], [ 129.3788768, 37.0983796 ], [ 129.3788394, 37.0984117 ], [ 129.378901, 37.0984574 ], [ 129.378913899999986, 37.0984464 ], [ 129.3789597, 37.0984803 ] ] ] } },
{ "type": "Feature", "properties": { "element": "way", "id": 1305129302, "building": "industrial", "building:levels": null, "name": null, "name:ko": null, "name:en": null, "amenity": null, "shop": null, "office": null, "tourism": null, "social_facility": null, "healthcare": null, "addr:street": null, "addr:housenumber": null, "start_date": null, "centroid_x_5179": 1167520.3245430076, "centroid_y_5179": 1900947.1741246006, "footprint_area_m2": 113.20690841926333 }, "geometry": { "type": "Polygon", "coordinates": [ [ [ 129.3849151, 37.0922689 ], [ 129.3850306, 37.0921655 ], [ 129.3849687, 37.0921215 ], [ 129.3848533, 37.0922249 ], [ 129.3849151, 37.0922689 ] ] ] } },
{ "type": "Feature", "properties": { "element": "way", "id": 1305129303, "building": "industrial", "building:levels": null, "name": null, "name:ko": null, "name:en": null, "amenity": null, "shop": null, "office": null, "tourism": null, "social_facility": null, "healthcare": null, "addr:street": null, "addr:housenumber": null, "start_date": null, "centroid_x_5179": 1167563.6451269463, "centroid_y_5179": 1900959.6151729345, "footprint_area_m2": 1919.5725225280019 }, "geometry": { "type": "Polygon", "coordinates": [ [ [ 129.3855279, 37.0920013 ], [ 129.385073, 37.0923925 ], [ 129.3853054, 37.0925644 ], [ 129.3853551, 37.0925217 ], [ 129.3854074, 37.0925604 ], [ 129.3857118, 37.0922986 ], [ 129.3856594, 37.0922599 ], [ 129.3857602, 37.0921732 ], [ 129.3855279, 37.0920013 ] ] ] } },
{ "type": "Feature", "properties": { "element": "way", "id": 1305129304, "building": "yes", "building:levels": null, "name": null, "name:ko": null, "name:en": null, "amenity": null, "shop": null, "office": null, "tourism": null, "social_facility": null, "healthcare": null, "addr:street": null, "addr:housenumber": null, "start_date": null, "centroid_x_5179": 1167562.5379035182, "centroid_y_5179": 1900923.1994908329, "footprint_area_m2": 59.284089098882681 }, "geometry": { "type": "Polygon", "coordinates": [ [ [ 129.38542240000001, 37.0919216 ], [ 129.385349, 37.0919821 ], [ 129.3854002, 37.0920217 ], [ 129.3854737, 37.0919612 ], [ 129.38542240000001, 37.0919216 ] ] ] } },
{ "type": "Feature", "properties": { "element": "way", "id": 1305129306, "building": "yes", "building:levels": null, "name": null, "name:ko": null, "name:en": null, "amenity": null, "shop": null, "office": null, "tourism": null, "social_facility": null, "healthcare": null, "addr:street": null, "addr:housenumber": null, "start_date": null, "centroid_x_5179": 1167546.9405140984, "centroid_y_5179": 1900913.076557674, "footprint_area_m2": 320.09151201366205 }, "geometry": { "type": "Polygon", "coordinates": [ [ [ 129.3850804, 37.0918511 ], [ 129.3852909, 37.0920011 ], [ 129.385386899999986, 37.0919153 ], [ 129.3851764, 37.0917654 ], [ 129.3850804, 37.0918511 ] ] ] } },
{ "type": "Feature", "properties": { "element": "way", "id": 1305129321, "building": "yes", "building:levels": null, "name": null, "name:ko": null, "name:en": null, "amenity": null, "shop": null, "office": null, "tourism": null, "social_facility": null, "healthcare": null, "addr:street": null, "addr:housenumber": null, "start_date": null, "centroid_x_5179": 1167420.1094944177, "centroid_y_5179": 1901168.5786662356, "footprint_area_m2": 448.7559550786882 }, "geometry": { "type": "Polygon", "coordinates": [ [ [ 129.3837964, 37.0940821 ], [ 129.3837, 37.0941631 ], [ 129.3837349, 37.0941895 ], [ 129.383791, 37.094232 ], [ 129.3837617, 37.0942566 ], [ 129.383779, 37.0942697 ], [ 129.3837634, 37.0942828 ], [ 129.383836699999989, 37.0943382 ], [ 129.383896099999987, 37.0942882 ], [ 129.3839353, 37.0943178 ], [ 129.3840069, 37.0942576 ], [ 129.3839678, 37.094228 ], [ 129.3840237, 37.094181 ], [ 129.3839514, 37.0941262 ], [ 129.3839371, 37.0941382 ], [ 129.3839032, 37.0941125 ], [ 129.3838716, 37.094139 ], [ 129.3837964, 37.0940821 ] ] ] } },
{ "type": "Feature", "properties": { "element": "way", "id": 1305129356, "building": "industrial", "building:levels": null, "name": null, "name:ko": null, "name:en": null, "amenity": null, "shop": null, "office": null, "tourism": null, "social_facility": null, "healthcare": null, "addr:street": null, "addr:housenumber": null, "start_date": null, "centroid_x_5179": 1167451.3289675312, "centroid_y_5179": 1900385.6578545668, "footprint_area_m2": 6175.9679821783066 }, "geometry": { "type": "Polygon", "coordinates": [ [ [ 129.3847188, 37.0868892 ], [ 129.384303499999987, 37.0865865 ], [ 129.3833626, 37.087408 ], [ 129.383777900000013, 37.0877107 ], [ 129.3847188, 37.0868892 ] ] ] } },
{ "type": "Feature", "properties": { "element": "way", "id": 1305129364, "building": "yes", "building:levels": null, "name": null, "name:ko": null, "name:en": null, "amenity": null, "shop": null, "office": null, "tourism": null, "social_facility": null, "healthcare": null, "addr:street": null, "addr:housenumber": null, "start_date": null, "centroid_x_5179": 1168978.2775837432, "centroid_y_5179": 1899048.965188615, "footprint_area_m2": 175.98486476313337 }, "geometry": { "type": "Polygon", "coordinates": [ [ [ 129.400846199999989, 37.0747423 ], [ 129.4007882, 37.0747995 ], [ 129.4009767, 37.0749212 ], [ 129.4010347, 37.0748641 ], [ 129.400846199999989, 37.0747423 ] ] ] } },
{ "type": "Feature", "properties": { "element": "way", "id": 1305129376, "building": "yes", "building:levels": null, "name": null, "name:ko": null, "name:en": null, "amenity": null, "shop": null, "office": null, "tourism": null, "social_facility": null, "healthcare": null, "addr:street": null, "addr:housenumber": null, "start_date": null, "centroid_x_5179": 1168841.5389142416, "centroid_y_5179": 1899224.6906288292, "footprint_area_m2": 965.23253575345723 }, "geometry": { "type": "Polygon", "coordinates": [ [ [ 129.399145, 37.0763668 ], [ 129.3991537, 37.0763732 ], [ 129.399545, 37.0766596 ], [ 129.3996893, 37.0765341 ], [ 129.3993681, 37.0762989 ], [ 129.399410499999988, 37.0762621 ], [ 129.3993317, 37.0762044 ], [ 129.3993262, 37.0762092 ], [ 129.3992998, 37.0762322 ], [ 129.399145, 37.0763668 ] ] ] } },
{ "type": "Feature", "properties": { "element": "way", "id": 1305129385, "building": "industrial", "building:levels": null, "name": null, "name:ko": null, "name:en": null, "amenity": null, "shop": null, "office": null, "tourism": null, "social_facility": null, "healthcare": null, "addr:street": null, "addr:housenumber": null, "start_date": null, "centroid_x_5179": 1169026.4013383114, "centroid_y_5179": 1899354.2759286216, "footprint_area_m2": 108.16349867912638 }, "geometry": { "type": "Polygon", "coordinates": [ [ [ 129.4014326, 37.0775771 ], [ 129.401481499999989, 37.0776371 ], [ 129.401609900000011, 37.0775703 ], [ 129.401561, 37.0775104 ], [ 129.4014326, 37.0775771 ] ] ] } },
{ "type": "Feature", "properties": { "element": "way", "id": 1305129386, "building": "industrial", "building:levels": null, "name": null, "name:ko": null, "name:en": null, "amenity": null, "shop": null, "office": null, "tourism": null, "social_facility": null, "healthcare": null, "addr:street": null, "addr:housenumber": null, "start_date": null, "centroid_x_5179": 1168947.3026449103, "centroid_y_5179": 1899257.3118436583, "footprint_area_m2": 12161.675353333401 }, "geometry": { "type": "Polygon", "coordinates": [ [ [ 129.4011107, 37.0777444 ], [ 129.4014326, 37.0775771 ], [ 129.401561, 37.0775104 ], [ 129.4015884, 37.0774962 ], [ 129.4001093, 37.0756844 ], [ 129.399631699999986, 37.0759326 ], [ 129.4011107, 37.0777444 ] ] ] } },
{ "type": "Feature", "properties": { "element": "way", "id": 1305129392, "building": "yes", "building:levels": null, "name": null, "name:ko": null, "name:en": null, "amenity": null, "shop": null, "office": null, "tourism": null, "social_facility": null, "healthcare": null, "addr:street": null, "addr:housenumber": null, "start_date": null, "centroid_x_5179": 1168302.9462382528, "centroid_y_5179": 1900056.2797947498, "footprint_area_m2": 837.52360643452539 }, "geometry": { "type": "Polygon", "coordinates": [ [ [ 129.3934319, 37.0842272 ], [ 129.3935931, 37.0840859 ], [ 129.3936233, 37.0841078 ], [ 129.3936444, 37.0840894 ], [ 129.3936813, 37.0841162 ], [ 129.3936957, 37.0841036 ], [ 129.393739399999987, 37.0840652 ], [ 129.3937561, 37.0840506 ], [ 129.3937445, 37.0840421 ], [ 129.3937553, 37.0840327 ], [ 129.393744700000013, 37.0840249 ], [ 129.393753299999986, 37.0840174 ], [ 129.3937084, 37.0839848 ], [ 129.393734099999989, 37.0839622 ], [ 129.393719299999987, 37.0839515 ], [ 129.3937386, 37.0839346 ], [ 129.3936352, 37.0838595 ], [ 129.393589600000013, 37.0838996 ], [ 129.393535, 37.0838599 ], [ 129.393525, 37.0838687 ], [ 129.393517, 37.0838629 ], [ 129.3935083, 37.0838706 ], [ 129.3934961, 37.0838617 ], [ 129.393438, 37.0839127 ], [ 129.393420099999986, 37.0839283 ], [ 129.393451700000014, 37.0839513 ], [ 129.3934329, 37.0839678 ], [ 129.3934698, 37.0839945 ], [ 129.3933074, 37.0841369 ], [ 129.3934319, 37.0842272 ] ] ] } },
{ "type": "Feature", "properties": { "element": "way", "id": 1305129395, "building": "yes", "building:levels": null, "name": null, "name:ko": null, "name:en": null, "amenity": null, "shop": null, "office": null, "tourism": null, "social_facility": null, "healthcare": null, "addr:street": null, "addr:housenumber": null, "start_date": null, "centroid_x_5179": 1168092.6540073326, "centroid_y_5179": 1900269.9202887088, "footprint_area_m2": 748.18017738026174 }, "geometry": { "type": "Polygon", "coordinates": [ [ [ 129.3911551, 37.0861786 ], [ 129.3914562, 37.0859203 ], [ 129.3912987, 37.0858035 ], [ 129.390997700000014, 37.0860618 ], [ 129.3911551, 37.0861786 ] ] ] } },
{ "type": "Feature", "properties": { "element": "way", "id": 1305129396, "building": "yes", "building:levels": null, "name": null, "name:ko": null, "name:en": null, "amenity": null, "shop": null, "office": null, "tourism": null, "social_facility": null, "healthcare": null, "addr:street": null, "addr:housenumber": null, "start_date": null, "centroid_x_5179": 1168078.3134591437, "centroid_y_5179": 1900289.1933211766, "footprint_area_m2": 214.09045787736338 }, "geometry": { "type": "Polygon", "coordinates": [ [ [ 129.3909329, 37.0861174 ], [ 129.391142300000013, 37.0862727 ], [ 129.3912071, 37.0862171 ], [ 129.3911551, 37.0861786 ], [ 129.390997700000014, 37.0860618 ], [ 129.3909329, 37.0861174 ] ] ] } },
{ "type": "Feature", "properties": { "element": "way", "id": 1305129397, "building": "industrial", "building:levels": null, "name": null, "name:ko": null, "name:en": null, "amenity": null, "shop": null, "office": null, "tourism": null, "social_facility": null, "healthcare": null, "addr:street": null, "addr:housenumber": null, "start_date": null, "centroid_x_5179": 1168063.2060173636, "centroid_y_5179": 1900301.6838508081, "footprint_area_m2": 316.63295766476597 }, "geometry": { "type": "Polygon", "coordinates": [ [ [ 129.3908975, 37.0861719 ], [ 129.390764, 37.0862855 ], [ 129.3908487, 37.0863489 ], [ 129.3908303, 37.0863646 ], [ 129.3908815, 37.0864029 ], [ 129.3910524, 37.0862576 ], [ 129.3910012, 37.0862192 ], [ 129.3909823, 37.0862353 ], [ 129.3908975, 37.0861719 ] ] ] } },
{ "type": "Feature", "properties": { "element": "way", "id": 1305129398, "building": "industrial", "building:levels": null, "name": null, "name:ko": null, "name:en": null, "amenity": null, "shop": null, "office": null, "tourism": null, "social_facility": null, "healthcare": null, "addr:street": null, "addr:housenumber": null, "start_date": null, "centroid_x_5179": 1168042.8432158865, "centroid_y_5179": 1900326.8629172952, "footprint_area_m2": 778.80146942889314 }, "geometry": { "type": "Polygon", "coordinates": [ [ [ 129.3906336, 37.0866971 ], [ 129.3909064, 37.086463 ], [ 129.3907254, 37.0863289 ], [ 129.3904527, 37.086563 ], [ 129.3906336, 37.0866971 ] ] ] } },
{ "type": "Feature", "properties": { "element": "way", "id": 1305129399, "building": "industrial", "building:levels": null, "name": null, "name:ko": null, "name:en": null, "amenity": null, "shop": null, "office": null, "tourism": null, "social_facility": null, "healthcare": null, "addr:street": null, "addr:housenumber": null, "start_date": null, "centroid_x_5179": 1168014.0749481716, "centroid_y_5179": 1900356.6423722636, "footprint_area_m2": 996.66831066677537 }, "geometry": { "type": "Polygon", "coordinates": [ [ [ 129.3903556, 37.0865858 ], [ 129.3901113, 37.0867958 ], [ 129.3903697, 37.0869871 ], [ 129.3906141, 37.0867771 ], [ 129.3903556, 37.0865858 ] ] ] } },
{ "type": "Feature", "properties": { "element": "way", "id": 1305129400, "building": "industrial", "building:levels": null, "name": null, "name:ko": null, "name:en": null, "amenity": null, "shop": null, "office": null, "tourism": null, "social_facility": null, "healthcare": null, "addr:street": null, "addr:housenumber": null, "start_date": null, "centroid_x_5179": 1167986.7482827993, "centroid_y_5179": 1900330.5845474196, "footprint_area_m2": 65.801144635273815 }, "geometry": { "type": "Polygon", "coordinates": [ [ [ 129.3900612, 37.0865029 ], [ 129.3899841, 37.086572 ], [ 129.39003790000001, 37.0866103 ], [ 129.390115, 37.0865411 ], [ 129.3900612, 37.0865029 ] ] ] } },
{ "type": "Feature", "properties": { "element": "way", "id": 1305129401, "building": "industrial", "building:levels": null, "name": null, "name:ko": null, "name:en": null, "amenity": null, "shop": null, "office": null, "tourism": null, "social_facility": null, "healthcare": null, "addr:street": null, "addr:housenumber": null, "start_date": null, "centroid_x_5179": 1167979.4914707469, "centroid_y_5179": 1900305.5545839479, "footprint_area_m2": 1799.6887426062276 }, "geometry": { "type": "Polygon", "coordinates": [ [ [ 129.3900314, 37.086057 ], [ 129.3896064, 37.0864225 ], [ 129.3898557, 37.0866069 ], [ 129.390093900000011, 37.0864021 ], [ 129.3901371, 37.0864341 ], [ 129.3903239, 37.0862735 ], [ 129.3900314, 37.086057 ] ] ] } },
{ "type": "Feature", "properties": { "element": "way", "id": 1305129402, "building": "industrial", "building:levels": null, "name": null, "name:ko": null, "name:en": null, "amenity": null, "shop": null, "office": null, "tourism": null, "social_facility": null, "healthcare": null, "addr:street": null, "addr:housenumber": null, "start_date": null, "centroid_x_5179": 1167925.8986856998, "centroid_y_5179": 1900268.4225354812, "footprint_area_m2": 312.55159773092953 }, "geometry": { "type": "Polygon", "coordinates": [ [ [ 129.389502099999987, 37.0860426 ], [ 129.3892974, 37.0858898 ], [ 129.3892006, 37.0859723 ], [ 129.3894053, 37.0861251 ], [ 129.389502099999987, 37.0860426 ] ] ] } },
{ "type": "Feature", "properties": { "element": "way", "id": 1305129403, "building": "industrial", "building:levels": null, "name": null, "name:ko": null, "name:en": null, "amenity": null, "shop": null, "office": null, "tourism": null, "social_facility": null, "healthcare": null, "addr:street": null, "addr:housenumber": null, "start_date": null, "centroid_x_5179": 1167941.5555894275, "centroid_y_5179": 1900284.2011982216, "footprint_area_m2": 127.36183023538027 }, "geometry": { "type": "Polygon", "coordinates": [ [ [ 129.3895183, 37.08622 ], [ 129.3896217, 37.0861319 ], [ 129.3895436, 37.0860736 ], [ 129.3894402, 37.0861617 ], [ 129.3895183, 37.08622 ] ] ] } },
{ "type": "Feature", "properties": { "element": "way", "id": 1305129406, "building": "industrial", "building:levels": null, "name": null, "name:ko": null, "name:en": null, "amenity": null, "shop": null, "office": null, "tourism": null, "social_facility": null, "healthcare": null, "addr:street": null, "addr:housenumber": null, "start_date": null, "centroid_x_5179": 1167736.6497476902, "centroid_y_5179": 1900076.4052582614, "footprint_area_m2": 698.53131928755602 }, "geometry": { "type": "Polygon", "coordinates": [ [ [ 129.3872419, 37.0844822 ], [ 129.3873993, 37.084344 ], [ 129.387118500000014, 37.0841406 ], [ 129.3869612, 37.0842787 ], [ 129.3872419, 37.0844822 ] ] ] } },
{ "type": "Feature", "properties": { "element": "way", "id": 1305129407, "building": "industrial", "building:levels": null, "name": null, "name:ko": null, "name:en": null, "amenity": null, "shop": null, "office": null, "tourism": null, "social_facility": null, "healthcare": null, "addr:street": null, "addr:housenumber": null, "start_date": null, "centroid_x_5179": 1167839.7264121165, "centroid_y_5179": 1899970.4666051478, "footprint_area_m2": 5234.6317484610527 }, "geometry": { "type": "Polygon", "coordinates": [ [ [ 129.387933299999986, 37.0839138 ], [ 129.389017200000012, 37.0829741 ], [ 129.3887154, 37.0827526 ], [ 129.3875827, 37.0837345 ], [ 129.3876698, 37.0837985 ], [ 129.3877186, 37.0837562 ], [ 129.387933299999986, 37.0839138 ] ] ] } },
{ "type": "Feature", "properties": { "element": "way", "id": 1305129408, "building": "industrial", "building:levels": null, "name": null, "name:ko": null, "name:en": null, "amenity": null, "shop": null, "office": null, "tourism": null, "social_facility": null, "healthcare": null, "addr:street": null, "addr:housenumber": null, "start_date": null, "centroid_x_5179": 1168024.7736878225, "centroid_y_5179": 1899860.9894637654, "footprint_area_m2": 607.20926681199387 }, "geometry": { "type": "Polygon", "coordinates": [ [ [ 129.390424599999989, 37.0821536 ], [ 129.390169, 37.0823726 ], [ 129.3903196, 37.0824844 ], [ 129.3905751, 37.0822654 ], [ 129.390424599999989, 37.0821536 ] ] ] } },
{ "type": "Feature", "properties": { "element": "way", "id": 1305129409, "building": "industrial", "building:levels": null, "name": null, "name:ko": null, "name:en": null, "amenity": null, "shop": null, "office": null, "tourism": null, "social_facility": null, "healthcare": null, "addr:street": null, "addr:housenumber": null, "start_date": null, "centroid_x_5179": 1168046.6835483962, "centroid_y_5179": 1899882.2348646913, "footprint_area_m2": 772.05404042186069 }, "geometry": { "type": "Polygon", "coordinates": [ [ [ 129.3906641, 37.0823237 ], [ 129.3903984, 37.0825546 ], [ 129.3905823, 37.0826893 ], [ 129.390848, 37.0824583 ], [ 129.3906641, 37.0823237 ] ] ] } },
{ "type": "Feature", "properties": { "element": "way", "id": 1305129410, "building": "industrial", "building:levels": null, "name": null, "name:ko": null, "name:en": null, "amenity": null, "shop": null, "office": null, "tourism": null, "social_facility": null, "healthcare": null, "addr:street": null, "addr:housenumber": null, "start_date": null, "centroid_x_5179": 1168100.5554869634, "centroid_y_5179": 1899934.9318105243, "footprint_area_m2": 3137.6273554214204 }, "geometry": { "type": "Polygon", "coordinates": [ [ [ 129.3914162, 37.0833445 ], [ 129.3917199, 37.0830837 ], [ 129.3910654, 37.0825987 ], [ 129.3909965, 37.0826578 ], [ 129.3909186, 37.0827247 ], [ 129.390842099999986, 37.0827904 ], [ 129.390761700000013, 37.0828595 ], [ 129.3914162, 37.0833445 ] ] ] } },
{ "type": "Feature", "properties": { "element": "way", "id": 1305129411, "building": "industrial", "building:levels": null, "name": null, "name:ko": null, "name:en": null, "amenity": null, "shop": null, "office": null, "tourism": null, "social_facility": null, "healthcare": null, "addr:street": null, "addr:housenumber": null, "start_date": null, "centroid_x_5179": 1167990.4699404996, "centroid_y_5179": 1899814.9549062764, "footprint_area_m2": 3629.7238875551084 }, "geometry": { "type": "Polygon", "coordinates": [ [ [ 129.3897116, 37.0823738 ], [ 129.390502700000013, 37.0816865 ], [ 129.390198, 37.0814633 ], [ 129.389555300000012, 37.0820218 ], [ 129.389649600000013, 37.0820908 ], [ 129.3894781, 37.0822399 ], [ 129.3895949, 37.0823254 ], [ 129.3896181, 37.0823053 ], [ 129.3897116, 37.0823738 ] ] ] } },
{ "type": "Feature", "properties": { "element": "way", "id": 1305129475, "building": "industrial", "building:levels": null, "name": null, "name:ko": null, "name:en": null, "amenity": null, "shop": null, "office": null, "tourism": null, "social_facility": null, "healthcare": null, "addr:street": null, "addr:housenumber": null, "start_date": null, "centroid_x_5179": 1168169.2773564237, "centroid_y_5179": 1900191.6742999093, "footprint_area_m2": 316.66920279559622 }, "geometry": { "type": "Polygon", "coordinates": [ [ [ 129.392065800000012, 37.0851617 ], [ 129.391932200000014, 37.0852753 ], [ 129.392016899999987, 37.0853388 ], [ 129.3919985, 37.0853544 ], [ 129.3920497, 37.0853928 ], [ 129.3922206, 37.0852474 ], [ 129.3921694, 37.0852091 ], [ 129.392150500000014, 37.0852252 ], [ 129.392065800000012, 37.0851617 ] ] ] } },
{ "type": "Feature", "properties": { "element": "way", "id": 1305129476, "building": "industrial", "building:levels": null, "name": null, "name:ko": null, "name:en": null, "amenity": null, "shop": null, "office": null, "tourism": null, "social_facility": null, "healthcare": null, "addr:street": null, "addr:housenumber": null, "start_date": null, "centroid_x_5179": 1168148.4319688445, "centroid_y_5179": 1900217.3842458602, "footprint_area_m2": 758.31697218520958 }, "geometry": { "type": "Polygon", "coordinates": [ [ [ 129.3917988, 37.0856895 ], [ 129.392065800000012, 37.0854577 ], [ 129.3918861, 37.0853259 ], [ 129.391619, 37.0855578 ], [ 129.3917988, 37.0856895 ] ] ] } },
{ "type": "Feature", "properties": { "element": "way", "id": 1305129486, "building": "yes", "building:levels": null, "name": null, "name:ko": null, "name:en": null, "amenity": null, "shop": null, "office": null, "tourism": null, "social_facility": null, "healthcare": null, "addr:street": null, "addr:housenumber": null, "start_date": null, "centroid_x_5179": 1168198.9990169026, "centroid_y_5179": 1900159.7899503161, "footprint_area_m2": 748.19064804315394 }, "geometry": { "type": "Polygon", "coordinates": [ [ [ 129.3923264, 37.0851673 ], [ 129.3926274, 37.084909 ], [ 129.39247, 37.0847922 ], [ 129.3921689, 37.0850505 ], [ 129.3923264, 37.0851673 ] ] ] } },
{ "type": "Feature", "properties": { "element": "way", "id": 1305129487, "building": "yes", "building:levels": null, "name": null, "name:ko": null, "name:en": null, "amenity": null, "shop": null, "office": null, "tourism": null, "social_facility": null, "healthcare": null, "addr:street": null, "addr:housenumber": null, "start_date": null, "centroid_x_5179": 1168184.6603495267, "centroid_y_5179": 1900179.0614196879, "footprint_area_m2": 214.16730426113745 }, "geometry": { "type": "Polygon", "coordinates": [ [ [ 129.392104100000012, 37.0851061 ], [ 129.3923136, 37.0852614 ], [ 129.392378400000013, 37.0852058 ], [ 129.3923264, 37.0851673 ], [ 129.3921689, 37.0850505 ], [ 129.392104100000012, 37.0851061 ] ] ] } },
{ "type": "Feature", "properties": { "element": "way", "id": 1305129488, "building": "yes", "building:levels": null, "name": null, "name:ko": null, "name:en": null, "amenity": null, "shop": null, "office": null, "tourism": null, "social_facility": null, "healthcare": null, "addr:street": null, "addr:housenumber": null, "start_date": null, "centroid_x_5179": 1168247.0088012633, "centroid_y_5179": 1900115.3150038209, "footprint_area_m2": 792.63602491519373 }, "geometry": { "type": "Polygon", "coordinates": [ [ [ 129.3928818, 37.0847572 ], [ 129.3931567, 37.0845159 ], [ 129.3929743, 37.0843837 ], [ 129.3926995, 37.084625 ], [ 129.3928818, 37.0847572 ] ] ] } },
{ "type": "Feature", "properties": { "element": "way", "id": 1305221672, "building": "yes", "building:levels": null, "name": null, "name:ko": null, "name:en": null, "amenity": null, "shop": null, "office": null, "tourism": null, "social_facility": null, "healthcare": null, "addr:street": null, "addr:housenumber": null, "start_date": null, "centroid_x_5179": 1166452.2498151357, "centroid_y_5179": 1901433.3351629234, "footprint_area_m2": 865.32510811300619 }, "geometry": { "type": "Polygon", "coordinates": [ [ [ 129.3730449, 37.0965648 ], [ 129.3728102, 37.0967684 ], [ 129.3730792, 37.0969657 ], [ 129.3732292, 37.0968355 ], [ 129.3731307, 37.0967633 ], [ 129.3732154, 37.0966898 ], [ 129.3730449, 37.0965648 ] ] ] } },
{ "type": "Feature", "properties": { "element": "way", "id": 1309153584, "building": "yes", "building:levels": null, "name": null, "name:ko": null, "name:en": null, "amenity": null, "shop": null, "office": null, "tourism": null, "social_facility": null, "healthcare": null, "addr:street": null, "addr:housenumber": null, "start_date": null, "centroid_x_5179": 1165375.9336140621, "centroid_y_5179": 1885763.8578804985, "footprint_area_m2": 114.35304581049752 }, "geometry": { "type": "Polygon", "coordinates": [ [ [ 129.3574093, 36.9558072 ], [ 129.3575495, 36.9558317 ], [ 129.3575711, 36.955753 ], [ 129.3574309, 36.9557284 ], [ 129.3574093, 36.9558072 ] ] ] } },
{ "type": "Feature", "properties": { "element": "way", "id": 1309158436, "building": "yes", "building:levels": null, "name": null, "name:ko": null, "name:en": null, "amenity": null, "shop": null, "office": null, "tourism": null, "social_facility": null, "healthcare": null, "addr:street": null, "addr:housenumber": null, "start_date": null, "centroid_x_5179": 1165490.4278821719, "centroid_y_5179": 1885831.4089537193, "footprint_area_m2": 85.232304788188046 }, "geometry": { "type": "Polygon", "coordinates": [ [ [ 129.3587158, 36.9563921 ], [ 129.3588556, 36.9564058 ], [ 129.358865, 36.9563451 ], [ 129.358725099999987, 36.9563313 ], [ 129.3587158, 36.9563921 ] ] ] } },
{ "type": "Feature", "properties": { "element": "way", "id": 1309158437, "building": "yes", "building:levels": null, "name": null, "name:ko": null, "name:en": null, "amenity": null, "shop": null, "office": null, "tourism": null, "social_facility": null, "healthcare": null, "addr:street": null, "addr:housenumber": null, "start_date": null, "centroid_x_5179": 1165484.8899007561, "centroid_y_5179": 1885817.8107942704, "footprint_area_m2": 128.49868341717456 }, "geometry": { "type": "Polygon", "coordinates": [ [ [ 129.3586637, 36.9563025 ], [ 129.3587707, 36.9563117 ], [ 129.3587867, 36.9561915 ], [ 129.35867970000001, 36.9561824 ], [ 129.3586637, 36.9563025 ] ] ] } },
{ "type": "Feature", "properties": { "element": "way", "id": 1309158438, "building": "yes", "building:levels": null, "name": null, "name:ko": null, "name:en": null, "amenity": null, "shop": null, "office": null, "tourism": null, "social_facility": null, "healthcare": null, "addr:street": null, "addr:housenumber": null, "start_date": null, "centroid_x_5179": 1165515.7069869791, "centroid_y_5179": 1885865.3217690203, "footprint_area_m2": 66.716939737905051 }, "geometry": { "type": "Polygon", "coordinates": [ [ [ 129.3590199, 36.9566892 ], [ 129.3591226, 36.9567114 ], [ 129.3591433, 36.9566502 ], [ 129.359040599999986, 36.9566279 ], [ 129.3590199, 36.9566892 ] ] ] } },
{ "type": "Feature", "properties": { "element": "way", "id": 1309158439, "building": "yes", "building:levels": null, "name": null, "name:ko": null, "name:en": null, "amenity": null, "shop": null, "office": null, "tourism": null, "social_facility": null, "healthcare": null, "addr:street": null, "addr:housenumber": null, "start_date": null, "centroid_x_5179": 1165552.0665606556, "centroid_y_5179": 1885853.2984252088, "footprint_area_m2": 143.97916622691145 }, "geometry": { "type": "Polygon", "coordinates": [ [ [ 129.3593931, 36.9565878 ], [ 129.3595699, 36.9566035 ], [ 129.3595812, 36.9565221 ], [ 129.359404399999988, 36.9565064 ], [ 129.3593931, 36.9565878 ] ] ] } },
{ "type": "Feature", "properties": { "element": "way", "id": 1309158440, "building": "yes", "building:levels": null, "name": null, "name:ko": null, "name:en": null, "amenity": null, "shop": null, "office": null, "tourism": null, "social_facility": null, "healthcare": null, "addr:street": null, "addr:housenumber": null, "start_date": null, "centroid_x_5179": 1165541.5416092756, "centroid_y_5179": 1885839.0001701124, "footprint_area_m2": 90.268711911090946 }, "geometry": { "type": "Polygon", "coordinates": [ [ [ 129.3593127, 36.9564734 ], [ 129.3594019, 36.9564831 ], [ 129.359419, 36.9563825 ], [ 129.359329800000012, 36.9563729 ], [ 129.3593127, 36.9564734 ] ] ] } },
{ "type": "Feature", "properties": { "element": "way", "id": 1339962054, "building": "commercial", "building:levels": null, "name": null, "name:ko": null, "name:en": null, "amenity": null, "shop": null, "office": null, "tourism": null, "social_facility": null, "healthcare": null, "addr:street": null, "addr:housenumber": null, "start_date": null, "centroid_x_5179": 1169029.2024725992, "centroid_y_5179": 1889609.8957353816, "footprint_area_m2": 165.22638548492526 }, "geometry": { "type": "Polygon", "coordinates": [ [ [ 129.399340099999989, 36.9898655 ], [ 129.3994487, 36.9898319 ], [ 129.3993903, 36.9896976 ], [ 129.3992782, 36.9897358 ], [ 129.399340099999989, 36.9898655 ] ] ] } },
{ "type": "Feature", "properties": { "element": "way", "id": 1339962318, "building": "commercial", "building:levels": null, "name": null, "name:ko": null, "name:en": null, "amenity": null, "shop": null, "office": null, "tourism": null, "social_facility": null, "healthcare": null, "addr:street": null, "addr:housenumber": null, "start_date": null, "centroid_x_5179": 1169209.1421560002, "centroid_y_5179": 1889694.4475102006, "footprint_area_m2": 411.07562686161128 }, "geometry": { "type": "Polygon", "coordinates": [ [ [ 129.4014793, 36.9904116 ], [ 129.4013908, 36.9903664 ], [ 129.401247500000011, 36.9904597 ], [ 129.401366, 36.9905685 ], [ 129.401366, 36.9906081 ], [ 129.4014545, 36.9906632 ], [ 129.4015536, 36.9905629 ], [ 129.4014191, 36.9904639 ], [ 129.4014793, 36.9904116 ] ] ] } },
{ "type": "Feature", "properties": { "element": "way", "id": 1340664558, "building": "retail", "building:levels": null, "name": null, "name:ko": null, "name:en": null, "amenity": null, "shop": null, "office": null, "tourism": null, "social_facility": null, "healthcare": null, "addr:street": null, "addr:housenumber": null, "start_date": null, "centroid_x_5179": 1170683.6457900514, "centroid_y_5179": 1897801.0477343546, "footprint_area_m2": 72.220563346083665 }, "geometry": { "type": "Polygon", "coordinates": [ [ [ 129.4197321, 37.0632766 ], [ 129.4197893, 37.0633234 ], [ 129.4198096, 37.0633076 ], [ 129.4198308, 37.063325 ], [ 129.4198744, 37.063291 ], [ 129.419796, 37.0632268 ], [ 129.4197321, 37.0632766 ] ] ] } },
{ "type": "Feature", "properties": { "element": "way", "id": 1340665299, "building": "yes", "building:levels": null, "name": "오떼오피자 울진점", "name:ko": null, "name:en": null, "amenity": "restaurant", "shop": null, "office": null, "tourism": null, "social_facility": null, "healthcare": null, "addr:street": null, "addr:housenumber": null, "start_date": null, "centroid_x_5179": 1170271.5514647958, "centroid_y_5179": 1894905.7171442055, "footprint_area_m2": 58.154732727497226 }, "geometry": { "type": "Polygon", "coordinates": [ [ [ 129.414482, 37.037316 ], [ 129.4145459, 37.037316 ], [ 129.4145509, 37.0372425 ], [ 129.4144862, 37.0372087 ], [ 129.414482, 37.037316 ] ] ] } },
{ "type": "Feature", "properties": { "element": "way", "id": 1341169472, "building": "yes", "building:levels": null, "name": "중앙온누리약국", "name:ko": null, "name:en": null, "amenity": "pharmacy", "shop": null, "office": null, "tourism": null, "social_facility": null, "healthcare": "pharmacy", "addr:street": null, "addr:housenumber": null, "start_date": null, "centroid_x_5179": 1169903.2792702196, "centroid_y_5179": 1889868.4085950996, "footprint_area_m2": 97.988898419802709 }, "geometry": { "type": "Polygon", "coordinates": [ [ [ 129.4091603, 36.9919508 ], [ 129.4092455, 36.9920162 ], [ 129.4093173, 36.9919605 ], [ 129.4092368, 36.9918893 ], [ 129.4091603, 36.9919508 ] ] ] } },
{ "type": "Feature", "properties": { "element": "way", "id": 1341169473, "building": "yes", "building:levels": null, "name": "제일약국", "name:ko": null, "name:en": null, "amenity": "pharmacy", "shop": null, "office": null, "tourism": null, "social_facility": null, "healthcare": "pharmacy", "addr:street": null, "addr:housenumber": null, "start_date": null, "centroid_x_5179": 1169866.7418934954, "centroid_y_5179": 1889883.4985689835, "footprint_area_m2": 91.415215402417658 }, "geometry": { "type": "Polygon", "coordinates": [ [ [ 129.4087553, 36.9920949 ], [ 129.4088023, 36.9921399 ], [ 129.4088257, 36.9921233 ], [ 129.40885320000001, 36.9921517 ], [ 129.4089076, 36.9921169 ], [ 129.4088358, 36.9920317 ], [ 129.4087553, 36.9920949 ] ] ] } },
{ "type": "Feature", "properties": { "element": "way", "id": 1341169474, "building": "yes", "building:levels": null, "name": "울진메디컬약국", "name:ko": null, "name:en": null, "amenity": "pharmacy", "shop": null, "office": null, "tourism": null, "social_facility": null, "healthcare": "pharmacy", "addr:street": null, "addr:housenumber": null, "start_date": null, "centroid_x_5179": 1169828.0167719799, "centroid_y_5179": 1889867.5543947043, "footprint_area_m2": 120.61141491601069 }, "geometry": { "type": "Polygon", "coordinates": [ [ [ 129.4083497, 36.9920226 ], [ 129.4084844, 36.991968 ], [ 129.4084348, 36.9918935 ], [ 129.4083027, 36.9919567 ], [ 129.4083497, 36.9920226 ] ] ] } },
{ "type": "Feature", "properties": { "element": "way", "id": 1347732412, "building": "train_station", "building:levels": null, "name": null, "name:ko": null, "name:en": null, "amenity": null, "shop": null, "office": null, "tourism": null, "social_facility": null, "healthcare": null, "addr:street": null, "addr:housenumber": null, "start_date": "2025-01-01", "centroid_x_5179": 1170211.0260960921, "centroid_y_5179": 1877754.5787875922, "footprint_area_m2": 447.33190966456442 }, "geometry": { "type": "Polygon", "coordinates": [ [ [ 129.409869500000013, 36.8828867 ], [ 129.4100355, 36.8829 ], [ 129.4100693, 36.8826303 ], [ 129.4099033, 36.882617 ], [ 129.409869500000013, 36.8828867 ] ] ] } },
{ "type": "Feature", "properties": { "element": "way", "id": 1366550570, "building": "train_station", "building:levels": null, "name": "흥부역", "name:ko": "흥부역", "name:en": "Heungbu Station", "amenity": null, "shop": null, "office": null, "tourism": null, "social_facility": null, "healthcare": null, "addr:street": null, "addr:housenumber": null, "start_date": "2025-01-01", "centroid_x_5179": 1166126.3834549079, "centroid_y_5179": 1901482.5718511434, "footprint_area_m2": 1134.3294224471249 }, "geometry": { "type": "Polygon", "coordinates": [ [ [ 129.3692346, 37.0971659 ], [ 129.3692797, 37.0969982 ], [ 129.3693634, 37.0970102 ], [ 129.3693548, 37.0970427 ], [ 129.3695329, 37.0970581 ], [ 129.3695501, 37.0972823 ], [ 129.3694793, 37.0972703 ], [ 129.3694342, 37.097397 ], [ 129.3694878, 37.0974055 ], [ 129.3694385, 37.0975459 ], [ 129.3692282, 37.0975185 ], [ 129.3693226, 37.097183 ], [ 129.3692346, 37.0971659 ] ] ] } },
{ "type": "Feature", "properties": { "element": "way", "id": 1375822560, "building": "yes", "building:levels": null, "name": null, "name:ko": null, "name:en": null, "amenity": null, "shop": null, "office": null, "tourism": null, "social_facility": null, "healthcare": null, "addr:street": null, "addr:housenumber": null, "start_date": null, "centroid_x_5179": 1167021.6181956101, "centroid_y_5179": 1898890.2166574479, "footprint_area_m2": 94.947361455751235 }, "geometry": { "type": "Polygon", "coordinates": [ [ [ 129.3788195, 37.0737972 ], [ 129.378946500000012, 37.0737811 ], [ 129.3789318, 37.0737072 ], [ 129.378804800000012, 37.0737233 ], [ 129.3788195, 37.0737972 ] ] ] } },
{ "type": "Feature", "properties": { "element": "way", "id": 1375822561, "building": "yes", "building:levels": null, "name": null, "name:ko": null, "name:en": null, "amenity": null, "shop": null, "office": null, "tourism": null, "social_facility": null, "healthcare": null, "addr:street": null, "addr:housenumber": null, "start_date": null, "centroid_x_5179": 1167059.9218257093, "centroid_y_5179": 1898882.7031508158, "footprint_area_m2": 304.11348374741453 }, "geometry": { "type": "Polygon", "coordinates": [ [ [ 129.3791711, 37.0737545 ], [ 129.379467, 37.0736997 ], [ 129.37943820000001, 37.0736009 ], [ 129.3791424, 37.0736556 ], [ 129.3791711, 37.0737545 ] ] ] } },
{ "type": "Feature", "properties": { "element": "way", "id": 1375822564, "building": "yes", "building:levels": null, "name": null, "name:ko": null, "name:en": null, "amenity": null, "shop": null, "office": null, "tourism": null, "social_facility": null, "healthcare": null, "addr:street": null, "addr:housenumber": null, "start_date": null, "centroid_x_5179": 1167087.5983623725, "centroid_y_5179": 1898893.0433770062, "footprint_area_m2": 234.30116815266527 }, "geometry": { "type": "Polygon", "coordinates": [ [ [ 129.3795882, 37.0738336 ], [ 129.3797357, 37.0738068 ], [ 129.379702400000014, 37.0736902 ], [ 129.3795232, 37.0737228 ], [ 129.379536300000012, 37.0737685 ], [ 129.3794723, 37.0737801 ], [ 129.379484100000013, 37.0738212 ], [ 129.3795797, 37.0738038 ], [ 129.3795882, 37.0738336 ] ] ] } },
{ "type": "Feature", "properties": { "element": "way", "id": 1375824759, "building": "yes", "building:levels": null, "name": null, "name:ko": null, "name:en": null, "amenity": null, "shop": null, "office": null, "tourism": null, "social_facility": null, "healthcare": null, "addr:street": null, "addr:housenumber": null, "start_date": null, "centroid_x_5179": 1167073.823032626, "centroid_y_5179": 1898828.037848315, "footprint_area_m2": 117.12993197581633 }, "geometry": { "type": "Polygon", "coordinates": [ [ [ 129.3793828, 37.0732304 ], [ 129.379527700000011, 37.0732156 ], [ 129.37951480000001, 37.073135 ], [ 129.3793699, 37.0731498 ], [ 129.3793828, 37.0732304 ] ] ] } },
{ "type": "Feature", "properties": { "element": "way", "id": 1375824760, "building": "yes", "building:levels": null, "name": null, "name:ko": null, "name:en": null, "amenity": null, "shop": null, "office": null, "tourism": null, "social_facility": null, "healthcare": null, "addr:street": null, "addr:housenumber": null, "start_date": null, "centroid_x_5179": 1167012.9873264462, "centroid_y_5179": 1898842.2143432316, "footprint_area_m2": 114.80739064911421 }, "geometry": { "type": "Polygon", "coordinates": [ [ [ 129.3787606, 37.0734006 ], [ 129.3787, 37.073263 ], [ 129.3787752, 37.0732419 ], [ 129.3788056, 37.0733108 ], [ 129.378835900000013, 37.0733795 ], [ 129.3787606, 37.0734006 ] ] ] } },
{ "type": "Feature", "properties": { "element": "way", "id": 1375826780, "building": "yes", "building:levels": null, "name": null, "name:ko": null, "name:en": null, "amenity": null, "shop": null, "office": null, "tourism": null, "social_facility": null, "healthcare": null, "addr:street": null, "addr:housenumber": null, "start_date": null, "centroid_x_5179": 1168070.8557771205, "centroid_y_5179": 1898512.5996449937, "footprint_area_m2": 353.54643700982717 }, "geometry": { "type": "Polygon", "coordinates": [ [ [ 129.39046350000001, 37.0702867 ], [ 129.3906041, 37.0700038 ], [ 129.3907135, 37.0700384 ], [ 129.390573, 37.0703213 ], [ 129.39046350000001, 37.0702867 ] ] ] } },
{ "type": "Feature", "properties": { "element": "way", "id": 1375826781, "building": "yes", "building:levels": null, "name": null, "name:ko": null, "name:en": null, "amenity": null, "shop": null, "office": null, "tourism": null, "social_facility": null, "healthcare": null, "addr:street": null, "addr:housenumber": null, "start_date": null, "centroid_x_5179": 1168085.3351257886, "centroid_y_5179": 1898476.3589789111, "footprint_area_m2": 329.01846354032227 }, "geometry": { "type": "Polygon", "coordinates": [ [ [ 129.3906314, 37.069962 ], [ 129.3907495, 37.0696771 ], [ 129.390855, 37.069705 ], [ 129.3907369, 37.0699898 ], [ 129.3906314, 37.069962 ] ] ] } },
{ "type": "Feature", "properties": { "element": "way", "id": 1383894973, "building": "yes", "building:levels": null, "name": null, "name:ko": null, "name:en": null, "amenity": null, "shop": null, "office": null, "tourism": null, "social_facility": null, "healthcare": null, "addr:street": null, "addr:housenumber": null, "start_date": null, "centroid_x_5179": 1158323.0913282824, "centroid_y_5179": 1875655.0339083311, "footprint_area_m2": 46.681250977105108 }, "geometry": { "type": "Polygon", "coordinates": [ [ [ 129.27615, 36.8658646 ], [ 129.2761898, 36.8658522 ], [ 129.276239800000013, 36.8659554 ], [ 129.276200100000011, 36.8659677 ], [ 129.27615, 36.8658646 ] ] ] } },
{ "type": "Feature", "properties": { "element": "way", "id": 1383894978, "building": "yes", "building:levels": null, "name": null, "name:ko": null, "name:en": null, "amenity": null, "shop": null, "office": null, "tourism": null, "social_facility": null, "healthcare": null, "addr:street": null, "addr:housenumber": null, "start_date": null, "centroid_x_5179": 1158201.0794599489, "centroid_y_5179": 1875608.5824149468, "footprint_area_m2": 112.58652523067545 }, "geometry": { "type": "Polygon", "coordinates": [ [ [ 129.2747669, 36.8654484 ], [ 129.2747824, 36.8655816 ], [ 129.2748671, 36.8655753 ], [ 129.2748516, 36.8654421 ], [ 129.2747669, 36.8654484 ] ] ] } },
{ "type": "Feature", "properties": { "element": "way", "id": 1383894979, "building": "yes", "building:levels": null, "name": null, "name:ko": null, "name:en": null, "amenity": null, "shop": null, "office": null, "tourism": null, "social_facility": null, "healthcare": null, "addr:street": null, "addr:housenumber": null, "start_date": null, "centroid_x_5179": 1158222.9051346274, "centroid_y_5179": 1875592.8740458803, "footprint_area_m2": 30.327077631377023 }, "geometry": { "type": "Polygon", "coordinates": [ [ [ 129.2750284, 36.8653412 ], [ 129.275089400000013, 36.8653419 ], [ 129.2750886, 36.8653921 ], [ 129.2750275, 36.8653914 ], [ 129.2750284, 36.8653412 ] ] ] } },
{ "type": "Feature", "properties": { "element": "way", "id": 1383894980, "building": "yes", "building:levels": null, "name": null, "name:ko": null, "name:en": null, "amenity": null, "shop": null, "office": null, "tourism": null, "social_facility": null, "healthcare": null, "addr:street": null, "addr:housenumber": null, "start_date": null, "centroid_x_5179": 1158297.0532262041, "centroid_y_5179": 1875618.2414303457, "footprint_area_m2": 189.28078313504136 }, "geometry": { "type": "Polygon", "coordinates": [ [ [ 129.2758087, 36.8655001 ], [ 129.2758981, 36.865475 ], [ 129.275981800000011, 36.8656655 ], [ 129.2758924, 36.8656906 ], [ 129.2758087, 36.8655001 ] ] ] } },
{ "type": "Feature", "properties": { "element": "way", "id": 1383894985, "building": "house", "building:levels": null, "name": null, "name:ko": null, "name:en": null, "amenity": null, "shop": null, "office": null, "tourism": null, "social_facility": null, "healthcare": null, "addr:street": "오무길", "addr:housenumber": null, "start_date": null, "centroid_x_5179": 1158340.7971601717, "centroid_y_5179": 1875677.0223803474, "footprint_area_m2": 127.36673289268001 }, "geometry": { "type": "Polygon", "coordinates": [ [ [ 129.2763114, 36.8661288 ], [ 129.276345099999986, 36.8660453 ], [ 129.2764847, 36.8660814 ], [ 129.276467599999989, 36.8661238 ], [ 129.276451, 36.8661649 ], [ 129.2763114, 36.8661288 ] ] ] } },
{ "type": "Feature", "properties": { "element": "way", "id": 1383894986, "building": "yes", "building:levels": null, "name": null, "name:ko": null, "name:en": null, "amenity": null, "shop": null, "office": null, "tourism": null, "social_facility": null, "healthcare": null, "addr:street": null, "addr:housenumber": null, "start_date": null, "centroid_x_5179": 1158351.1307928551, "centroid_y_5179": 1875683.2627563805, "footprint_area_m2": 48.907806280398191 }, "geometry": { "type": "Polygon", "coordinates": [ [ [ 129.276467599999989, 36.8661238 ], [ 129.276451, 36.8661649 ], [ 129.2765652, 36.8661939 ], [ 129.2765809, 36.8661569 ], [ 129.276467599999989, 36.8661238 ] ] ] } },
{ "type": "Feature", "properties": { "element": "way", "id": 1383894987, "building": "yes", "building:levels": null, "name": null, "name:ko": null, "name:en": null, "amenity": null, "shop": null, "office": null, "tourism": null, "social_facility": null, "healthcare": null, "addr:street": null, "addr:housenumber": null, "start_date": null, "centroid_x_5179": 1158432.6734700522, "centroid_y_5179": 1875671.5294353163, "footprint_area_m2": 27.335785544833794 }, "geometry": { "type": "Polygon", "coordinates": [ [ [ 129.2773789, 36.8660467 ], [ 129.277387800000014, 36.8660169 ], [ 129.2774755, 36.8660337 ], [ 129.2774666, 36.8660635 ], [ 129.2773789, 36.8660467 ] ] ] } },
{ "type": "Feature", "properties": { "element": "way", "id": 1383894988, "building": "yes", "building:levels": null, "name": null, "name:ko": null, "name:en": null, "amenity": null, "shop": null, "office": null, "tourism": null, "social_facility": null, "healthcare": null, "addr:street": null, "addr:housenumber": null, "start_date": null, "centroid_x_5179": 1158455.4636176571, "centroid_y_5179": 1875675.9991411543, "footprint_area_m2": 98.886580345348406 }, "geometry": { "type": "Polygon", "coordinates": [ [ [ 129.2776044, 36.8660511 ], [ 129.2777522, 36.8660357 ], [ 129.277763, 36.8661022 ], [ 129.277615200000014, 36.8661176 ], [ 129.2776044, 36.8660511 ] ] ] } },
{ "type": "Feature", "properties": { "element": "way", "id": 1383894990, "building": "yes", "building:levels": null, "name": null, "name:ko": null, "name:en": null, "amenity": null, "shop": null, "office": null, "tourism": null, "social_facility": null, "healthcare": null, "addr:street": null, "addr:housenumber": null, "start_date": null, "centroid_x_5179": 1158403.0566729046, "centroid_y_5179": 1875667.5542304099, "footprint_area_m2": 47.437684268371235 }, "geometry": { "type": "Polygon", "coordinates": [ [ [ 129.277072, 36.8659689 ], [ 129.2771481, 36.8659995 ], [ 129.2771165, 36.8660498 ], [ 129.2770404, 36.8660192 ], [ 129.277072, 36.8659689 ] ] ] } },
{ "type": "Feature", "properties": { "element": "way", "id": 1383894991, "building": "yes", "building:levels": null, "name": null, "name:ko": null, "name:en": null, "amenity": null, "shop": null, "office": null, "tourism": null, "social_facility": null, "healthcare": null, "addr:street": null, "addr:housenumber": null, "start_date": null, "centroid_x_5179": 1158472.3630266062, "centroid_y_5179": 1875664.704869352, "footprint_area_m2": 82.766293038628618 }, "geometry": { "type": "Polygon", "coordinates": [ [ [ 129.277794699999987, 36.8659494 ], [ 129.2779397, 36.8659376 ], [ 129.277947, 36.8659947 ], [ 129.277802, 36.8660065 ], [ 129.277794699999987, 36.8659494 ] ] ] } },
{ "type": "Feature", "properties": { "element": "way", "id": 1383894992, "building": "yes", "building:levels": null, "name": null, "name:ko": null, "name:en": null, "amenity": null, "shop": null, "office": null, "tourism": null, "social_facility": null, "healthcare": null, "addr:street": null, "addr:housenumber": null, "start_date": null, "centroid_x_5179": 1158445.9977054654, "centroid_y_5179": 1875660.9121477869, "footprint_area_m2": 26.794840694531299 }, "geometry": { "type": "Polygon", "coordinates": [ [ [ 129.2775181, 36.8659495 ], [ 129.2775216, 36.865925 ], [ 129.2776307, 36.8659351 ], [ 129.277627200000012, 36.8659596 ], [ 129.2775181, 36.8659495 ] ] ] } },
{ "type": "Feature", "properties": { "element": "way", "id": 1383894994, "building": "house", "building:levels": null, "name": null, "name:ko": null, "name:en": null, "amenity": null, "shop": null, "office": null, "tourism": null, "social_facility": null, "healthcare": null, "addr:street": null, "addr:housenumber": null, "start_date": null, "centroid_x_5179": 1158029.3562398388, "centroid_y_5179": 1875375.0889550145, "footprint_area_m2": 77.869054931638971 }, "geometry": { "type": "Polygon", "coordinates": [ [ [ 129.2728019, 36.8633821 ], [ 129.2728701, 36.863377 ], [ 129.2728835, 36.8634914 ], [ 129.2728153, 36.8634965 ], [ 129.2728019, 36.8633821 ] ] ] } },
{ "type": "Feature", "properties": { "element": "way", "id": 1383894995, "building": "yes", "building:levels": null, "name": null, "name:ko": null, "name:en": null, "amenity": null, "shop": null, "office": null, "tourism": null, "social_facility": null, "healthcare": null, "addr:street": null, "addr:housenumber": null, "start_date": null, "centroid_x_5179": 1158030.4850307887, "centroid_y_5179": 1875385.5211754439, "footprint_area_m2": 20.805288233977894 }, "geometry": { "type": "Polygon", "coordinates": [ [ [ 129.2728284, 36.8635115 ], [ 129.2728687, 36.8635018 ], [ 129.272886699999987, 36.8635496 ], [ 129.2728463, 36.8635593 ], [ 129.2728284, 36.8635115 ] ] ] } },
{ "type": "Feature", "properties": { "element": "way", "id": 1383894996, "building": "yes", "building:levels": null, "name": null, "name:ko": null, "name:en": null, "amenity": null, "shop": null, "office": null, "tourism": null, "social_facility": null, "healthcare": null, "addr:street": null, "addr:housenumber": null, "start_date": null, "centroid_x_5179": 1158036.0459819401, "centroid_y_5179": 1875384.5725039698, "footprint_area_m2": 23.937643957113231 }, "geometry": { "type": "Polygon", "coordinates": [ [ [ 129.2728832, 36.8635099 ], [ 129.2729009, 36.8635485 ], [ 129.27295620000001, 36.8635322 ], [ 129.2729385, 36.8634937 ], [ 129.2728832, 36.8635099 ] ] ] } },
{ "type": "Feature", "properties": { "element": "way", "id": 1383894998, "building": "yes", "building:levels": null, "name": null, "name:ko": null, "name:en": null, "amenity": null, "shop": null, "office": null, "tourism": null, "social_facility": null, "healthcare": null, "addr:street": null, "addr:housenumber": null, "start_date": null, "centroid_x_5179": 1158040.0380788825, "centroid_y_5179": 1875380.2205442328, "footprint_area_m2": 23.39329551709497 }, "geometry": { "type": "Polygon", "coordinates": [ [ [ 129.272935, 36.8634559 ], [ 129.2729727, 36.8634479 ], [ 129.27299210000001, 36.8635065 ], [ 129.2729544, 36.8635145 ], [ 129.272935, 36.8634559 ] ] ] } },
{ "type": "Feature", "properties": { "element": "way", "id": 1383894999, "building": "yes", "building:levels": null, "name": null, "name:ko": null, "name:en": null, "amenity": null, "shop": null, "office": null, "tourism": null, "social_facility": null, "healthcare": null, "addr:street": null, "addr:housenumber": null, "start_date": null, "centroid_x_5179": 1158035.3932194461, "centroid_y_5179": 1875361.6610106805, "footprint_area_m2": 10.336458440960946 }, "geometry": { "type": "Polygon", "coordinates": [ [ [ 129.2728951, 36.8633341 ], [ 129.2728922, 36.8632968 ], [ 129.2729201, 36.8632954 ], [ 129.272923, 36.8633327 ], [ 129.2728951, 36.8633341 ] ] ] } },
{ "type": "Feature", "properties": { "element": "way", "id": 1383895003, "building": "yes", "building:levels": null, "name": null, "name:ko": null, "name:en": null, "amenity": null, "shop": null, "office": null, "tourism": null, "social_facility": null, "healthcare": null, "addr:street": null, "addr:housenumber": null, "start_date": null, "centroid_x_5179": 1158512.2803289401, "centroid_y_5179": 1875630.0254962135, "footprint_area_m2": 71.473707862841934 }, "geometry": { "type": "Polygon", "coordinates": [ [ [ 129.2782415, 36.86564 ], [ 129.2782641, 36.865696 ], [ 129.278381, 36.8656657 ], [ 129.2783584, 36.8656098 ], [ 129.2782415, 36.86564 ] ] ] } },
{ "type": "Feature", "properties": { "element": "way", "id": 1383895005, "building": "yes", "building:levels": null, "name": null, "name:ko": null, "name:en": null, "amenity": null, "shop": null, "office": null, "tourism": null, "social_facility": null, "healthcare": null, "addr:street": null, "addr:housenumber": null, "start_date": null, "centroid_x_5179": 1158533.2674903697, "centroid_y_5179": 1875622.9327074585, "footprint_area_m2": 89.12687922173825 }, "geometry": { "type": "Polygon", "coordinates": [ [ [ 129.278469, 36.865581 ], [ 129.278520500000013, 36.8656432 ], [ 129.2786212, 36.8655899 ], [ 129.2785697, 36.8655277 ], [ 129.278469, 36.865581 ] ] ] } },
{ "type": "Feature", "properties": { "element": "way", "id": 1383895006, "building": "yes", "building:levels": null, "name": null, "name:ko": null, "name:en": null, "amenity": null, "shop": null, "office": null, "tourism": null, "social_facility": null, "healthcare": null, "addr:street": null, "addr:housenumber": null, "start_date": null, "centroid_x_5179": 1158546.4806288709, "centroid_y_5179": 1875610.8707018555, "footprint_area_m2": 38.227355006668432 }, "geometry": { "type": "Polygon", "coordinates": [ [ [ 129.278613799999988, 36.8654871 ], [ 129.2787554, 36.8654389 ], [ 129.2787677, 36.865462 ], [ 129.2786261, 36.8655102 ], [ 129.278613799999988, 36.8654871 ] ] ] } },
{ "type": "Feature", "properties": { "element": "way", "id": 1383895007, "building": "yes", "building:levels": null, "name": null, "name:ko": null, "name:en": null, "amenity": null, "shop": null, "office": null, "tourism": null, "social_facility": null, "healthcare": null, "addr:street": null, "addr:housenumber": null, "start_date": null, "centroid_x_5179": 1158540.4217888415, "centroid_y_5179": 1875619.9306792717, "footprint_area_m2": 8.2073826960653165 }, "geometry": { "type": "Polygon", "coordinates": [ [ [ 129.2786018, 36.8655557 ], [ 129.278631, 36.8655395 ], [ 129.2786476, 36.8655587 ], [ 129.2786184, 36.8655749 ], [ 129.2786018, 36.8655557 ] ] ] } },
{ "type": "Feature", "properties": { "element": "way", "id": 1383895008, "building": "yes", "building:levels": null, "name": null, "name:ko": null, "name:en": null, "amenity": null, "shop": null, "office": null, "tourism": null, "social_facility": null, "healthcare": null, "addr:street": null, "addr:housenumber": null, "start_date": null, "centroid_x_5179": 1158519.7974555853, "centroid_y_5179": 1875627.73550464, "footprint_area_m2": 25.491030273824961 }, "geometry": { "type": "Polygon", "coordinates": [ [ [ 129.2783599, 36.8656004 ], [ 129.27840040000001, 36.8656723 ], [ 129.2784302, 36.8656615 ], [ 129.2783897, 36.8655897 ], [ 129.2783599, 36.8656004 ] ] ] } },
{ "type": "Feature", "properties": { "element": "way", "id": 1383895009, "building": "yes", "building:levels": null, "name": null, "name:ko": null, "name:en": null, "amenity": null, "shop": null, "office": null, "tourism": null, "social_facility": null, "healthcare": null, "addr:street": null, "addr:housenumber": null, "start_date": null, "centroid_x_5179": 1158523.456491123, "centroid_y_5179": 1875625.8498411707, "footprint_area_m2": 25.665217592914416 }, "geometry": { "type": "Polygon", "coordinates": [ [ [ 129.2783961, 36.8655893 ], [ 129.2784239, 36.865577 ], [ 129.2784437, 36.8656056 ], [ 129.2784557, 36.8656002 ], [ 129.278476500000011, 36.8656301 ], [ 129.278436699999986, 36.8656478 ], [ 129.2783961, 36.8655893 ] ] ] } },
{ "type": "Feature", "properties": { "element": "way", "id": 1383895010, "building": "house", "building:levels": null, "name": null, "name:ko": null, "name:en": null, "amenity": null, "shop": null, "office": null, "tourism": null, "social_facility": null, "healthcare": null, "addr:street": null, "addr:housenumber": null, "start_date": null, "centroid_x_5179": 1158156.2711516758, "centroid_y_5179": 1875526.4037662116, "footprint_area_m2": 98.305655469391667 }, "geometry": { "type": "Polygon", "coordinates": [ [ [ 129.2742168, 36.8647529 ], [ 129.2742783, 36.8647111 ], [ 129.274378, 36.8648049 ], [ 129.2743165, 36.8648467 ], [ 129.2742168, 36.8647529 ] ] ] } },
{ "type": "Feature", "properties": { "element": "way", "id": 1383895012, "building": "yes", "building:levels": null, "name": null, "name:ko": null, "name:en": null, "amenity": null, "shop": null, "office": null, "tourism": null, "social_facility": null, "healthcare": null, "addr:street": null, "addr:housenumber": null, "start_date": null, "centroid_x_5179": 1158148.7007412449, "centroid_y_5179": 1875499.1620171021, "footprint_area_m2": 45.407301517671854 }, "geometry": { "type": "Polygon", "coordinates": [ [ [ 129.2741656, 36.8645011 ], [ 129.274195099999986, 36.8645808 ], [ 129.2742481, 36.8645683 ], [ 129.274218499999989, 36.8644886 ], [ 129.2741656, 36.8645011 ] ] ] } },
{ "type": "Feature", "properties": { "element": "way", "id": 1383895014, "building": "house", "building:levels": null, "name": null, "name:ko": null, "name:en": null, "amenity": null, "shop": null, "office": null, "tourism": null, "social_facility": null, "healthcare": null, "addr:street": null, "addr:housenumber": null, "start_date": null, "centroid_x_5179": 1158116.430635097, "centroid_y_5179": 1875410.5083918986, "footprint_area_m2": 127.00407407172926 }, "geometry": { "type": "Polygon", "coordinates": [ [ [ 129.2737492, 36.8637113 ], [ 129.273785, 36.8637446 ], [ 129.2737627, 36.8637599 ], [ 129.273825, 36.863818 ], [ 129.2739037, 36.8637641 ], [ 129.2738771, 36.8637393 ], [ 129.273895, 36.863727 ], [ 129.2738454, 36.8636807 ], [ 129.2738333, 36.8636891 ], [ 129.2738114, 36.8636687 ], [ 129.2737492, 36.8637113 ] ] ] } },
{ "type": "Feature", "properties": { "element": "way", "id": 1458920333, "building": "yes", "building:levels": null, "name": "울진전파강우관측소", "name:ko": null, "name:en": null, "amenity": null, "shop": null, "office": null, "tourism": null, "social_facility": null, "healthcare": null, "addr:street": null, "addr:housenumber": null, "start_date": null, "centroid_x_5179": 1150628.4918807419, "centroid_y_5179": 1879305.5716033925, "footprint_area_m2": 121.24180062859027 }, "geometry": { "type": "Polygon", "coordinates": [ [ [ 129.1905817, 36.9001259 ], [ 129.1906769, 36.9001275 ], [ 129.1906802, 36.8999987 ], [ 129.1905851, 36.8999971 ], [ 129.1905817, 36.9001259 ] ] ] } },
{ "type": "Feature", "properties": { "element": "way", "id": 1527629190, "building": "yes", "building:levels": null, "name": null, "name:ko": null, "name:en": null, "amenity": null, "shop": null, "office": null, "tourism": null, "social_facility": null, "healthcare": null, "addr:street": null, "addr:housenumber": null, "start_date": null, "centroid_x_5179": 1152973.518218511, "centroid_y_5179": 1887907.0220729741, "footprint_area_m2": 131.54795836780821 }, "geometry": { "type": "Polygon", "coordinates": [ [ [ 129.2185974, 36.9771556 ], [ 129.218700500000011, 36.9771157 ], [ 129.2187639, 36.9772204 ], [ 129.2186608, 36.9772602 ], [ 129.2185974, 36.9771556 ] ] ] } },
{ "type": "Feature", "properties": { "element": "way", "id": 1527629191, "building": "yes", "building:levels": null, "name": null, "name:ko": null, "name:en": null, "amenity": null, "shop": null, "office": null, "tourism": null, "social_facility": null, "healthcare": null, "addr:street": null, "addr:housenumber": null, "start_date": null, "centroid_x_5179": 1152958.6122141597, "centroid_y_5179": 1887890.2627997545, "footprint_area_m2": 129.52971317885513 }, "geometry": { "type": "Polygon", "coordinates": [ [ [ 129.218417100000011, 36.9770175 ], [ 129.21848940000001, 36.9769639 ], [ 129.2186026, 36.9770612 ], [ 129.2185303, 36.9771149 ], [ 129.218417100000011, 36.9770175 ] ] ] } },
{ "type": "Feature", "properties": { "element": "way", "id": 1527629192, "building": "yes", "building:levels": null, "name": null, "name:ko": null, "name:en": null, "amenity": null, "shop": null, "office": null, "tourism": null, "social_facility": null, "healthcare": null, "addr:street": null, "addr:housenumber": null, "start_date": null, "centroid_x_5179": 1152966.3743792016, "centroid_y_5179": 1887882.7394782424, "footprint_area_m2": 120.0884897731588 }, "geometry": { "type": "Polygon", "coordinates": [ [ [ 129.2185078, 36.9769484 ], [ 129.2185821, 36.9768977 ], [ 129.218683199999987, 36.9769922 ], [ 129.2186089, 36.977043 ], [ 129.2185078, 36.9769484 ] ] ] } },
{ "type": "Feature", "properties": { "element": "way", "id": 1527629193, "building": "yes", "building:levels": null, "name": null, "name:ko": null, "name:en": null, "amenity": null, "shop": null, "office": null, "tourism": null, "social_facility": null, "healthcare": null, "addr:street": null, "addr:housenumber": null, "start_date": null, "centroid_x_5179": 1152947.1909175033, "centroid_y_5179": 1887874.9958312437, "footprint_area_m2": 99.466268383562408 }, "geometry": { "type": "Polygon", "coordinates": [ [ [ 129.218310800000012, 36.9768693 ], [ 129.218407, 36.9768438 ], [ 129.218446199999988, 36.976938 ], [ 129.21835, 36.9769636 ], [ 129.218310800000012, 36.9768693 ] ] ] } },
{ "type": "Feature", "properties": { "element": "way", "id": 1527629194, "building": "yes", "building:levels": null, "name": null, "name:ko": null, "name:en": null, "amenity": null, "shop": null, "office": null, "tourism": null, "social_facility": null, "healthcare": null, "addr:street": null, "addr:housenumber": null, "start_date": null, "centroid_x_5179": 1152942.0276443735, "centroid_y_5179": 1887860.1552485665, "footprint_area_m2": 120.63716384852964 }, "geometry": { "type": "Polygon", "coordinates": [ [ [ 129.218240900000012, 36.9767339 ], [ 129.2183389, 36.9767014 ], [ 129.218394100000012, 36.9768077 ], [ 129.2182961, 36.9768402 ], [ 129.218240900000012, 36.9767339 ] ] ] } },
{ "type": "Feature", "properties": { "element": "way", "id": 1527629195, "building": "yes", "building:levels": null, "name": null, "name:ko": null, "name:en": null, "amenity": null, "shop": null, "office": null, "tourism": null, "social_facility": null, "healthcare": null, "addr:street": null, "addr:housenumber": null, "start_date": null, "centroid_x_5179": 1152967.6500243228, "centroid_y_5179": 1887848.7979605193, "footprint_area_m2": 225.27070129821089 }, "geometry": { "type": "Polygon", "coordinates": [ [ [ 129.2184408, 36.9766498 ], [ 129.2187496, 36.9766071 ], [ 129.218765100000013, 36.9766788 ], [ 129.218456300000014, 36.9767215 ], [ 129.2184408, 36.9766498 ] ] ] } },
{ "type": "Feature", "properties": { "element": "way", "id": 1527629196, "building": "yes", "building:levels": null, "name": null, "name:ko": null, "name:en": null, "amenity": null, "shop": null, "office": null, "tourism": null, "social_facility": null, "healthcare": null, "addr:street": null, "addr:housenumber": null, "start_date": null, "centroid_x_5179": 1152987.9745588424, "centroid_y_5179": 1887846.4355996, "footprint_area_m2": 120.0710915907337 }, "geometry": { "type": "Polygon", "coordinates": [ [ [ 129.218769400000014, 36.9765808 ], [ 129.2188572, 36.976566 ], [ 129.218892, 36.9766987 ], [ 129.218804299999988, 36.9767134 ], [ 129.218769400000014, 36.9765808 ] ] ] } },
{ "type": "Feature", "properties": { "element": "way", "id": 1527629197, "building": "yes", "building:levels": null, "name": null, "name:ko": null, "name:en": null, "amenity": null, "shop": null, "office": null, "tourism": null, "social_facility": null, "healthcare": null, "addr:street": null, "addr:housenumber": null, "start_date": null, "centroid_x_5179": 1153000.3582919736, "centroid_y_5179": 1887844.3509160869, "footprint_area_m2": 144.07103736136159 }, "geometry": { "type": "Polygon", "coordinates": [ [ [ 129.2189048, 36.9765553 ], [ 129.2190065, 36.9765426 ], [ 129.219034, 36.9766825 ], [ 129.218932200000012, 36.9766952 ], [ 129.2189048, 36.9765553 ] ] ] } },
{ "type": "Feature", "properties": { "element": "way", "id": 1527629198, "building": "yes", "building:levels": null, "name": null, "name:ko": null, "name:en": null, "amenity": null, "shop": null, "office": null, "tourism": null, "social_facility": null, "healthcare": null, "addr:street": null, "addr:housenumber": null, "start_date": null, "centroid_x_5179": 1152933.4071980768, "centroid_y_5179": 1887846.1490436543, "footprint_area_m2": 100.07672081528851 }, "geometry": { "type": "Polygon", "coordinates": [ [ [ 129.2181852, 36.9765764 ], [ 129.2183039, 36.9766743 ], [ 129.218250500000011, 36.9767156 ], [ 129.2181318, 36.9766177 ], [ 129.2181852, 36.9765764 ] ] ] } },
{ "type": "Feature", "properties": { "element": "way", "id": 1527629199, "building": "yes", "building:levels": null, "name": null, "name:ko": null, "name:en": null, "amenity": null, "shop": null, "office": null, "tourism": null, "social_facility": null, "healthcare": null, "addr:street": null, "addr:housenumber": null, "start_date": null, "centroid_x_5179": 1152909.5937923142, "centroid_y_5179": 1887825.1373574699, "footprint_area_m2": 82.238260211433058 }, "geometry": { "type": "Polygon", "coordinates": [ [ [ 129.2179581, 36.9764121 ], [ 129.2179676, 36.9764273 ], [ 129.217993, 36.9764172 ], [ 129.2180143, 36.9764511 ], [ 129.2179904, 36.9764606 ], [ 129.2180037, 36.9764819 ], [ 129.2179202, 36.9765152 ], [ 129.2178762, 36.9764449 ], [ 129.2179581, 36.9764121 ] ] ] } },
{ "type": "Feature", "properties": { "element": "way", "id": 1527629200, "building": "yes", "building:levels": null, "name": null, "name:ko": null, "name:en": null, "amenity": null, "shop": null, "office": null, "tourism": null, "social_facility": null, "healthcare": null, "addr:street": null, "addr:housenumber": null, "start_date": null, "centroid_x_5179": 1152904.9871277388, "centroid_y_5179": 1887800.5105833157, "footprint_area_m2": 159.90906428740729 }, "geometry": { "type": "Polygon", "coordinates": [ [ [ 129.217852599999986, 36.9761626 ], [ 129.2179921, 36.9762337 ], [ 129.2179262, 36.9763162 ], [ 129.2177868, 36.9762451 ], [ 129.217852599999986, 36.9761626 ] ] ] } }
]
}
