{
"type": "FeatureCollection",
"name": "buildings",
"crs": { "type": "name", "properties": { "name": "urn:ogc:def:crs:OGC:1.3:CRS84" } },
"features": [
{ "type": "Feature", "properties": { "element": "relation", "id": 17371564, "building": "hospital", "building:levels": null, "name": "의성군공립요양병원", "name:ko": null, "name:en": null, "amenity": null, "shop": null, "office": null, "tourism": null, "healthcare": null, "addr:street": "안평의성로", "addr:housenumber": "1122-30", "centroid_x_5179": 1105952.4200672517, "centroid_y_5179": 1818681.6085874075, "footprint_area_m2": 3234.40725405581 }, "geometry": { "type": "Polygon", "coordinates": [ [ [ 128.6810056, 36.360127 ], [ 128.681446200000011, 36.3596826 ], [ 128.6808787, 36.3593177 ], [ 128.68075730000001, 36.3594401 ], [ 128.6808546, 36.3595027 ], [ 128.680694100000011, 36.3596645 ], [ 128.680583899999988, 36.3595936 ], [ 128.6804252, 36.3597538 ], [ 128.6810056, 36.360127 ] ], [ [ 128.6809347, 36.3595767 ], [ 128.6812051, 36.3597471 ], [ 128.6810586, 36.3598977 ], [ 128.680788299999989, 36.3597272 ], [ 128.6809347, 36.3595767 ] ] ] } },
{ "type": "Feature", "properties": { "element": "relation", "id": 17371565, "building": "yes", "building:levels": null, "name": null, "name:ko": null, "name:en": null, "amenity": null, "shop": null, "office": null, "tourism": null, "healthcare": null, "addr:street": "안평의성로", "addr:housenumber": "1122-40", "centroid_x_5179": 1105884.4106330818, "centroid_y_5179": 1818510.295029992, "footprint_area_m2": 1427.4342414042167 }, "geometry": { "type": "Polygon", "coordinates": [ [ [ 128.6801561, 36.3584538 ], [ 128.6804789, 36.358138 ], [ 128.680171699999988, 36.3579345 ], [ 128.679849, 36.3582502 ], [ 128.6801561, 36.3584538 ] ], [ [ 128.680189, 36.35809 ], [ 128.680283300000013, 36.3581522 ], [ 128.6801589, 36.3582745 ], [ 128.680064499999986, 36.3582122 ], [ 128.680189, 36.35809 ] ] ] } },
{ "type": "Feature", "properties": { "element": "way", "id": 253274429, "building": "yes", "building:levels": null, "name": null, "name:ko": null, "name:en": null, "amenity": null, "shop": null, "office": null, "tourism": null, "healthcare": null, "addr:street": null, "addr:housenumber": null, "centroid_x_5179": 1094446.9993509729, "centroid_y_5179": 1806519.3506129198, "footprint_area_m2": 162.42931676120347 }, "geometry": { "type": "Polygon", "coordinates": [ [ [ 128.551334700000012, 36.2513748 ], [ 128.5511304, 36.2512901 ], [ 128.5511706, 36.251227 ], [ 128.551374900000013, 36.2513117 ], [ 128.551334700000012, 36.2513748 ] ] ] } },
{ "type": "Feature", "properties": { "element": "way", "id": 281244187, "building": "yes", "building:levels": null, "name": null, "name:ko": null, "name:en": null, "amenity": "toilets", "shop": null, "office": null, "tourism": null, "healthcare": null, "addr:street": null, "addr:housenumber": null, "centroid_x_5179": 1113076.4812063072, "centroid_y_5179": 1804185.0807418858, "footprint_area_m2": 127.70175937499963 }, "geometry": { "type": "Polygon", "coordinates": [ [ [ 128.7581423, 36.2282759 ], [ 128.7581815, 36.2281962 ], [ 128.7583208, 36.2282443 ], [ 128.7582826, 36.2283218 ], [ 128.7581423, 36.2282759 ] ] ] } },
{ "type": "Feature", "properties": { "element": "way", "id": 281244306, "building": "yes", "building:levels": null, "name": null, "name:ko": null, "name:en": null, "amenity": "toilets", "shop": null, "office": null, "tourism": null, "healthcare": null, "addr:street": null, "addr:housenumber": null, "centroid_x_5179": 1113261.048048808, "centroid_y_5179": 1804504.7743695173, "footprint_area_m2": 44.896587390885131 }, "geometry": { "type": "Polygon", "coordinates": [ [ [ 128.7602803, 36.2310997 ], [ 128.7603369, 36.2310768 ], [ 128.7603758, 36.2311254 ], [ 128.7603369, 36.2311711 ], [ 128.7602803, 36.2310997 ] ] ] } },
{ "type": "Feature", "properties": { "element": "way", "id": 469413080, "building": "public", "building:levels": "2", "name": "옥산면사무소", "name:ko": "옥산면사무소", "name:en": null, "amenity": "townhall", "shop": null, "office": "government", "tourism": null, "healthcare": null, "addr:street": "신감옥산로", "addr:housenumber": "1180", "centroid_x_5179": 1117480.371138932, "centroid_y_5179": 1822503.9429594632, "footprint_area_m2": 298.29872880716215 }, "geometry": { "type": "Polygon", "coordinates": [ [ [ 128.8098604, 36.3929489 ], [ 128.809854800000011, 36.3927908 ], [ 128.8101488, 36.3927841 ], [ 128.8101517, 36.3928666 ], [ 128.809933300000012, 36.3928715 ], [ 128.8099359, 36.3929471 ], [ 128.8098604, 36.3929489 ] ] ] } },
{ "type": "Feature", "properties": { "element": "way", "id": 472107948, "building": "school", "building:levels": null, "name": null, "name:ko": null, "name:en": null, "amenity": null, "shop": null, "office": null, "tourism": null, "healthcare": null, "addr:street": null, "addr:housenumber": null, "centroid_x_5179": 1110318.8677794391, "centroid_y_5179": 1804551.6245269503, "footprint_area_m2": 1367.8554055376469 }, "geometry": { "type": "Polygon", "coordinates": [ [ [ 128.7272297, 36.2320205 ], [ 128.7271941, 36.2318508 ], [ 128.7279801, 36.2317435 ], [ 128.7280156, 36.2319132 ], [ 128.7272297, 36.2320205 ] ] ] } },
{ "type": "Feature", "properties": { "element": "way", "id": 472107951, "building": "yes", "building:levels": null, "name": null, "name:ko": null, "name:en": null, "amenity": null, "shop": null, "office": null, "tourism": null, "healthcare": null, "addr:street": null, "addr:housenumber": null, "centroid_x_5179": 1110270.9350966695, "centroid_y_5179": 1804651.8103573439, "footprint_area_m2": 80.27176982753079 }, "geometry": { "type": "Polygon", "coordinates": [ [ [ 128.7270749, 36.2328476 ], [ 128.7270173, 36.2328108 ], [ 128.727084, 36.2327325 ], [ 128.7271599, 36.2327766 ], [ 128.7270749, 36.2328476 ] ] ] } },
{ "type": "Feature", "properties": { "element": "way", "id": 472107952, "building": "yes", "building:levels": null, "name": "슈퍼", "name:ko": "슈퍼", "name:en": null, "amenity": null, "shop": "supermarket", "office": null, "tourism": null, "healthcare": null, "addr:street": null, "addr:housenumber": null, "centroid_x_5179": 1110306.5088213212, "centroid_y_5179": 1804676.3250066615, "footprint_area_m2": 76.302767967254823 }, "geometry": { "type": "Polygon", "coordinates": [ [ [ 128.7274238, 36.2330555 ], [ 128.7273995, 36.2330115 ], [ 128.727545099999986, 36.2329601 ], [ 128.727572400000014, 36.2330017 ], [ 128.7274238, 36.2330555 ] ] ] } },
{ "type": "Feature", "properties": { "element": "way", "id": 472107958, "building": "yes", "building:levels": null, "name": null, "name:ko": null, "name:en": null, "amenity": null, "shop": null, "office": null, "tourism": null, "healthcare": null, "addr:street": null, "addr:housenumber": null, "centroid_x_5179": 1110412.2801718817, "centroid_y_5179": 1803348.9853434979, "footprint_area_m2": 106.38276933344022 }, "geometry": { "type": "Polygon", "coordinates": [ [ [ 128.7284665, 36.2210954 ], [ 128.7283931, 36.2210361 ], [ 128.7284594, 36.2209739 ], [ 128.728479, 36.2209927 ], [ 128.7285024, 36.2209783 ], [ 128.7285597, 36.2210245 ], [ 128.7284665, 36.2210954 ] ] ] } },
{ "type": "Feature", "properties": { "element": "way", "id": 472107959, "building": "warehouse", "building:levels": null, "name": null, "name:ko": null, "name:en": null, "amenity": null, "shop": null, "office": null, "tourism": null, "healthcare": null, "addr:street": null, "addr:housenumber": null, "centroid_x_5179": 1110417.8796348113, "centroid_y_5179": 1803358.0820896379, "footprint_area_m2": 34.287081160839605 }, "geometry": { "type": "Polygon", "coordinates": [ [ [ 128.7285525, 36.2211503 ], [ 128.728488, 36.221104 ], [ 128.728525600000012, 36.2210766 ], [ 128.7285866, 36.2211185 ], [ 128.7285525, 36.2211503 ] ] ] } },
{ "type": "Feature", "properties": { "element": "way", "id": 472107960, "building": "warehouse", "building:levels": null, "name": null, "name:ko": null, "name:en": null, "amenity": null, "shop": null, "office": null, "tourism": null, "healthcare": null, "addr:street": null, "addr:housenumber": null, "centroid_x_5179": 1110426.8730329594, "centroid_y_5179": 1803365.7099366537, "footprint_area_m2": 90.249212040325943 }, "geometry": { "type": "Polygon", "coordinates": [ [ [ 128.728658200000012, 36.2212457 ], [ 128.728565, 36.2211619 ], [ 128.7286206, 36.2211142 ], [ 128.7287138, 36.2212009 ], [ 128.728658200000012, 36.2212457 ] ] ] } },
{ "type": "Feature", "properties": { "element": "way", "id": 472107961, "building": "warehouse", "building:levels": null, "name": null, "name:ko": null, "name:en": null, "amenity": null, "shop": null, "office": null, "tourism": null, "healthcare": null, "addr:street": null, "addr:housenumber": null, "centroid_x_5179": 1110418.8415921016, "centroid_y_5179": 1803374.7239884299, "footprint_area_m2": 115.50598546492257 }, "geometry": { "type": "Polygon", "coordinates": [ [ [ 128.728531, 36.2213339 ], [ 128.7284683, 36.2212775 ], [ 128.728565, 36.2211908 ], [ 128.72863670000001, 36.2212501 ], [ 128.728531, 36.2213339 ] ] ] } },
{ "type": "Feature", "properties": { "element": "way", "id": 472107962, "building": "yes", "building:levels": null, "name": null, "name:ko": null, "name:en": null, "amenity": null, "shop": null, "office": null, "tourism": null, "healthcare": null, "addr:street": null, "addr:housenumber": null, "centroid_x_5179": 1110391.5341453718, "centroid_y_5179": 1803373.8222575609, "footprint_area_m2": 176.11634258357918 }, "geometry": { "type": "Polygon", "coordinates": [ [ [ 128.7282299, 36.2213382 ], [ 128.7281403, 36.2212544 ], [ 128.7282586, 36.2211763 ], [ 128.7283572, 36.2212616 ], [ 128.7282299, 36.2213382 ] ] ] } },
{ "type": "Feature", "properties": { "element": "way", "id": 472107963, "building": "yes", "building:levels": null, "name": null, "name:ko": null, "name:en": null, "amenity": null, "shop": null, "office": null, "tourism": null, "healthcare": null, "addr:street": null, "addr:housenumber": null, "centroid_x_5179": 1110435.0322053141, "centroid_y_5179": 1803378.0523287039, "footprint_area_m2": 103.2805825800753 }, "geometry": { "type": "Polygon", "coordinates": [ [ [ 128.728749599999986, 36.2213614 ], [ 128.7286564, 36.2212804 ], [ 128.728715599999987, 36.2212183 ], [ 128.728807, 36.221305 ], [ 128.728749599999986, 36.2213614 ] ] ] } },
{ "type": "Feature", "properties": { "element": "way", "id": 472107964, "building": "yes", "building:levels": null, "name": null, "name:ko": null, "name:en": null, "amenity": null, "shop": null, "office": null, "tourism": null, "healthcare": null, "addr:street": null, "addr:housenumber": null, "centroid_x_5179": 1110440.6485354656, "centroid_y_5179": 1803371.9240389203, "footprint_area_m2": 58.480961112654093 }, "geometry": { "type": "Polygon", "coordinates": [ [ [ 128.7288231, 36.2212891 ], [ 128.7287245, 36.2212067 ], [ 128.7287532, 36.2211792 ], [ 128.7288643, 36.2212587 ], [ 128.7288231, 36.2212891 ] ] ] } },
{ "type": "Feature", "properties": { "element": "way", "id": 472107965, "building": "yes", "building:levels": null, "name": null, "name:ko": null, "name:en": null, "amenity": null, "shop": null, "office": null, "tourism": null, "healthcare": null, "addr:street": null, "addr:housenumber": null, "centroid_x_5179": 1110452.1460681064, "centroid_y_5179": 1803383.0189221776, "footprint_area_m2": 58.904500585751087 }, "geometry": { "type": "Polygon", "coordinates": [ [ [ 128.728889400000014, 36.2213773 ], [ 128.7288661, 36.2213137 ], [ 128.728959300000014, 36.2212949 ], [ 128.7289825, 36.2213455 ], [ 128.728889400000014, 36.2213773 ] ] ] } },
{ "type": "Feature", "properties": { "element": "way", "id": 472107966, "building": "yes", "building:levels": null, "name": null, "name:ko": null, "name:en": null, "amenity": null, "shop": null, "office": null, "tourism": null, "healthcare": null, "addr:street": null, "addr:housenumber": null, "centroid_x_5179": 1110409.6826989669, "centroid_y_5179": 1803398.1381205074, "footprint_area_m2": 117.80861165880283 }, "geometry": { "type": "Polygon", "coordinates": [ [ [ 128.728455700000012, 36.2215464 ], [ 128.7283679, 36.2214481 ], [ 128.728464699999989, 36.2214033 ], [ 128.7285292, 36.2215088 ], [ 128.728455700000012, 36.2215464 ] ] ] } },
{ "type": "Feature", "properties": { "element": "way", "id": 472107967, "building": "yes", "building:levels": null, "name": null, "name:ko": null, "name:en": null, "amenity": null, "shop": null, "office": null, "tourism": null, "healthcare": null, "addr:street": null, "addr:housenumber": null, "centroid_x_5179": 1110452.1214623956, "centroid_y_5179": 1803396.2328246576, "footprint_area_m2": 111.80808725317401 }, "geometry": { "type": "Polygon", "coordinates": [ [ [ 128.72885, 36.2215161 ], [ 128.7288303, 36.2214525 ], [ 128.7290059, 36.2213932 ], [ 128.7290238, 36.2214438 ], [ 128.72885, 36.2215161 ] ] ] } },
{ "type": "Feature", "properties": { "element": "way", "id": 472107968, "building": "yes", "building:levels": null, "name": null, "name:ko": null, "name:en": null, "amenity": null, "shop": null, "office": null, "tourism": null, "healthcare": null, "addr:street": null, "addr:housenumber": null, "centroid_x_5179": 1110447.0883801961, "centroid_y_5179": 1803409.48888474, "footprint_area_m2": 90.454995861518796 }, "geometry": { "type": "Polygon", "coordinates": [ [ [ 128.728848199999987, 36.2216346 ], [ 128.728805200000011, 36.2215479 ], [ 128.7288948, 36.2215117 ], [ 128.7289342, 36.221597 ], [ 128.728848199999987, 36.2216346 ] ] ] } },
{ "type": "Feature", "properties": { "element": "way", "id": 472107969, "building": "yes", "building:levels": null, "name": null, "name:ko": null, "name:en": null, "amenity": null, "shop": null, "office": null, "tourism": null, "healthcare": null, "addr:street": null, "addr:housenumber": null, "centroid_x_5179": 1110458.6501204944, "centroid_y_5179": 1803406.0785215348, "footprint_area_m2": 86.904129356349074 }, "geometry": { "type": "Polygon", "coordinates": [ [ [ 128.7289611, 36.2215985 ], [ 128.728923400000014, 36.2215421 ], [ 128.729031, 36.2214828 ], [ 128.7290758, 36.2215392 ], [ 128.7289611, 36.2215985 ] ] ] } },
{ "type": "Feature", "properties": { "element": "way", "id": 472107970, "building": "yes", "building:levels": null, "name": null, "name:ko": null, "name:en": null, "amenity": null, "shop": null, "office": null, "tourism": null, "healthcare": null, "addr:street": null, "addr:housenumber": null, "centroid_x_5179": 1110465.8770166847, "centroid_y_5179": 1803412.3204443166, "footprint_area_m2": 67.210119892104245 }, "geometry": { "type": "Polygon", "coordinates": [ [ [ 128.7290668, 36.221652 ], [ 128.7290184, 36.2215927 ], [ 128.7290955, 36.2215421 ], [ 128.729140300000012, 36.2215956 ], [ 128.7290668, 36.221652 ] ] ] } },
{ "type": "Feature", "properties": { "element": "way", "id": 472107971, "building": "yes", "building:levels": null, "name": null, "name:ko": null, "name:en": null, "amenity": null, "shop": null, "office": null, "tourism": null, "healthcare": null, "addr:street": null, "addr:housenumber": null, "centroid_x_5179": 1110429.6775639376, "centroid_y_5179": 1803411.0715909628, "footprint_area_m2": 71.712676515215946 }, "geometry": { "type": "Polygon", "coordinates": [ [ [ 128.7286493, 36.2216375 ], [ 128.7286134, 36.2215696 ], [ 128.72870660000001, 36.2215407 ], [ 128.7287389, 36.2216086 ], [ 128.7286493, 36.2216375 ] ] ] } },
{ "type": "Feature", "properties": { "element": "way", "id": 472107972, "building": "yes", "building:levels": null, "name": null, "name:ko": null, "name:en": null, "amenity": null, "shop": null, "office": null, "tourism": null, "healthcare": null, "addr:street": null, "addr:housenumber": null, "centroid_x_5179": 1110417.9204446739, "centroid_y_5179": 1803415.3368847624, "footprint_area_m2": 87.929515626869375 }, "geometry": { "type": "Polygon", "coordinates": [ [ [ 128.7285023, 36.2216765 ], [ 128.7284754, 36.2216043 ], [ 128.728583, 36.2215826 ], [ 128.728626, 36.2216476 ], [ 128.7285023, 36.2216765 ] ] ] } },
{ "type": "Feature", "properties": { "element": "way", "id": 472107973, "building": "yes", "building:levels": null, "name": null, "name:ko": null, "name:en": null, "amenity": null, "shop": null, "office": null, "tourism": null, "healthcare": null, "addr:street": null, "addr:housenumber": null, "centroid_x_5179": 1110413.4380772815, "centroid_y_5179": 1803432.8121637634, "footprint_area_m2": 150.39706003395995 }, "geometry": { "type": "Polygon", "coordinates": [ [ [ 128.7284486, 36.2218471 ], [ 128.728428900000011, 36.2217242 ], [ 128.7285274, 36.2217141 ], [ 128.72854, 36.2217734 ], [ 128.7285704, 36.2217763 ], [ 128.728575799999987, 36.2218471 ], [ 128.7284486, 36.2218471 ] ] ] } },
{ "type": "Feature", "properties": { "element": "way", "id": 472107974, "building": "yes", "building:levels": null, "name": null, "name:ko": null, "name:en": null, "amenity": null, "shop": null, "office": null, "tourism": null, "healthcare": null, "addr:street": null, "addr:housenumber": null, "centroid_x_5179": 1110417.6579998718, "centroid_y_5179": 1803443.154566125, "footprint_area_m2": 72.630458938734961 }, "geometry": { "type": "Polygon", "coordinates": [ [ [ 128.7284826, 36.2219122 ], [ 128.7284737, 36.2218616 ], [ 128.7286134, 36.2218457 ], [ 128.7286188, 36.2218992 ], [ 128.7284826, 36.2219122 ] ] ] } },
{ "type": "Feature", "properties": { "element": "way", "id": 472107975, "building": "yes", "building:levels": null, "name": null, "name:ko": null, "name:en": null, "amenity": null, "shop": null, "office": null, "tourism": null, "healthcare": null, "addr:street": null, "addr:housenumber": null, "centroid_x_5179": 1110466.2016188803, "centroid_y_5179": 1803373.0940234622, "footprint_area_m2": 75.07406349280032 }, "geometry": { "type": "Polygon", "coordinates": [ [ [ 128.7290453, 36.2212934 ], [ 128.7290381, 36.2211966 ], [ 128.729113399999989, 36.2211836 ], [ 128.7291098, 36.2213021 ], [ 128.7290453, 36.2212934 ] ] ] } },
{ "type": "Feature", "properties": { "element": "way", "id": 472107976, "building": "yes", "building:levels": null, "name": null, "name:ko": null, "name:en": null, "amenity": null, "shop": null, "office": null, "tourism": null, "healthcare": null, "addr:street": null, "addr:housenumber": null, "centroid_x_5179": 1110451.5735384817, "centroid_y_5179": 1803357.8401574208, "footprint_area_m2": 77.896120054188742 }, "geometry": { "type": "Polygon", "coordinates": [ [ [ 128.7289073, 36.2211706 ], [ 128.7288553, 36.2210679 ], [ 128.7289127, 36.2210419 ], [ 128.728973599999989, 36.2211416 ], [ 128.7289073, 36.2211706 ] ] ] } },
{ "type": "Feature", "properties": { "element": "way", "id": 472107977, "building": "yes", "building:levels": null, "name": null, "name:ko": null, "name:en": null, "amenity": null, "shop": null, "office": null, "tourism": null, "healthcare": null, "addr:street": null, "addr:housenumber": null, "centroid_x_5179": 1110416.8872331951, "centroid_y_5179": 1803339.1176735223, "footprint_area_m2": 28.396665981521082 }, "geometry": { "type": "Polygon", "coordinates": [ [ [ 128.7284934, 36.2209682 ], [ 128.7284934, 36.220919 ], [ 128.7285579, 36.2209204 ], [ 128.7285579, 36.2209595 ], [ 128.7284934, 36.2209682 ] ] ] } },
{ "type": "Feature", "properties": { "element": "way", "id": 472107978, "building": "yes", "building:levels": null, "name": null, "name:ko": null, "name:en": null, "amenity": null, "shop": null, "office": null, "tourism": null, "healthcare": null, "addr:street": null, "addr:housenumber": null, "centroid_x_5179": 1110424.0469103956, "centroid_y_5179": 1803341.4295566804, "footprint_area_m2": 50.438492373245822 }, "geometry": { "type": "Polygon", "coordinates": [ [ [ 128.7285704, 36.2209985 ], [ 128.728574, 36.2209219 ], [ 128.7286331, 36.2209204 ], [ 128.728638499999988, 36.2210029 ], [ 128.7285704, 36.2209985 ] ] ] } },
{ "type": "Feature", "properties": { "element": "way", "id": 472107980, "building": "yes", "building:levels": null, "name": null, "name:ko": null, "name:en": null, "amenity": null, "shop": null, "office": null, "tourism": null, "healthcare": null, "addr:street": null, "addr:housenumber": null, "centroid_x_5179": 1110464.7692089351, "centroid_y_5179": 1803354.3608735066, "footprint_area_m2": 75.377265439986317 }, "geometry": { "type": "Polygon", "coordinates": [ [ [ 128.729000500000012, 36.2211069 ], [ 128.7290363, 36.2210216 ], [ 128.7291152, 36.2210404 ], [ 128.7290865, 36.2211243 ], [ 128.729000500000012, 36.2211069 ] ] ] } },
{ "type": "Feature", "properties": { "element": "way", "id": 472107981, "building": "yes", "building:levels": null, "name": null, "name:ko": null, "name:en": null, "amenity": null, "shop": null, "office": null, "tourism": null, "healthcare": null, "addr:street": null, "addr:housenumber": null, "centroid_x_5179": 1110471.3978980083, "centroid_y_5179": 1803362.8919917003, "footprint_area_m2": 38.084306402166064 }, "geometry": { "type": "Polygon", "coordinates": [ [ [ 128.729084699999987, 36.221172 ], [ 128.729084699999987, 36.2211359 ], [ 128.7291797, 36.2211243 ], [ 128.72918150000001, 36.2211677 ], [ 128.729084699999987, 36.221172 ] ] ] } },
{ "type": "Feature", "properties": { "element": "way", "id": 472107982, "building": "yes", "building:levels": null, "name": null, "name:ko": null, "name:en": null, "amenity": null, "shop": null, "office": null, "tourism": null, "healthcare": null, "addr:street": null, "addr:housenumber": null, "centroid_x_5179": 1110443.8774116025, "centroid_y_5179": 1803351.0420348374, "footprint_area_m2": 52.024969715492148 }, "geometry": { "type": "Polygon", "coordinates": [ [ [ 128.728807, 36.2210925 ], [ 128.7287675, 36.2210491 ], [ 128.7288464, 36.2210014 ], [ 128.7288858, 36.2210404 ], [ 128.728807, 36.2210925 ] ] ] } },
{ "type": "Feature", "properties": { "element": "way", "id": 472107983, "building": "yes", "building:levels": null, "name": null, "name:ko": null, "name:en": null, "amenity": null, "shop": null, "office": null, "tourism": null, "healthcare": null, "addr:street": null, "addr:housenumber": null, "centroid_x_5179": 1110454.852124861, "centroid_y_5179": 1803345.3762597013, "footprint_area_m2": 65.589445914428751 }, "geometry": { "type": "Polygon", "coordinates": [ [ [ 128.728944899999988, 36.2210491 ], [ 128.728889400000014, 36.2209609 ], [ 128.7289503, 36.2209392 ], [ 128.7290059, 36.221026 ], [ 128.728944899999988, 36.2210491 ] ] ] } },
{ "type": "Feature", "properties": { "element": "way", "id": 472107990, "building": "yes", "building:levels": null, "name": "가산 마을회관", "name:ko": "가산 마을회관", "name:en": null, "amenity": "townhall", "shop": null, "office": null, "tourism": null, "healthcare": null, "addr:street": null, "addr:housenumber": null, "centroid_x_5179": 1110561.5164890389, "centroid_y_5179": 1803345.9757235746, "footprint_area_m2": 79.8082522409414 }, "geometry": { "type": "Polygon", "coordinates": [ [ [ 128.7300959, 36.22103 ], [ 128.7300597, 36.2209699 ], [ 128.7301281, 36.2209455 ], [ 128.7301381, 36.2209618 ], [ 128.730174299999987, 36.2209472 ], [ 128.730214600000011, 36.221004 ], [ 128.7300959, 36.22103 ] ] ] } },
{ "type": "Feature", "properties": { "element": "way", "id": 472107995, "building": "yes", "building:levels": null, "name": null, "name:ko": null, "name:en": null, "amenity": null, "shop": null, "office": null, "tourism": null, "healthcare": null, "addr:street": null, "addr:housenumber": null, "centroid_x_5179": 1110457.0334980092, "centroid_y_5179": 1803289.6768465291, "footprint_area_m2": 373.19150135589723 }, "geometry": { "type": "Polygon", "coordinates": [ [ [ 128.7288762, 36.2206293 ], [ 128.728793599999989, 36.2205557 ], [ 128.7290357, 36.2203558 ], [ 128.729138299999988, 36.2204339 ], [ 128.7288762, 36.2206293 ] ] ] } },
{ "type": "Feature", "properties": { "element": "way", "id": 472107996, "building": "yes", "building:levels": null, "name": null, "name:ko": null, "name:en": null, "amenity": null, "shop": null, "office": null, "tourism": null, "healthcare": null, "addr:street": null, "addr:housenumber": null, "centroid_x_5179": 1110429.6062365624, "centroid_y_5179": 1803297.010256856, "footprint_area_m2": 146.70582920797625 }, "geometry": { "type": "Polygon", "coordinates": [ [ [ 128.7286426, 36.2206408 ], [ 128.7285713, 36.2205327 ], [ 128.7286853, 36.2204845 ], [ 128.7287451, 36.2205856 ], [ 128.7286426, 36.2206408 ] ] ] } },
{ "type": "Feature", "properties": { "element": "way", "id": 472107997, "building": "yes", "building:levels": null, "name": null, "name:ko": null, "name:en": null, "amenity": null, "shop": null, "office": null, "tourism": null, "healthcare": null, "addr:street": null, "addr:housenumber": null, "centroid_x_5179": 1110436.3620566542, "centroid_y_5179": 1803319.8465964133, "footprint_area_m2": 98.757462276048543 }, "geometry": { "type": "Polygon", "coordinates": [ [ [ 128.7286967, 36.2208177 ], [ 128.7286825, 36.2207212 ], [ 128.728773600000011, 36.2207074 ], [ 128.7287964, 36.2208154 ], [ 128.7286967, 36.2208177 ] ] ] } },
{ "type": "Feature", "properties": { "element": "way", "id": 472847616, "building": "warehouse", "building:levels": null, "name": null, "name:ko": null, "name:en": null, "amenity": null, "shop": null, "office": null, "tourism": null, "healthcare": null, "addr:street": null, "addr:housenumber": null, "centroid_x_5179": 1110475.8121337416, "centroid_y_5179": 1803391.3494188588, "footprint_area_m2": 100.14092621216108 }, "geometry": { "type": "Polygon", "coordinates": [ [ [ 128.7291497, 36.2214557 ], [ 128.729114399999986, 36.2213774 ], [ 128.7292203, 36.2213489 ], [ 128.729258499999986, 36.2214439 ], [ 128.7291497, 36.2214557 ] ] ] } },
{ "type": "Feature", "properties": { "element": "way", "id": 474689707, "building": "yes", "building:levels": null, "name": "공정3리 경로당", "name:ko": "공정3리 경로당", "name:en": null, "amenity": null, "shop": null, "office": null, "tourism": null, "healthcare": null, "addr:street": null, "addr:housenumber": null, "centroid_x_5179": 1120626.7324226405, "centroid_y_5179": 1809692.5546607168, "footprint_area_m2": 96.899799993103699 }, "geometry": { "type": "Polygon", "coordinates": [ [ [ 128.8431527, 36.2769703 ], [ 128.8431071, 36.2769422 ], [ 128.8430789, 36.2769412 ], [ 128.8430682, 36.2769649 ], [ 128.8430185, 36.2769455 ], [ 128.8429837, 36.2769898 ], [ 128.8431084, 36.2770417 ], [ 128.8431527, 36.2769703 ] ] ] } },
{ "type": "Feature", "properties": { "element": "way", "id": 474689764, "building": "yes", "building:levels": null, "name": "1225-1", "name:ko": "1225-1", "name:en": null, "amenity": null, "shop": null, "office": null, "tourism": null, "healthcare": null, "addr:street": null, "addr:housenumber": null, "centroid_x_5179": 1120573.2431864711, "centroid_y_5179": 1809604.0551340694, "footprint_area_m2": 156.20536758700959 }, "geometry": { "type": "Polygon", "coordinates": [ [ [ 128.8425378, 36.2762432 ], [ 128.8424918, 36.2762532 ], [ 128.842444, 36.2762589 ], [ 128.8424334, 36.2762403 ], [ 128.8423874, 36.2762389 ], [ 128.842375, 36.2761818 ], [ 128.8424281, 36.2761604 ], [ 128.842444, 36.2761348 ], [ 128.842465299999986, 36.2761319 ], [ 128.842523699999987, 36.2761219 ], [ 128.8425378, 36.2762432 ] ] ] } },
{ "type": "Feature", "properties": { "element": "way", "id": 477226423, "building": "yes", "building:levels": null, "name": null, "name:ko": null, "name:en": null, "amenity": null, "shop": null, "office": null, "tourism": null, "healthcare": null, "addr:street": null, "addr:housenumber": null, "centroid_x_5179": 1095907.9534419044, "centroid_y_5179": 1805226.5975003489, "footprint_area_m2": 156.96863446616362 }, "geometry": { "type": "Polygon", "coordinates": [ [ [ 128.567298599999987, 36.2395703 ], [ 128.5672633, 36.2394657 ], [ 128.5674086, 36.2394404 ], [ 128.567444, 36.2395386 ], [ 128.567298599999987, 36.2395703 ] ] ] } },
{ "type": "Feature", "properties": { "element": "way", "id": 477226425, "building": "yes", "building:levels": null, "name": null, "name:ko": null, "name:en": null, "amenity": null, "shop": null, "office": null, "tourism": null, "healthcare": null, "addr:street": null, "addr:housenumber": null, "centroid_x_5179": 1095902.6869666229, "centroid_y_5179": 1805213.502382749, "footprint_area_m2": 90.17166300977145 }, "geometry": { "type": "Polygon", "coordinates": [ [ [ 128.5672633, 36.2394372 ], [ 128.567220099999986, 36.239358 ], [ 128.5673222, 36.2393358 ], [ 128.5673654, 36.239415 ], [ 128.5672633, 36.2394372 ] ] ] } },
{ "type": "Feature", "properties": { "element": "way", "id": 481321100, "building": "yes", "building:levels": "3", "name": "군위삼국유사도서관", "name:ko": "군위삼국유사도서관", "name:en": "Gunwi Samgukyusa Library", "amenity": "library", "shop": null, "office": null, "tourism": null, "healthcare": null, "addr:street": null, "addr:housenumber": null, "centroid_x_5179": 1096375.3378532301, "centroid_y_5179": 1805226.9650782, "footprint_area_m2": 900.44657807306078 }, "geometry": { "type": "Polygon", "coordinates": [ [ [ 128.5722729, 36.2395608 ], [ 128.5722565, 36.2394057 ], [ 128.572831, 36.2393609 ], [ 128.5728545, 36.2395152 ], [ 128.5722729, 36.2395608 ] ] ] } },
{ "type": "Feature", "properties": { "element": "way", "id": 481321293, "building": "yes", "building:levels": "2", "name": "인재양성원", "name:ko": "인재양성원", "name:en": null, "amenity": null, "shop": null, "office": null, "tourism": null, "healthcare": null, "addr:street": null, "addr:housenumber": null, "centroid_x_5179": 1095985.8716713667, "centroid_y_5179": 1804878.3687965923, "footprint_area_m2": 1625.2462185556985 }, "geometry": { "type": "Polygon", "coordinates": [ [ [ 128.5678987, 36.2365774 ], [ 128.568425, 36.2364874 ], [ 128.5683836, 36.2361477 ], [ 128.568026300000014, 36.2361683 ], [ 128.5678987, 36.2365774 ] ] ] } },
{ "type": "Feature", "properties": { "element": "way", "id": 498006405, "building": "yes", "building:levels": null, "name": null, "name:ko": null, "name:en": null, "amenity": null, "shop": null, "office": null, "tourism": null, "healthcare": null, "addr:street": "탑리5길", "addr:housenumber": "31", "centroid_x_5179": 1106251.3760267012, "centroid_y_5179": 1807594.9612632012, "footprint_area_m2": 394.59862640356937 }, "geometry": { "type": "Polygon", "coordinates": [ [ [ 128.6826318, 36.2598855 ], [ 128.6827544, 36.2599273 ], [ 128.6828979, 36.2596532 ], [ 128.6827754, 36.2596114 ], [ 128.6826318, 36.2598855 ] ] ] } },
{ "type": "Feature", "properties": { "element": "way", "id": 498006411, "building": "school", "building:levels": null, "name": null, "name:ko": null, "name:en": null, "amenity": null, "shop": null, "office": null, "tourism": null, "healthcare": null, "addr:street": "탑리길", "addr:housenumber": "131", "centroid_x_5179": 1105954.0369218171, "centroid_y_5179": 1807936.2613747816, "footprint_area_m2": 1031.2639975513644 }, "geometry": { "type": "Polygon", "coordinates": [ [ [ 128.6789985, 36.2628357 ], [ 128.6790278, 36.2627354 ], [ 128.680005200000011, 36.2629211 ], [ 128.679975899999988, 36.2630214 ], [ 128.6789985, 36.2628357 ] ] ] } },
{ "type": "Feature", "properties": { "element": "way", "id": 498006415, "building": "yes", "building:levels": null, "name": "금성보건지소", "name:ko": "금성보건지소", "name:en": null, "amenity": "clinic", "shop": null, "office": null, "tourism": null, "healthcare": null, "addr:street": "동부로", "addr:housenumber": "2402", "centroid_x_5179": 1105959.468642107, "centroid_y_5179": 1807743.9219691537, "footprint_area_m2": 338.25936139277457 }, "geometry": { "type": "Polygon", "coordinates": [ [ [ 128.6794419, 36.2612374 ], [ 128.679617799999988, 36.2612479 ], [ 128.6796243, 36.2610483 ], [ 128.6794615, 36.2610378 ], [ 128.6794419, 36.2612374 ] ] ] } },
{ "type": "Feature", "properties": { "element": "way", "id": 498006420, "building": "yes", "building:levels": null, "name": "탑리우체국", "name:ko": "탑리우체국", "name:en": null, "amenity": "post_office", "shop": null, "office": null, "tourism": null, "healthcare": null, "addr:street": "탑리길", "addr:housenumber": "77", "centroid_x_5179": 1106082.4643483206, "centroid_y_5179": 1807402.9291431673, "footprint_area_m2": 322.79162658130889 }, "geometry": { "type": "Polygon", "coordinates": [ [ [ 128.6807503, 36.2581395 ], [ 128.6809658, 36.2581236 ], [ 128.680969800000014, 36.2579737 ], [ 128.6807483, 36.2579928 ], [ 128.6807503, 36.2581395 ] ] ] } },
{ "type": "Feature", "properties": { "element": "way", "id": 498006426, "building": "school", "building:levels": null, "name": null, "name:ko": null, "name:en": null, "amenity": null, "shop": null, "office": null, "tourism": null, "healthcare": null, "addr:street": "탑리4길", "addr:housenumber": "25-6", "centroid_x_5179": 1106305.4739248795, "centroid_y_5179": 1807139.5394538508, "footprint_area_m2": 1308.2125903709252 }, "geometry": { "type": "Polygon", "coordinates": [ [ [ 128.6829067, 36.2558219 ], [ 128.682881, 36.2556562 ], [ 128.6837356, 36.2555055 ], [ 128.683759900000013, 36.2556374 ], [ 128.6829067, 36.2558219 ] ] ] } },
{ "type": "Feature", "properties": { "element": "way", "id": 498006431, "building": "yes", "building:levels": null, "name": "금성농협", "name:ko": "금성농협", "name:en": null, "amenity": "bank", "shop": null, "office": null, "tourism": null, "healthcare": null, "addr:street": "탑리길", "addr:housenumber": "41", "centroid_x_5179": 1106196.1536257097, "centroid_y_5179": 1807053.4206612103, "footprint_area_m2": 442.8762620333215 }, "geometry": { "type": "Polygon", "coordinates": [ [ [ 128.681909100000013, 36.2549009 ], [ 128.682137, 36.2550217 ], [ 128.682251, 36.2548878 ], [ 128.6820035, 36.2547669 ], [ 128.681909100000013, 36.2549009 ] ] ] } },
{ "type": "Feature", "properties": { "element": "way", "id": 498006432, "building": "yes", "building:levels": null, "name": "의성경찰서 금성파출소", "name:ko": "의성경찰서 금성파출소", "name:en": "Uiseong Police Station", "amenity": "police", "shop": null, "office": null, "tourism": null, "healthcare": null, "addr:street": "탑리길", "addr:housenumber": "55", "centroid_x_5179": 1106111.9666164715, "centroid_y_5179": 1807167.2869676086, "footprint_area_m2": 84.851818414783168 }, "geometry": { "type": "Polygon", "coordinates": [ [ [ 128.6811449, 36.2558718 ], [ 128.681083199999989, 36.2559373 ], [ 128.681165600000014, 36.2559878 ], [ 128.681227299999989, 36.2559223 ], [ 128.6811449, 36.2558718 ] ] ] } },
{ "type": "Feature", "properties": { "element": "way", "id": 498006436, "building": "yes", "building:levels": null, "name": "금성전통시장", "name:ko": "금성전통시장", "name:en": null, "amenity": "marketplace", "shop": null, "office": null, "tourism": null, "healthcare": null, "addr:street": null, "addr:housenumber": null, "centroid_x_5179": 1106408.4432352181, "centroid_y_5179": 1806833.6455604709, "footprint_area_m2": 4595.8268644148102 }, "geometry": { "type": "Polygon", "coordinates": [ [ [ 128.6841334, 36.2534029 ], [ 128.6840006, 36.2532489 ], [ 128.6841421, 36.2531501 ], [ 128.6839176, 36.2529358 ], [ 128.6845573, 36.2524289 ], [ 128.6849569, 36.2527791 ], [ 128.6841334, 36.2534029 ] ] ] } },
{ "type": "Feature", "properties": { "element": "way", "id": 498009952, "building": "yes", "building:levels": null, "name": "탑리버스정류장", "name:ko": "탑리버스정류장", "name:en": null, "amenity": "bus_station", "shop": null, "office": null, "tourism": null, "healthcare": null, "addr:street": null, "addr:housenumber": null, "centroid_x_5179": 1106246.8090058146, "centroid_y_5179": 1806960.0765365392, "footprint_area_m2": 178.42515562386356 }, "geometry": { "type": "Polygon", "coordinates": [ [ [ 128.6825173, 36.2540633 ], [ 128.682697100000013, 36.2541179 ], [ 128.6827391, 36.2540313 ], [ 128.682557, 36.2539767 ], [ 128.6825173, 36.2540633 ] ] ] } },
{ "type": "Feature", "properties": { "element": "way", "id": 505296668, "building": "yes", "building:levels": null, "name": "단촌역", "name:ko": "단촌역", "name:en": "Danchon Station", "amenity": null, "shop": null, "office": null, "tourism": null, "healthcare": null, "addr:street": null, "addr:housenumber": null, "centroid_x_5179": 1105350.4140497483, "centroid_y_5179": 1825554.0572279363, "footprint_area_m2": 127.66220388660656 }, "geometry": { "type": "Polygon", "coordinates": [ [ [ 128.6751593, 36.4216676 ], [ 128.6752483, 36.4217047 ], [ 128.6751751, 36.4218184 ], [ 128.675086099999987, 36.4217813 ], [ 128.6751593, 36.4216676 ] ] ] } },
{ "type": "Feature", "properties": { "element": "way", "id": 510210957, "building": "school", "building:levels": "3", "name": null, "name:ko": null, "name:en": null, "amenity": null, "shop": null, "office": null, "tourism": null, "healthcare": null, "addr:street": null, "addr:housenumber": null, "centroid_x_5179": 1107272.3047641658, "centroid_y_5179": 1817849.8374928448, "footprint_area_m2": 2621.8125193645801 }, "geometry": { "type": "Polygon", "coordinates": [ [ [ 128.69611470000001, 36.3523273 ], [ 128.695770399999986, 36.3523376 ], [ 128.695770399999986, 36.3524054 ], [ 128.6956568, 36.3524113 ], [ 128.6956568, 36.3523317 ], [ 128.6952081, 36.3523494 ], [ 128.6952081, 36.3522565 ], [ 128.6956568, 36.3522447 ], [ 128.6956568, 36.3521458 ], [ 128.6952686, 36.3521576 ], [ 128.6952686, 36.3521414 ], [ 128.695144, 36.3521488 ], [ 128.6951349, 36.3518184 ], [ 128.6951623, 36.3518139 ], [ 128.6951532, 36.3516886 ], [ 128.695202599999988, 36.3514894 ], [ 128.6953088, 36.3515012 ], [ 128.6952722, 36.3516886 ], [ 128.6952631, 36.3518243 ], [ 128.6952722, 36.35205 ], [ 128.6960817, 36.3520278 ], [ 128.6960781, 36.3521385 ], [ 128.6957118, 36.3521385 ], [ 128.6957118, 36.3522417 ], [ 128.69611470000001, 36.352227 ], [ 128.69611470000001, 36.3523273 ] ] ] } },
{ "type": "Feature", "properties": { "element": "way", "id": 510213884, "building": "warehouse", "building:levels": null, "name": null, "name:ko": null, "name:en": null, "amenity": null, "shop": null, "office": null, "tourism": null, "healthcare": null, "addr:street": null, "addr:housenumber": null, "centroid_x_5179": 1110746.0602897413, "centroid_y_5179": 1820427.830933545, "footprint_area_m2": 138.98571207403586 }, "geometry": { "type": "Polygon", "coordinates": [ [ [ 128.734625599999987, 36.3750089 ], [ 128.7345199, 36.3749117 ], [ 128.734589, 36.3748514 ], [ 128.7347072, 36.3749546 ], [ 128.734625599999987, 36.3750089 ] ] ] } },
{ "type": "Feature", "properties": { "element": "way", "id": 510213893, "building": "yes", "building:levels": null, "name": null, "name:ko": null, "name:en": null, "amenity": "animal_breeding", "shop": null, "office": null, "tourism": null, "healthcare": null, "addr:street": null, "addr:housenumber": null, "centroid_x_5179": 1110897.4334098904, "centroid_y_5179": 1820473.3703325875, "footprint_area_m2": 631.0407298191501 }, "geometry": { "type": "Polygon", "coordinates": [ [ [ 128.7361257, 36.3751356 ], [ 128.736040800000012, 36.3752341 ], [ 128.7364945, 36.3755076 ], [ 128.7365877, 36.3754419 ], [ 128.7361257, 36.3751356 ] ] ] } },
{ "type": "Feature", "properties": { "element": "way", "id": 510213894, "building": "yes", "building:levels": null, "name": null, "name:ko": null, "name:en": null, "amenity": "animal_breeding", "shop": null, "office": null, "tourism": null, "healthcare": null, "addr:street": null, "addr:housenumber": null, "centroid_x_5179": 1110871.6595540284, "centroid_y_5179": 1820450.5197416856, "footprint_area_m2": 85.456510560943372 }, "geometry": { "type": "Polygon", "coordinates": [ [ [ 128.7360241, 36.3751792 ], [ 128.7359434, 36.3751255 ], [ 128.7359992, 36.3750619 ], [ 128.736089099999987, 36.3751222 ], [ 128.7360241, 36.3751792 ] ] ] } },
{ "type": "Feature", "properties": { "element": "way", "id": 584089671, "building": "apartments", "building:levels": "4", "name": "명성아파트", "name:ko": "명성아파트", "name:en": null, "amenity": null, "shop": null, "office": null, "tourism": null, "healthcare": null, "addr:street": null, "addr:housenumber": null, "centroid_x_5179": 1095746.1549201526, "centroid_y_5179": 1804815.1567407213, "footprint_area_m2": 1185.6862647929081 }, "geometry": { "type": "Polygon", "coordinates": [ [ [ 128.5654054, 36.2360941 ], [ 128.5656093, 36.2360919 ], [ 128.5655797, 36.2356917 ], [ 128.5656736, 36.2356874 ], [ 128.5656736, 36.2355597 ], [ 128.5653652, 36.2355814 ], [ 128.5654054, 36.2360941 ] ] ] } },
{ "type": "Feature", "properties": { "element": "way", "id": 586066712, "building": "yes", "building:levels": null, "name": "군위성결교회", "name:ko": "군위성결교회", "name:en": null, "amenity": "place_of_worship", "shop": null, "office": null, "tourism": null, "healthcare": null, "addr:street": null, "addr:housenumber": null, "centroid_x_5179": 1096017.191481035, "centroid_y_5179": 1804771.3436396979, "footprint_area_m2": 787.3884241254209 }, "geometry": { "type": "Polygon", "coordinates": [ [ [ 128.5684582, 36.2355706 ], [ 128.5683816, 36.2354342 ], [ 128.568327399999987, 36.2353056 ], [ 128.5685762, 36.2352053 ], [ 128.5686974, 36.235478 ], [ 128.5684582, 36.2355706 ] ] ] } },
{ "type": "Feature", "properties": { "element": "way", "id": 586066713, "building": "yes", "building:levels": null, "name": "군위성당", "name:ko": "군위성당", "name:en": null, "amenity": "place_of_worship", "shop": null, "office": null, "tourism": null, "healthcare": null, "addr:street": null, "addr:housenumber": null, "centroid_x_5179": 1096081.0889482729, "centroid_y_5179": 1804699.9264926324, "footprint_area_m2": 635.02981039725864 }, "geometry": { "type": "Polygon", "coordinates": [ [ [ 128.5691248, 36.2348862 ], [ 128.56936730000001, 36.2348399 ], [ 128.569309800000013, 36.2345929 ], [ 128.5690579, 36.2346418 ], [ 128.5691248, 36.2348862 ] ] ] } },
{ "type": "Feature", "properties": { "element": "way", "id": 586066714, "building": "yes", "building:levels": null, "name": "군위장로교회", "name:ko": "군위장로교회", "name:en": null, "amenity": "place_of_worship", "shop": null, "office": null, "tourism": null, "healthcare": null, "addr:street": null, "addr:housenumber": null, "centroid_x_5179": 1096023.7992791266, "centroid_y_5179": 1804808.6435760148, "footprint_area_m2": 435.97174953984859 }, "geometry": { "type": "Polygon", "coordinates": [ [ [ 128.5684678, 36.235833 ], [ 128.5687357, 36.235779 ], [ 128.56869420000001, 36.2356118 ], [ 128.5686655, 36.235604 ], [ 128.5684422, 36.2356992 ], [ 128.5684678, 36.235833 ] ] ] } },
{ "type": "Feature", "properties": { "element": "way", "id": 703064520, "building": "yes", "building:levels": null, "name": null, "name:ko": null, "name:en": null, "amenity": null, "shop": null, "office": null, "tourism": null, "healthcare": null, "addr:street": null, "addr:housenumber": null, "centroid_x_5179": 1107555.4388021594, "centroid_y_5179": 1826304.645817105, "footprint_area_m2": 474.29092390237327 }, "geometry": { "type": "Polygon", "coordinates": [ [ [ 128.6998031, 36.4284026 ], [ 128.6997137, 36.4282024 ], [ 128.6999434, 36.4281306 ], [ 128.7000008, 36.4283256 ], [ 128.6998031, 36.4284026 ] ] ] } },
{ "type": "Feature", "properties": { "element": "way", "id": 703064521, "building": "yes", "building:levels": null, "name": null, "name:ko": null, "name:en": null, "amenity": null, "shop": null, "office": null, "tourism": null, "healthcare": null, "addr:street": null, "addr:housenumber": null, "centroid_x_5179": 1107546.9186490674, "centroid_y_5179": 1826358.0373381006, "footprint_area_m2": 294.03929449293872 }, "geometry": { "type": "Polygon", "coordinates": [ [ [ 128.699694599999987, 36.4288492 ], [ 128.69981580000001, 36.4288543 ], [ 128.6998796, 36.4286541 ], [ 128.6997074, 36.428649 ], [ 128.699694599999987, 36.4288492 ] ] ] } },
{ "type": "Feature", "properties": { "element": "way", "id": 703064522, "building": "yes", "building:levels": null, "name": null, "name:ko": null, "name:en": null, "amenity": null, "shop": null, "office": null, "tourism": null, "healthcare": null, "addr:street": null, "addr:housenumber": null, "centroid_x_5179": 1107577.3770783576, "centroid_y_5179": 1826334.6568159272, "footprint_area_m2": 133.54862135448244 }, "geometry": { "type": "Polygon", "coordinates": [ [ [ 128.7000391, 36.4285669 ], [ 128.7002113, 36.4285823 ], [ 128.7001794, 36.4285053 ], [ 128.7000327, 36.4284693 ], [ 128.7000391, 36.4285669 ] ] ] } },
{ "type": "Feature", "properties": { "element": "way", "id": 703064536, "building": "yes", "building:levels": null, "name": null, "name:ko": null, "name:en": null, "amenity": null, "shop": null, "office": null, "tourism": null, "healthcare": null, "addr:street": null, "addr:housenumber": null, "centroid_x_5179": 1107335.1316840185, "centroid_y_5179": 1825739.3387626621, "footprint_area_m2": 4097.6157396662147 }, "geometry": { "type": "Polygon", "coordinates": [ [ [ 128.6973032, 36.4237474 ], [ 128.6975584, 36.4237012 ], [ 128.6976095, 36.4238142 ], [ 128.6976789, 36.4237889 ], [ 128.6974691, 36.423193 ], [ 128.6975648, 36.4231776 ], [ 128.697424500000011, 36.4227208 ], [ 128.6972331, 36.42269 ], [ 128.696971499999989, 36.4227157 ], [ 128.6973032, 36.4237474 ] ] ] } },
{ "type": "Feature", "properties": { "element": "way", "id": 703064570, "building": "yes", "building:levels": null, "name": null, "name:ko": null, "name:en": null, "amenity": null, "shop": null, "office": null, "tourism": null, "healthcare": null, "addr:street": null, "addr:housenumber": null, "centroid_x_5179": 1108377.4744761873, "centroid_y_5179": 1826411.6707958756, "footprint_area_m2": 142.82365527294576 }, "geometry": { "type": "Polygon", "coordinates": [ [ [ 128.7091078, 36.4292337 ], [ 128.7089415, 36.429087 ], [ 128.7090112, 36.4290416 ], [ 128.7091507, 36.4292057 ], [ 128.7091078, 36.4292337 ] ] ] } },
{ "type": "Feature", "properties": { "element": "way", "id": 703064571, "building": "yes", "building:levels": null, "name": null, "name:ko": null, "name:en": null, "amenity": null, "shop": null, "office": null, "tourism": null, "healthcare": null, "addr:street": null, "addr:housenumber": null, "centroid_x_5179": 1108373.24996089, "centroid_y_5179": 1826426.6450604626, "footprint_area_m2": 120.62778553304675 }, "geometry": { "type": "Polygon", "coordinates": [ [ [ 128.7089683, 36.4293373 ], [ 128.7090944, 36.429279 ], [ 128.70900850000001, 36.4291992 ], [ 128.70892, 36.4292747 ], [ 128.7089683, 36.4293373 ] ] ] } },
{ "type": "Feature", "properties": { "element": "way", "id": 703064572, "building": "yes", "building:levels": null, "name": null, "name:ko": null, "name:en": null, "amenity": null, "shop": null, "office": null, "tourism": null, "healthcare": null, "addr:street": null, "addr:housenumber": null, "centroid_x_5179": 1108395.6479148064, "centroid_y_5179": 1826422.8222790998, "footprint_area_m2": 130.43647110468746 }, "geometry": { "type": "Polygon", "coordinates": [ [ [ 128.7092365, 36.4293071 ], [ 128.7093438, 36.4292186 ], [ 128.7092634, 36.4291603 ], [ 128.709158800000012, 36.4292531 ], [ 128.7092365, 36.4293071 ] ] ] } },
{ "type": "Feature", "properties": { "element": "way", "id": 703064573, "building": "yes", "building:levels": null, "name": null, "name:ko": null, "name:en": null, "amenity": null, "shop": null, "office": null, "tourism": null, "healthcare": null, "addr:street": null, "addr:housenumber": null, "centroid_x_5179": 1108354.8602216372, "centroid_y_5179": 1826438.220305226, "footprint_area_m2": 127.41451786034656 }, "geometry": { "type": "Polygon", "coordinates": [ [ [ 128.7087162, 36.429415 ], [ 128.7087189, 36.4293416 ], [ 128.708882499999987, 36.4293351 ], [ 128.7088798, 36.4294064 ], [ 128.7087726, 36.4294242 ], [ 128.7087162, 36.429415 ] ] ] } },
{ "type": "Feature", "properties": { "element": "way", "id": 703064574, "building": "yes", "building:levels": null, "name": null, "name:ko": null, "name:en": null, "amenity": null, "shop": null, "office": null, "tourism": null, "healthcare": null, "addr:street": null, "addr:housenumber": null, "centroid_x_5179": 1108320.0512216815, "centroid_y_5179": 1826441.5187561943, "footprint_area_m2": 106.12379474513186 }, "geometry": { "type": "Polygon", "coordinates": [ [ [ 128.7083648, 36.4294625 ], [ 128.7084936, 36.4294387 ], [ 128.708450699999986, 36.429361 ], [ 128.7083326, 36.4293805 ], [ 128.7083648, 36.4294625 ] ] ] } },
{ "type": "Feature", "properties": { "element": "way", "id": 703064575, "building": "yes", "building:levels": null, "name": null, "name:ko": null, "name:en": null, "amenity": null, "shop": null, "office": null, "tourism": null, "healthcare": null, "addr:street": null, "addr:housenumber": null, "centroid_x_5179": 1108315.4342073924, "centroid_y_5179": 1826423.72124252, "footprint_area_m2": 120.86110674417662 }, "geometry": { "type": "Polygon", "coordinates": [ [ [ 128.7083031, 36.4293114 ], [ 128.708415800000012, 36.4293006 ], [ 128.7084077, 36.4291927 ], [ 128.708300400000013, 36.4291992 ], [ 128.7083031, 36.4293114 ] ] ] } },
{ "type": "Feature", "properties": { "element": "way", "id": 703064576, "building": "yes", "building:levels": null, "name": null, "name:ko": null, "name:en": null, "amenity": null, "shop": null, "office": null, "tourism": null, "healthcare": null, "addr:street": null, "addr:housenumber": null, "centroid_x_5179": 1108303.8537551854, "centroid_y_5179": 1826445.8048663652, "footprint_area_m2": 55.263766959999408 }, "geometry": { "type": "Polygon", "coordinates": [ [ [ 128.7081958, 36.4294927 ], [ 128.708281699999986, 36.4294711 ], [ 128.7082709, 36.4294171 ], [ 128.708179699999988, 36.4294258 ], [ 128.7081958, 36.4294927 ] ] ] } },
{ "type": "Feature", "properties": { "element": "way", "id": 703064577, "building": "yes", "building:levels": null, "name": null, "name:ko": null, "name:en": null, "amenity": null, "shop": null, "office": null, "tourism": null, "healthcare": null, "addr:street": null, "addr:housenumber": null, "centroid_x_5179": 1108283.7664965857, "centroid_y_5179": 1826482.4495167751, "footprint_area_m2": 368.15897097276775 }, "geometry": { "type": "Polygon", "coordinates": [ [ [ 128.7079115, 36.429879 ], [ 128.7080322, 36.4298833 ], [ 128.708065800000014, 36.4298563 ], [ 128.7080698, 36.4298371 ], [ 128.7081583, 36.4298337 ], [ 128.7081556, 36.4297322 ], [ 128.7080738, 36.4297387 ], [ 128.708, 36.4297689 ], [ 128.7079947, 36.4297085 ], [ 128.7080295, 36.4296761 ], [ 128.7080161, 36.4296524 ], [ 128.707903499999986, 36.4296891 ], [ 128.7079115, 36.429879 ] ] ] } },
{ "type": "Feature", "properties": { "element": "way", "id": 703064578, "building": "yes", "building:levels": null, "name": null, "name:ko": null, "name:en": null, "amenity": null, "shop": null, "office": null, "tourism": null, "healthcare": null, "addr:street": null, "addr:housenumber": null, "centroid_x_5179": 1108193.0769615881, "centroid_y_5179": 1826537.4427649295, "footprint_area_m2": 269.2433687073821 }, "geometry": { "type": "Polygon", "coordinates": [ [ [ 128.70686950000001, 36.4303376 ], [ 128.7071324, 36.4303462 ], [ 128.7071431, 36.4302426 ], [ 128.7068856, 36.430234 ], [ 128.70686950000001, 36.4303376 ] ] ] } },
{ "type": "Feature", "properties": { "element": "way", "id": 703076759, "building": "yes", "building:levels": null, "name": null, "name:ko": null, "name:en": null, "amenity": null, "shop": null, "office": null, "tourism": null, "healthcare": null, "addr:street": null, "addr:housenumber": null, "centroid_x_5179": 1108138.9948115656, "centroid_y_5179": 1826549.298469888, "footprint_area_m2": 79.53579754354169 }, "geometry": { "type": "Polygon", "coordinates": [ [ [ 128.706379199999986, 36.4304415 ], [ 128.706481599999989, 36.4304171 ], [ 128.706477799999988, 36.4303652 ], [ 128.7062995, 36.4303958 ], [ 128.706379199999986, 36.4304415 ] ] ] } },
{ "type": "Feature", "properties": { "element": "way", "id": 703076760, "building": "yes", "building:levels": null, "name": null, "name:ko": null, "name:en": null, "amenity": null, "shop": null, "office": null, "tourism": null, "healthcare": null, "addr:street": null, "addr:housenumber": null, "centroid_x_5179": 1108185.4534091086, "centroid_y_5179": 1826555.7626721705, "footprint_area_m2": 156.91104815934378 }, "geometry": { "type": "Polygon", "coordinates": [ [ [ 128.706828300000012, 36.4304939 ], [ 128.7069689, 36.4304956 ], [ 128.707035600000012, 36.4304965 ], [ 128.7070228, 36.4304246 ], [ 128.7068251, 36.4304092 ], [ 128.706828300000012, 36.4304939 ] ] ] } },
{ "type": "Feature", "properties": { "element": "way", "id": 703076761, "building": "yes", "building:levels": null, "name": null, "name:ko": null, "name:en": null, "amenity": null, "shop": null, "office": null, "tourism": null, "healthcare": null, "addr:street": null, "addr:housenumber": null, "centroid_x_5179": 1108178.9715814034, "centroid_y_5179": 1826579.9105609367, "footprint_area_m2": 117.91733147586099 }, "geometry": { "type": "Polygon", "coordinates": [ [ [ 128.7067709, 36.4307069 ], [ 128.706952699999988, 36.4307095 ], [ 128.7069541, 36.4306602 ], [ 128.7067772, 36.4306248 ], [ 128.7067709, 36.4307069 ] ] ] } },
{ "type": "Feature", "properties": { "element": "way", "id": 703076762, "building": "yes", "building:levels": null, "name": null, "name:ko": null, "name:en": null, "amenity": null, "shop": null, "office": null, "tourism": null, "healthcare": null, "addr:street": null, "addr:housenumber": null, "centroid_x_5179": 1108188.0119117827, "centroid_y_5179": 1826570.6179264414, "footprint_area_m2": 305.68684597016716 }, "geometry": { "type": "Polygon", "coordinates": [ [ [ 128.7067772, 36.4306248 ], [ 128.707054699999986, 36.4306659 ], [ 128.7070962, 36.4305273 ], [ 128.7069689, 36.4304956 ], [ 128.7069654, 36.4305683 ], [ 128.706799600000011, 36.4305529 ], [ 128.7067772, 36.4306248 ] ] ] } },
{ "type": "Feature", "properties": { "element": "way", "id": 703076763, "building": "yes", "building:levels": null, "name": null, "name:ko": null, "name:en": null, "amenity": null, "shop": null, "office": null, "tourism": null, "healthcare": null, "addr:street": null, "addr:housenumber": null, "centroid_x_5179": 1108131.2512690213, "centroid_y_5179": 1826501.5655510712, "footprint_area_m2": 143.22785029276028 }, "geometry": { "type": "Polygon", "coordinates": [ [ [ 128.706222200000013, 36.4300345 ], [ 128.706308299999989, 36.4300525 ], [ 128.706384899999989, 36.429955 ], [ 128.706384899999989, 36.4299062 ], [ 128.7063147, 36.4298934 ], [ 128.706222200000013, 36.4300345 ] ] ] } },
{ "type": "Feature", "properties": { "element": "way", "id": 703076764, "building": "yes", "building:levels": null, "name": null, "name:ko": null, "name:en": null, "amenity": null, "shop": null, "office": null, "tourism": null, "healthcare": null, "addr:street": null, "addr:housenumber": null, "centroid_x_5179": 1108099.5407104993, "centroid_y_5179": 1826510.7511522882, "footprint_area_m2": 119.97433930291618 }, "geometry": { "type": "Polygon", "coordinates": [ [ [ 128.705909600000012, 36.4301218 ], [ 128.7060468, 36.4300807 ], [ 128.7060021, 36.4300012 ], [ 128.7058841, 36.430032 ], [ 128.705909600000012, 36.4301218 ] ] ] } },
{ "type": "Feature", "properties": { "element": "way", "id": 703076765, "building": "yes", "building:levels": null, "name": null, "name:ko": null, "name:en": null, "amenity": null, "shop": null, "office": null, "tourism": null, "healthcare": null, "addr:street": null, "addr:housenumber": null, "centroid_x_5179": 1108080.7212851532, "centroid_y_5179": 1826514.9764084613, "footprint_area_m2": 204.85263494261446 }, "geometry": { "type": "Polygon", "coordinates": [ [ [ 128.7056672, 36.4301654 ], [ 128.7058682, 36.4301423 ], [ 128.7058554, 36.4300859 ], [ 128.7058203, 36.4300859 ], [ 128.7058203, 36.4300422 ], [ 128.7057565, 36.4300499 ], [ 128.7057374, 36.4300294 ], [ 128.705657699999989, 36.4300448 ], [ 128.705664, 36.4300833 ], [ 128.7056672, 36.4301654 ] ] ] } },
{ "type": "Feature", "properties": { "element": "way", "id": 703076766, "building": "yes", "building:levels": null, "name": null, "name:ko": null, "name:en": null, "amenity": null, "shop": null, "office": null, "tourism": null, "healthcare": null, "addr:street": null, "addr:housenumber": null, "centroid_x_5179": 1108092.5361643315, "centroid_y_5179": 1826497.5569685539, "footprint_area_m2": 78.674378852020141 }, "geometry": { "type": "Polygon", "coordinates": [ [ [ 128.7058707, 36.4299843 ], [ 128.705937799999987, 36.4299822 ], [ 128.7059432, 36.4299174 ], [ 128.7058117, 36.4299034 ], [ 128.7058144, 36.4299584 ], [ 128.7058667, 36.4299584 ], [ 128.7058707, 36.4299843 ] ] ] } },
{ "type": "Feature", "properties": { "element": "way", "id": 703076767, "building": "yes", "building:levels": null, "name": null, "name:ko": null, "name:en": null, "amenity": null, "shop": null, "office": null, "tourism": null, "healthcare": null, "addr:street": null, "addr:housenumber": null, "centroid_x_5179": 1108187.8404962292, "centroid_y_5179": 1826473.5306842213, "footprint_area_m2": 155.32545577310691 }, "geometry": { "type": "Polygon", "coordinates": [ [ [ 128.7069132, 36.4297515 ], [ 128.7069674, 36.4298168 ], [ 128.7070238, 36.4297969 ], [ 128.7069651, 36.4297297 ], [ 128.7070283, 36.429688 ], [ 128.707010200000013, 36.4296698 ], [ 128.7069741, 36.4296862 ], [ 128.7069617, 36.4296727 ], [ 128.7069155, 36.4296227 ], [ 128.7068478, 36.4296662 ], [ 128.7069132, 36.4297515 ] ] ] } },
{ "type": "Feature", "properties": { "element": "way", "id": 703076768, "building": "yes", "building:levels": null, "name": null, "name:ko": null, "name:en": null, "amenity": null, "shop": null, "office": null, "tourism": null, "healthcare": null, "addr:street": null, "addr:housenumber": null, "centroid_x_5179": 1108198.0394762892, "centroid_y_5179": 1826475.3451787543, "footprint_area_m2": 50.564421625614777 }, "geometry": { "type": "Polygon", "coordinates": [ [ [ 128.7070283, 36.4297715 ], [ 128.706994400000013, 36.4297388 ], [ 128.7070666, 36.4296862 ], [ 128.7071185, 36.4297279 ], [ 128.7070283, 36.4297715 ] ] ] } },
{ "type": "Feature", "properties": { "element": "way", "id": 703076769, "building": "yes", "building:levels": null, "name": null, "name:ko": null, "name:en": null, "amenity": null, "shop": null, "office": null, "tourism": null, "healthcare": null, "addr:street": null, "addr:housenumber": null, "centroid_x_5179": 1108191.6544286457, "centroid_y_5179": 1826462.7142313188, "footprint_area_m2": 74.626461773318852 }, "geometry": { "type": "Polygon", "coordinates": [ [ [ 128.7069617, 36.4296727 ], [ 128.706924500000014, 36.4296118 ], [ 128.7069854, 36.4295519 ], [ 128.7070441, 36.4296354 ], [ 128.7069617, 36.4296727 ] ] ] } },
{ "type": "Feature", "properties": { "element": "way", "id": 703076770, "building": "yes", "building:levels": null, "name": null, "name:ko": null, "name:en": null, "amenity": null, "shop": null, "office": null, "tourism": null, "healthcare": null, "addr:street": null, "addr:housenumber": null, "centroid_x_5179": 1108146.1968960478, "centroid_y_5179": 1826475.9133160724, "footprint_area_m2": 103.84293756269173 }, "geometry": { "type": "Polygon", "coordinates": [ [ [ 128.706401199999988, 36.4297793 ], [ 128.7065591, 36.4297684 ], [ 128.7065456, 36.4296977 ], [ 128.7063899, 36.4297194 ], [ 128.706401199999988, 36.4297793 ] ] ] } },
{ "type": "Feature", "properties": { "element": "way", "id": 703076771, "building": "yes", "building:levels": null, "name": null, "name:ko": null, "name:en": null, "amenity": null, "shop": null, "office": null, "tourism": null, "healthcare": null, "addr:street": null, "addr:housenumber": null, "centroid_x_5179": 1108161.0117901345, "centroid_y_5179": 1826470.8045968798, "footprint_area_m2": 89.865587983304124 }, "geometry": { "type": "Polygon", "coordinates": [ [ [ 128.70661770000001, 36.4297485 ], [ 128.706708, 36.4297249 ], [ 128.7066606, 36.4296323 ], [ 128.706572599999987, 36.4296704 ], [ 128.70661770000001, 36.4297485 ] ] ] } },
{ "type": "Feature", "properties": { "element": "way", "id": 703076772, "building": "yes", "building:levels": null, "name": null, "name:ko": null, "name:en": null, "amenity": null, "shop": null, "office": null, "tourism": null, "healthcare": null, "addr:street": null, "addr:housenumber": null, "centroid_x_5179": 1108050.1857106385, "centroid_y_5179": 1826528.831004275, "footprint_area_m2": 156.901335596076 }, "geometry": { "type": "Polygon", "coordinates": [ [ [ 128.70533660000001, 36.4302421 ], [ 128.705462899999986, 36.4303092 ], [ 128.7055126, 36.4302548 ], [ 128.7054472, 36.4302112 ], [ 128.705462899999986, 36.4301695 ], [ 128.705323099999987, 36.4301677 ], [ 128.70533660000001, 36.4302421 ] ] ] } },
{ "type": "Feature", "properties": { "element": "way", "id": 703076773, "building": "yes", "building:levels": null, "name": null, "name:ko": null, "name:en": null, "amenity": null, "shop": null, "office": null, "tourism": null, "healthcare": null, "addr:street": null, "addr:housenumber": null, "centroid_x_5179": 1107989.9855428159, "centroid_y_5179": 1826495.7414911126, "footprint_area_m2": 295.16733216316584 }, "geometry": { "type": "Polygon", "coordinates": [ [ [ 128.7047299, 36.4300116 ], [ 128.704872, 36.4300243 ], [ 128.7048653, 36.4299372 ], [ 128.7048292, 36.4299209 ], [ 128.704736700000012, 36.4299318 ], [ 128.7047322, 36.429812 ], [ 128.7046532, 36.4298084 ], [ 128.7046397, 36.4300062 ], [ 128.7047299, 36.4300116 ] ] ] } },
{ "type": "Feature", "properties": { "element": "way", "id": 703076774, "building": "yes", "building:levels": null, "name": null, "name:ko": null, "name:en": null, "amenity": null, "shop": null, "office": null, "tourism": null, "healthcare": null, "addr:street": null, "addr:housenumber": null, "centroid_x_5179": 1108101.6387314948, "centroid_y_5179": 1826480.4371205389, "footprint_area_m2": 116.83200947466148 }, "geometry": { "type": "Polygon", "coordinates": [ [ [ 128.7059267, 36.4298412 ], [ 128.7060443, 36.4298259 ], [ 128.7060443, 36.4297374 ], [ 128.7059078, 36.4297466 ], [ 128.7059267, 36.4298412 ] ] ] } },
{ "type": "Feature", "properties": { "element": "way", "id": 703076776, "building": "greenhouse", "building:levels": null, "name": null, "name:ko": null, "name:en": null, "amenity": null, "shop": null, "office": null, "tourism": null, "healthcare": null, "addr:street": null, "addr:housenumber": null, "centroid_x_5179": 1108104.267448578, "centroid_y_5179": 1826464.4625033645, "footprint_area_m2": 37.596458680310626 }, "geometry": { "type": "Polygon", "coordinates": [ [ [ 128.705943499999989, 36.429666 ], [ 128.706091, 36.4296423 ], [ 128.7060749, 36.4296229 ], [ 128.705935399999987, 36.4296358 ], [ 128.705943499999989, 36.429666 ] ] ] } },
{ "type": "Feature", "properties": { "element": "way", "id": 703076777, "building": "greenhouse", "building:levels": null, "name": null, "name:ko": null, "name:en": null, "amenity": null, "shop": null, "office": null, "tourism": null, "healthcare": null, "addr:street": null, "addr:housenumber": null, "centroid_x_5179": 1108166.9196142745, "centroid_y_5179": 1826448.3286601929, "footprint_area_m2": 97.948628708097232 }, "geometry": { "type": "Polygon", "coordinates": [ [ [ 128.7066221, 36.4295279 ], [ 128.706785700000012, 36.4295107 ], [ 128.7067834, 36.4294449 ], [ 128.7066063, 36.4294809 ], [ 128.7066221, 36.4295279 ] ] ] } },
{ "type": "Feature", "properties": { "element": "way", "id": 703076778, "building": "greenhouse", "building:levels": null, "name": null, "name:ko": null, "name:en": null, "amenity": null, "shop": null, "office": null, "tourism": null, "healthcare": null, "addr:street": null, "addr:housenumber": null, "centroid_x_5179": 1108210.509780911, "centroid_y_5179": 1826468.3989026952, "footprint_area_m2": 52.779033826561481 }, "geometry": { "type": "Polygon", "coordinates": [ [ [ 128.707110199999988, 36.4296768 ], [ 128.707252399999987, 36.4296898 ], [ 128.7072738, 36.4296488 ], [ 128.7071129, 36.4296488 ], [ 128.707110199999988, 36.4296768 ] ] ] } },
{ "type": "Feature", "properties": { "element": "way", "id": 703076779, "building": "greenhouse", "building:levels": null, "name": null, "name:ko": null, "name:en": null, "amenity": null, "shop": null, "office": null, "tourism": null, "healthcare": null, "addr:street": null, "addr:housenumber": null, "centroid_x_5179": 1108233.4121600832, "centroid_y_5179": 1826478.8759438458, "footprint_area_m2": 41.296572617789664 }, "geometry": { "type": "Polygon", "coordinates": [ [ [ 128.7073948, 36.4297873 ], [ 128.7075276, 36.4297568 ], [ 128.7074935, 36.4297324 ], [ 128.7073873, 36.4297507 ], [ 128.7073948, 36.4297873 ] ] ] } },
{ "type": "Feature", "properties": { "element": "way", "id": 703076780, "building": "greenhouse", "building:levels": null, "name": null, "name:ko": null, "name:en": null, "amenity": null, "shop": null, "office": null, "tourism": null, "healthcare": null, "addr:street": null, "addr:housenumber": null, "centroid_x_5179": 1108274.8329921882, "centroid_y_5179": 1826539.1935308161, "footprint_area_m2": 146.5014069862485 }, "geometry": { "type": "Polygon", "coordinates": [ [ [ 128.7078955, 36.430413 ], [ 128.70796, 36.4303977 ], [ 128.7079487, 36.4301902 ], [ 128.7078766, 36.4301932 ], [ 128.7078955, 36.430413 ] ] ] } },
{ "type": "Feature", "properties": { "element": "way", "id": 703076782, "building": "greenhouse", "building:levels": null, "name": null, "name:ko": null, "name:en": null, "amenity": null, "shop": null, "office": null, "tourism": null, "healthcare": null, "addr:street": null, "addr:housenumber": null, "centroid_x_5179": 1108189.0283735222, "centroid_y_5179": 1826647.6957340951, "footprint_area_m2": 393.45940264585886 }, "geometry": { "type": "Polygon", "coordinates": [ [ [ 128.706659, 36.4313713 ], [ 128.707273500000014, 36.4312675 ], [ 128.7072431, 36.4311943 ], [ 128.7066552, 36.4313194 ], [ 128.706659, 36.4313713 ] ] ] } },
{ "type": "Feature", "properties": { "element": "way", "id": 709237257, "building": "yes", "building:levels": null, "name": null, "name:ko": null, "name:en": null, "amenity": null, "shop": null, "office": null, "tourism": null, "healthcare": null, "addr:street": null, "addr:housenumber": null, "centroid_x_5179": 1108022.1748458529, "centroid_y_5179": 1829610.6339254456, "footprint_area_m2": 4101.3089937397108 }, "geometry": { "type": "Polygon", "coordinates": [ [ [ 128.7051013, 36.458265 ], [ 128.70562910000001, 36.4584337 ], [ 128.7059539, 36.4577553 ], [ 128.7054396, 36.4575793 ], [ 128.7051013, 36.458265 ] ] ] } },
{ "type": "Feature", "properties": { "element": "way", "id": 709333033, "building": "yes", "building:levels": null, "name": null, "name:ko": null, "name:en": null, "amenity": null, "shop": null, "office": null, "tourism": null, "healthcare": null, "addr:street": null, "addr:housenumber": null, "centroid_x_5179": 1110634.201449573, "centroid_y_5179": 1831233.0931592237, "footprint_area_m2": 94.318280697506779 }, "geometry": { "type": "Polygon", "coordinates": [ [ [ 128.7348236, 36.4723375 ], [ 128.734951599999988, 36.4723893 ], [ 128.73499240000001, 36.4723382 ], [ 128.7348606, 36.4722765 ], [ 128.7348236, 36.4723375 ] ] ] } },
{ "type": "Feature", "properties": { "element": "way", "id": 709333034, "building": "yes", "building:levels": null, "name": null, "name:ko": null, "name:en": null, "amenity": null, "shop": null, "office": null, "tourism": null, "healthcare": null, "addr:street": null, "addr:housenumber": null, "centroid_x_5179": 1110642.8262240058, "centroid_y_5179": 1831214.8841515656, "footprint_area_m2": 101.41494620057942 }, "geometry": { "type": "Polygon", "coordinates": [ [ [ 128.735038800000012, 36.4721186 ], [ 128.734996200000012, 36.4720904 ], [ 128.7349213, 36.4721712 ], [ 128.735045500000012, 36.4722429 ], [ 128.7350758, 36.4722048 ], [ 128.735007599999989, 36.4721575 ], [ 128.735038800000012, 36.4721186 ] ] ] } },
{ "type": "Feature", "properties": { "element": "way", "id": 709333039, "building": "yes", "building:levels": null, "name": null, "name:ko": null, "name:en": null, "amenity": null, "shop": null, "office": null, "tourism": null, "healthcare": null, "addr:street": null, "addr:housenumber": null, "centroid_x_5179": 1110766.6326708156, "centroid_y_5179": 1831121.3704268693, "footprint_area_m2": 69.688710060311337 }, "geometry": { "type": "Polygon", "coordinates": [ [ [ 128.7362956, 36.4713303 ], [ 128.736445800000013, 36.4713432 ], [ 128.7364351, 36.4712958 ], [ 128.736301, 36.4712785 ], [ 128.7362956, 36.4713303 ] ] ] } },
{ "type": "Feature", "properties": { "element": "way", "id": 709333040, "building": "yes", "building:levels": null, "name": null, "name:ko": null, "name:en": null, "amenity": null, "shop": null, "office": null, "tourism": null, "healthcare": null, "addr:street": null, "addr:housenumber": null, "centroid_x_5179": 1110760.2668562098, "centroid_y_5179": 1831156.9338291057, "footprint_area_m2": 85.526115638659363 }, "geometry": { "type": "Polygon", "coordinates": [ [ [ 128.7362339, 36.4716484 ], [ 128.736365299999989, 36.4716808 ], [ 128.7363774, 36.4716226 ], [ 128.7363508, 36.4716156 ], [ 128.7362326, 36.4715848 ], [ 128.7362339, 36.4716484 ] ] ] } },
{ "type": "Feature", "properties": { "element": "way", "id": 709333041, "building": "yes", "building:levels": null, "name": null, "name:ko": null, "name:en": null, "amenity": null, "shop": null, "office": null, "tourism": null, "healthcare": null, "addr:street": null, "addr:housenumber": null, "centroid_x_5179": 1110759.6848994398, "centroid_y_5179": 1831150.3789965112, "footprint_area_m2": 62.739278934239017 }, "geometry": { "type": "Polygon", "coordinates": [ [ [ 128.7362326, 36.4715848 ], [ 128.7363508, 36.4716156 ], [ 128.736358599999988, 36.4715654 ], [ 128.736236600000012, 36.471533 ], [ 128.7362326, 36.4715848 ] ] ] } },
{ "type": "Feature", "properties": { "element": "way", "id": 709333042, "building": "yes", "building:levels": null, "name": null, "name:ko": null, "name:en": null, "amenity": null, "shop": null, "office": null, "tourism": null, "healthcare": null, "addr:street": null, "addr:housenumber": null, "centroid_x_5179": 1110758.8843694529, "centroid_y_5179": 1831143.7785279374, "footprint_area_m2": 27.100154528282516 }, "geometry": { "type": "Polygon", "coordinates": [ [ [ 128.7362427, 36.4715235 ], [ 128.7363129, 36.4715402 ], [ 128.7363321, 36.4715081 ], [ 128.7362491, 36.4714902 ], [ 128.7362427, 36.4715235 ] ] ] } },
{ "type": "Feature", "properties": { "element": "way", "id": 709333060, "building": "greenhouse", "building:levels": null, "name": null, "name:ko": null, "name:en": null, "amenity": null, "shop": null, "office": null, "tourism": null, "healthcare": null, "addr:street": null, "addr:housenumber": null, "centroid_x_5179": 1109896.6605920065, "centroid_y_5179": 1829995.7190088851, "footprint_area_m2": 286.62153262704294 }, "geometry": { "type": "Polygon", "coordinates": [ [ [ 128.7262986, 36.4610974 ], [ 128.7266482, 36.4614638 ], [ 128.7267023, 36.4614402 ], [ 128.726355, 36.461072 ], [ 128.7262986, 36.4610974 ] ] ] } },
{ "type": "Feature", "properties": { "element": "way", "id": 709333061, "building": "greenhouse", "building:levels": null, "name": null, "name:ko": null, "name:en": null, "amenity": null, "shop": null, "office": null, "tourism": null, "healthcare": null, "addr:street": null, "addr:housenumber": null, "centroid_x_5179": 1109902.5311438586, "centroid_y_5179": 1829992.9763074254, "footprint_area_m2": 364.92093636492018 }, "geometry": { "type": "Polygon", "coordinates": [ [ [ 128.726355, 36.461072 ], [ 128.726409100000012, 36.4610339 ], [ 128.72677, 36.4613967 ], [ 128.7267023, 36.4614402 ], [ 128.726355, 36.461072 ] ] ] } },
{ "type": "Feature", "properties": { "element": "way", "id": 709333062, "building": "greenhouse", "building:levels": null, "name": null, "name:ko": null, "name:en": null, "amenity": null, "shop": null, "office": null, "tourism": null, "healthcare": null, "addr:street": null, "addr:housenumber": null, "centroid_x_5179": 1109907.7376370193, "centroid_y_5179": 1829988.1149834734, "footprint_area_m2": 370.58679918597215 }, "geometry": { "type": "Polygon", "coordinates": [ [ [ 128.726409100000012, 36.4610339 ], [ 128.72677, 36.4613967 ], [ 128.7268422, 36.4613695 ], [ 128.72647, 36.4609921 ], [ 128.726409100000012, 36.4610339 ] ] ] } },
{ "type": "Feature", "properties": { "element": "way", "id": 709333063, "building": "greenhouse", "building:levels": null, "name": null, "name:ko": null, "name:en": null, "amenity": null, "shop": null, "office": null, "tourism": null, "healthcare": null, "addr:street": null, "addr:housenumber": null, "centroid_x_5179": 1109922.1295123515, "centroid_y_5179": 1829990.8996382775, "footprint_area_m2": 485.29909317230789 }, "geometry": { "type": "Polygon", "coordinates": [ [ [ 128.726503900000012, 36.4609794 ], [ 128.727011299999987, 36.4615055 ], [ 128.7270655, 36.461471 ], [ 128.727023800000012, 36.4614268 ], [ 128.726573800000011, 36.4609486 ], [ 128.726503900000012, 36.4609794 ] ] ] } },
{ "type": "Feature", "properties": { "element": "way", "id": 709333064, "building": "greenhouse", "building:levels": null, "name": null, "name:ko": null, "name:en": null, "amenity": null, "shop": null, "office": null, "tourism": null, "healthcare": null, "addr:street": null, "addr:housenumber": null, "centroid_x_5179": 1109926.5936272379, "centroid_y_5179": 1829985.7595250749, "footprint_area_m2": 442.40685445159068 }, "geometry": { "type": "Polygon", "coordinates": [ [ [ 128.726573800000011, 36.4609486 ], [ 128.727023800000012, 36.4614268 ], [ 128.7270858, 36.4613894 ], [ 128.7266324, 36.460916 ], [ 128.726573800000011, 36.4609486 ] ] ] } },
{ "type": "Feature", "properties": { "element": "way", "id": 709333065, "building": "greenhouse", "building:levels": null, "name": null, "name:ko": null, "name:en": null, "amenity": null, "shop": null, "office": null, "tourism": null, "healthcare": null, "addr:street": null, "addr:housenumber": null, "centroid_x_5179": 1109932.2010817057, "centroid_y_5179": 1829981.2312391866, "footprint_area_m2": 511.49334820331245 }, "geometry": { "type": "Polygon", "coordinates": [ [ [ 128.7266324, 36.460916 ], [ 128.7270858, 36.4613894 ], [ 128.7271512, 36.4613422 ], [ 128.7267046, 36.4608779 ], [ 128.7266324, 36.460916 ] ] ] } },
{ "type": "Feature", "properties": { "element": "way", "id": 709333066, "building": "greenhouse", "building:levels": null, "name": null, "name:ko": null, "name:en": null, "amenity": null, "shop": null, "office": null, "tourism": null, "healthcare": null, "addr:street": null, "addr:housenumber": null, "centroid_x_5179": 1109932.6608129635, "centroid_y_5179": 1830040.1036296187, "footprint_area_m2": 267.50964358391388 }, "geometry": { "type": "Polygon", "coordinates": [ [ [ 128.7266933, 36.4615037 ], [ 128.7270791, 36.4618526 ], [ 128.7271246, 36.4618251 ], [ 128.7267358, 36.461472 ], [ 128.7266933, 36.4615037 ] ] ] } },
{ "type": "Feature", "properties": { "element": "way", "id": 709333067, "building": "greenhouse", "building:levels": null, "name": null, "name:ko": null, "name:en": null, "amenity": null, "shop": null, "office": null, "tourism": null, "healthcare": null, "addr:street": null, "addr:housenumber": null, "centroid_x_5179": 1109937.6310900687, "centroid_y_5179": 1830036.4857653452, "footprint_area_m2": 370.50786075557983 }, "geometry": { "type": "Polygon", "coordinates": [ [ [ 128.7267358, 36.461472 ], [ 128.7271246, 36.4618251 ], [ 128.7271825, 36.4617778 ], [ 128.727165899999989, 36.461763 ], [ 128.7268003, 36.4614362 ], [ 128.7267358, 36.461472 ] ] ] } },
{ "type": "Feature", "properties": { "element": "way", "id": 709333068, "building": "greenhouse", "building:levels": null, "name": null, "name:ko": null, "name:en": null, "amenity": null, "shop": null, "office": null, "tourism": null, "healthcare": null, "addr:street": null, "addr:housenumber": null, "centroid_x_5179": 1109941.7542433082, "centroid_y_5179": 1830031.0015510656, "footprint_area_m2": 301.51761315638726 }, "geometry": { "type": "Polygon", "coordinates": [ [ [ 128.7268003, 36.4614362 ], [ 128.727165899999989, 36.461763 ], [ 128.7272147, 36.461729 ], [ 128.7268695, 36.4614072 ], [ 128.7268003, 36.4614362 ] ] ] } },
{ "type": "Feature", "properties": { "element": "way", "id": 709333070, "building": "greenhouse", "building:levels": null, "name": null, "name:ko": null, "name:en": null, "amenity": null, "shop": null, "office": null, "tourism": null, "healthcare": null, "addr:street": null, "addr:housenumber": null, "centroid_x_5179": 1109922.3916147004, "centroid_y_5179": 1830079.6169233737, "footprint_area_m2": 73.043300786384378 }, "geometry": { "type": "Polygon", "coordinates": [ [ [ 128.72667, 36.4620426 ], [ 128.7269356, 36.4620253 ], [ 128.726914099999988, 36.4619972 ], [ 128.72667, 36.4620145 ], [ 128.72667, 36.4620426 ] ] ] } },
{ "type": "Feature", "properties": { "element": "way", "id": 777885813, "building": "yes", "building:levels": null, "name": "대사2리 마을회관", "name:ko": null, "name:en": null, "amenity": "townhall", "shop": null, "office": null, "tourism": null, "healthcare": null, "addr:street": "춘산대사2길", "addr:housenumber": "31", "centroid_x_5179": 1118889.3319901812, "centroid_y_5179": 1807517.5651555292, "footprint_area_m2": 133.53552546122717 }, "geometry": { "type": "Polygon", "coordinates": [ [ [ 128.8233716, 36.2576683 ], [ 128.8233113, 36.2575916 ], [ 128.8233753, 36.2575589 ], [ 128.8234359, 36.2575279 ], [ 128.8234962, 36.2576046 ], [ 128.8233716, 36.2576683 ] ] ] } },
{ "type": "Feature", "properties": { "element": "way", "id": 777903197, "building": "yes", "building:levels": null, "name": null, "name:ko": null, "name:en": null, "amenity": null, "shop": null, "office": null, "tourism": null, "healthcare": null, "addr:street": "춘산대사2길", "addr:housenumber": "202", "centroid_x_5179": 1118708.7706674195, "centroid_y_5179": 1807314.1156099443, "footprint_area_m2": 85.22979016079546 }, "geometry": { "type": "Polygon", "coordinates": [ [ [ 128.8212929, 36.2558066 ], [ 128.821351099999987, 36.2558204 ], [ 128.8214093, 36.2558342 ], [ 128.821434, 36.2557666 ], [ 128.821317599999986, 36.255739 ], [ 128.8212929, 36.2558066 ] ] ] } },
{ "type": "Feature", "properties": { "element": "way", "id": 777903198, "building": "house", "building:levels": null, "name": null, "name:ko": null, "name:en": null, "amenity": null, "shop": null, "office": null, "tourism": null, "healthcare": null, "addr:street": "춘산대사2길", "addr:housenumber": "22", "centroid_x_5179": 1118806.1786518339, "centroid_y_5179": 1807464.172068136, "footprint_area_m2": 57.066043167011316 }, "geometry": { "type": "Polygon", "coordinates": [ [ [ 128.8224157, 36.2571593 ], [ 128.8224049, 36.2571132 ], [ 128.8225248, 36.2570949 ], [ 128.8225356, 36.257141 ], [ 128.8224157, 36.2571593 ] ] ] } },
{ "type": "Feature", "properties": { "element": "way", "id": 777903199, "building": "yes", "building:levels": null, "name": null, "name:ko": null, "name:en": null, "amenity": null, "shop": null, "office": null, "tourism": null, "healthcare": null, "addr:street": "춘산대사2길", "addr:housenumber": "22", "centroid_x_5179": 1118817.0114617564, "centroid_y_5179": 1807453.7351980321, "footprint_area_m2": 54.608646910826266 }, "geometry": { "type": "Polygon", "coordinates": [ [ [ 128.822552699999989, 36.2570716 ], [ 128.8225287, 36.2570228 ], [ 128.8226258, 36.2569918 ], [ 128.8226497, 36.2570406 ], [ 128.822552699999989, 36.2570716 ] ] ] } },
{ "type": "Feature", "properties": { "element": "way", "id": 777903200, "building": "yes", "building:levels": null, "name": null, "name:ko": null, "name:en": null, "amenity": null, "shop": null, "office": null, "tourism": null, "healthcare": null, "addr:street": "춘산대사2길", "addr:housenumber": "22", "centroid_x_5179": 1118818.240075859, "centroid_y_5179": 1807460.5016903542, "footprint_area_m2": 38.840460284274954 }, "geometry": { "type": "Polygon", "coordinates": [ [ [ 128.822577, 36.2571267 ], [ 128.8226521, 36.2571038 ], [ 128.822630800000013, 36.2570584 ], [ 128.8225558, 36.2570812 ], [ 128.822577, 36.2571267 ] ] ] } },
{ "type": "Feature", "properties": { "element": "way", "id": 777903201, "building": "house", "building:levels": null, "name": null, "name:ko": null, "name:en": null, "amenity": null, "shop": null, "office": null, "tourism": null, "healthcare": null, "addr:street": "춘산대사2길", "addr:housenumber": "26", "centroid_x_5179": 1118846.9326260046, "centroid_y_5179": 1807468.2068311486, "footprint_area_m2": 75.05375211917297 }, "geometry": { "type": "Polygon", "coordinates": [ [ [ 128.8229173, 36.2572155 ], [ 128.8228618, 36.2571312 ], [ 128.82293150000001, 36.2571014 ], [ 128.822987, 36.2571857 ], [ 128.8229173, 36.2572155 ] ] ] } },
{ "type": "Feature", "properties": { "element": "way", "id": 777903202, "building": "house", "building:levels": null, "name": null, "name:ko": null, "name:en": null, "amenity": null, "shop": null, "office": null, "tourism": null, "healthcare": null, "addr:street": "춘산대사2길", "addr:housenumber": "24", "centroid_x_5179": 1118834.6894217085, "centroid_y_5179": 1807447.1534691611, "footprint_area_m2": 109.30869502091176 }, "geometry": { "type": "Polygon", "coordinates": [ [ [ 128.822780099999989, 36.2570373 ], [ 128.822865400000012, 36.2569877 ], [ 128.82278980000001, 36.2569031 ], [ 128.822704499999986, 36.2569527 ], [ 128.822780099999989, 36.2570373 ] ] ] } },
{ "type": "Feature", "properties": { "element": "way", "id": 777903203, "building": "yes", "building:levels": null, "name": null, "name:ko": null, "name:en": null, "amenity": null, "shop": null, "office": null, "tourism": null, "healthcare": null, "addr:street": null, "addr:housenumber": null, "centroid_x_5179": 1118839.8614756151, "centroid_y_5179": 1807454.92221915, "footprint_area_m2": 38.537120201660343 }, "geometry": { "type": "Polygon", "coordinates": [ [ [ 128.8228188, 36.2570779 ], [ 128.822897, 36.2570352 ], [ 128.8228686, 36.2570013 ], [ 128.8227904, 36.2570439 ], [ 128.8228188, 36.2570779 ] ] ] } },
{ "type": "Feature", "properties": { "element": "way", "id": 777903204, "building": "yes", "building:levels": null, "name": null, "name:ko": null, "name:en": null, "amenity": null, "shop": null, "office": null, "tourism": null, "healthcare": null, "addr:street": "춘산대사2길", "addr:housenumber": "30", "centroid_x_5179": 1118854.3515898476, "centroid_y_5179": 1807481.177500498, "footprint_area_m2": 88.265117391146944 }, "geometry": { "type": "Polygon", "coordinates": [ [ [ 128.822935300000012, 36.2573022 ], [ 128.82299660000001, 36.2573392 ], [ 128.8230826, 36.2572467 ], [ 128.8230212, 36.2572097 ], [ 128.822935300000012, 36.2573022 ] ] ] } },
{ "type": "Feature", "properties": { "element": "way", "id": 777903205, "building": "yes", "building:levels": null, "name": null, "name:ko": null, "name:en": null, "amenity": null, "shop": null, "office": null, "tourism": null, "healthcare": null, "addr:street": null, "addr:housenumber": null, "centroid_x_5179": 1118828.8456475902, "centroid_y_5179": 1807434.8692730449, "footprint_area_m2": 85.62423326492808 }, "geometry": { "type": "Polygon", "coordinates": [ [ [ 128.822682500000013, 36.2568088 ], [ 128.8226551, 36.25689 ], [ 128.8227536, 36.2569116 ], [ 128.822781, 36.2568304 ], [ 128.822682500000013, 36.2568088 ] ] ] } },
{ "type": "Feature", "properties": { "element": "way", "id": 777903206, "building": "house", "building:levels": null, "name": null, "name:ko": null, "name:en": null, "amenity": null, "shop": null, "office": null, "tourism": null, "healthcare": null, "addr:street": "춘산대사2길", "addr:housenumber": "26-6", "centroid_x_5179": 1118837.1278027217, "centroid_y_5179": 1807424.8749173298, "footprint_area_m2": 88.646591347442694 }, "geometry": { "type": "Polygon", "coordinates": [ [ [ 128.8227344, 36.2567484 ], [ 128.8227981, 36.2567063 ], [ 128.822883, 36.2567898 ], [ 128.8228193, 36.2568319 ], [ 128.8227344, 36.2567484 ] ] ] } },
{ "type": "Feature", "properties": { "element": "way", "id": 777903207, "building": "house", "building:levels": null, "name": null, "name:ko": null, "name:en": null, "amenity": null, "shop": null, "office": null, "tourism": null, "healthcare": null, "addr:street": "춘산대사2길", "addr:housenumber": "26-10", "centroid_x_5179": 1118862.8043556437, "centroid_y_5179": 1807390.3765108536, "footprint_area_m2": 109.79485817954466 }, "geometry": { "type": "Polygon", "coordinates": [ [ [ 128.823106, 36.2565241 ], [ 128.8231734, 36.2564735 ], [ 128.8230724, 36.2563859 ], [ 128.823005, 36.2564365 ], [ 128.823106, 36.2565241 ] ] ] } },
{ "type": "Feature", "properties": { "element": "way", "id": 777903208, "building": "house", "building:levels": null, "name": null, "name:ko": null, "name:en": null, "amenity": null, "shop": null, "office": null, "tourism": null, "healthcare": null, "addr:street": "춘산대사2길", "addr:housenumber": "26-10", "centroid_x_5179": 1118854.1988072218, "centroid_y_5179": 1807383.7143676542, "footprint_area_m2": 45.131506641702451 }, "geometry": { "type": "Polygon", "coordinates": [ [ [ 128.823052, 36.2563752 ], [ 128.822964500000012, 36.2564437 ], [ 128.8229327, 36.256418 ], [ 128.8230194, 36.2563481 ], [ 128.823052, 36.2563752 ] ] ] } },
{ "type": "Feature", "properties": { "element": "way", "id": 777903209, "building": "yes", "building:levels": null, "name": null, "name:ko": null, "name:en": null, "amenity": null, "shop": null, "office": null, "tourism": null, "healthcare": null, "addr:street": null, "addr:housenumber": null, "centroid_x_5179": 1118849.5258663089, "centroid_y_5179": 1807391.0722826342, "footprint_area_m2": 34.560308900837661 }, "geometry": { "type": "Polygon", "coordinates": [ [ [ 128.8229274, 36.2564227 ], [ 128.82289320000001, 36.256448 ], [ 128.8229556, 36.2565031 ], [ 128.82298990000001, 36.2564778 ], [ 128.8229274, 36.2564227 ] ] ] } },
{ "type": "Feature", "properties": { "element": "way", "id": 777903210, "building": "yes", "building:levels": null, "name": null, "name:ko": null, "name:en": null, "amenity": null, "shop": null, "office": null, "tourism": null, "healthcare": null, "addr:street": null, "addr:housenumber": null, "centroid_x_5179": 1118824.4231487561, "centroid_y_5179": 1807443.2021767402, "footprint_area_m2": 20.41613115333438 }, "geometry": { "type": "Polygon", "coordinates": [ [ [ 128.8226459, 36.2569642 ], [ 128.8227119, 36.2569292 ], [ 128.8226943, 36.2569075 ], [ 128.8226283, 36.2569425 ], [ 128.8226459, 36.2569642 ] ] ] } },
{ "type": "Feature", "properties": { "element": "way", "id": 777903211, "building": "yes", "building:levels": null, "name": null, "name:ko": null, "name:en": null, "amenity": null, "shop": null, "office": null, "tourism": null, "healthcare": null, "addr:street": null, "addr:housenumber": null, "centroid_x_5179": 1118840.8726969911, "centroid_y_5179": 1807461.6449460313, "footprint_area_m2": 46.008720502963499 }, "geometry": { "type": "Polygon", "coordinates": [ [ [ 128.8228128, 36.2571411 ], [ 128.822921799999989, 36.2570909 ], [ 128.8228992, 36.257059 ], [ 128.8227901, 36.2571092 ], [ 128.8228128, 36.2571411 ] ] ] } },
{ "type": "Feature", "properties": { "element": "way", "id": 777903212, "building": "yes", "building:levels": null, "name": null, "name:ko": null, "name:en": null, "amenity": null, "shop": null, "office": null, "tourism": null, "healthcare": null, "addr:street": null, "addr:housenumber": null, "centroid_x_5179": 1118860.5743703397, "centroid_y_5179": 1807487.2989056071, "footprint_area_m2": 49.334646739174616 }, "geometry": { "type": "Polygon", "coordinates": [ [ [ 128.8230408, 36.2573689 ], [ 128.8231418, 36.2573279 ], [ 128.8231175, 36.2572888 ], [ 128.8230164, 36.2573298 ], [ 128.8230408, 36.2573689 ] ] ] } },
{ "type": "Feature", "properties": { "element": "way", "id": 777903213, "building": "house", "building:levels": null, "name": null, "name:ko": null, "name:en": null, "amenity": null, "shop": null, "office": null, "tourism": null, "healthcare": null, "addr:street": "춘산대사2길", "addr:housenumber": "30", "centroid_x_5179": 1118870.9894061745, "centroid_y_5179": 1807491.4297653362, "footprint_area_m2": 107.53012144140527 }, "geometry": { "type": "Polygon", "coordinates": [ [ [ 128.8231858, 36.2574303 ], [ 128.823115, 36.2573535 ], [ 128.8232055, 36.2572993 ], [ 128.8232763, 36.2573761 ], [ 128.8231858, 36.2574303 ] ] ] } },
{ "type": "Feature", "properties": { "element": "way", "id": 777903214, "building": "yes", "building:levels": null, "name": null, "name:ko": null, "name:en": null, "amenity": null, "shop": null, "office": null, "tourism": null, "healthcare": null, "addr:street": null, "addr:housenumber": null, "centroid_x_5179": 1118863.5034247069, "centroid_y_5179": 1807465.0448446402, "footprint_area_m2": 40.180325096253199 }, "geometry": { "type": "Polygon", "coordinates": [ [ [ 128.823058300000014, 36.2571494 ], [ 128.8231203, 36.2570809 ], [ 128.8231592, 36.2571209 ], [ 128.8230849, 36.2571708 ], [ 128.823058300000014, 36.2571494 ] ] ] } },
{ "type": "Feature", "properties": { "element": "way", "id": 777903215, "building": "house", "building:levels": null, "name": null, "name:ko": null, "name:en": null, "amenity": null, "shop": null, "office": null, "tourism": null, "healthcare": null, "addr:street": "춘산대사2길", "addr:housenumber": "26-1", "centroid_x_5179": 1118868.8445385108, "centroid_y_5179": 1807472.8109503903, "footprint_area_m2": 108.86493684250789 }, "geometry": { "type": "Polygon", "coordinates": [ [ [ 128.823087, 36.2571838 ], [ 128.823164600000013, 36.2571299 ], [ 128.8232509, 36.2572107 ], [ 128.8231733, 36.2572646 ], [ 128.823087, 36.2571838 ] ] ] } },
{ "type": "Feature", "properties": { "element": "way", "id": 777903216, "building": "house", "building:levels": null, "name": null, "name:ko": null, "name:en": null, "amenity": null, "shop": null, "office": null, "tourism": null, "healthcare": null, "addr:street": "춘산대사2길", "addr:housenumber": "26-5", "centroid_x_5179": 1118877.761986258, "centroid_y_5179": 1807455.7800453217, "footprint_area_m2": 154.77169779991459 }, "geometry": { "type": "Polygon", "coordinates": [ [ [ 128.8232682, 36.2571232 ], [ 128.8233626, 36.2570618 ], [ 128.823263, 36.2569621 ], [ 128.8231686, 36.2570235 ], [ 128.8232682, 36.2571232 ] ] ] } },
{ "type": "Feature", "properties": { "element": "way", "id": 777903217, "building": "yes", "building:levels": null, "name": null, "name:ko": null, "name:en": null, "amenity": null, "shop": null, "office": null, "tourism": null, "healthcare": null, "addr:street": null, "addr:housenumber": null, "centroid_x_5179": 1118875.3112835269, "centroid_y_5179": 1807467.1132963735, "footprint_area_m2": 62.933609054623972 }, "geometry": { "type": "Polygon", "coordinates": [ [ [ 128.8232585, 36.2572023 ], [ 128.8231757, 36.2571167 ], [ 128.823221600000011, 36.2570879 ], [ 128.823304400000012, 36.2571735 ], [ 128.8232585, 36.2572023 ] ] ] } },
{ "type": "Feature", "properties": { "element": "way", "id": 777903218, "building": "yes", "building:levels": null, "name": null, "name:ko": null, "name:en": null, "amenity": null, "shop": null, "office": null, "tourism": null, "healthcare": null, "addr:street": null, "addr:housenumber": null, "centroid_x_5179": 1118884.3974374169, "centroid_y_5179": 1807464.3011286578, "footprint_area_m2": 50.492048140139246 }, "geometry": { "type": "Polygon", "coordinates": [ [ [ 128.823313500000012, 36.2571635 ], [ 128.8234019, 36.2571109 ], [ 128.823368, 36.2570738 ], [ 128.8232796, 36.2571263 ], [ 128.823313500000012, 36.2571635 ] ] ] } },
{ "type": "Feature", "properties": { "element": "way", "id": 777903219, "building": "yes", "building:levels": null, "name": null, "name:ko": null, "name:en": null, "amenity": null, "shop": null, "office": null, "tourism": null, "healthcare": null, "addr:street": null, "addr:housenumber": null, "centroid_x_5179": 1118874.4735440002, "centroid_y_5179": 1807407.4057130106, "footprint_area_m2": 68.262865806804598 }, "geometry": { "type": "Polygon", "coordinates": [ [ [ 128.8232242, 36.2566606 ], [ 128.8231571, 36.2565943 ], [ 128.823219099999989, 36.2565535 ], [ 128.823286200000013, 36.2566198 ], [ 128.8232242, 36.2566606 ] ] ] } },
{ "type": "Feature", "properties": { "element": "way", "id": 777903220, "building": "yes", "building:levels": null, "name": "추원제", "name:ko": null, "name:en": null, "amenity": null, "shop": null, "office": null, "tourism": null, "healthcare": null, "addr:street": null, "addr:housenumber": null, "centroid_x_5179": 1118894.3246272712, "centroid_y_5179": 1807416.5195541799, "footprint_area_m2": 81.408141046013142 }, "geometry": { "type": "Polygon", "coordinates": [ [ [ 128.823431199999987, 36.256744 ], [ 128.8233778, 36.2566635 ], [ 128.8234567, 36.2566295 ], [ 128.8235101, 36.25671 ], [ 128.823431199999987, 36.256744 ] ] ] } },
{ "type": "Feature", "properties": { "element": "way", "id": 777903221, "building": "yes", "building:levels": null, "name": "이은제", "name:ko": null, "name:en": null, "amenity": null, "shop": null, "office": null, "tourism": null, "healthcare": null, "addr:street": null, "addr:housenumber": null, "centroid_x_5179": 1118894.1533529931, "centroid_y_5179": 1807439.5779763318, "footprint_area_m2": 69.285627218550616 }, "geometry": { "type": "Polygon", "coordinates": [ [ [ 128.823439799999989, 36.2569525 ], [ 128.823502, 36.2569306 ], [ 128.823451299999988, 36.2568367 ], [ 128.823389100000014, 36.2568586 ], [ 128.823439799999989, 36.2569525 ] ] ] } },
{ "type": "Feature", "properties": { "element": "way", "id": 777903222, "building": "yes", "building:levels": null, "name": null, "name:ko": null, "name:en": null, "amenity": null, "shop": null, "office": null, "tourism": null, "healthcare": null, "addr:street": null, "addr:housenumber": null, "centroid_x_5179": 1118876.6657299723, "centroid_y_5179": 1807500.17797868, "footprint_area_m2": 51.029053389798079 }, "geometry": { "type": "Polygon", "coordinates": [ [ [ 128.8232308, 36.2574862 ], [ 128.823199100000011, 36.2574457 ], [ 128.823289499999987, 36.2573997 ], [ 128.8233212, 36.2574402 ], [ 128.8232308, 36.2574862 ] ] ] } },
{ "type": "Feature", "properties": { "element": "way", "id": 777903223, "building": "house", "building:levels": null, "name": null, "name:ko": null, "name:en": null, "amenity": null, "shop": null, "office": null, "tourism": null, "healthcare": null, "addr:street": "춘산대사2길", "addr:housenumber": "22", "centroid_x_5179": 1118805.3061069055, "centroid_y_5179": 1807457.0352997957, "footprint_area_m2": 72.364206935350751 }, "geometry": { "type": "Polygon", "coordinates": [ [ [ 128.822401899999988, 36.257088 ], [ 128.8224301, 36.2570838 ], [ 128.8224341, 36.2571019 ], [ 128.822522, 36.257089 ], [ 128.8225074, 36.2570241 ], [ 128.8224327, 36.257035 ], [ 128.8223913, 36.2570411 ], [ 128.822401899999988, 36.257088 ] ] ] } },
{ "type": "Feature", "properties": { "element": "way", "id": 777903224, "building": "yes", "building:levels": null, "name": null, "name:ko": null, "name:en": null, "amenity": null, "shop": null, "office": null, "tourism": null, "healthcare": null, "addr:street": null, "addr:housenumber": null, "centroid_x_5179": 1118897.7609455856, "centroid_y_5179": 1807486.5087262965, "footprint_area_m2": 92.44997238973221 }, "geometry": { "type": "Polygon", "coordinates": [ [ [ 128.823466, 36.257377 ], [ 128.823414, 36.2573202 ], [ 128.8235196, 36.2572573 ], [ 128.8235717, 36.2573141 ], [ 128.823466, 36.257377 ] ] ] } },
{ "type": "Feature", "properties": { "element": "way", "id": 777903225, "building": "house", "building:levels": null, "name": null, "name:ko": null, "name:en": null, "amenity": null, "shop": null, "office": null, "tourism": null, "healthcare": null, "addr:street": null, "addr:housenumber": null, "centroid_x_5179": 1118890.2514899406, "centroid_y_5179": 1807477.3190305945, "footprint_area_m2": 83.71826470061751 }, "geometry": { "type": "Polygon", "coordinates": [ [ [ 128.8234168, 36.2572954 ], [ 128.823480100000012, 36.2572517 ], [ 128.823399, 36.2571751 ], [ 128.8233356, 36.2572188 ], [ 128.8234168, 36.2572954 ] ] ] } },
{ "type": "Feature", "properties": { "element": "way", "id": 777903226, "building": "yes", "building:levels": null, "name": null, "name:ko": null, "name:en": null, "amenity": null, "shop": null, "office": null, "tourism": null, "healthcare": null, "addr:street": null, "addr:housenumber": null, "centroid_x_5179": 1118879.2619099598, "centroid_y_5179": 1807476.4476732232, "footprint_area_m2": 25.432211903153267 }, "geometry": { "type": "Polygon", "coordinates": [ [ [ 128.8232783, 36.2572622 ], [ 128.8233257, 36.2572188 ], [ 128.8232925, 36.2571953 ], [ 128.8232452, 36.2572387 ], [ 128.8232783, 36.2572622 ] ] ] } },
{ "type": "Feature", "properties": { "element": "way", "id": 777903227, "building": "yes", "building:levels": null, "name": null, "name:ko": null, "name:en": null, "amenity": null, "shop": null, "office": null, "tourism": null, "healthcare": null, "addr:street": null, "addr:housenumber": null, "centroid_x_5179": 1118883.6101814532, "centroid_y_5179": 1807490.4261215886, "footprint_area_m2": 66.912190303793324 }, "geometry": { "type": "Polygon", "coordinates": [ [ [ 128.8233367, 36.2574069 ], [ 128.8232721, 36.2573429 ], [ 128.8233352, 36.2573015 ], [ 128.8233998, 36.2573655 ], [ 128.8233367, 36.2574069 ] ] ] } },
{ "type": "Feature", "properties": { "element": "way", "id": 777903228, "building": "house", "building:levels": null, "name": null, "name:ko": null, "name:en": null, "amenity": null, "shop": null, "office": null, "tourism": null, "healthcare": null, "addr:street": "춘산대사2길", "addr:housenumber": "31-4", "centroid_x_5179": 1118943.6435554733, "centroid_y_5179": 1807509.847483495, "footprint_area_m2": 142.79915616350112 }, "geometry": { "type": "Polygon", "coordinates": [ [ [ 128.824012399999987, 36.2575932 ], [ 128.823982, 36.2575547 ], [ 128.8239592, 36.2575664 ], [ 128.823910500000011, 36.2575047 ], [ 128.82402110000001, 36.257448 ], [ 128.82410010000001, 36.2575482 ], [ 128.824012399999987, 36.2575932 ] ] ] } },
{ "type": "Feature", "properties": { "element": "way", "id": 777903229, "building": "house", "building:levels": null, "name": null, "name:ko": null, "name:en": null, "amenity": null, "shop": null, "office": null, "tourism": null, "healthcare": null, "addr:street": "춘산대사2길", "addr:housenumber": "31-6", "centroid_x_5179": 1118929.6244435092, "centroid_y_5179": 1807520.9220670646, "footprint_area_m2": 101.30075574768949 }, "geometry": { "type": "Polygon", "coordinates": [ [ [ 128.823859, 36.2576886 ], [ 128.8239319, 36.257637 ], [ 128.8238464, 36.2575582 ], [ 128.8237734, 36.2576098 ], [ 128.823859, 36.2576886 ] ] ] } },
{ "type": "Feature", "properties": { "element": "way", "id": 777903230, "building": "house", "building:levels": null, "name": null, "name:ko": null, "name:en": null, "amenity": null, "shop": null, "office": null, "tourism": null, "healthcare": null, "addr:street": "춘산대사2길", "addr:housenumber": "31", "centroid_x_5179": 1118895.4135933951, "centroid_y_5179": 1807528.4208813356, "footprint_area_m2": 95.956734078058417 }, "geometry": { "type": "Polygon", "coordinates": [ [ [ 128.8233938, 36.2577012 ], [ 128.8234929, 36.257633 ], [ 128.823552400000011, 36.2576892 ], [ 128.823453199999989, 36.2577574 ], [ 128.8233938, 36.2577012 ] ] ] } },
{ "type": "Feature", "properties": { "element": "way", "id": 777903231, "building": "house", "building:levels": null, "name": null, "name:ko": null, "name:en": null, "amenity": null, "shop": null, "office": null, "tourism": null, "healthcare": null, "addr:street": "춘산대사2길", "addr:housenumber": "33", "centroid_x_5179": 1118915.444103692, "centroid_y_5179": 1807503.7662637359, "footprint_area_m2": 121.72377471576479 }, "geometry": { "type": "Polygon", "coordinates": [ [ [ 128.8236995, 36.2575445 ], [ 128.823607, 36.2574426 ], [ 128.823685, 36.2573965 ], [ 128.8237775, 36.2574985 ], [ 128.8236995, 36.2575445 ] ] ] } },
{ "type": "Feature", "properties": { "element": "way", "id": 777903232, "building": "house", "building:levels": null, "name": null, "name:ko": null, "name:en": null, "amenity": null, "shop": null, "office": null, "tourism": null, "healthcare": null, "addr:street": "춘산대사2길", "addr:housenumber": "35", "centroid_x_5179": 1118932.9276003069, "centroid_y_5179": 1807496.7528963096, "footprint_area_m2": 103.07819270086175 }, "geometry": { "type": "Polygon", "coordinates": [ [ [ 128.8238542, 36.257468 ], [ 128.8239697, 36.2574018 ], [ 128.8239173, 36.2573423 ], [ 128.823801800000012, 36.2574085 ], [ 128.8238542, 36.257468 ] ] ] } },
{ "type": "Feature", "properties": { "element": "way", "id": 777903233, "building": "yes", "building:levels": null, "name": null, "name:ko": null, "name:en": null, "amenity": null, "shop": null, "office": null, "tourism": null, "healthcare": null, "addr:street": null, "addr:housenumber": null, "centroid_x_5179": 1118923.032779899, "centroid_y_5179": 1807487.3405441171, "footprint_area_m2": 39.207635790837969 }, "geometry": { "type": "Polygon", "coordinates": [ [ [ 128.8237794, 36.2573636 ], [ 128.82382290000001, 36.2573371 ], [ 128.823769, 36.2572795 ], [ 128.8237255, 36.2573059 ], [ 128.8237794, 36.2573636 ] ] ] } },
{ "type": "Feature", "properties": { "element": "way", "id": 777903234, "building": "house", "building:levels": null, "name": null, "name:ko": null, "name:en": null, "amenity": null, "shop": null, "office": null, "tourism": null, "healthcare": null, "addr:street": "춘산대사2길", "addr:housenumber": "37", "centroid_x_5179": 1118942.9309516002, "centroid_y_5179": 1807482.5687801796, "footprint_area_m2": 96.737695959221554 }, "geometry": { "type": "Polygon", "coordinates": [ [ [ 128.823993800000011, 36.2573445 ], [ 128.8239246, 36.2572378 ], [ 128.823996099999988, 36.2572077 ], [ 128.8240652, 36.2573143 ], [ 128.823993800000011, 36.2573445 ] ] ] } },
{ "type": "Feature", "properties": { "element": "way", "id": 777903235, "building": "yes", "building:levels": null, "name": null, "name:ko": null, "name:en": null, "amenity": null, "shop": null, "office": null, "tourism": null, "healthcare": null, "addr:street": "춘산대사2길", "addr:housenumber": "38-1", "centroid_x_5179": 1118939.3964148611, "centroid_y_5179": 1807453.728149863, "footprint_area_m2": 121.68456560415413 }, "geometry": { "type": "Polygon", "coordinates": [ [ [ 128.823972199999986, 36.2570925 ], [ 128.8238624, 36.2569861 ], [ 128.8239302, 36.2569406 ], [ 128.82404, 36.2570471 ], [ 128.823972199999986, 36.2570925 ] ] ] } },
{ "type": "Feature", "properties": { "element": "way", "id": 777903236, "building": "yes", "building:levels": null, "name": null, "name:ko": null, "name:en": null, "amenity": null, "shop": null, "office": null, "tourism": null, "healthcare": null, "addr:street": "춘산대사2길", "addr:housenumber": "38", "centroid_x_5179": 1118930.7003042151, "centroid_y_5179": 1807459.848523567, "footprint_area_m2": 81.004066034491004 }, "geometry": { "type": "Polygon", "coordinates": [ [ [ 128.8238671, 36.2571344 ], [ 128.8239261, 36.2570979 ], [ 128.8238436, 36.2570112 ], [ 128.82378460000001, 36.2570477 ], [ 128.8238671, 36.2571344 ] ] ] } },
{ "type": "Feature", "properties": { "element": "way", "id": 777903237, "building": "yes", "building:levels": null, "name": null, "name:ko": null, "name:en": null, "amenity": null, "shop": null, "office": null, "tourism": null, "healthcare": null, "addr:street": null, "addr:housenumber": null, "centroid_x_5179": 1118905.976679954, "centroid_y_5179": 1807477.2033117937, "footprint_area_m2": 114.69842276794536 }, "geometry": { "type": "Polygon", "coordinates": [ [ [ 128.8235877, 36.2573013 ], [ 128.8236671, 36.2572455 ], [ 128.823578, 36.2571632 ], [ 128.8234986, 36.2572191 ], [ 128.8235877, 36.2573013 ] ] ] } },
{ "type": "Feature", "properties": { "element": "way", "id": 777903238, "building": "house", "building:levels": null, "name": null, "name:ko": null, "name:en": null, "amenity": null, "shop": null, "office": null, "tourism": null, "healthcare": null, "addr:street": "춘산대사2길", "addr:housenumber": "36", "centroid_x_5179": 1118924.0597650241, "centroid_y_5179": 1807465.4383606436, "footprint_area_m2": 75.166953364031741 }, "geometry": { "type": "Polygon", "coordinates": [ [ [ 128.8237895, 36.2571824 ], [ 128.823849599999988, 36.2571462 ], [ 128.8237751, 36.2570656 ], [ 128.823715, 36.2571018 ], [ 128.8237895, 36.2571824 ] ] ] } },
{ "type": "Feature", "properties": { "element": "way", "id": 777903239, "building": "yes", "building:levels": null, "name": null, "name:ko": null, "name:en": null, "amenity": null, "shop": null, "office": null, "tourism": null, "healthcare": null, "addr:street": null, "addr:housenumber": null, "centroid_x_5179": 1118915.2494214268, "centroid_y_5179": 1807468.0011156197, "footprint_area_m2": 30.159780381045383 }, "geometry": { "type": "Polygon", "coordinates": [ [ [ 128.8236396, 36.2571503 ], [ 128.8236997, 36.2571139 ], [ 128.8237297, 36.257146 ], [ 128.823669599999988, 36.2571825 ], [ 128.8236396, 36.2571503 ] ] ] } },
{ "type": "Feature", "properties": { "element": "way", "id": 777903240, "building": "yes", "building:levels": null, "name": "경수정", "name:ko": null, "name:en": null, "amenity": null, "shop": null, "office": null, "tourism": null, "healthcare": null, "addr:street": null, "addr:housenumber": null, "centroid_x_5179": 1118977.0699866402, "centroid_y_5179": 1807613.0802460387, "footprint_area_m2": 133.03088036527123 }, "geometry": { "type": "Polygon", "coordinates": [ [ [ 128.8243335, 36.258502 ], [ 128.8243055, 36.2584191 ], [ 128.8244549, 36.2583928 ], [ 128.8244829, 36.2584794 ], [ 128.8243335, 36.258502 ] ] ] } },
{ "type": "Feature", "properties": { "element": "way", "id": 784296709, "building": "yes", "building:levels": null, "name": "용성경로당", "name:ko": null, "name:en": null, "amenity": "townhall", "shop": null, "office": null, "tourism": null, "healthcare": null, "addr:street": null, "addr:housenumber": "133", "centroid_x_5179": 1102471.6770550702, "centroid_y_5179": 1823592.7413209823, "footprint_area_m2": 83.081190194734617 }, "geometry": { "type": "Polygon", "coordinates": [ [ [ 128.642722600000013, 36.4043895 ], [ 128.6427439, 36.4043518 ], [ 128.642778, 36.4043507 ], [ 128.642803500000014, 36.4043301 ], [ 128.6428489, 36.404337 ], [ 128.642847499999988, 36.4043575 ], [ 128.6428716, 36.4043701 ], [ 128.642836100000011, 36.4044249 ], [ 128.642722600000013, 36.4043895 ] ] ] } },
{ "type": "Feature", "properties": { "element": "way", "id": 834577660, "building": "public", "building:levels": null, "name": "경북 군위경찰서", "name:ko": "경북 군위경찰서", "name:en": "Gunwi Police Station", "amenity": "police", "shop": null, "office": null, "tourism": null, "healthcare": null, "addr:street": null, "addr:housenumber": null, "centroid_x_5179": 1095871.4832838436, "centroid_y_5179": 1804732.0050535486, "footprint_area_m2": 1314.5541637506449 }, "geometry": { "type": "Polygon", "coordinates": [ [ [ 128.5668043, 36.234931 ], [ 128.5666479, 36.2349486 ], [ 128.56665910000001, 36.2350128 ], [ 128.5666285, 36.2350163 ], [ 128.5666439, 36.2351049 ], [ 128.5666745, 36.2351015 ], [ 128.5666828, 36.2351493 ], [ 128.5667298, 36.235144 ], [ 128.5667455, 36.2352338 ], [ 128.5670663, 36.2351974 ], [ 128.5670494, 36.2351002 ], [ 128.5671355, 36.2350904 ], [ 128.5671285, 36.2350501 ], [ 128.567101900000011, 36.2348973 ], [ 128.566953500000011, 36.2349141 ], [ 128.566945, 36.2348648 ], [ 128.5667957, 36.2348817 ], [ 128.5668043, 36.234931 ] ] ] } },
{ "type": "Feature", "properties": { "element": "way", "id": 834858214, "building": "public", "building:levels": null, "name": "의성경찰서", "name:ko": "의성경찰서", "name:en": "Uiseong Police Station", "amenity": "police", "shop": null, "office": null, "tourism": null, "healthcare": null, "addr:street": null, "addr:housenumber": null, "centroid_x_5179": 1107447.8089362949, "centroid_y_5179": 1817649.3477167024, "footprint_area_m2": 989.93068539738272 }, "geometry": { "type": "Polygon", "coordinates": [ [ [ 128.6974717, 36.3501628 ], [ 128.6972836, 36.35015 ], [ 128.6972764, 36.3502189 ], [ 128.697248699999989, 36.350217 ], [ 128.6972413, 36.3502881 ], [ 128.697269, 36.35029 ], [ 128.6972658, 36.3503202 ], [ 128.6972632, 36.3503455 ], [ 128.6972656, 36.3503718 ], [ 128.697278, 36.3503962 ], [ 128.6972991, 36.3504164 ], [ 128.697327, 36.3504303 ], [ 128.697358799999989, 36.3504366 ], [ 128.6973915, 36.3504347 ], [ 128.6974219, 36.3504247 ], [ 128.697446899999989, 36.3504077 ], [ 128.697464200000013, 36.3503852 ], [ 128.697472, 36.3503596 ], [ 128.6974746, 36.3503344 ], [ 128.697528299999988, 36.350338 ], [ 128.6975315, 36.3503077 ], [ 128.6977243, 36.3503207 ], [ 128.6977389, 36.3501808 ], [ 128.697575199999989, 36.3501698 ], [ 128.697581500000013, 36.350109 ], [ 128.697478, 36.350102 ], [ 128.6974717, 36.3501628 ] ] ] } },
{ "type": "Feature", "properties": { "element": "way", "id": 839786041, "building": "train_station", "building:levels": null, "name": null, "name:ko": null, "name:en": null, "amenity": null, "shop": null, "office": null, "tourism": null, "healthcare": null, "addr:street": "문소3길", "addr:housenumber": "89-10", "centroid_x_5179": 1107086.9789272039, "centroid_y_5179": 1818042.5038191916, "footprint_area_m2": 644.28969377880242 }, "geometry": { "type": "Polygon", "coordinates": [ [ [ 128.6934297, 36.3536576 ], [ 128.693604, 36.353664 ], [ 128.6935801, 36.3539569 ], [ 128.6935421, 36.3539548 ], [ 128.6935306, 36.3540745 ], [ 128.693432300000012, 36.3540695 ], [ 128.6934377, 36.3539491 ], [ 128.6933952, 36.3539462 ], [ 128.6934297, 36.3536576 ] ] ] } },
{ "type": "Feature", "properties": { "element": "way", "id": 851696774, "building": "yes", "building:levels": null, "name": null, "name:ko": null, "name:en": null, "amenity": null, "shop": null, "office": null, "tourism": null, "healthcare": null, "addr:street": null, "addr:housenumber": null, "centroid_x_5179": 1116658.1219489367, "centroid_y_5179": 1816331.138459163, "footprint_area_m2": 178.77026615277731 }, "geometry": { "type": "Polygon", "coordinates": [ [ [ 128.7997969, 36.3373541 ], [ 128.799986100000012, 36.3373579 ], [ 128.799983700000013, 36.337262 ], [ 128.799794600000013, 36.3372601 ], [ 128.7997969, 36.3373541 ] ] ] } },
{ "type": "Feature", "properties": { "element": "way", "id": 851696775, "building": "yes", "building:levels": null, "name": null, "name:ko": null, "name:en": null, "amenity": null, "shop": null, "office": null, "tourism": null, "healthcare": null, "addr:street": null, "addr:housenumber": null, "centroid_x_5179": 1116611.6933455856, "centroid_y_5179": 1816326.0123105515, "footprint_area_m2": 396.01227822672286 }, "geometry": { "type": "Polygon", "coordinates": [ [ [ 128.799379, 36.3373823 ], [ 128.7993837, 36.3372751 ], [ 128.7995541, 36.3372695 ], [ 128.7995564, 36.3371848 ], [ 128.7992786, 36.3371886 ], [ 128.7992832, 36.3372657 ], [ 128.799224900000013, 36.3372695 ], [ 128.7992319, 36.3373504 ], [ 128.7992576, 36.3373786 ], [ 128.799379, 36.3373823 ] ] ] } },
{ "type": "Feature", "properties": { "element": "way", "id": 851696788, "building": "yes", "building:levels": null, "name": null, "name:ko": null, "name:en": null, "amenity": null, "shop": null, "office": null, "tourism": null, "healthcare": null, "addr:street": null, "addr:housenumber": null, "centroid_x_5179": 1116533.5913387954, "centroid_y_5179": 1816347.9679978604, "footprint_area_m2": 115.9572129138087 }, "geometry": { "type": "Polygon", "coordinates": [ [ [ 128.7985203, 36.337545 ], [ 128.798584, 36.3374509 ], [ 128.7984937, 36.3374053 ], [ 128.7984265, 36.3374993 ], [ 128.7985203, 36.337545 ] ] ] } },
{ "type": "Feature", "properties": { "element": "way", "id": 851696789, "building": "yes", "building:levels": null, "name": null, "name:ko": null, "name:en": null, "amenity": null, "shop": null, "office": null, "tourism": null, "healthcare": null, "addr:street": null, "addr:housenumber": null, "centroid_x_5179": 1116642.5476669956, "centroid_y_5179": 1816435.6908405323, "footprint_area_m2": 248.75765804051548 }, "geometry": { "type": "Polygon", "coordinates": [ [ [ 128.799588, 36.3382609 ], [ 128.799632800000012, 36.3381692 ], [ 128.799880800000011, 36.338251 ], [ 128.799838099999988, 36.3383329 ], [ 128.799588, 36.3382609 ] ] ] } },
{ "type": "Feature", "properties": { "element": "way", "id": 851696798, "building": "yes", "building:levels": null, "name": null, "name:ko": null, "name:en": null, "amenity": null, "shop": null, "office": null, "tourism": null, "healthcare": null, "addr:street": null, "addr:housenumber": null, "centroid_x_5179": 1116409.8125591236, "centroid_y_5179": 1816405.1475063388, "footprint_area_m2": 188.96601606306785 }, "geometry": { "type": "Polygon", "coordinates": [ [ [ 128.7970097, 36.3380665 ], [ 128.7969894, 36.3379994 ], [ 128.797257699999989, 36.337947 ], [ 128.7972902, 36.3380075 ], [ 128.7970097, 36.3380665 ] ] ] } },
{ "type": "Feature", "properties": { "element": "way", "id": 851696801, "building": "yes", "building:levels": null, "name": null, "name:ko": null, "name:en": null, "amenity": null, "shop": null, "office": null, "tourism": null, "healthcare": null, "addr:street": null, "addr:housenumber": null, "centroid_x_5179": 1116142.9900026706, "centroid_y_5179": 1816441.8727342675, "footprint_area_m2": 179.03347265717966 }, "geometry": { "type": "Polygon", "coordinates": [ [ [ 128.7941362, 36.3384426 ], [ 128.794073200000014, 36.3383378 ], [ 128.7941175, 36.3383205 ], [ 128.794108099999988, 36.3383043 ], [ 128.794161699999989, 36.3382881 ], [ 128.794206, 36.338314 ], [ 128.7942462, 36.3383648 ], [ 128.794247500000012, 36.3384307 ], [ 128.7941952, 36.3384447 ], [ 128.79418050000001, 36.3384221 ], [ 128.7941362, 36.3384426 ] ] ] } },
{ "type": "Feature", "properties": { "element": "way", "id": 851696802, "building": "yes", "building:levels": null, "name": null, "name:ko": null, "name:en": null, "amenity": null, "shop": null, "office": null, "tourism": null, "healthcare": null, "addr:street": null, "addr:housenumber": null, "centroid_x_5179": 1116052.7802138808, "centroid_y_5179": 1816453.0500255446, "footprint_area_m2": 48.954743167325034 }, "geometry": { "type": "Polygon", "coordinates": [ [ [ 128.7931077, 36.3384858 ], [ 128.7931825, 36.3384351 ], [ 128.7932222, 36.338484 ], [ 128.7931428, 36.3385216 ], [ 128.7931077, 36.3384858 ] ] ] } },
{ "type": "Feature", "properties": { "element": "way", "id": 851696803, "building": "yes", "building:levels": null, "name": null, "name:ko": null, "name:en": null, "amenity": null, "shop": null, "office": null, "tourism": null, "healthcare": null, "addr:street": null, "addr:housenumber": null, "centroid_x_5179": 1116349.018226542, "centroid_y_5179": 1817045.3766893176, "footprint_area_m2": 227.32575370499839 }, "geometry": { "type": "Polygon", "coordinates": [ [ [ 128.796468299999987, 36.3438498 ], [ 128.7966224, 36.3438697 ], [ 128.7966285, 36.3437059 ], [ 128.796493, 36.3437009 ], [ 128.796468299999987, 36.3438498 ] ] ] } },
{ "type": "Feature", "properties": { "element": "way", "id": 851696805, "building": "yes", "building:levels": null, "name": null, "name:ko": null, "name:en": null, "amenity": null, "shop": null, "office": null, "tourism": null, "healthcare": null, "addr:street": null, "addr:housenumber": null, "centroid_x_5179": 1116476.4245221666, "centroid_y_5179": 1817107.3654685512, "footprint_area_m2": 93.519003909752627 }, "geometry": { "type": "Polygon", "coordinates": [ [ [ 128.797933300000011, 36.3443785 ], [ 128.79794960000001, 36.3442688 ], [ 128.7980289, 36.3442688 ], [ 128.7980167, 36.3443883 ], [ 128.797933300000011, 36.3443785 ] ] ] } },
{ "type": "Feature", "properties": { "element": "way", "id": 851696806, "building": "yes", "building:levels": null, "name": null, "name:ko": null, "name:en": null, "amenity": null, "shop": null, "office": null, "tourism": null, "healthcare": null, "addr:street": null, "addr:housenumber": null, "centroid_x_5179": 1116488.8243792863, "centroid_y_5179": 1817101.6298497547, "footprint_area_m2": 92.993260955049578 }, "geometry": { "type": "Polygon", "coordinates": [ [ [ 128.7980451, 36.3443081 ], [ 128.7980451, 36.3442475 ], [ 128.798187399999989, 36.344236 ], [ 128.7981976, 36.3443015 ], [ 128.7980451, 36.3443081 ] ] ] } },
{ "type": "Feature", "properties": { "element": "way", "id": 851696807, "building": "yes", "building:levels": null, "name": null, "name:ko": null, "name:en": null, "amenity": null, "shop": null, "office": null, "tourism": null, "healthcare": null, "addr:street": null, "addr:housenumber": null, "centroid_x_5179": 1116392.0153461664, "centroid_y_5179": 1817081.0545539905, "footprint_area_m2": 144.04446108028412 }, "geometry": { "type": "Polygon", "coordinates": [ [ [ 128.7969756, 36.3441617 ], [ 128.796995900000013, 36.3440274 ], [ 128.7970975, 36.344034 ], [ 128.7970833, 36.3441732 ], [ 128.7969756, 36.3441617 ] ] ] } },
{ "type": "Feature", "properties": { "element": "way", "id": 851696848, "building": "yes", "building:levels": null, "name": null, "name:ko": null, "name:en": null, "amenity": null, "shop": null, "office": null, "tourism": null, "healthcare": null, "addr:street": null, "addr:housenumber": null, "centroid_x_5179": 1116699.3144666483, "centroid_y_5179": 1815657.8225071572, "footprint_area_m2": 167.97164363581746 }, "geometry": { "type": "Polygon", "coordinates": [ [ [ 128.800169, 36.3313292 ], [ 128.800133499999987, 36.3312783 ], [ 128.8002198, 36.3312411 ], [ 128.8002167, 36.3311728 ], [ 128.8002922, 36.3311455 ], [ 128.800353800000011, 36.3312262 ], [ 128.800169, 36.3313292 ] ] ] } },
{ "type": "Feature", "properties": { "element": "way", "id": 851696859, "building": "yes", "building:levels": null, "name": null, "name:ko": null, "name:en": null, "amenity": null, "shop": null, "office": null, "tourism": null, "healthcare": null, "addr:street": null, "addr:housenumber": null, "centroid_x_5179": 1117436.904915144, "centroid_y_5179": 1814840.4779045288, "footprint_area_m2": 170.6284254310377 }, "geometry": { "type": "Polygon", "coordinates": [ [ [ 128.8082379, 36.3238276 ], [ 128.808339499999988, 36.323862 ], [ 128.8084005, 36.3237916 ], [ 128.808439099999987, 36.3236982 ], [ 128.808365900000013, 36.3236818 ], [ 128.8083253, 36.3237801 ], [ 128.8082358, 36.3237703 ], [ 128.8082379, 36.3238276 ] ] ] } },
{ "type": "Feature", "properties": { "element": "way", "id": 851696860, "building": "yes", "building:levels": null, "name": null, "name:ko": null, "name:en": null, "amenity": null, "shop": null, "office": null, "tourism": null, "healthcare": null, "addr:street": null, "addr:housenumber": null, "centroid_x_5179": 1117447.2091827272, "centroid_y_5179": 1814885.3253671115, "footprint_area_m2": 160.17975168011765 }, "geometry": { "type": "Polygon", "coordinates": [ [ [ 128.8083656, 36.3242071 ], [ 128.8084407, 36.3241973 ], [ 128.808442, 36.3240925 ], [ 128.8085198, 36.3240871 ], [ 128.8085225, 36.3242416 ], [ 128.8083629, 36.3242535 ], [ 128.8083656, 36.3242071 ] ] ] } },
{ "type": "Feature", "properties": { "element": "way", "id": 851696865, "building": "yes", "building:levels": null, "name": null, "name:ko": null, "name:en": null, "amenity": null, "shop": null, "office": null, "tourism": null, "healthcare": null, "addr:street": null, "addr:housenumber": null, "centroid_x_5179": 1117406.3385545094, "centroid_y_5179": 1814719.3276528332, "footprint_area_m2": 140.13618089449977 }, "geometry": { "type": "Polygon", "coordinates": [ [ [ 128.8079036, 36.322634 ], [ 128.807936, 36.3227494 ], [ 128.8080808, 36.3227308 ], [ 128.8080607, 36.3226687 ], [ 128.808006799999987, 36.3226774 ], [ 128.807977599999987, 36.3226166 ], [ 128.8079036, 36.322634 ] ] ] } },
{ "type": "Feature", "properties": { "element": "way", "id": 851696866, "building": "yes", "building:levels": null, "name": null, "name:ko": null, "name:en": null, "amenity": null, "shop": null, "office": null, "tourism": null, "healthcare": null, "addr:street": null, "addr:housenumber": null, "centroid_x_5179": 1117445.7243639356, "centroid_y_5179": 1814717.970803533, "footprint_area_m2": 264.5863045389691 }, "geometry": { "type": "Polygon", "coordinates": [ [ [ 128.8082703, 36.3227457 ], [ 128.8082579, 36.3226625 ], [ 128.808422799999988, 36.3226663 ], [ 128.808438200000012, 36.3225905 ], [ 128.808558299999987, 36.3225918 ], [ 128.8085614, 36.3226948 ], [ 128.8084258, 36.3226985 ], [ 128.808422799999988, 36.322742 ], [ 128.8082703, 36.3227457 ] ] ] } },
{ "type": "Feature", "properties": { "element": "way", "id": 851696869, "building": "yes", "building:levels": null, "name": null, "name:ko": null, "name:en": null, "amenity": null, "shop": null, "office": null, "tourism": null, "healthcare": null, "addr:street": null, "addr:housenumber": null, "centroid_x_5179": 1117518.1557924992, "centroid_y_5179": 1814687.7618802695, "footprint_area_m2": 206.52148534423208 }, "geometry": { "type": "Polygon", "coordinates": [ [ [ 128.8090938, 36.3223626 ], [ 128.8093134, 36.3224904 ], [ 128.809362099999987, 36.3224314 ], [ 128.809130399999987, 36.3222889 ], [ 128.8090938, 36.3223626 ] ] ] } },
{ "type": "Feature", "properties": { "element": "way", "id": 855749223, "building": "yes", "building:levels": null, "name": null, "name:ko": null, "name:en": null, "amenity": null, "shop": null, "office": null, "tourism": null, "healthcare": null, "addr:street": null, "addr:housenumber": null, "centroid_x_5179": 1107819.7437616996, "centroid_y_5179": 1818360.5988434418, "footprint_area_m2": 1356.8093395153119 }, "geometry": { "type": "Polygon", "coordinates": [ [ [ 128.7018478, 36.3568824 ], [ 128.7018396, 36.3563822 ], [ 128.7015664, 36.3563775 ], [ 128.7015816, 36.356888 ], [ 128.7018478, 36.3568824 ] ] ] } },
{ "type": "Feature", "properties": { "element": "way", "id": 855749233, "building": "yes", "building:levels": null, "name": "대구지방검찰청의성지청", "name:ko": null, "name:en": "Daegu district public prosecutor´s office-Uiseong", "amenity": null, "shop": null, "office": null, "tourism": null, "healthcare": null, "addr:street": null, "addr:housenumber": null, "centroid_x_5179": 1107728.2325773723, "centroid_y_5179": 1817923.4374666996, "footprint_area_m2": 469.13583031262408 }, "geometry": { "type": "Polygon", "coordinates": [ [ [ 128.7004537, 36.3526379 ], [ 128.7007911, 36.3526248 ], [ 128.7007993, 36.3527656 ], [ 128.700468199999989, 36.3527782 ], [ 128.7004537, 36.3526379 ] ] ] } },
{ "type": "Feature", "properties": { "element": "way", "id": 855749234, "building": "yes", "building:levels": null, "name": "대구지방법원의성지원", "name:ko": null, "name:en": "Daegu District Court-Uiseong", "amenity": null, "shop": null, "office": null, "tourism": null, "healthcare": null, "addr:street": null, "addr:housenumber": null, "centroid_x_5179": 1107764.3838772073, "centroid_y_5179": 1817924.9163266767, "footprint_area_m2": 676.83001665385825 }, "geometry": { "type": "Polygon", "coordinates": [ [ [ 128.7008818, 36.3526279 ], [ 128.7009717, 36.3526232 ], [ 128.7009669, 36.3525655 ], [ 128.70108350000001, 36.3525642 ], [ 128.7010832, 36.3526181 ], [ 128.7011947, 36.3526167 ], [ 128.701204100000012, 36.3527671 ], [ 128.701089700000011, 36.3527709 ], [ 128.701092, 36.3528423 ], [ 128.700898200000012, 36.3528517 ], [ 128.7008818, 36.3526279 ] ] ] } },
{ "type": "Feature", "properties": { "element": "way", "id": 856599476, "building": "school", "building:levels": null, "name": "봉양중학교", "name:ko": null, "name:en": "Bongyang Middle School", "amenity": null, "shop": null, "office": null, "tourism": null, "healthcare": null, "addr:street": null, "addr:housenumber": null, "centroid_x_5179": 1097444.5221716997, "centroid_y_5179": 1812314.2152834416, "footprint_area_m2": 643.29536096157528 }, "geometry": { "type": "Polygon", "coordinates": [ [ [ 128.584999, 36.3032222 ], [ 128.5856645, 36.3031502 ], [ 128.585676799999987, 36.3032321 ], [ 128.5853348, 36.3032793 ], [ 128.585344, 36.3033389 ], [ 128.585260799999986, 36.3033488 ], [ 128.585239300000012, 36.3032868 ], [ 128.585032899999987, 36.3033116 ], [ 128.584999, 36.3032222 ] ] ] } },
{ "type": "Feature", "properties": { "element": "way", "id": 856710894, "building": "hospital", "building:levels": null, "name": "해안1병원", "name:ko": null, "name:en": "Hae-an 1(il) Hospital", "amenity": null, "shop": null, "office": null, "tourism": null, "healthcare": null, "addr:street": null, "addr:housenumber": null, "centroid_x_5179": 1105985.5438183679, "centroid_y_5179": 1818016.59198454, "footprint_area_m2": 618.08900449776024 }, "geometry": { "type": "Polygon", "coordinates": [ [ [ 128.680971199999988, 36.3536995 ], [ 128.6813682, 36.35388 ], [ 128.681459100000012, 36.353757 ], [ 128.681142599999987, 36.3536102 ], [ 128.6811185, 36.353649 ], [ 128.681027300000011, 36.3536123 ], [ 128.680971199999988, 36.3536995 ] ] ] } },
{ "type": "Feature", "properties": { "element": "way", "id": 857004526, "building": "yes", "building:levels": null, "name": "가음시외버스공용정류장", "name:ko": "가음시외버스공용정류장", "name:en": "Ga-eum Intercity Bus Terminal", "amenity": "bus_station", "shop": null, "office": null, "tourism": null, "healthcare": null, "addr:street": null, "addr:housenumber": null, "centroid_x_5179": 1110333.764783445, "centroid_y_5179": 1804712.4891587377, "footprint_area_m2": 92.598308278684883 }, "geometry": { "type": "Polygon", "coordinates": [ [ [ 128.7277929, 36.2332678 ], [ 128.7278676, 36.2333299 ], [ 128.7277952, 36.2333921 ], [ 128.7277182, 36.2333318 ], [ 128.7277929, 36.2332678 ] ] ] } },
{ "type": "Feature", "properties": { "element": "way", "id": 857437356, "building": "yes", "building:levels": null, "name": "군위군청", "name:ko": null, "name:en": "Gunwi County Office", "amenity": "townhall", "shop": null, "office": null, "tourism": null, "healthcare": null, "addr:street": null, "addr:housenumber": null, "centroid_x_5179": 1096404.4074863684, "centroid_y_5179": 1805623.5415162782, "footprint_area_m2": 2680.9367994762033 }, "geometry": { "type": "Polygon", "coordinates": [ [ [ 128.5725914, 36.2427119 ], [ 128.5727737, 36.2427486 ], [ 128.5727489, 36.242836 ], [ 128.5729566, 36.2428825 ], [ 128.572980300000012, 36.2427962 ], [ 128.5731558, 36.2428335 ], [ 128.5731309, 36.242919 ], [ 128.573352, 36.2429603 ], [ 128.5732826, 36.2431558 ], [ 128.5730438, 36.2431072 ], [ 128.5730082, 36.2432181 ], [ 128.5731792, 36.2432578 ], [ 128.5731278, 36.2433821 ], [ 128.57273090000001, 36.243303 ], [ 128.572775799999988, 36.2431627 ], [ 128.5728555, 36.2431766 ], [ 128.572886399999987, 36.2430743 ], [ 128.5725114, 36.2429904 ], [ 128.5725914, 36.2427119 ] ] ] } },
{ "type": "Feature", "properties": { "element": "way", "id": 857437360, "building": "yes", "building:levels": null, "name": "대구지방법원군위군법원", "name:ko": null, "name:en": "Daegu District Court-Gunwi", "amenity": "courthouse", "shop": null, "office": null, "tourism": null, "healthcare": null, "addr:street": null, "addr:housenumber": null, "centroid_x_5179": 1096090.3646943213, "centroid_y_5179": 1805360.8401391043, "footprint_area_m2": 414.81459637531719 }, "geometry": { "type": "Polygon", "coordinates": [ [ [ 128.569319799999988, 36.2408227 ], [ 128.5694743, 36.2408292 ], [ 128.569486500000011, 36.2405735 ], [ 128.5693158, 36.2405669 ], [ 128.569319799999988, 36.2408227 ] ] ] } },
{ "type": "Feature", "properties": { "element": "way", "id": 857437371, "building": "yes", "building:levels": null, "name": "군위시외버스공용터미널", "name:ko": "군위시외버스공용터미널", "name:en": "Gunwi Intercity Bus22 Terminal", "amenity": "bus_station", "shop": null, "office": null, "tourism": null, "healthcare": null, "addr:street": null, "addr:housenumber": null, "centroid_x_5179": 1096029.7170977257, "centroid_y_5179": 1804167.7361415769, "footprint_area_m2": 538.21634833418705 }, "geometry": { "type": "Polygon", "coordinates": [ [ [ 128.568655299999989, 36.22974 ], [ 128.568765, 36.2297826 ], [ 128.568508900000012, 36.2301532 ], [ 128.568391, 36.2301007 ], [ 128.568655299999989, 36.22974 ] ] ] } },
{ "type": "Feature", "properties": { "element": "way", "id": 875372463, "building": "yes", "building:levels": null, "name": "군위삼성병원 (폐쇄)", "name:ko": "군위삼성병원 (폐쇄)", "name:en": "Gunwi Samseong Hospital", "amenity": null, "shop": null, "office": null, "tourism": null, "healthcare": null, "addr:street": null, "addr:housenumber": null, "centroid_x_5179": 1095905.1311799847, "centroid_y_5179": 1804444.812209398, "footprint_area_m2": 709.028551412566 }, "geometry": { "type": "Polygon", "coordinates": [ [ [ 128.5670268, 36.2325652 ], [ 128.5672078, 36.2326442 ], [ 128.567426399999988, 36.2323511 ], [ 128.56724, 36.232271 ], [ 128.5670268, 36.2325652 ] ] ] } },
{ "type": "Feature", "properties": { "element": "way", "id": 875375598, "building": "school", "building:levels": null, "name": "군위중학교", "name:ko": "군위중학교", "name:en": "Gunwi Middle School", "amenity": null, "shop": null, "office": null, "tourism": null, "healthcare": null, "addr:street": null, "addr:housenumber": null, "centroid_x_5179": 1096304.2602197048, "centroid_y_5179": 1805861.3318817536, "footprint_area_m2": 1166.8163615183503 }, "geometry": { "type": "Polygon", "coordinates": [ [ [ 128.5716598, 36.2453554 ], [ 128.5719709, 36.2453835 ], [ 128.5720272, 36.2450158 ], [ 128.5717027, 36.2449942 ], [ 128.5716598, 36.2453554 ] ] ] } },
{ "type": "Feature", "properties": { "element": "way", "id": 875375599, "building": "school", "building:levels": null, "name": "군위고등학교", "name:ko": "군위중학교", "name:en": "Gunwi High School", "amenity": null, "shop": null, "office": null, "tourism": null, "healthcare": null, "addr:street": null, "addr:housenumber": null, "centroid_x_5179": 1096220.4751466869, "centroid_y_5179": 1805962.9379271811, "footprint_area_m2": 4579.7636162548579 }, "geometry": { "type": "Polygon", "coordinates": [ [ [ 128.5699726, 36.2462056 ], [ 128.57034010000001, 36.2462293 ], [ 128.5703455, 36.2461882 ], [ 128.5704072, 36.2461969 ], [ 128.5703938, 36.2462726 ], [ 128.5707129, 36.2462834 ], [ 128.5706915, 36.2463375 ], [ 128.571171600000014, 36.2463743 ], [ 128.5711957, 36.2462856 ], [ 128.57165710000001, 36.2463115 ], [ 128.5716651, 36.2462077 ], [ 128.5711877, 36.2461623 ], [ 128.5711743, 36.2462207 ], [ 128.5708766, 36.2462034 ], [ 128.57088730000001, 36.2461169 ], [ 128.5707129, 36.2461125 ], [ 128.570758500000011, 36.2459719 ], [ 128.571131400000013, 36.2460087 ], [ 128.571131400000013, 36.246052 ], [ 128.5717965, 36.2460931 ], [ 128.5718448, 36.245907 ], [ 128.5717349, 36.2458876 ], [ 128.571683900000011, 36.2459936 ], [ 128.5715686, 36.2459806 ], [ 128.57159, 36.2458854 ], [ 128.5714774, 36.2458789 ], [ 128.571455899999989, 36.2459568 ], [ 128.571246699999989, 36.2459698 ], [ 128.5712682, 36.2459135 ], [ 128.5711045, 36.2458897 ], [ 128.5711126, 36.2458551 ], [ 128.570745100000011, 36.2458486 ], [ 128.570721, 36.2458941 ], [ 128.5705654, 36.2458854 ], [ 128.570517099999989, 36.2460736 ], [ 128.5699914, 36.246039 ], [ 128.5699726, 36.2462056 ] ] ] } },
{ "type": "Feature", "properties": { "element": "way", "id": 880408128, "building": "industrial", "building:levels": null, "name": null, "name:ko": null, "name:en": null, "amenity": null, "shop": null, "office": null, "tourism": null, "healthcare": null, "addr:street": null, "addr:housenumber": null, "centroid_x_5179": 1094920.7963959284, "centroid_y_5179": 1801893.6224912105, "footprint_area_m2": 1250.5078864386053 }, "geometry": { "type": "Polygon", "coordinates": [ [ [ 128.555553, 36.2096195 ], [ 128.556367599999987, 36.2096498 ], [ 128.5563764, 36.2094962 ], [ 128.5555617, 36.2094659 ], [ 128.555553, 36.2096195 ] ] ] } },
{ "type": "Feature", "properties": { "element": "way", "id": 880408129, "building": "industrial", "building:levels": null, "name": null, "name:ko": null, "name:en": null, "amenity": null, "shop": null, "office": null, "tourism": null, "healthcare": null, "addr:street": null, "addr:housenumber": null, "centroid_x_5179": 1095018.0790380794, "centroid_y_5179": 1801862.5079696174, "footprint_area_m2": 1865.6823447566971 }, "geometry": { "type": "Polygon", "coordinates": [ [ [ 128.5566393, 36.2093706 ], [ 128.5574332, 36.2094002 ], [ 128.5574466, 36.209165 ], [ 128.5566527, 36.2091355 ], [ 128.5566393, 36.2093706 ] ] ] } },
{ "type": "Feature", "properties": { "element": "way", "id": 880408130, "building": "industrial", "building:levels": null, "name": null, "name:ko": null, "name:en": null, "amenity": null, "shop": null, "office": null, "tourism": null, "healthcare": null, "addr:street": null, "addr:housenumber": null, "centroid_x_5179": 1094739.3908751654, "centroid_y_5179": 1801738.8885295221, "footprint_area_m2": 973.74061935840882 }, "geometry": { "type": "Polygon", "coordinates": [ [ [ 128.5537787, 36.2083502 ], [ 128.55405780000001, 36.2083606 ], [ 128.5540777, 36.2080115 ], [ 128.5537986, 36.2080011 ], [ 128.5537787, 36.2083502 ] ] ] } },
{ "type": "Feature", "properties": { "element": "way", "id": 880408131, "building": "industrial", "building:levels": null, "name": null, "name:ko": null, "name:en": null, "amenity": null, "shop": null, "office": null, "tourism": null, "healthcare": null, "addr:street": null, "addr:housenumber": null, "centroid_x_5179": 1094741.6391137626, "centroid_y_5179": 1801780.4978347984, "footprint_area_m2": 1865.0108673242107 }, "geometry": { "type": "Polygon", "coordinates": [ [ [ 128.5537143, 36.2083664 ], [ 128.5536933, 36.2087345 ], [ 128.5541542, 36.2087517 ], [ 128.5541595, 36.2086585 ], [ 128.5542212, 36.2086608 ], [ 128.5542369, 36.2083859 ], [ 128.5541752, 36.2083836 ], [ 128.5537143, 36.2083664 ] ] ] } },
{ "type": "Feature", "properties": { "element": "way", "id": 880408132, "building": "industrial", "building:levels": null, "name": null, "name:ko": null, "name:en": null, "amenity": null, "shop": null, "office": null, "tourism": null, "healthcare": null, "addr:street": null, "addr:housenumber": null, "centroid_x_5179": 1094780.6706724691, "centroid_y_5179": 1801768.2696911057, "footprint_area_m2": 290.57322061964993 }, "geometry": { "type": "Polygon", "coordinates": [ [ [ 128.5545257, 36.2084995 ], [ 128.554531700000013, 36.208394 ], [ 128.5542561, 36.2083838 ], [ 128.5542501, 36.2084893 ], [ 128.5545257, 36.2084995 ] ] ] } },
{ "type": "Feature", "properties": { "element": "way", "id": 880408133, "building": "industrial", "building:levels": null, "name": null, "name:ko": null, "name:en": null, "amenity": null, "shop": null, "office": null, "tourism": null, "healthcare": null, "addr:street": null, "addr:housenumber": null, "centroid_x_5179": 1094763.7525590716, "centroid_y_5179": 1801680.9410931577, "footprint_area_m2": 1352.5760984044275 }, "geometry": { "type": "Polygon", "coordinates": [ [ [ 128.5540134, 36.207847 ], [ 128.5542367, 36.2078578 ], [ 128.5544224, 36.207793 ], [ 128.554434500000013, 36.2076295 ], [ 128.5542542, 36.2076209 ], [ 128.5542695, 36.2074142 ], [ 128.554046199999988, 36.2074034 ], [ 128.5540134, 36.207847 ] ] ] } },
{ "type": "Feature", "properties": { "element": "way", "id": 880408134, "building": "industrial", "building:levels": null, "name": null, "name:ko": null, "name:en": null, "amenity": null, "shop": null, "office": null, "tourism": null, "healthcare": null, "addr:street": null, "addr:housenumber": null, "centroid_x_5179": 1094831.7922286491, "centroid_y_5179": 1801674.1996803153, "footprint_area_m2": 1864.9199598559956 }, "geometry": { "type": "Polygon", "coordinates": [ [ [ 128.5550318, 36.2076016 ], [ 128.55512920000001, 36.2076063 ], [ 128.5551532, 36.2072818 ], [ 128.554832800000014, 36.2072664 ], [ 128.5547815, 36.2079603 ], [ 128.5550045, 36.207971 ], [ 128.5550318, 36.2076016 ] ] ] } },
{ "type": "Feature", "properties": { "element": "way", "id": 880408135, "building": "industrial", "building:levels": null, "name": null, "name:ko": null, "name:en": null, "amenity": null, "shop": null, "office": null, "tourism": null, "healthcare": null, "addr:street": null, "addr:housenumber": null, "centroid_x_5179": 1094874.9562316318, "centroid_y_5179": 1801672.2292567866, "footprint_area_m2": 1990.1052429087088 }, "geometry": { "type": "Polygon", "coordinates": [ [ [ 128.555556700000011, 36.2073435 ], [ 128.5555597, 36.2072919 ], [ 128.5554529, 36.2072879 ], [ 128.555454, 36.2072696 ], [ 128.555298099999987, 36.2072638 ], [ 128.5552942, 36.2073337 ], [ 128.5552611, 36.2073325 ], [ 128.5552324, 36.2078341 ], [ 128.5555967, 36.2078476 ], [ 128.5556254, 36.207346 ], [ 128.555556700000011, 36.2073435 ] ] ] } },
{ "type": "Feature", "properties": { "element": "way", "id": 880408136, "building": "industrial", "building:levels": null, "name": null, "name:ko": null, "name:en": null, "amenity": null, "shop": null, "office": null, "tourism": null, "healthcare": null, "addr:street": null, "addr:housenumber": null, "centroid_x_5179": 1094861.52673455, "centroid_y_5179": 1801745.0790591496, "footprint_area_m2": 1565.428665602316 }, "geometry": { "type": "Polygon", "coordinates": [ [ [ 128.5550058, 36.2080786 ], [ 128.554990299999986, 36.2083492 ], [ 128.555569100000014, 36.2083708 ], [ 128.5555845, 36.2081001 ], [ 128.5550058, 36.2080786 ] ] ] } },
{ "type": "Feature", "properties": { "element": "way", "id": 880408137, "building": "industrial", "building:levels": null, "name": null, "name:ko": null, "name:en": null, "amenity": null, "shop": null, "office": null, "tourism": null, "healthcare": null, "addr:street": null, "addr:housenumber": null, "centroid_x_5179": 1094855.1926548155, "centroid_y_5179": 1801783.8486821325, "footprint_area_m2": 1655.2694976782921 }, "geometry": { "type": "Polygon", "coordinates": [ [ [ 128.554907899999989, 36.2086987 ], [ 128.5555201, 36.2087214 ], [ 128.5555355, 36.2084509 ], [ 128.554923300000013, 36.2084281 ], [ 128.554907899999989, 36.2086987 ] ] ] } },
{ "type": "Feature", "properties": { "element": "way", "id": 880408138, "building": "industrial", "building:levels": null, "name": null, "name:ko": null, "name:en": null, "amenity": null, "shop": null, "office": null, "tourism": null, "healthcare": null, "addr:street": null, "addr:housenumber": null, "centroid_x_5179": 1094839.4073999349, "centroid_y_5179": 1801916.325023484, "footprint_area_m2": 1291.2544115776666 }, "geometry": { "type": "Polygon", "coordinates": [ [ [ 128.5546893, 36.2098446 ], [ 128.5554249, 36.209872 ], [ 128.5554349, 36.2096963 ], [ 128.55469930000001, 36.209669 ], [ 128.5546893, 36.2098446 ] ] ] } },
{ "type": "Feature", "properties": { "element": "way", "id": 880408139, "building": "industrial", "building:levels": null, "name": null, "name:ko": null, "name:en": null, "amenity": null, "shop": null, "office": null, "tourism": null, "healthcare": null, "addr:street": null, "addr:housenumber": null, "centroid_x_5179": 1094734.4323916396, "centroid_y_5179": 1801917.8202910088, "footprint_area_m2": 2673.3579459199655 }, "geometry": { "type": "Polygon", "coordinates": [ [ [ 128.5535735, 36.2099993 ], [ 128.5541911, 36.2100223 ], [ 128.5542159, 36.2095892 ], [ 128.55359820000001, 36.2095662 ], [ 128.5535735, 36.2099993 ] ] ] } },
{ "type": "Feature", "properties": { "element": "way", "id": 880408140, "building": "industrial", "building:levels": null, "name": null, "name:ko": null, "name:en": null, "amenity": null, "shop": null, "office": null, "tourism": null, "healthcare": null, "addr:street": null, "addr:housenumber": null, "centroid_x_5179": 1094728.2423756556, "centroid_y_5179": 1801986.7431506163, "footprint_area_m2": 3175.4928840212742 }, "geometry": { "type": "Polygon", "coordinates": [ [ [ 128.5542333, 36.2106767 ], [ 128.5542505, 36.2103764 ], [ 128.5539033, 36.2103635 ], [ 128.5539195, 36.2100805 ], [ 128.5535535, 36.2100669 ], [ 128.553537299999988, 36.2103499 ], [ 128.553520099999986, 36.2106502 ], [ 128.5542333, 36.2106767 ] ] ] } },
{ "type": "Feature", "properties": { "element": "way", "id": 880408141, "building": "industrial", "building:levels": null, "name": null, "name:ko": null, "name:en": null, "amenity": null, "shop": null, "office": null, "tourism": null, "healthcare": null, "addr:street": null, "addr:housenumber": null, "centroid_x_5179": 1094715.0735606721, "centroid_y_5179": 1802062.8662287241, "footprint_area_m2": 695.91539671666374 }, "geometry": { "type": "Polygon", "coordinates": [ [ [ 128.5533898, 36.2111496 ], [ 128.553997399999986, 36.2111722 ], [ 128.554004, 36.2110576 ], [ 128.5533963, 36.211035 ], [ 128.5533898, 36.2111496 ] ] ] } },
{ "type": "Feature", "properties": { "element": "way", "id": 880408142, "building": "industrial", "building:levels": null, "name": null, "name:ko": null, "name:en": null, "amenity": null, "shop": null, "office": null, "tourism": null, "healthcare": null, "addr:street": null, "addr:housenumber": null, "centroid_x_5179": 1094716.838298873, "centroid_y_5179": 1802039.2337198735, "footprint_area_m2": 1542.8941101269781 }, "geometry": { "type": "Polygon", "coordinates": [ [ [ 128.55342730000001, 36.2107481 ], [ 128.5534123, 36.2110108 ], [ 128.554, 36.2110327 ], [ 128.554015, 36.21077 ], [ 128.55342730000001, 36.2107481 ] ] ] } },
{ "type": "Feature", "properties": { "element": "way", "id": 880408143, "building": "industrial", "building:levels": null, "name": null, "name:ko": null, "name:en": null, "amenity": null, "shop": null, "office": null, "tourism": null, "healthcare": null, "addr:street": null, "addr:housenumber": null, "centroid_x_5179": 1094945.1845596188, "centroid_y_5179": 1802029.0265891205, "footprint_area_m2": 440.02342166073754 }, "geometry": { "type": "Polygon", "coordinates": [ [ [ 128.5563449, 36.210891 ], [ 128.556357600000013, 36.2106684 ], [ 128.556159799999989, 36.210661 ], [ 128.5561471, 36.2108836 ], [ 128.5563449, 36.210891 ] ] ] } },
{ "type": "Feature", "properties": { "element": "way", "id": 880408144, "building": "industrial", "building:levels": null, "name": null, "name:ko": null, "name:en": null, "amenity": null, "shop": null, "office": null, "tourism": null, "healthcare": null, "addr:street": null, "addr:housenumber": null, "centroid_x_5179": 1094905.4789610051, "centroid_y_5179": 1802016.047020247, "footprint_area_m2": 1163.7419451655203 }, "geometry": { "type": "Polygon", "coordinates": [ [ [ 128.5554598, 36.2107346 ], [ 128.556148799999988, 36.2107602 ], [ 128.5561585, 36.2105912 ], [ 128.5554694, 36.2105656 ], [ 128.5554598, 36.2107346 ] ] ] } },
{ "type": "Feature", "properties": { "element": "way", "id": 880408145, "building": "industrial", "building:levels": null, "name": null, "name:ko": null, "name:en": null, "amenity": null, "shop": null, "office": null, "tourism": null, "healthcare": null, "addr:street": null, "addr:housenumber": null, "centroid_x_5179": 1094904.2876595363, "centroid_y_5179": 1802035.2430843997, "footprint_area_m2": 1127.768807911702 }, "geometry": { "type": "Polygon", "coordinates": [ [ [ 128.5554507, 36.2109056 ], [ 128.5561363, 36.2109311 ], [ 128.5561457, 36.2107665 ], [ 128.5554601, 36.210741 ], [ 128.5554507, 36.2109056 ] ] ] } },
{ "type": "Feature", "properties": { "element": "way", "id": 880408146, "building": "industrial", "building:levels": null, "name": null, "name:ko": null, "name:en": null, "amenity": null, "shop": null, "office": null, "tourism": null, "healthcare": null, "addr:street": null, "addr:housenumber": null, "centroid_x_5179": 1094903.1770998416, "centroid_y_5179": 1802054.3980551679, "footprint_area_m2": 1176.0744564193699 }, "geometry": { "type": "Polygon", "coordinates": [ [ [ 128.5554401, 36.2110818 ], [ 128.5561265, 36.2111073 ], [ 128.5561363, 36.2109359 ], [ 128.555449900000013, 36.2109103 ], [ 128.5554401, 36.2110818 ] ] ] } },
{ "type": "Feature", "properties": { "element": "way", "id": 880408147, "building": "industrial", "building:levels": null, "name": null, "name:ko": null, "name:en": null, "amenity": null, "shop": null, "office": null, "tourism": null, "healthcare": null, "addr:street": null, "addr:housenumber": null, "centroid_x_5179": 1094896.0447319739, "centroid_y_5179": 1802073.9536872574, "footprint_area_m2": 996.10790230187138 }, "geometry": { "type": "Polygon", "coordinates": [ [ [ 128.555430199999989, 36.2112659 ], [ 128.555981800000012, 36.2112864 ], [ 128.5559922, 36.2111057 ], [ 128.5554406, 36.2110852 ], [ 128.555430199999989, 36.2112659 ] ] ] } },
{ "type": "Feature", "properties": { "element": "way", "id": 880408148, "building": "industrial", "building:levels": null, "name": null, "name:ko": null, "name:en": null, "amenity": null, "shop": null, "office": null, "tourism": null, "healthcare": null, "addr:street": null, "addr:housenumber": null, "centroid_x_5179": 1094881.6132830223, "centroid_y_5179": 1802131.7767771923, "footprint_area_m2": 708.4337554667145 }, "geometry": { "type": "Polygon", "coordinates": [ [ [ 128.5554256, 36.2118534 ], [ 128.5556552, 36.2118703 ], [ 128.55568980000001, 36.2115635 ], [ 128.5554601, 36.2115466 ], [ 128.5554256, 36.2118534 ] ] ] } },
{ "type": "Feature", "properties": { "element": "way", "id": 880408149, "building": "industrial", "building:levels": null, "name": null, "name:ko": null, "name:en": null, "amenity": null, "shop": null, "office": null, "tourism": null, "healthcare": null, "addr:street": null, "addr:housenumber": null, "centroid_x_5179": 1094914.5286213337, "centroid_y_5179": 1802142.3396530913, "footprint_area_m2": 1205.1255261657725 }, "geometry": { "type": "Polygon", "coordinates": [ [ [ 128.5561864, 36.2116976 ], [ 128.555691, 36.2116613 ], [ 128.5556638, 36.2119033 ], [ 128.5561592, 36.2119395 ], [ 128.5561864, 36.2116976 ] ] ] } },
{ "type": "Feature", "properties": { "element": "way", "id": 880408150, "building": "industrial", "building:levels": null, "name": null, "name:ko": null, "name:en": null, "amenity": null, "shop": null, "office": null, "tourism": null, "healthcare": null, "addr:street": null, "addr:housenumber": null, "centroid_x_5179": 1094962.8937243593, "centroid_y_5179": 1802155.4210802277, "footprint_area_m2": 2655.6864265248228 }, "geometry": { "type": "Polygon", "coordinates": [ [ [ 128.5563655, 36.2116709 ], [ 128.5562557, 36.2116668 ], [ 128.5562511, 36.2117464 ], [ 128.5561927, 36.2117442 ], [ 128.5561697, 36.2121419 ], [ 128.5567304, 36.212163 ], [ 128.5567534, 36.2117653 ], [ 128.5566833, 36.2117626 ], [ 128.55668940000001, 36.2116572 ], [ 128.556367, 36.2116451 ], [ 128.5563655, 36.2116709 ] ] ] } },
{ "type": "Feature", "properties": { "element": "way", "id": 880408151, "building": "industrial", "building:levels": null, "name": null, "name:ko": null, "name:en": null, "amenity": null, "shop": null, "office": null, "tourism": null, "healthcare": null, "addr:street": null, "addr:housenumber": null, "centroid_x_5179": 1095056.1358589001, "centroid_y_5179": 1802175.3335951462, "footprint_area_m2": 1039.4041846779628 }, "geometry": { "type": "Polygon", "coordinates": [ [ [ 128.5577859, 36.2120001 ], [ 128.5572334, 36.2119795 ], [ 128.557222599999989, 36.2121678 ], [ 128.557775099999986, 36.2121883 ], [ 128.5577859, 36.2120001 ] ] ] } },
{ "type": "Feature", "properties": { "element": "way", "id": 880408152, "building": "industrial", "building:levels": null, "name": null, "name:ko": null, "name:en": null, "amenity": null, "shop": null, "office": null, "tourism": null, "healthcare": null, "addr:street": null, "addr:housenumber": null, "centroid_x_5179": 1095054.9424013051, "centroid_y_5179": 1802196.5676948871, "footprint_area_m2": 905.49006851659249 }, "geometry": { "type": "Polygon", "coordinates": [ [ [ 128.557748299999986, 36.2123723 ], [ 128.557758299999989, 36.2121979 ], [ 128.5572387, 36.2121786 ], [ 128.5572288, 36.212353 ], [ 128.557748299999986, 36.2123723 ] ] ] } },
{ "type": "Feature", "properties": { "element": "way", "id": 880408153, "building": "industrial", "building:levels": null, "name": null, "name:ko": null, "name:en": null, "amenity": null, "shop": null, "office": null, "tourism": null, "healthcare": null, "addr:street": null, "addr:housenumber": null, "centroid_x_5179": 1094992.3156383657, "centroid_y_5179": 1801777.5402209123, "footprint_area_m2": 2387.4263226018611 }, "geometry": { "type": "Polygon", "coordinates": [ [ [ 128.556804699999986, 36.2088582 ], [ 128.556871300000012, 36.208861 ], [ 128.556894699999987, 36.2084919 ], [ 128.5569307, 36.2084934 ], [ 128.556951700000013, 36.208163 ], [ 128.5568491, 36.2081588 ], [ 128.5568498, 36.2081479 ], [ 128.5566074, 36.2081378 ], [ 128.556560100000013, 36.2088815 ], [ 128.5568026, 36.2088916 ], [ 128.556804699999986, 36.2088582 ] ] ] } },
{ "type": "Feature", "properties": { "element": "way", "id": 880408154, "building": "industrial", "building:levels": null, "name": null, "name:ko": null, "name:en": null, "amenity": null, "shop": null, "office": null, "tourism": null, "healthcare": null, "addr:street": null, "addr:housenumber": null, "centroid_x_5179": 1095098.0530936797, "centroid_y_5179": 1801787.0917575059, "footprint_area_m2": 353.95966900526906 }, "geometry": { "type": "Polygon", "coordinates": [ [ [ 128.5580273, 36.2084941 ], [ 128.5578309, 36.208486 ], [ 128.5578194, 36.2086662 ], [ 128.558015899999987, 36.2086743 ], [ 128.5580273, 36.2084941 ] ] ] } },
{ "type": "Feature", "properties": { "element": "way", "id": 880408155, "building": "industrial", "building:levels": null, "name": null, "name:ko": null, "name:en": null, "amenity": null, "shop": null, "office": null, "tourism": null, "healthcare": null, "addr:street": null, "addr:housenumber": null, "centroid_x_5179": 1095096.9209792765, "centroid_y_5179": 1801807.8460546779, "footprint_area_m2": 329.32499803151705 }, "geometry": { "type": "Polygon", "coordinates": [ [ [ 128.5580018, 36.2088588 ], [ 128.5580129, 36.2086837 ], [ 128.5578248, 36.2086759 ], [ 128.5578137, 36.208851 ], [ 128.5580018, 36.2088588 ] ] ] } },
{ "type": "Feature", "properties": { "element": "way", "id": 880408156, "building": "industrial", "building:levels": null, "name": null, "name:ko": null, "name:en": null, "amenity": null, "shop": null, "office": null, "tourism": null, "healthcare": null, "addr:street": null, "addr:housenumber": null, "centroid_x_5179": 1095074.6441715423, "centroid_y_5179": 1801794.0964324221, "footprint_area_m2": 1219.9080469714522 }, "geometry": { "type": "Polygon", "coordinates": [ [ [ 128.5575029, 36.2088458 ], [ 128.557798600000012, 36.208858 ], [ 128.5578248, 36.2084454 ], [ 128.557529100000011, 36.2084332 ], [ 128.5575029, 36.2088458 ] ] ] } },
{ "type": "Feature", "properties": { "element": "way", "id": 880408157, "building": "industrial", "building:levels": null, "name": null, "name:ko": null, "name:en": null, "amenity": null, "shop": null, "office": null, "tourism": null, "healthcare": null, "addr:street": null, "addr:housenumber": null, "centroid_x_5179": 1095166.6342479158, "centroid_y_5179": 1801778.0572733569, "footprint_area_m2": 599.33078439147994 }, "geometry": { "type": "Polygon", "coordinates": [ [ [ 128.5585758, 36.2086381 ], [ 128.5587753, 36.2086463 ], [ 128.558794400000011, 36.2083459 ], [ 128.5585949, 36.2083376 ], [ 128.5585758, 36.2086381 ] ] ] } },
{ "type": "Feature", "properties": { "element": "way", "id": 880408158, "building": "industrial", "building:levels": null, "name": null, "name:ko": null, "name:en": null, "amenity": null, "shop": null, "office": null, "tourism": null, "healthcare": null, "addr:street": null, "addr:housenumber": null, "centroid_x_5179": 1095224.0110273256, "centroid_y_5179": 1801779.4022769041, "footprint_area_m2": 1470.7968459099304 }, "geometry": { "type": "Polygon", "coordinates": [ [ [ 128.5590398, 36.2086207 ], [ 128.5595901, 36.2086435 ], [ 128.5596071, 36.2083762 ], [ 128.5590568, 36.2083534 ], [ 128.5590398, 36.2086207 ] ] ] } },
{ "type": "Feature", "properties": { "element": "way", "id": 880408159, "building": "industrial", "building:levels": null, "name": null, "name:ko": null, "name:en": null, "amenity": null, "shop": null, "office": null, "tourism": null, "healthcare": null, "addr:street": null, "addr:housenumber": null, "centroid_x_5179": 1095221.4039820018, "centroid_y_5179": 1801819.3532172332, "footprint_area_m2": 1455.0868338597561 }, "geometry": { "type": "Polygon", "coordinates": [ [ [ 128.559010300000011, 36.2089768 ], [ 128.5595719, 36.209 ], [ 128.5595883, 36.2087409 ], [ 128.5590268, 36.2087176 ], [ 128.559010300000011, 36.2089768 ] ] ] } },
{ "type": "Feature", "properties": { "element": "way", "id": 880408160, "building": "industrial", "building:levels": null, "name": null, "name:ko": null, "name:en": null, "amenity": null, "shop": null, "office": null, "tourism": null, "healthcare": null, "addr:street": null, "addr:housenumber": null, "centroid_x_5179": 1095158.6365945728, "centroid_y_5179": 1801903.2960563886, "footprint_area_m2": 592.0281081649016 }, "geometry": { "type": "Polygon", "coordinates": [ [ [ 128.5587079, 36.2097664 ], [ 128.5587257, 36.2094857 ], [ 128.558514800000012, 36.2094769 ], [ 128.558497, 36.2097577 ], [ 128.5587079, 36.2097664 ] ] ] } },
{ "type": "Feature", "properties": { "element": "way", "id": 880408161, "building": "industrial", "building:levels": null, "name": null, "name:ko": null, "name:en": null, "amenity": null, "shop": null, "office": null, "tourism": null, "healthcare": null, "addr:street": null, "addr:housenumber": null, "centroid_x_5179": 1095178.0357368924, "centroid_y_5179": 1801904.5272366663, "footprint_area_m2": 592.17244603524296 }, "geometry": { "type": "Polygon", "coordinates": [ [ [ 128.5589238, 36.2097756 ], [ 128.5589417, 36.2094949 ], [ 128.558730700000012, 36.2094861 ], [ 128.558712899999989, 36.2097669 ], [ 128.5589238, 36.2097756 ] ] ] } },
{ "type": "Feature", "properties": { "element": "way", "id": 880408162, "building": "industrial", "building:levels": null, "name": null, "name:ko": null, "name:en": null, "amenity": null, "shop": null, "office": null, "tourism": null, "healthcare": null, "addr:street": null, "addr:housenumber": null, "centroid_x_5179": 1095197.676049059, "centroid_y_5179": 1801905.790267976, "footprint_area_m2": 592.17243047642592 }, "geometry": { "type": "Polygon", "coordinates": [ [ [ 128.559142400000013, 36.2097851 ], [ 128.5591603, 36.2095043 ], [ 128.5589493, 36.2094956 ], [ 128.5589315, 36.2097763 ], [ 128.559142400000013, 36.2097851 ] ] ] } },
{ "type": "Feature", "properties": { "element": "way", "id": 880408163, "building": "industrial", "building:levels": null, "name": null, "name:ko": null, "name:en": null, "amenity": null, "shop": null, "office": null, "tourism": null, "healthcare": null, "addr:street": null, "addr:housenumber": null, "centroid_x_5179": 1095262.4103736202, "centroid_y_5179": 1801923.4555732138, "footprint_area_m2": 1066.8043336628691 }, "geometry": { "type": "Polygon", "coordinates": [ [ [ 128.5595117, 36.2098844 ], [ 128.560000800000012, 36.209919 ], [ 128.5600244, 36.2097019 ], [ 128.5595353, 36.2096674 ], [ 128.5595117, 36.2098844 ] ] ] } },
{ "type": "Feature", "properties": { "element": "way", "id": 880408164, "building": "industrial", "building:levels": null, "name": null, "name:ko": null, "name:en": null, "amenity": null, "shop": null, "office": null, "tourism": null, "healthcare": null, "addr:street": null, "addr:housenumber": null, "centroid_x_5179": 1095090.4287450064, "centroid_y_5179": 1801946.141470788, "footprint_area_m2": 3332.3534521819811 }, "geometry": { "type": "Polygon", "coordinates": [ [ [ 128.5574265, 36.2098067 ], [ 128.557406500000013, 36.210156 ], [ 128.5576954, 36.2101668 ], [ 128.55769140000001, 36.2102368 ], [ 128.5580721, 36.210251 ], [ 128.5580761, 36.2101809 ], [ 128.5582848, 36.2101887 ], [ 128.5583047, 36.2098394 ], [ 128.5574265, 36.2098067 ] ] ] } },
{ "type": "Feature", "properties": { "element": "way", "id": 880408165, "building": "industrial", "building:levels": null, "name": null, "name:ko": null, "name:en": null, "amenity": null, "shop": null, "office": null, "tourism": null, "healthcare": null, "addr:street": null, "addr:housenumber": null, "centroid_x_5179": 1095060.0313627555, "centroid_y_5179": 1801989.7916017754, "footprint_area_m2": 1408.3800149809003 }, "geometry": { "type": "Polygon", "coordinates": [ [ [ 128.5573608, 36.2106388 ], [ 128.5576627, 36.2106501 ], [ 128.5576893, 36.2101833 ], [ 128.55738740000001, 36.210172 ], [ 128.5573608, 36.2106388 ] ] ] } },
{ "type": "Feature", "properties": { "element": "way", "id": 880408166, "building": "industrial", "building:levels": null, "name": null, "name:ko": null, "name:en": null, "amenity": null, "shop": null, "office": null, "tourism": null, "healthcare": null, "addr:street": null, "addr:housenumber": null, "centroid_x_5179": 1095008.7020012927, "centroid_y_5179": 1801992.4157273651, "footprint_area_m2": 1297.7971078489245 }, "geometry": { "type": "Polygon", "coordinates": [ [ [ 128.5566071, 36.210522 ], [ 128.5572909, 36.2105474 ], [ 128.5573018, 36.2103575 ], [ 128.5566179, 36.2103321 ], [ 128.5566071, 36.210522 ] ] ] } },
{ "type": "Feature", "properties": { "element": "way", "id": 880408167, "building": "industrial", "building:levels": null, "name": null, "name:ko": null, "name:en": null, "amenity": null, "shop": null, "office": null, "tourism": null, "healthcare": null, "addr:street": null, "addr:housenumber": null, "centroid_x_5179": 1095164.0845430109, "centroid_y_5179": 1801951.1336414048, "footprint_area_m2": 686.74040300658999 }, "geometry": { "type": "Polygon", "coordinates": [ [ [ 128.5585561, 36.2102012 ], [ 128.5587799, 36.2102104 ], [ 128.5587994, 36.2099035 ], [ 128.558575600000012, 36.2098943 ], [ 128.5585561, 36.2102012 ] ] ] } },
{ "type": "Feature", "properties": { "element": "way", "id": 880408168, "building": "industrial", "building:levels": null, "name": null, "name:ko": null, "name:en": null, "amenity": null, "shop": null, "office": null, "tourism": null, "healthcare": null, "addr:street": null, "addr:housenumber": null, "centroid_x_5179": 1095196.4814961695, "centroid_y_5179": 1801954.1898974881, "footprint_area_m2": 670.40659023147123 }, "geometry": { "type": "Polygon", "coordinates": [ [ [ 128.558916399999987, 36.2102201 ], [ 128.5591437, 36.2102285 ], [ 128.5591605, 36.2099333 ], [ 128.5589333, 36.2099249 ], [ 128.558916399999987, 36.2102201 ] ] ] } },
{ "type": "Feature", "properties": { "element": "way", "id": 880408169, "building": "industrial", "building:levels": null, "name": null, "name:ko": null, "name:en": null, "amenity": null, "shop": null, "office": null, "tourism": null, "healthcare": null, "addr:street": null, "addr:housenumber": null, "centroid_x_5179": 1095161.1551956702, "centroid_y_5179": 1801992.9972136533, "footprint_area_m2": 694.10695742974019 }, "geometry": { "type": "Polygon", "coordinates": [ [ [ 128.558526199999989, 36.2105761 ], [ 128.5587571, 36.2105847 ], [ 128.55877430000001, 36.2102839 ], [ 128.5585434, 36.2102753 ], [ 128.558526199999989, 36.2105761 ] ] ] } },
{ "type": "Feature", "properties": { "element": "way", "id": 880408170, "building": "industrial", "building:levels": null, "name": null, "name:ko": null, "name:en": null, "amenity": null, "shop": null, "office": null, "tourism": null, "healthcare": null, "addr:street": null, "addr:housenumber": null, "centroid_x_5179": 1095002.5178419829, "centroid_y_5179": 1802094.1085329624, "footprint_area_m2": 551.88840024592173 }, "geometry": { "type": "Polygon", "coordinates": [ [ [ 128.556802299999987, 36.211332 ], [ 128.5568069, 36.2112513 ], [ 128.5566363, 36.2112449 ], [ 128.5566299, 36.2113573 ], [ 128.556795599999987, 36.2113635 ], [ 128.5567921, 36.2114233 ], [ 128.5571879, 36.211438 ], [ 128.5571931, 36.2113465 ], [ 128.556802299999987, 36.211332 ] ] ] } },
{ "type": "Feature", "properties": { "element": "way", "id": 880408171, "building": "industrial", "building:levels": null, "name": null, "name:ko": null, "name:en": null, "amenity": null, "shop": null, "office": null, "tourism": null, "healthcare": null, "addr:street": null, "addr:housenumber": null, "centroid_x_5179": 1094985.7433393751, "centroid_y_5179": 1802034.04462312, "footprint_area_m2": 1724.338985403361 }, "geometry": { "type": "Polygon", "coordinates": [ [ [ 128.5564689, 36.2110013 ], [ 128.5569173, 36.211018 ], [ 128.55693930000001, 36.2106332 ], [ 128.5564909, 36.2106165 ], [ 128.5564689, 36.2110013 ] ] ] } },
{ "type": "Feature", "properties": { "element": "way", "id": 880408172, "building": "industrial", "building:levels": null, "name": null, "name:ko": null, "name:en": null, "amenity": null, "shop": null, "office": null, "tourism": null, "healthcare": null, "addr:street": null, "addr:housenumber": null, "centroid_x_5179": 1095020.9641442739, "centroid_y_5179": 1802050.8249860406, "footprint_area_m2": 2303.8767464580642 }, "geometry": { "type": "Polygon", "coordinates": [ [ [ 128.5569021, 36.2112837 ], [ 128.5572565, 36.2112969 ], [ 128.5572937, 36.2106464 ], [ 128.55693930000001, 36.2106332 ], [ 128.5569173, 36.211018 ], [ 128.5569021, 36.2112837 ] ] ] } },
{ "type": "Feature", "properties": { "element": "way", "id": 880408173, "building": "industrial", "building:levels": null, "name": null, "name:ko": null, "name:en": null, "amenity": null, "shop": null, "office": null, "tourism": null, "healthcare": null, "addr:street": null, "addr:housenumber": null, "centroid_x_5179": 1095068.9033270399, "centroid_y_5179": 1802070.2319753442, "footprint_area_m2": 4466.9453684693135 }, "geometry": { "type": "Polygon", "coordinates": [ [ [ 128.5572857, 36.2114634 ], [ 128.5579424, 36.2114878 ], [ 128.5579813, 36.2108072 ], [ 128.557324599999987, 36.2107827 ], [ 128.5572857, 36.2114634 ] ] ] } },
{ "type": "Feature", "properties": { "element": "way", "id": 880408174, "building": "industrial", "building:levels": null, "name": null, "name:ko": null, "name:en": null, "amenity": null, "shop": null, "office": null, "tourism": null, "healthcare": null, "addr:street": null, "addr:housenumber": null, "centroid_x_5179": 1095176.4270940064, "centroid_y_5179": 1802074.3120833577, "footprint_area_m2": 1030.9826103921621 }, "geometry": { "type": "Polygon", "coordinates": [ [ [ 128.558449700000011, 36.2112264 ], [ 128.559208399999989, 36.2112328 ], [ 128.5592102, 36.2110965 ], [ 128.5584515, 36.2110902 ], [ 128.558449700000011, 36.2112264 ] ] ] } },
{ "type": "Feature", "properties": { "element": "way", "id": 880408175, "building": "industrial", "building:levels": null, "name": null, "name:ko": null, "name:en": null, "amenity": null, "shop": null, "office": null, "tourism": null, "healthcare": null, "addr:street": null, "addr:housenumber": null, "centroid_x_5179": 1095182.2659115132, "centroid_y_5179": 1802043.7039648558, "footprint_area_m2": 3385.0960968324443 }, "geometry": { "type": "Polygon", "coordinates": [ [ [ 128.558443, 36.2106929 ], [ 128.558438200000012, 36.2110695 ], [ 128.5593394, 36.2110771 ], [ 128.5593443, 36.2107005 ], [ 128.558443, 36.2106929 ] ] ] } },
{ "type": "Feature", "properties": { "element": "way", "id": 891890159, "building": "public", "building:levels": null, "name": "군위군 선거관리위원회", "name:ko": null, "name:en": null, "amenity": null, "shop": null, "office": null, "tourism": null, "healthcare": null, "addr:street": null, "addr:housenumber": null, "centroid_x_5179": 1096422.9713886112, "centroid_y_5179": 1805430.3574022779, "footprint_area_m2": 431.27088597426808 }, "geometry": { "type": "Polygon", "coordinates": [ [ [ 128.5729739, 36.2413202 ], [ 128.5729739, 36.2412703 ], [ 128.5730146, 36.2412689 ], [ 128.5730146, 36.2411233 ], [ 128.5731369, 36.2411283 ], [ 128.5731283, 36.2412831 ], [ 128.5731385, 36.2412945 ], [ 128.573165, 36.2412731 ], [ 128.573205699999988, 36.2413017 ], [ 128.573198600000012, 36.2413159 ], [ 128.573234, 36.2413488 ], [ 128.573198600000012, 36.2413787 ], [ 128.573257, 36.2414273 ], [ 128.573193300000014, 36.2414729 ], [ 128.5731367, 36.2414216 ], [ 128.5730606, 36.2413559 ], [ 128.573099500000012, 36.2413274 ], [ 128.573094200000014, 36.2413159 ], [ 128.573005200000011, 36.2413191 ], [ 128.5729739, 36.2413202 ] ] ] } },
{ "type": "Feature", "properties": { "element": "way", "id": 891890173, "building": "public", "building:levels": null, "name": "군위교육지원청", "name:ko": null, "name:en": null, "amenity": null, "shop": null, "office": null, "tourism": null, "healthcare": null, "addr:street": null, "addr:housenumber": null, "centroid_x_5179": 1096500.1329819537, "centroid_y_5179": 1805623.8268863962, "footprint_area_m2": 629.71488343914348 }, "geometry": { "type": "Polygon", "coordinates": [ [ [ 128.573721, 36.2430592 ], [ 128.573768800000011, 36.2429193 ], [ 128.5743015, 36.2430264 ], [ 128.574266099999988, 36.2431249 ], [ 128.5739369, 36.2430492 ], [ 128.5739192, 36.2430978 ], [ 128.573721, 36.2430592 ] ] ] } },
{ "type": "Feature", "properties": { "element": "way", "id": 891890192, "building": "yes", "building:levels": null, "name": "삼국유사 교육문화회관", "name:ko": null, "name:en": null, "amenity": "arts_centre", "shop": null, "office": null, "tourism": null, "healthcare": null, "addr:street": null, "addr:housenumber": null, "centroid_x_5179": 1096502.1708862146, "centroid_y_5179": 1805029.5307522609, "footprint_area_m2": 1737.8471751000604 }, "geometry": { "type": "Polygon", "coordinates": [ [ [ 128.5737498, 36.2373775 ], [ 128.5737523, 36.2375056 ], [ 128.57386120000001, 36.2375023 ], [ 128.573861599999987, 36.2375105 ], [ 128.5737279, 36.2375148 ], [ 128.5737322, 36.2376199 ], [ 128.5738713, 36.2376195 ], [ 128.5738708, 36.2376284 ], [ 128.5737638, 36.2376317 ], [ 128.5737685, 36.2377033 ], [ 128.5738981, 36.2377005 ], [ 128.57390620000001, 36.2378464 ], [ 128.5738187, 36.2378492 ], [ 128.5738292, 36.237999 ], [ 128.5741094, 36.2379896 ], [ 128.574102399999987, 36.2376185 ], [ 128.574046399999986, 36.2376197 ], [ 128.5740452, 36.2375799 ], [ 128.5740083, 36.2375818 ], [ 128.5740066, 36.2374886 ], [ 128.574107, 36.2374848 ], [ 128.5741094, 36.2373831 ], [ 128.5740066, 36.2373869 ], [ 128.574004300000013, 36.2373699 ], [ 128.573929600000014, 36.2373699 ], [ 128.5737498, 36.2373775 ] ] ] } },
{ "type": "Feature", "properties": { "element": "way", "id": 891890193, "building": "yes", "building:levels": null, "name": "한국가스공사 군위관리소", "name:ko": null, "name:en": null, "amenity": null, "shop": null, "office": "energy_supplier", "tourism": null, "healthcare": null, "addr:street": null, "addr:housenumber": null, "centroid_x_5179": 1097920.5534011505, "centroid_y_5179": 1804455.8927997001, "footprint_area_m2": 6998.6177527361733 }, "geometry": { "type": "Polygon", "coordinates": [ [ [ 128.5895317, 36.2328126 ], [ 128.5894674, 36.2327238 ], [ 128.5892474, 36.2326157 ], [ 128.589121299999988, 36.2325767 ], [ 128.5890087, 36.2325053 ], [ 128.5889336, 36.2323712 ], [ 128.5889551, 36.2323344 ], [ 128.5898536, 36.2318822 ], [ 128.589918, 36.2318714 ], [ 128.5899555, 36.2318887 ], [ 128.5900011, 36.2320596 ], [ 128.590046699999988, 36.2321137 ], [ 128.5902774, 36.2322349 ], [ 128.5902634, 36.2324633 ], [ 128.5895317, 36.2328126 ] ] ] } },
{ "type": "Feature", "properties": { "element": "way", "id": 892126136, "building": "yes", "building:levels": null, "name": null, "name:ko": null, "name:en": null, "amenity": null, "shop": null, "office": null, "tourism": null, "healthcare": "yes", "addr:street": null, "addr:housenumber": null, "centroid_x_5179": 1096146.9340457602, "centroid_y_5179": 1804094.7621614474, "footprint_area_m2": 604.77407373283893 }, "geometry": { "type": "Polygon", "coordinates": [ [ [ 128.569731100000013, 36.2291602 ], [ 128.569936399999989, 36.2291188 ], [ 128.570017799999988, 36.2293958 ], [ 128.5698054, 36.2294343 ], [ 128.569731100000013, 36.2291602 ] ] ] } },
{ "type": "Feature", "properties": { "element": "way", "id": 892126137, "building": "yes", "building:levels": null, "name": null, "name:ko": null, "name:en": null, "amenity": null, "shop": null, "office": null, "tourism": null, "healthcare": "yes", "addr:street": null, "addr:housenumber": null, "centroid_x_5179": 1096153.3153701145, "centroid_y_5179": 1804150.9443752095, "footprint_area_m2": 2005.0112130546993 }, "geometry": { "type": "Polygon", "coordinates": [ [ [ 128.569837299999989, 36.2296356 ], [ 128.5702637, 36.2295599 ], [ 128.570343, 36.2298493 ], [ 128.5694977, 36.2299889 ], [ 128.569464, 36.2298871 ], [ 128.569494, 36.2298811 ], [ 128.569478, 36.229834 ], [ 128.5696044, 36.2298136 ], [ 128.5696083, 36.2298265 ], [ 128.5696566, 36.2298185 ], [ 128.5696533, 36.2298049 ], [ 128.569704300000012, 36.2297975 ], [ 128.5697075, 36.22981 ], [ 128.5698113, 36.2297886 ], [ 128.5698022, 36.2297481 ], [ 128.5697911, 36.2297486 ], [ 128.5697672, 36.2296518 ], [ 128.569837299999989, 36.2296356 ] ] ] } },
{ "type": "Feature", "properties": { "element": "way", "id": 892127830, "building": "apartments", "building:levels": null, "name": "101", "name:ko": null, "name:en": null, "amenity": null, "shop": null, "office": null, "tourism": null, "healthcare": null, "addr:street": null, "addr:housenumber": null, "centroid_x_5179": 1096032.1228326482, "centroid_y_5179": 1804327.3507212324, "footprint_area_m2": 379.0734507941155 }, "geometry": { "type": "Polygon", "coordinates": [ [ [ 128.5684469, 36.2313454 ], [ 128.5686557, 36.2312655 ], [ 128.5687796, 36.2314853 ], [ 128.5686752, 36.2315196 ], [ 128.5686062, 36.2313911 ], [ 128.5684929, 36.2314311 ], [ 128.5684469, 36.2313454 ] ] ] } },
{ "type": "Feature", "properties": { "element": "way", "id": 892127831, "building": "apartments", "building:levels": null, "name": "103", "name:ko": null, "name:en": null, "amenity": null, "shop": null, "office": null, "tourism": null, "healthcare": null, "addr:street": null, "addr:housenumber": null, "centroid_x_5179": 1096089.3536914205, "centroid_y_5179": 1804421.7834292597, "footprint_area_m2": 771.92807481772911 }, "geometry": { "type": "Polygon", "coordinates": [ [ [ 128.5696232, 36.2322879 ], [ 128.5696232, 36.2321765 ], [ 128.5689154, 36.2321765 ], [ 128.568922500000014, 36.232285 ], [ 128.5696232, 36.2322879 ] ] ] } },
{ "type": "Feature", "properties": { "element": "way", "id": 892127832, "building": "apartments", "building:levels": null, "name": "102", "name:ko": null, "name:en": null, "amenity": null, "shop": null, "office": null, "tourism": null, "healthcare": null, "addr:street": null, "addr:housenumber": null, "centroid_x_5179": 1096064.1632038346, "centroid_y_5179": 1804369.4089496795, "footprint_area_m2": 771.93253782575835 }, "geometry": { "type": "Polygon", "coordinates": [ [ [ 128.5693365, 36.2318183 ], [ 128.5693365, 36.2317069 ], [ 128.5686287, 36.2317069 ], [ 128.56863580000001, 36.2318154 ], [ 128.5693365, 36.2318183 ] ] ] } },
{ "type": "Feature", "properties": { "element": "way", "id": 892127833, "building": "yes", "building:levels": null, "name": "군위군생활문화센터", "name:ko": null, "name:en": "Gunwi County Life Culture Center", "amenity": "arts_centre", "shop": null, "office": null, "tourism": null, "healthcare": null, "addr:street": null, "addr:housenumber": null, "centroid_x_5179": 1096013.3510289604, "centroid_y_5179": 1804508.082954702, "footprint_area_m2": 737.60021086470852 }, "geometry": { "type": "Polygon", "coordinates": [ [ [ 128.568203899999986, 36.2330738 ], [ 128.568230699999987, 36.2329115 ], [ 128.5686652, 36.2329548 ], [ 128.5686438, 36.2331257 ], [ 128.568203899999986, 36.2330738 ] ] ] } },
{ "type": "Feature", "properties": { "element": "way", "id": 966975336, "building": "yes", "building:levels": null, "name": null, "name:ko": null, "name:en": null, "amenity": null, "shop": null, "office": null, "tourism": null, "healthcare": null, "addr:street": null, "addr:housenumber": null, "centroid_x_5179": 1096811.9566515612, "centroid_y_5179": 1810638.8244016287, "footprint_area_m2": 485.163920374177 }, "geometry": { "type": "Polygon", "coordinates": [ [ [ 128.57784620000001, 36.2881632 ], [ 128.5779052, 36.2880702 ], [ 128.5783156, 36.2882324 ], [ 128.578258, 36.2883297 ], [ 128.57784620000001, 36.2881632 ] ] ] } },
{ "type": "Feature", "properties": { "element": "way", "id": 966975351, "building": "yes", "building:levels": null, "name": "화성산업의성공장", "name:ko": null, "name:en": null, "amenity": null, "shop": null, "office": null, "tourism": null, "healthcare": null, "addr:street": "평기길 29-37", "addr:housenumber": "81", "centroid_x_5179": 1096630.78082737, "centroid_y_5179": 1810084.7960341158, "footprint_area_m2": 10044.800110065997 }, "geometry": { "type": "Polygon", "coordinates": [ [ [ 128.5751387, 36.2829884 ], [ 128.5756557, 36.2825402 ], [ 128.5766963, 36.2833201 ], [ 128.576605699999988, 36.2833986 ], [ 128.5768066, 36.2835491 ], [ 128.5763799, 36.2839189 ], [ 128.5751387, 36.2829884 ] ] ] } },
{ "type": "Feature", "properties": { "element": "way", "id": 966975352, "building": "yes", "building:levels": null, "name": null, "name:ko": null, "name:en": null, "amenity": null, "shop": null, "office": null, "tourism": null, "healthcare": null, "addr:street": null, "addr:housenumber": null, "centroid_x_5179": 1096492.2743999562, "centroid_y_5179": 1809933.7640433912, "footprint_area_m2": 1522.2460518010591 }, "geometry": { "type": "Polygon", "coordinates": [ [ [ 128.5746361, 36.282162 ], [ 128.574802799999986, 36.2820186 ], [ 128.574235499999986, 36.2815901 ], [ 128.5740688, 36.2817335 ], [ 128.5746361, 36.282162 ] ] ] } },
{ "type": "Feature", "properties": { "element": "way", "id": 980245475, "building": "yes", "building:levels": null, "name": null, "name:ko": null, "name:en": null, "amenity": null, "shop": null, "office": null, "tourism": null, "healthcare": null, "addr:street": null, "addr:housenumber": null, "centroid_x_5179": 1102317.1489602025, "centroid_y_5179": 1814743.1888677191, "footprint_area_m2": 50.027226102388589 }, "geometry": { "type": "Polygon", "coordinates": [ [ [ 128.6398589, 36.324625 ], [ 128.6399099, 36.3245815 ], [ 128.639971, 36.324628 ], [ 128.639920100000012, 36.3246714 ], [ 128.6398589, 36.324625 ] ] ] } },
{ "type": "Feature", "properties": { "element": "way", "id": 980245704, "building": "yes", "building:levels": null, "name": null, "name:ko": null, "name:en": null, "amenity": null, "shop": null, "office": null, "tourism": null, "healthcare": null, "addr:street": null, "addr:housenumber": null, "centroid_x_5179": 1098591.2095250469, "centroid_y_5179": 1814831.4533683318, "footprint_area_m2": 251.6717397156072 }, "geometry": { "type": "Polygon", "coordinates": [ [ [ 128.5985283, 36.3258937 ], [ 128.5985708, 36.3258069 ], [ 128.5983162, 36.3257284 ], [ 128.5982731, 36.3258132 ], [ 128.5985283, 36.3258937 ] ] ] } },
{ "type": "Feature", "properties": { "element": "way", "id": 980246605, "building": "yes", "building:levels": null, "name": null, "name:ko": null, "name:en": null, "amenity": null, "shop": null, "office": null, "tourism": null, "healthcare": null, "addr:street": null, "addr:housenumber": null, "centroid_x_5179": 1102346.9145016659, "centroid_y_5179": 1820839.4732311806, "footprint_area_m2": 1035.6422656164327 }, "geometry": { "type": "Polygon", "coordinates": [ [ [ 128.640796200000011, 36.3796964 ], [ 128.640753, 36.3795607 ], [ 128.6412369, 36.3794056 ], [ 128.6413327, 36.3795927 ], [ 128.6410521, 36.3796962 ], [ 128.6409167, 36.3796986 ], [ 128.6409022, 36.3796854 ], [ 128.640796200000011, 36.3796964 ] ] ] } },
{ "type": "Feature", "properties": { "element": "way", "id": 980368291, "building": "yes", "building:levels": null, "name": null, "name:ko": null, "name:en": null, "amenity": null, "shop": null, "office": null, "tourism": null, "healthcare": null, "addr:street": null, "addr:housenumber": null, "centroid_x_5179": 1103118.6210831914, "centroid_y_5179": 1809225.4488279012, "footprint_area_m2": 54.693783905280597 }, "geometry": { "type": "Polygon", "coordinates": [ [ [ 128.648050500000011, 36.2748325 ], [ 128.648044700000014, 36.2747906 ], [ 128.648182100000014, 36.2747802 ], [ 128.6481781, 36.274821 ], [ 128.648050500000011, 36.2748325 ] ] ] } },
{ "type": "Feature", "properties": { "element": "way", "id": 986625606, "building": "yes", "building:levels": "2", "name": "의성군 선거관리위원회", "name:ko": null, "name:en": null, "amenity": null, "shop": null, "office": null, "tourism": null, "healthcare": null, "addr:street": "홍술로", "addr:housenumber": "105-13", "centroid_x_5179": 1106726.1262254159, "centroid_y_5179": 1818322.7181495065, "footprint_area_m2": 280.22467365794637 }, "geometry": { "type": "Polygon", "coordinates": [ [ [ 128.68938, 36.3564977 ], [ 128.6893502, 36.3564286 ], [ 128.689493700000014, 36.3563787 ], [ 128.6894839, 36.3563576 ], [ 128.689597, 36.3563139 ], [ 128.689669, 36.3564293 ], [ 128.689569799999987, 36.3564627 ], [ 128.6895606, 36.3564434 ], [ 128.68938, 36.3564977 ] ] ] } },
{ "type": "Feature", "properties": { "element": "way", "id": 986668424, "building": "yes", "building:levels": null, "name": "의성읍사무소", "name:ko": null, "name:en": null, "amenity": null, "shop": null, "office": null, "tourism": null, "healthcare": null, "addr:street": null, "addr:housenumber": null, "centroid_x_5179": 1106756.1912434197, "centroid_y_5179": 1818259.5583792483, "footprint_area_m2": 399.04226069555529 }, "geometry": { "type": "Polygon", "coordinates": [ [ [ 128.6896208, 36.3558344 ], [ 128.690031800000014, 36.3559338 ], [ 128.6900652, 36.3558444 ], [ 128.6896542, 36.3557449 ], [ 128.6896208, 36.3558344 ] ] ] } },
{ "type": "Feature", "properties": { "element": "way", "id": 993430354, "building": "yes", "building:levels": null, "name": null, "name:ko": null, "name:en": null, "amenity": null, "shop": null, "office": null, "tourism": null, "healthcare": null, "addr:street": null, "addr:housenumber": null, "centroid_x_5179": 1094502.1758994106, "centroid_y_5179": 1808327.5311431873, "footprint_area_m2": 127.373273050804 }, "geometry": { "type": "Polygon", "coordinates": [ [ [ 128.5520347, 36.2676536 ], [ 128.5521564, 36.2676377 ], [ 128.5521359, 36.2675354 ], [ 128.5520141, 36.2675513 ], [ 128.5520347, 36.2676536 ] ] ] } },
{ "type": "Feature", "properties": { "element": "way", "id": 993430355, "building": "yes", "building:levels": null, "name": null, "name:ko": null, "name:en": null, "amenity": null, "shop": null, "office": null, "tourism": null, "healthcare": null, "addr:street": null, "addr:housenumber": null, "centroid_x_5179": 1094496.2558592283, "centroid_y_5179": 1808317.3999166475, "footprint_area_m2": 17.732149348890839 }, "geometry": { "type": "Polygon", "coordinates": [ [ [ 128.5519895, 36.2675218 ], [ 128.5520526, 36.2675131 ], [ 128.5520468, 36.2674857 ], [ 128.5519837, 36.2674944 ], [ 128.5519895, 36.2675218 ] ] ] } },
{ "type": "Feature", "properties": { "element": "way", "id": 993431401, "building": "yes", "building:levels": null, "name": null, "name:ko": null, "name:en": null, "amenity": null, "shop": null, "office": null, "tourism": null, "healthcare": null, "addr:street": null, "addr:housenumber": null, "centroid_x_5179": 1094452.2091819947, "centroid_y_5179": 1808171.4706061, "footprint_area_m2": 71.491851487612436 }, "geometry": { "type": "Polygon", "coordinates": [ [ [ 128.551436700000011, 36.266206 ], [ 128.5515689, 36.2662308 ], [ 128.5515837, 36.2661793 ], [ 128.5514516, 36.2661545 ], [ 128.551436700000011, 36.266206 ] ] ] } },
{ "type": "Feature", "properties": { "element": "way", "id": 993431402, "building": "yes", "building:levels": null, "name": null, "name:ko": null, "name:en": null, "amenity": null, "shop": null, "office": null, "tourism": null, "healthcare": null, "addr:street": null, "addr:housenumber": null, "centroid_x_5179": 1094454.1368074273, "centroid_y_5179": 1808164.6297375099, "footprint_area_m2": 26.434149332662905 }, "geometry": { "type": "Polygon", "coordinates": [ [ [ 128.551497399999988, 36.2661499 ], [ 128.5515474, 36.266161 ], [ 128.5515643, 36.2661117 ], [ 128.5515143, 36.2661006 ], [ 128.551497399999988, 36.2661499 ] ] ] } },
{ "type": "Feature", "properties": { "element": "way", "id": 993431403, "building": "yes", "building:levels": null, "name": null, "name:ko": null, "name:en": null, "amenity": null, "shop": null, "office": null, "tourism": null, "healthcare": null, "addr:street": null, "addr:housenumber": null, "centroid_x_5179": 1094459.2941823935, "centroid_y_5179": 1808166.2277776282, "footprint_area_m2": 22.921438190853451 }, "geometry": { "type": "Polygon", "coordinates": [ [ [ 128.551555900000011, 36.2661603 ], [ 128.551605, 36.2661721 ], [ 128.551621, 36.2661291 ], [ 128.5515719, 36.2661173 ], [ 128.551555900000011, 36.2661603 ] ] ] } },
{ "type": "Feature", "properties": { "element": "way", "id": 993431404, "building": "yes", "building:levels": null, "name": null, "name:ko": null, "name:en": null, "amenity": null, "shop": null, "office": null, "tourism": null, "healthcare": null, "addr:street": null, "addr:housenumber": null, "centroid_x_5179": 1094477.8038270718, "centroid_y_5179": 1808168.8638726578, "footprint_area_m2": 98.2353998012929 }, "geometry": { "type": "Polygon", "coordinates": [ [ [ 128.5518044, 36.2662409 ], [ 128.551722399999989, 36.2661201 ], [ 128.551785200000012, 36.2660924 ], [ 128.5518672, 36.2662132 ], [ 128.5518044, 36.2662409 ] ] ] } },
{ "type": "Feature", "properties": { "element": "way", "id": 993431405, "building": "yes", "building:levels": null, "name": null, "name:ko": null, "name:en": null, "amenity": null, "shop": null, "office": null, "tourism": null, "healthcare": null, "addr:street": null, "addr:housenumber": null, "centroid_x_5179": 1094482.0177581583, "centroid_y_5179": 1808108.1562782917, "footprint_area_m2": 166.5831523601567 }, "geometry": { "type": "Polygon", "coordinates": [ [ [ 128.5518213, 36.2657137 ], [ 128.5519128, 36.2656902 ], [ 128.5518475, 36.2655244 ], [ 128.551755899999989, 36.2655478 ], [ 128.5518213, 36.2657137 ] ] ] } },
{ "type": "Feature", "properties": { "element": "way", "id": 993431406, "building": "yes", "building:levels": null, "name": null, "name:ko": null, "name:en": null, "amenity": null, "shop": null, "office": null, "tourism": null, "healthcare": null, "addr:street": null, "addr:housenumber": null, "centroid_x_5179": 1094687.4317728453, "centroid_y_5179": 1808325.6248406388, "footprint_area_m2": 24.2328293585308 }, "geometry": { "type": "Polygon", "coordinates": [ [ [ 128.5541043, 36.2675616 ], [ 128.5541249, 36.2675888 ], [ 128.55419, 36.2675567 ], [ 128.5541695, 36.2675295 ], [ 128.5541043, 36.2675616 ] ] ] } },
{ "type": "Feature", "properties": { "element": "way", "id": 993431407, "building": "yes", "building:levels": null, "name": null, "name:ko": null, "name:en": null, "amenity": null, "shop": null, "office": null, "tourism": null, "healthcare": null, "addr:street": null, "addr:housenumber": null, "centroid_x_5179": 1094903.3805923802, "centroid_y_5179": 1808024.6643944562, "footprint_area_m2": 20.197222616488382 }, "geometry": { "type": "Polygon", "coordinates": [ [ [ 128.556478700000014, 36.2648304 ], [ 128.5565316, 36.2648509 ], [ 128.55655010000001, 36.2648197 ], [ 128.5564971, 36.2647993 ], [ 128.556478700000014, 36.2648304 ] ] ] } },
{ "type": "Feature", "properties": { "element": "way", "id": 993431408, "building": "yes", "building:levels": null, "name": null, "name:ko": null, "name:en": null, "amenity": null, "shop": null, "office": null, "tourism": null, "healthcare": null, "addr:street": null, "addr:housenumber": null, "centroid_x_5179": 1094911.3671291221, "centroid_y_5179": 1808060.9918358808, "footprint_area_m2": 75.894776378046146 }, "geometry": { "type": "Polygon", "coordinates": [ [ [ 128.5565504, 36.2651867 ], [ 128.5566705, 36.2651799 ], [ 128.556665, 36.2651168 ], [ 128.5565449, 36.2651236 ], [ 128.5565504, 36.2651867 ] ] ] } },
{ "type": "Feature", "properties": { "element": "way", "id": 993431409, "building": "yes", "building:levels": null, "name": null, "name:ko": null, "name:en": null, "amenity": null, "shop": null, "office": null, "tourism": null, "healthcare": null, "addr:street": null, "addr:housenumber": null, "centroid_x_5179": 1094879.5243227594, "centroid_y_5179": 1808751.7743206988, "footprint_area_m2": 44.097007268692408 }, "geometry": { "type": "Polygon", "coordinates": [ [ [ 128.5562869, 36.271394 ], [ 128.5563579, 36.2714205 ], [ 128.5563874, 36.2713692 ], [ 128.5563163, 36.2713427 ], [ 128.5562869, 36.271394 ] ] ] } },
{ "type": "Feature", "properties": { "element": "way", "id": 993431410, "building": "yes", "building:levels": null, "name": null, "name:ko": null, "name:en": null, "amenity": null, "shop": null, "office": null, "tourism": null, "healthcare": null, "addr:street": null, "addr:housenumber": null, "centroid_x_5179": 1094905.2745928431, "centroid_y_5179": 1808714.7535864802, "footprint_area_m2": 34.35918267971671 }, "geometry": { "type": "Polygon", "coordinates": [ [ [ 128.5565785, 36.2710677 ], [ 128.556624199999987, 36.2710849 ], [ 128.556660099999988, 36.2710231 ], [ 128.5566143, 36.2710058 ], [ 128.5565785, 36.2710677 ] ] ] } },
{ "type": "Feature", "properties": { "element": "way", "id": 993434122, "building": "yes", "building:levels": null, "name": null, "name:ko": null, "name:en": null, "amenity": null, "shop": null, "office": null, "tourism": null, "healthcare": null, "addr:street": null, "addr:housenumber": null, "centroid_x_5179": 1094389.068939677, "centroid_y_5179": 1807837.5110396275, "footprint_area_m2": 47.051820553474883 }, "geometry": { "type": "Polygon", "coordinates": [ [ [ 128.550733400000013, 36.2632249 ], [ 128.5507959, 36.2632275 ], [ 128.5508007, 36.2631521 ], [ 128.5507383, 36.2631495 ], [ 128.550733400000013, 36.2632249 ] ] ] } },
{ "type": "Feature", "properties": { "element": "way", "id": 993434751, "building": "yes", "building:levels": null, "name": null, "name:ko": null, "name:en": null, "amenity": null, "shop": null, "office": null, "tourism": null, "healthcare": null, "addr:street": null, "addr:housenumber": null, "centroid_x_5179": 1094367.1249990708, "centroid_y_5179": 1807829.0236334843, "footprint_area_m2": 55.31798023349937 }, "geometry": { "type": "Polygon", "coordinates": [ [ [ 128.55054530000001, 36.2631593 ], [ 128.550478, 36.2631481 ], [ 128.550498299999987, 36.263069 ], [ 128.5505656, 36.2630802 ], [ 128.55054530000001, 36.2631593 ] ] ] } },
{ "type": "Feature", "properties": { "element": "way", "id": 993434752, "building": "yes", "building:levels": null, "name": null, "name:ko": null, "name:en": null, "amenity": null, "shop": null, "office": null, "tourism": null, "healthcare": null, "addr:street": null, "addr:housenumber": null, "centroid_x_5179": 1094343.7595195109, "centroid_y_5179": 1807807.0674180333, "footprint_area_m2": 931.23140999405359 }, "geometry": { "type": "Polygon", "coordinates": [ [ [ 128.549907100000013, 36.2629381 ], [ 128.550582, 36.2630333 ], [ 128.5506111, 36.262899 ], [ 128.549936300000013, 36.2628037 ], [ 128.549907100000013, 36.2629381 ] ] ] } },
{ "type": "Feature", "properties": { "element": "way", "id": 993434753, "building": "yes", "building:levels": null, "name": null, "name:ko": null, "name:en": null, "amenity": null, "shop": null, "office": null, "tourism": null, "healthcare": null, "addr:street": null, "addr:housenumber": null, "centroid_x_5179": 1094348.5013320218, "centroid_y_5179": 1807785.9572887376, "footprint_area_m2": 931.37717226193354 }, "geometry": { "type": "Polygon", "coordinates": [ [ [ 128.549957299999988, 36.2627473 ], [ 128.5506322, 36.2628426 ], [ 128.5506614, 36.2627083 ], [ 128.549986499999989, 36.2626129 ], [ 128.549957299999988, 36.2627473 ] ] ] } },
{ "type": "Feature", "properties": { "element": "way", "id": 1003512137, "building": "yes", "building:levels": null, "name": null, "name:ko": null, "name:en": null, "amenity": null, "shop": null, "office": null, "tourism": null, "healthcare": null, "addr:street": null, "addr:housenumber": null, "centroid_x_5179": 1106169.6738766369, "centroid_y_5179": 1804773.7639661508, "footprint_area_m2": 154.19417434585202 }, "geometry": { "type": "Polygon", "coordinates": [ [ [ 128.6814125, 36.2344438 ], [ 128.6814555, 36.2344473 ], [ 128.6814611, 36.2344028 ], [ 128.6815211, 36.2344077 ], [ 128.6815375, 36.2342777 ], [ 128.6814345, 36.2342692 ], [ 128.6814125, 36.2344438 ] ] ] } },
{ "type": "Feature", "properties": { "element": "way", "id": 1033382419, "building": "yes", "building:levels": "1", "name": null, "name:ko": null, "name:en": null, "amenity": null, "shop": null, "office": null, "tourism": null, "healthcare": null, "addr:street": "청로1길27-7", "addr:housenumber": null, "centroid_x_5179": 1106156.5455313178, "centroid_y_5179": 1804755.2325924144, "footprint_area_m2": 45.044522717198078 }, "geometry": { "type": "Polygon", "coordinates": [ [ [ 128.681271400000014, 36.234203 ], [ 128.681274800000011, 36.2341589 ], [ 128.681376699999987, 36.2341639 ], [ 128.681373400000012, 36.2342081 ], [ 128.681271400000014, 36.234203 ] ] ] } },
{ "type": "Feature", "properties": { "element": "way", "id": 1033382420, "building": "yes", "building:levels": null, "name": null, "name:ko": null, "name:en": null, "amenity": null, "shop": null, "office": null, "tourism": null, "healthcare": null, "addr:street": null, "addr:housenumber": null, "centroid_x_5179": 1106166.9401082571, "centroid_y_5179": 1804811.65137187, "footprint_area_m2": 118.72415613112094 }, "geometry": { "type": "Polygon", "coordinates": [ [ [ 128.6814335, 36.2347631 ], [ 128.681359500000013, 36.2347239 ], [ 128.6814588, 36.2346191 ], [ 128.6815364, 36.2346584 ], [ 128.6814335, 36.2347631 ] ] ] } },
{ "type": "Feature", "properties": { "element": "way", "id": 1033382421, "building": "yes", "building:levels": null, "name": null, "name:ko": null, "name:en": null, "amenity": null, "shop": null, "office": null, "tourism": null, "healthcare": null, "addr:street": null, "addr:housenumber": null, "centroid_x_5179": 1106168.0419720253, "centroid_y_5179": 1804841.5790824404, "footprint_area_m2": 86.203703845177799 }, "geometry": { "type": "Polygon", "coordinates": [ [ [ 128.681437100000011, 36.2350193 ], [ 128.681383, 36.2349698 ], [ 128.681493100000012, 36.2349043 ], [ 128.6815454, 36.2349451 ], [ 128.681437100000011, 36.2350193 ] ] ] } },
{ "type": "Feature", "properties": { "element": "way", "id": 1033382422, "building": "yes", "building:levels": null, "name": null, "name:ko": null, "name:en": null, "amenity": null, "shop": null, "office": null, "tourism": null, "healthcare": null, "addr:street": null, "addr:housenumber": null, "centroid_x_5179": 1106139.1140011935, "centroid_y_5179": 1804851.1097803873, "footprint_area_m2": 89.901320722593994 }, "geometry": { "type": "Polygon", "coordinates": [ [ [ 128.6811739, 36.2351113 ], [ 128.6810628, 36.235035 ], [ 128.681112399999989, 36.2349879 ], [ 128.681223499999987, 36.2350642 ], [ 128.6811739, 36.2351113 ] ] ] } },
{ "type": "Feature", "properties": { "element": "way", "id": 1033382423, "building": "yes", "building:levels": null, "name": null, "name:ko": null, "name:en": null, "amenity": null, "shop": null, "office": null, "tourism": null, "healthcare": null, "addr:street": null, "addr:housenumber": null, "centroid_x_5179": 1106167.4464867304, "centroid_y_5179": 1804852.935582638, "footprint_area_m2": 184.34163029908117 }, "geometry": { "type": "Polygon", "coordinates": [ [ [ 128.681465, 36.235121 ], [ 128.6813952, 36.2350807 ], [ 128.6813512, 36.2350525 ], [ 128.681363299999987, 36.2350354 ], [ 128.681333, 36.2350109 ], [ 128.681383, 36.2349698 ], [ 128.681437100000011, 36.2350193 ], [ 128.6814832, 36.2350733 ], [ 128.681515100000013, 36.2350268 ], [ 128.681586399999986, 36.2350599 ], [ 128.6815257, 36.2351467 ], [ 128.681465, 36.235121 ] ] ] } },
{ "type": "Feature", "properties": { "element": "way", "id": 1033382424, "building": "yes", "building:levels": null, "name": null, "name:ko": null, "name:en": null, "amenity": null, "shop": null, "office": null, "tourism": null, "healthcare": null, "addr:street": null, "addr:housenumber": null, "centroid_x_5179": 1106182.7203177086, "centroid_y_5179": 1804840.1028764828, "footprint_area_m2": 120.29738524072198 }, "geometry": { "type": "Polygon", "coordinates": [ [ [ 128.681635300000011, 36.2350174 ], [ 128.6815406, 36.2349294 ], [ 128.6816163, 36.2348748 ], [ 128.681713800000011, 36.2349592 ], [ 128.681635300000011, 36.2350174 ] ] ] } },
{ "type": "Feature", "properties": { "element": "way", "id": 1033382425, "building": "yes", "building:levels": null, "name": null, "name:ko": null, "name:en": null, "amenity": null, "shop": null, "office": null, "tourism": null, "healthcare": null, "addr:street": null, "addr:housenumber": null, "centroid_x_5179": 1106092.3948560525, "centroid_y_5179": 1804791.844289704, "footprint_area_m2": 310.59577470071815 }, "geometry": { "type": "Polygon", "coordinates": [ [ [ 128.680611, 36.2346435 ], [ 128.6804886, 36.234592 ], [ 128.6806161, 36.2343965 ], [ 128.6807437, 36.2344541 ], [ 128.680611, 36.2346435 ] ] ] } },
{ "type": "Feature", "properties": { "element": "way", "id": 1167479364, "building": "yes", "building:levels": null, "name": "의성군청", "name:ko": null, "name:en": null, "amenity": "townhall", "shop": null, "office": null, "tourism": null, "healthcare": null, "addr:street": null, "addr:housenumber": null, "centroid_x_5179": 1107420.2086823389, "centroid_y_5179": 1817920.7354637238, "footprint_area_m2": 1131.308177378369 }, "geometry": { "type": "Polygon", "coordinates": [ [ [ 128.696835600000014, 36.3526191 ], [ 128.6974193, 36.3526214 ], [ 128.6974191, 36.352659 ], [ 128.6975172, 36.3526593 ], [ 128.6975163, 36.3528148 ], [ 128.6970551, 36.352813 ], [ 128.6970555, 36.3527482 ], [ 128.6968348, 36.3527474 ], [ 128.696835600000014, 36.3526191 ] ] ] } },
{ "type": "Feature", "properties": { "element": "way", "id": 1184551449, "building": "apartments", "building:levels": "4", "name": "청아빌", "name:ko": "청아빌", "name:en": "Cheong-A Villa", "amenity": null, "shop": null, "office": null, "tourism": null, "healthcare": null, "addr:street": "동서5길", "addr:housenumber": "5", "centroid_x_5179": 1096079.5998483035, "centroid_y_5179": 1804891.8461606016, "footprint_area_m2": 430.91679675316561 }, "geometry": { "type": "Polygon", "coordinates": [ [ [ 128.5691177, 36.2365553 ], [ 128.56926150000001, 36.2365946 ], [ 128.5693302, 36.2365099 ], [ 128.569369, 36.2364327 ], [ 128.5692674, 36.2363906 ], [ 128.5692553, 36.236365 ], [ 128.569151, 36.2363472 ], [ 128.569115399999987, 36.2363737 ], [ 128.569127400000013, 36.2364686 ], [ 128.5691046, 36.2365484 ], [ 128.5691177, 36.2365553 ] ] ] } },
{ "type": "Feature", "properties": { "element": "way", "id": 1193065050, "building": "ruins", "building:levels": null, "name": "화장실 (전소됨)", "name:ko": "화장실 (전소됨)", "name:en": "Toilet (burned by fire)", "amenity": null, "shop": null, "office": null, "tourism": null, "healthcare": null, "addr:street": null, "addr:housenumber": null, "centroid_x_5179": 1115169.4999429458, "centroid_y_5179": 1824954.9040152568, "footprint_area_m2": 52.636775882497581 }, "geometry": { "type": "Polygon", "coordinates": [ [ [ 128.7845204, 36.4152066 ], [ 128.784536300000013, 36.4152497 ], [ 128.7846491, 36.4152228 ], [ 128.7846438, 36.4152082 ], [ 128.7846333, 36.4151797 ], [ 128.7845204, 36.4152066 ] ] ] } },
{ "type": "Feature", "properties": { "element": "way", "id": 1193065051, "building": "ruins", "building:levels": null, "name": null, "name:ko": null, "name:en": null, "amenity": null, "shop": null, "office": null, "tourism": null, "healthcare": null, "addr:street": null, "addr:housenumber": null, "centroid_x_5179": 1115186.0078300084, "centroid_y_5179": 1824950.2141538723, "footprint_area_m2": 91.386203025812193 }, "geometry": { "type": "Polygon", "coordinates": [ [ [ 128.7848342, 36.4151246 ], [ 128.7846817, 36.4151609 ], [ 128.784684199999987, 36.4151676 ], [ 128.784694699999989, 36.415196 ], [ 128.7847021, 36.4152163 ], [ 128.784854599999989, 36.41518 ], [ 128.7848342, 36.4151246 ] ] ] } },
{ "type": "Feature", "properties": { "element": "way", "id": 1206757020, "building": "yes", "building:levels": null, "name": null, "name:ko": null, "name:en": null, "amenity": null, "shop": null, "office": null, "tourism": null, "healthcare": null, "addr:street": null, "addr:housenumber": null, "centroid_x_5179": 1105462.3897686976, "centroid_y_5179": 1809079.5094125359, "footprint_area_m2": 643.69940438822277 }, "geometry": { "type": "Polygon", "coordinates": [ [ [ 128.674121500000012, 36.2731173 ], [ 128.674175, 36.2731073 ], [ 128.6742295, 36.2731123 ], [ 128.6742788, 36.2731318 ], [ 128.6743171, 36.2731635 ], [ 128.67434, 36.2732037 ], [ 128.6743448, 36.2732477 ], [ 128.674331099999989, 36.2732905 ], [ 128.6743003, 36.2733272 ], [ 128.674256, 36.2733533 ], [ 128.6742035, 36.273366 ], [ 128.674148699999989, 36.2733638 ], [ 128.674103, 36.2733493 ], [ 128.6740648, 36.2733243 ], [ 128.674037700000014, 36.2732913 ], [ 128.674024300000013, 36.2732532 ], [ 128.674025699999987, 36.2732136 ], [ 128.6740418, 36.2731762 ], [ 128.6740753, 36.2731412 ], [ 128.674121500000012, 36.2731173 ] ] ] } },
{ "type": "Feature", "properties": { "element": "way", "id": 1214362558, "building": "roof", "building:levels": null, "name": null, "name:ko": null, "name:en": null, "amenity": null, "shop": null, "office": null, "tourism": null, "healthcare": null, "addr:street": null, "addr:housenumber": null, "centroid_x_5179": 1107468.0730867269, "centroid_y_5179": 1810420.6670454806, "footprint_area_m2": 854.13250843659637 }, "geometry": { "type": "Polygon", "coordinates": [ [ [ 128.6970404, 36.2852076 ], [ 128.6969627, 36.2853084 ], [ 128.6963494, 36.2850012 ], [ 128.6964271, 36.2849003 ], [ 128.6970404, 36.2852076 ] ] ] } },
{ "type": "Feature", "properties": { "element": "way", "id": 1214450784, "building": "roof", "building:levels": null, "name": null, "name:ko": null, "name:en": null, "amenity": null, "shop": null, "office": null, "tourism": null, "healthcare": null, "addr:street": null, "addr:housenumber": null, "centroid_x_5179": 1107470.6686916847, "centroid_y_5179": 1810434.7550810953, "footprint_area_m2": 316.84003799520849 }, "geometry": { "type": "Polygon", "coordinates": [ [ [ 128.6969528, 36.2853054 ], [ 128.6965414, 36.2851007 ], [ 128.696498600000012, 36.2851567 ], [ 128.69691, 36.2853614 ], [ 128.6969528, 36.2853054 ] ] ] } },
{ "type": "Feature", "properties": { "element": "way", "id": 1251530669, "building": "yes", "building:levels": null, "name": "정자", "name:ko": null, "name:en": null, "amenity": "shelter", "shop": null, "office": null, "tourism": null, "healthcare": null, "addr:street": null, "addr:housenumber": null, "centroid_x_5179": 1107274.5868073646, "centroid_y_5179": 1816664.246230948, "footprint_area_m2": 116.68591870996515 }, "geometry": { "type": "Polygon", "coordinates": [ [ [ 128.6953986, 36.3414602 ], [ 128.695449700000012, 36.3414439 ], [ 128.6954714, 36.3414033 ], [ 128.6954512, 36.3413622 ], [ 128.695400799999987, 36.3413447 ], [ 128.6953498, 36.3413609 ], [ 128.695328, 36.3414015 ], [ 128.695348200000012, 36.3414426 ], [ 128.6953986, 36.3414602 ] ] ] } },
{ "type": "Feature", "properties": { "element": "way", "id": 1251530677, "building": "yes", "building:levels": null, "name": null, "name:ko": null, "name:en": null, "amenity": null, "shop": null, "office": null, "tourism": null, "healthcare": null, "addr:street": null, "addr:housenumber": null, "centroid_x_5179": 1106825.8758718809, "centroid_y_5179": 1818160.4012652321, "footprint_area_m2": 194.24963004214396 }, "geometry": { "type": "Polygon", "coordinates": [ [ [ 128.6905294, 36.3550037 ], [ 128.690665700000011, 36.355014 ], [ 128.6906823, 36.3548721 ], [ 128.6905461, 36.3548617 ], [ 128.6905294, 36.3550037 ] ] ] } },
{ "type": "Feature", "properties": { "element": "way", "id": 1265051873, "building": "yes", "building:levels": null, "name": null, "name:ko": null, "name:en": null, "amenity": null, "shop": null, "office": null, "tourism": null, "healthcare": null, "addr:street": "안평의성로", "addr:housenumber": "1122-26", "centroid_x_5179": 1106026.0758468034, "centroid_y_5179": 1818623.106930739, "footprint_area_m2": 1718.4552375139381 }, "geometry": { "type": "Polygon", "coordinates": [ [ [ 128.6813804, 36.359161 ], [ 128.681859300000013, 36.3594836 ], [ 128.682181, 36.3591739 ], [ 128.682053, 36.3590876 ], [ 128.681847800000014, 36.3592851 ], [ 128.6816169, 36.3591295 ], [ 128.681812, 36.3589417 ], [ 128.6816921, 36.3588609 ], [ 128.6813804, 36.359161 ] ] ] } },
{ "type": "Feature", "properties": { "element": "way", "id": 1265051875, "building": "yes", "building:levels": null, "name": "의성장애인복지센터", "name:ko": null, "name:en": null, "amenity": "social_facility", "shop": null, "office": null, "tourism": null, "healthcare": null, "addr:street": "잔보들길", "addr:housenumber": "130", "centroid_x_5179": 1105883.5285746187, "centroid_y_5179": 1818665.6093782715, "footprint_area_m2": 594.90245581816339 }, "geometry": { "type": "Polygon", "coordinates": [ [ [ 128.679942399999987, 36.3595323 ], [ 128.6803066, 36.3597612 ], [ 128.680405400000012, 36.3596592 ], [ 128.6800412, 36.3594303 ], [ 128.679942399999987, 36.3595323 ] ] ] } },
{ "type": "Feature", "properties": { "element": "way", "id": 1265051876, "building": "yes", "building:levels": null, "name": null, "name:ko": null, "name:en": null, "amenity": "social_facility", "shop": null, "office": null, "tourism": null, "healthcare": null, "addr:street": "잔보들길", "addr:housenumber": "130", "centroid_x_5179": 1105860.9520076998, "centroid_y_5179": 1818647.160890436, "footprint_area_m2": 221.92823898253334 }, "geometry": { "type": "Polygon", "coordinates": [ [ [ 128.6799322, 36.3595262 ], [ 128.680036199999989, 36.3594177 ], [ 128.6799074, 36.3593377 ], [ 128.6798034, 36.3594462 ], [ 128.6799322, 36.3595262 ] ] ] } },
{ "type": "Feature", "properties": { "element": "way", "id": 1265051880, "building": "yes", "building:levels": null, "name": null, "name:ko": null, "name:en": null, "amenity": null, "shop": null, "office": null, "tourism": null, "healthcare": null, "addr:street": "안평의성로", "addr:housenumber": "1122-38", "centroid_x_5179": 1105930.2711189627, "centroid_y_5179": 1818468.7774587164, "footprint_area_m2": 1278.1994608899995 }, "geometry": { "type": "Polygon", "coordinates": [ [ [ 128.6802827, 36.3578448 ], [ 128.6805426, 36.3575844 ], [ 128.6810385, 36.3579055 ], [ 128.6808775, 36.3580667 ], [ 128.6807679, 36.3579957 ], [ 128.6808231, 36.3579403 ], [ 128.6805628, 36.3577717 ], [ 128.6804084, 36.3579262 ], [ 128.6802827, 36.3578448 ] ] ] } },
{ "type": "Feature", "properties": { "element": "way", "id": 1265051885, "building": "yes", "building:levels": null, "name": null, "name:ko": null, "name:en": null, "amenity": null, "shop": null, "office": null, "tourism": null, "healthcare": null, "addr:street": null, "addr:housenumber": null, "centroid_x_5179": 1105864.8640032264, "centroid_y_5179": 1818564.1712353025, "footprint_area_m2": 1146.0498528335909 }, "geometry": { "type": "Polygon", "coordinates": [ [ [ 128.6796074, 36.3586314 ], [ 128.6797063, 36.3586953 ], [ 128.6797779, 36.3586234 ], [ 128.6798214, 36.3586515 ], [ 128.6797918, 36.3586812 ], [ 128.6799785, 36.3588018 ], [ 128.6799983, 36.3587819 ], [ 128.6800595, 36.3588214 ], [ 128.6799973, 36.3588839 ], [ 128.6800887, 36.3589429 ], [ 128.6802399, 36.3587909 ], [ 128.680108, 36.3587057 ], [ 128.680163599999986, 36.3586498 ], [ 128.6799435, 36.3585077 ], [ 128.6798843, 36.3585671 ], [ 128.679754699999989, 36.3584834 ], [ 128.6796074, 36.3586314 ] ] ] } },
{ "type": "Feature", "properties": { "element": "way", "id": 1265051886, "building": "yes", "building:levels": null, "name": null, "name:ko": null, "name:en": null, "amenity": null, "shop": null, "office": null, "tourism": null, "healthcare": null, "addr:street": "안평의성로", "addr:housenumber": "1122-36", "centroid_x_5179": 1105958.6132166912, "centroid_y_5179": 1818553.3844762845, "footprint_area_m2": 2205.5481805934273 }, "geometry": { "type": "Polygon", "coordinates": [ [ [ 128.6806517, 36.3586205 ], [ 128.6806814, 36.3585921 ], [ 128.6806388, 36.3585633 ], [ 128.680842, 36.3583685 ], [ 128.6808796, 36.358394 ], [ 128.681056399999989, 36.3582244 ], [ 128.6811577, 36.358293 ], [ 128.6811047, 36.3583438 ], [ 128.68115130000001, 36.3583753 ], [ 128.681186200000013, 36.358342 ], [ 128.681274800000011, 36.358402 ], [ 128.6812103, 36.3584638 ], [ 128.6813124, 36.3585329 ], [ 128.6812478, 36.3585947 ], [ 128.6811668, 36.3585399 ], [ 128.6811157, 36.3585888 ], [ 128.6809993, 36.35851 ], [ 128.680916700000012, 36.3585891 ], [ 128.6811184, 36.3587256 ], [ 128.681078899999989, 36.3587636 ], [ 128.6811017, 36.358779 ], [ 128.681202399999989, 36.3586825 ], [ 128.6813061, 36.3587525 ], [ 128.681116300000014, 36.3589346 ], [ 128.6806517, 36.3586205 ] ] ] } },
{ "type": "Feature", "properties": { "element": "way", "id": 1265051890, "building": "yes", "building:levels": null, "name": null, "name:ko": null, "name:en": null, "amenity": null, "shop": null, "office": null, "tourism": null, "healthcare": null, "addr:street": null, "addr:housenumber": null, "centroid_x_5179": 1106087.8780363093, "centroid_y_5179": 1818664.5871814701, "footprint_area_m2": 1744.848554385947 }, "geometry": { "type": "Polygon", "coordinates": [ [ [ 128.6820952, 36.3594997 ], [ 128.682725299999987, 36.3599236 ], [ 128.6828496, 36.3598038 ], [ 128.6823573, 36.3594728 ], [ 128.6825663, 36.3592712 ], [ 128.6824284, 36.3591785 ], [ 128.6820952, 36.3594997 ] ] ] } },
{ "type": "Feature", "properties": { "element": "way", "id": 1265051891, "building": "industrial", "building:levels": null, "name": null, "name:ko": null, "name:en": null, "amenity": null, "shop": null, "office": null, "tourism": null, "healthcare": null, "addr:street": "잔보들길", "addr:housenumber": "22", "centroid_x_5179": 1106061.6164309988, "centroid_y_5179": 1818444.3430965876, "footprint_area_m2": 1377.7774397634298 }, "geometry": { "type": "Polygon", "coordinates": [ [ [ 128.681775, 36.3574055 ], [ 128.6825437, 36.3575931 ], [ 128.682481700000011, 36.357758 ], [ 128.6817129, 36.3575704 ], [ 128.681775, 36.3574055 ] ] ] } },
{ "type": "Feature", "properties": { "element": "way", "id": 1265051892, "building": "industrial", "building:levels": null, "name": null, "name:ko": null, "name:en": null, "amenity": null, "shop": null, "office": null, "tourism": null, "healthcare": null, "addr:street": "잔보들길", "addr:housenumber": "22", "centroid_x_5179": 1106075.0061613931, "centroid_y_5179": 1818410.0088207775, "footprint_area_m2": 1876.4615647402788 }, "geometry": { "type": "Polygon", "coordinates": [ [ [ 128.681812, 36.3572799 ], [ 128.6825973, 36.357473 ], [ 128.682688500000012, 36.3572325 ], [ 128.6821496, 36.3570999 ], [ 128.6821242, 36.3571668 ], [ 128.681877899999989, 36.3571062 ], [ 128.681812, 36.3572799 ] ] ] } },
{ "type": "Feature", "properties": { "element": "way", "id": 1265051894, "building": "school", "building:levels": null, "name": null, "name:ko": null, "name:en": null, "amenity": null, "shop": null, "office": null, "tourism": null, "healthcare": null, "addr:street": null, "addr:housenumber": null, "centroid_x_5179": 1106997.2621370216, "centroid_y_5179": 1818909.3318553024, "footprint_area_m2": 896.38295575760992 }, "geometry": { "type": "Polygon", "coordinates": [ [ [ 128.692189500000012, 36.3616602 ], [ 128.6923442, 36.3616764 ], [ 128.69234, 36.3617024 ], [ 128.692394, 36.361708 ], [ 128.6923978, 36.3616847 ], [ 128.6925764, 36.3617035 ], [ 128.6925646, 36.3617765 ], [ 128.692689800000011, 36.3617896 ], [ 128.6927021, 36.3617138 ], [ 128.6930404, 36.3617494 ], [ 128.6930551, 36.3616587 ], [ 128.6922042, 36.3615694 ], [ 128.692189500000012, 36.3616602 ] ] ] } },
{ "type": "Feature", "properties": { "element": "way", "id": 1265051895, "building": "school", "building:levels": null, "name": null, "name:ko": null, "name:en": null, "amenity": null, "shop": null, "office": null, "tourism": null, "healthcare": null, "addr:street": null, "addr:housenumber": null, "centroid_x_5179": 1106975.6726027671, "centroid_y_5179": 1818939.8082742577, "footprint_area_m2": 511.21207840719291 }, "geometry": { "type": "Polygon", "coordinates": [ [ [ 128.6921413, 36.3619782 ], [ 128.6921576, 36.3618695 ], [ 128.6926231, 36.3619145 ], [ 128.6926068, 36.3620233 ], [ 128.6921413, 36.3619782 ] ] ] } },
{ "type": "Feature", "properties": { "element": "way", "id": 1265051896, "building": "school", "building:levels": null, "name": null, "name:ko": null, "name:en": null, "amenity": null, "shop": null, "office": null, "tourism": null, "healthcare": null, "addr:street": null, "addr:housenumber": null, "centroid_x_5179": 1107275.7500737342, "centroid_y_5179": 1818824.3669517178, "footprint_area_m2": 478.80998863775102 }, "geometry": { "type": "Polygon", "coordinates": [ [ [ 128.695728800000012, 36.3607115 ], [ 128.695871399999987, 36.360774 ], [ 128.6957064, 36.3610185 ], [ 128.6956519, 36.3609946 ], [ 128.6956347, 36.36102 ], [ 128.6955465, 36.3609814 ], [ 128.695728800000012, 36.3607115 ] ] ] } },
{ "type": "Feature", "properties": { "element": "way", "id": 1265051897, "building": "school", "building:levels": null, "name": null, "name:ko": null, "name:en": null, "amenity": null, "shop": null, "office": null, "tourism": null, "healthcare": null, "addr:street": null, "addr:housenumber": null, "centroid_x_5179": 1107301.0504653971, "centroid_y_5179": 1818887.8762912566, "footprint_area_m2": 1598.1809606907393 }, "geometry": { "type": "Polygon", "coordinates": [ [ [ 128.6954145, 36.3612434 ], [ 128.695571300000012, 36.3613131 ], [ 128.6955887, 36.3612876 ], [ 128.695609499999989, 36.3612969 ], [ 128.6955757, 36.3613463 ], [ 128.695754599999987, 36.3614258 ], [ 128.6957741, 36.3613974 ], [ 128.696081, 36.3615337 ], [ 128.6960939, 36.361515 ], [ 128.6961321, 36.361532 ], [ 128.6960875, 36.3615971 ], [ 128.696278799999988, 36.361682 ], [ 128.6963194, 36.3616228 ], [ 128.6963436, 36.3616335 ], [ 128.696323400000011, 36.361663 ], [ 128.696474599999988, 36.3617302 ], [ 128.696533499999987, 36.3616443 ], [ 128.6964036, 36.3615866 ], [ 128.6964332, 36.3615433 ], [ 128.6959745, 36.3613395 ], [ 128.6956486, 36.3611947 ], [ 128.695616, 36.3612422 ], [ 128.6954622, 36.3611738 ], [ 128.6954145, 36.3612434 ] ] ] } },
{ "type": "Feature", "properties": { "element": "way", "id": 1265051898, "building": "school", "building:levels": null, "name": null, "name:ko": null, "name:en": null, "amenity": null, "shop": null, "office": null, "tourism": null, "healthcare": null, "addr:street": null, "addr:housenumber": null, "centroid_x_5179": 1107385.7129109802, "centroid_y_5179": 1818863.3383516856, "footprint_area_m2": 959.20229715511925 }, "geometry": { "type": "Polygon", "coordinates": [ [ [ 128.696762, 36.3613258 ], [ 128.6967936, 36.361272 ], [ 128.69674040000001, 36.3612517 ], [ 128.696879700000011, 36.3610148 ], [ 128.6971438, 36.3611155 ], [ 128.6971106, 36.3611719 ], [ 128.697136199999989, 36.3611816 ], [ 128.6970341, 36.3613552 ], [ 128.6970149, 36.3613479 ], [ 128.69697930000001, 36.3614085 ], [ 128.696762, 36.3613258 ] ] ] } },
{ "type": "Feature", "properties": { "element": "way", "id": 1265051899, "building": "school", "building:levels": null, "name": null, "name:ko": null, "name:en": null, "amenity": null, "shop": null, "office": null, "tourism": null, "healthcare": null, "addr:street": null, "addr:housenumber": null, "centroid_x_5179": 1107364.8544443655, "centroid_y_5179": 1818910.3397867514, "footprint_area_m2": 178.7369226341296 }, "geometry": { "type": "Polygon", "coordinates": [ [ [ 128.6966088, 36.3616322 ], [ 128.696742699999987, 36.3615544 ], [ 128.696821699999987, 36.3616426 ], [ 128.6966878, 36.3617204 ], [ 128.6966088, 36.3616322 ] ] ] } },
{ "type": "Feature", "properties": { "element": "way", "id": 1265051900, "building": "school", "building:levels": null, "name": null, "name:ko": null, "name:en": null, "amenity": null, "shop": null, "office": null, "tourism": null, "healthcare": null, "addr:street": null, "addr:housenumber": null, "centroid_x_5179": 1107380.332068176, "centroid_y_5179": 1818898.7193205128, "footprint_area_m2": 214.48281152840843 }, "geometry": { "type": "Polygon", "coordinates": [ [ [ 128.696768, 36.3615446 ], [ 128.696910800000012, 36.3614369 ], [ 128.6970043, 36.3615172 ], [ 128.696861399999989, 36.361625 ], [ 128.696768, 36.3615446 ] ] ] } },
{ "type": "Feature", "properties": { "element": "way", "id": 1266349296, "building": "school", "building:levels": null, "name": null, "name:ko": null, "name:en": null, "amenity": null, "shop": null, "office": null, "tourism": null, "healthcare": null, "addr:street": null, "addr:housenumber": null, "centroid_x_5179": 1107722.6029781313, "centroid_y_5179": 1816771.0586971999, "footprint_area_m2": 1198.0241752823513 }, "geometry": { "type": "Polygon", "coordinates": [ [ [ 128.699755, 36.342237 ], [ 128.699780800000013, 36.3421479 ], [ 128.701015899999987, 36.3423801 ], [ 128.7009742, 36.3425239 ], [ 128.700897, 36.3425094 ], [ 128.7009129, 36.3424544 ], [ 128.699755, 36.342237 ] ] ] } },
{ "type": "Feature", "properties": { "element": "way", "id": 1266349297, "building": "school", "building:levels": null, "name": null, "name:ko": null, "name:en": null, "amenity": null, "shop": null, "office": null, "tourism": null, "healthcare": null, "addr:street": null, "addr:housenumber": null, "centroid_x_5179": 1107711.5018096101, "centroid_y_5179": 1816792.8619637119, "footprint_area_m2": 1252.7702353360971 }, "geometry": { "type": "Polygon", "coordinates": [ [ [ 128.6996689, 36.34234 ], [ 128.700930699999986, 36.3425919 ], [ 128.7009018, 36.3426858 ], [ 128.69964, 36.342434 ], [ 128.6996689, 36.34234 ] ] ] } },
{ "type": "Feature", "properties": { "element": "way", "id": 1266349298, "building": "school", "building:levels": null, "name": null, "name:ko": null, "name:en": null, "amenity": null, "shop": null, "office": null, "tourism": null, "healthcare": null, "addr:street": null, "addr:housenumber": null, "centroid_x_5179": 1107662.6694059717, "centroid_y_5179": 1818010.5219903456, "footprint_area_m2": 619.98763357096459 }, "geometry": { "type": "Polygon", "coordinates": [ [ [ 128.699590699999987, 36.3534527 ], [ 128.7002761, 36.3534381 ], [ 128.7002788, 36.3535197 ], [ 128.6997433, 36.3535311 ], [ 128.6997451, 36.3535857 ], [ 128.6996284, 36.3535882 ], [ 128.6996265, 36.3535316 ], [ 128.6995933, 36.3535323 ], [ 128.699590699999987, 36.3534527 ] ] ] } },
{ "type": "Feature", "properties": { "element": "way", "id": 1266349299, "building": "school", "building:levels": null, "name": null, "name:ko": null, "name:en": null, "amenity": null, "shop": null, "office": null, "tourism": null, "healthcare": null, "addr:street": null, "addr:housenumber": null, "centroid_x_5179": 1107686.2345520924, "centroid_y_5179": 1817982.7506178224, "footprint_area_m2": 434.06409579342073 }, "geometry": { "type": "Polygon", "coordinates": [ [ [ 128.7000721, 36.3531173 ], [ 128.700075, 36.3533254 ], [ 128.7001093, 36.3533251 ], [ 128.7001098, 36.3533619 ], [ 128.7002678, 36.3533605 ], [ 128.700265300000012, 36.3531734 ], [ 128.7002264, 36.3531737 ], [ 128.7002257, 36.353116 ], [ 128.7000721, 36.3531173 ] ] ] } },
{ "type": "Feature", "properties": { "element": "way", "id": 1266349300, "building": "school", "building:levels": null, "name": null, "name:ko": null, "name:en": null, "amenity": null, "shop": null, "office": null, "tourism": null, "healthcare": null, "addr:street": null, "addr:housenumber": null, "centroid_x_5179": 1107650.9876224271, "centroid_y_5179": 1817990.1238874479, "footprint_area_m2": 581.96790759567648 }, "geometry": { "type": "Polygon", "coordinates": [ [ [ 128.6995408, 36.3532601 ], [ 128.6998204, 36.3532572 ], [ 128.6998197, 36.353213 ], [ 128.699968399999989, 36.3532114 ], [ 128.6999715, 36.3534035 ], [ 128.699887499999988, 36.3534044 ], [ 128.699886600000013, 36.3533506 ], [ 128.6997675, 36.3533519 ], [ 128.699768299999988, 36.3533952 ], [ 128.6995961, 36.3533971 ], [ 128.6995952, 36.3533457 ], [ 128.6995422, 36.3533463 ], [ 128.6995408, 36.3532601 ] ] ] } },
{ "type": "Feature", "properties": { "element": "way", "id": 1266349302, "building": "school", "building:levels": null, "name": null, "name:ko": null, "name:en": null, "amenity": null, "shop": null, "office": null, "tourism": null, "healthcare": null, "addr:street": null, "addr:housenumber": null, "centroid_x_5179": 1107671.8094692011, "centroid_y_5179": 1818112.863301195, "footprint_area_m2": 1277.0361869790213 }, "geometry": { "type": "Polygon", "coordinates": [ [ [ 128.6994521, 36.354538 ], [ 128.7005494, 36.354191 ], [ 128.7005988, 36.3542924 ], [ 128.6995014, 36.3546392 ], [ 128.6994521, 36.354538 ] ] ] } },
{ "type": "Feature", "properties": { "element": "way", "id": 1266349303, "building": "school", "building:levels": null, "name": null, "name:ko": null, "name:en": null, "amenity": null, "shop": null, "office": null, "tourism": null, "healthcare": null, "addr:street": null, "addr:housenumber": null, "centroid_x_5179": 1107700.8854974161, "centroid_y_5179": 1818169.537745212, "footprint_area_m2": 1067.7456898503331 }, "geometry": { "type": "Polygon", "coordinates": [ [ [ 128.6998384, 36.355025 ], [ 128.700866600000012, 36.3547133 ], [ 128.7009018, 36.3547886 ], [ 128.700470599999989, 36.3549192 ], [ 128.7004943, 36.3549699 ], [ 128.7002129, 36.3550551 ], [ 128.7001928, 36.355012 ], [ 128.6998771, 36.3551076 ], [ 128.6998384, 36.355025 ] ] ] } },
{ "type": "Feature", "properties": { "element": "way", "id": 1266349304, "building": "school", "building:levels": null, "name": null, "name:ko": null, "name:en": null, "amenity": null, "shop": null, "office": null, "tourism": null, "healthcare": null, "addr:street": null, "addr:housenumber": null, "centroid_x_5179": 1107677.6435387046, "centroid_y_5179": 1818081.6930575902, "footprint_area_m2": 914.23464990601246 }, "geometry": { "type": "Polygon", "coordinates": [ [ [ 128.6996996, 36.3541863 ], [ 128.700421299999988, 36.353969 ], [ 128.700473100000011, 36.3540806 ], [ 128.6997514, 36.354298 ], [ 128.6996996, 36.3541863 ] ] ] } },
{ "type": "Feature", "properties": { "element": "way", "id": 1266349305, "building": "school", "building:levels": null, "name": null, "name:ko": null, "name:en": null, "amenity": null, "shop": null, "office": null, "tourism": null, "healthcare": null, "addr:street": null, "addr:housenumber": null, "centroid_x_5179": 1107733.9865381066, "centroid_y_5179": 1818128.5619004508, "footprint_area_m2": 477.76718139240927 }, "geometry": { "type": "Polygon", "coordinates": [ [ [ 128.700522400000011, 36.3545293 ], [ 128.7005792, 36.3546519 ], [ 128.7008035, 36.3545846 ], [ 128.70082690000001, 36.3546352 ], [ 128.7009114, 36.3546098 ], [ 128.700831099999988, 36.3544366 ], [ 128.700522400000011, 36.3545293 ] ] ] } },
{ "type": "Feature", "properties": { "element": "way", "id": 1266349306, "building": "school", "building:levels": null, "name": null, "name:ko": null, "name:en": null, "amenity": null, "shop": null, "office": null, "tourism": null, "healthcare": null, "addr:street": null, "addr:housenumber": null, "centroid_x_5179": 1107725.9525009815, "centroid_y_5179": 1818199.6665435843, "footprint_area_m2": 556.36232809299054 }, "geometry": { "type": "Polygon", "coordinates": [ [ [ 128.7004211, 36.3551797 ], [ 128.7004808, 36.3553106 ], [ 128.700877600000013, 36.3551932 ], [ 128.700841, 36.3551131 ], [ 128.700788100000011, 36.3551288 ], [ 128.7007649, 36.355078 ], [ 128.7004211, 36.3551797 ] ] ] } },
{ "type": "Feature", "properties": { "element": "way", "id": 1266349307, "building": "school", "building:levels": null, "name": null, "name:ko": null, "name:en": null, "amenity": null, "shop": null, "office": null, "tourism": null, "healthcare": null, "addr:street": null, "addr:housenumber": null, "centroid_x_5179": 1107688.9762621573, "centroid_y_5179": 1818205.2598322835, "footprint_area_m2": 381.00120649284082 }, "geometry": { "type": "Polygon", "coordinates": [ [ [ 128.7000625, 36.355228 ], [ 128.7003401, 36.3551434 ], [ 128.700396899999987, 36.3552639 ], [ 128.700119300000011, 36.3553486 ], [ 128.7000625, 36.355228 ] ] ] } },
{ "type": "Feature", "properties": { "element": "way", "id": 1266349308, "building": "school", "building:levels": null, "name": null, "name:ko": null, "name:en": null, "amenity": null, "shop": null, "office": null, "tourism": null, "healthcare": null, "addr:street": null, "addr:housenumber": null, "centroid_x_5179": 1107624.7949850797, "centroid_y_5179": 1818205.0849605924, "footprint_area_m2": 608.88423131328159 }, "geometry": { "type": "Polygon", "coordinates": [ [ [ 128.69939930000001, 36.3553934 ], [ 128.699422700000014, 36.3550991 ], [ 128.6996296, 36.3551097 ], [ 128.6996063, 36.3554041 ], [ 128.69939930000001, 36.3553934 ] ] ] } },
{ "type": "Feature", "properties": { "element": "way", "id": 1290409010, "building": "yes", "building:levels": null, "name": null, "name:ko": null, "name:en": null, "amenity": null, "shop": null, "office": null, "tourism": null, "healthcare": null, "addr:street": null, "addr:housenumber": null, "centroid_x_5179": 1117572.3520525869, "centroid_y_5179": 1822690.3774731942, "footprint_area_m2": 145.24950979503782 }, "geometry": { "type": "Polygon", "coordinates": [ [ [ 128.8110495, 36.3943951 ], [ 128.8109636, 36.3946164 ], [ 128.8110237, 36.3946315 ], [ 128.8111096, 36.3944102 ], [ 128.8110495, 36.3943951 ] ] ] } },
{ "type": "Feature", "properties": { "element": "way", "id": 1290409011, "building": "yes", "building:levels": null, "name": null, "name:ko": null, "name:en": null, "amenity": null, "shop": null, "office": null, "tourism": null, "healthcare": null, "addr:street": null, "addr:housenumber": null, "centroid_x_5179": 1117590.6952233093, "centroid_y_5179": 1822681.7954571019, "footprint_area_m2": 101.72195850023891 }, "geometry": { "type": "Polygon", "coordinates": [ [ [ 128.8111755, 36.3944026 ], [ 128.811167, 36.3944656 ], [ 128.811302399999988, 36.3944775 ], [ 128.811311, 36.3944145 ], [ 128.8112851, 36.3944122 ], [ 128.811287600000014, 36.3943936 ], [ 128.811203400000011, 36.3943862 ], [ 128.811200899999989, 36.3944048 ], [ 128.8111755, 36.3944026 ] ] ] } },
{ "type": "Feature", "properties": { "element": "way", "id": 1290409012, "building": "yes", "building:levels": null, "name": null, "name:ko": null, "name:en": null, "amenity": null, "shop": null, "office": null, "tourism": null, "healthcare": null, "addr:street": null, "addr:housenumber": null, "centroid_x_5179": 1117559.6450286712, "centroid_y_5179": 1822661.9065015162, "footprint_area_m2": 111.65426669695013 }, "geometry": { "type": "Polygon", "coordinates": [ [ [ 128.810829500000011, 36.3942072 ], [ 128.810806899999989, 36.3942801 ], [ 128.8109517, 36.3943093 ], [ 128.8109744, 36.3942364 ], [ 128.810829500000011, 36.3942072 ] ] ] } },
{ "type": "Feature", "properties": { "element": "way", "id": 1290409013, "building": "yes", "building:levels": null, "name": null, "name:ko": null, "name:en": null, "amenity": null, "shop": null, "office": null, "tourism": null, "healthcare": null, "addr:street": null, "addr:housenumber": null, "centroid_x_5179": 1117542.0018748988, "centroid_y_5179": 1822658.5960734796, "footprint_area_m2": 101.25092090665834 }, "geometry": { "type": "Polygon", "coordinates": [ [ [ 128.8106498, 36.3941748 ], [ 128.8106137, 36.3942453 ], [ 128.810737100000011, 36.3942863 ], [ 128.8107732, 36.3942159 ], [ 128.8106498, 36.3941748 ] ] ] } },
{ "type": "Feature", "properties": { "element": "way", "id": 1290409014, "building": "yes", "building:levels": null, "name": null, "name:ko": null, "name:en": null, "amenity": null, "shop": null, "office": null, "tourism": null, "healthcare": null, "addr:street": null, "addr:housenumber": null, "centroid_x_5179": 1117519.2401472521, "centroid_y_5179": 1822651.3231226483, "footprint_area_m2": 101.14576098877593 }, "geometry": { "type": "Polygon", "coordinates": [ [ [ 128.8105305, 36.3941802 ], [ 128.8103867, 36.3941055 ], [ 128.8103467, 36.3941554 ], [ 128.8104904, 36.3942301 ], [ 128.8105305, 36.3941802 ] ] ] } },
{ "type": "Feature", "properties": { "element": "way", "id": 1290409015, "building": "school", "building:levels": null, "name": null, "name:ko": null, "name:en": null, "amenity": null, "shop": null, "office": null, "tourism": null, "healthcare": null, "addr:street": null, "addr:housenumber": null, "centroid_x_5179": 1117518.0060792102, "centroid_y_5179": 1822665.014130454, "footprint_area_m2": 654.56116358489317 }, "geometry": { "type": "Polygon", "coordinates": [ [ [ 128.810159, 36.3940971 ], [ 128.8100967, 36.3941747 ], [ 128.8106948, 36.3944856 ], [ 128.810757099999989, 36.394408 ], [ 128.810159, 36.3940971 ] ] ] } },
{ "type": "Feature", "properties": { "element": "way", "id": 1293809117, "building": "yes", "building:levels": null, "name": null, "name:ko": null, "name:en": null, "amenity": null, "shop": null, "office": null, "tourism": null, "healthcare": null, "addr:street": null, "addr:housenumber": null, "centroid_x_5179": 1105131.9800772814, "centroid_y_5179": 1809475.1519474317, "footprint_area_m2": 647.19916550734342 }, "geometry": { "type": "Polygon", "coordinates": [ [ [ 128.67035150000001, 36.2769763 ], [ 128.67074980000001, 36.2768681 ], [ 128.670757900000012, 36.2766692 ], [ 128.6707002, 36.2766519 ], [ 128.6706103, 36.2767773 ], [ 128.6702885, 36.2768649 ], [ 128.67035150000001, 36.2769763 ] ] ] } },
{ "type": "Feature", "properties": { "element": "way", "id": 1293809119, "building": "yes", "building:levels": null, "name": "의성조문국박물관", "name:ko": null, "name:en": null, "amenity": null, "shop": null, "office": null, "tourism": "museum", "healthcare": null, "addr:street": null, "addr:housenumber": null, "centroid_x_5179": 1105024.8012679943, "centroid_y_5179": 1809449.7108003919, "footprint_area_m2": 1551.0741718534819 }, "geometry": { "type": "Polygon", "coordinates": [ [ [ 128.6692679, 36.276879 ], [ 128.6696729, 36.2766692 ], [ 128.6694127, 36.276373 ], [ 128.6690399, 36.2765719 ], [ 128.669104299999987, 36.2766389 ], [ 128.669273299999986, 36.276613 ], [ 128.6692893, 36.2766411 ], [ 128.6691552, 36.2766995 ], [ 128.6692679, 36.276879 ] ] ] } },
{ "type": "Feature", "properties": { "element": "way", "id": 1293809120, "building": "yes", "building:levels": null, "name": "민속유물전시관", "name:ko": null, "name:en": null, "amenity": null, "shop": null, "office": null, "tourism": "museum", "healthcare": null, "addr:street": null, "addr:housenumber": null, "centroid_x_5179": 1104950.688269689, "centroid_y_5179": 1809448.965007646, "footprint_area_m2": 606.23086279629251 }, "geometry": { "type": "Polygon", "coordinates": [ [ [ 128.6682873, 36.276656 ], [ 128.668510700000013, 36.2766686 ], [ 128.6685056, 36.2767268 ], [ 128.668606399999987, 36.2767325 ], [ 128.668611, 36.2766794 ], [ 128.668768699999987, 36.2766883 ], [ 128.6687789, 36.2765714 ], [ 128.668297, 36.2765442 ], [ 128.6682873, 36.276656 ] ] ] } },
{ "type": "Feature", "properties": { "element": "way", "id": 1306468701, "building": "yes", "building:levels": null, "name": "운용사", "name:ko": null, "name:en": null, "amenity": "place_of_worship", "shop": null, "office": null, "tourism": null, "healthcare": null, "addr:street": null, "addr:housenumber": null, "centroid_x_5179": 1117616.7227043821, "centroid_y_5179": 1821592.0657881938, "footprint_area_m2": 161.3737260088555 }, "geometry": { "type": "Polygon", "coordinates": [ [ [ 128.8113866, 36.3846899 ], [ 128.8114674, 36.3846181 ], [ 128.8113434, 36.3845277 ], [ 128.8112625, 36.3845995 ], [ 128.8113866, 36.3846899 ] ] ] } },
{ "type": "Feature", "properties": { "element": "way", "id": 1339392364, "building": "school", "building:levels": null, "name": null, "name:ko": null, "name:en": null, "amenity": null, "shop": null, "office": null, "tourism": null, "healthcare": null, "addr:street": null, "addr:housenumber": null, "centroid_x_5179": 1117243.5529623029, "centroid_y_5179": 1822628.4968883262, "footprint_area_m2": 758.53633639746874 }, "geometry": { "type": "Polygon", "coordinates": [ [ [ 128.8069827, 36.3940515 ], [ 128.806984699999987, 36.3939517 ], [ 128.8077409, 36.3939386 ], [ 128.8077307, 36.3940417 ], [ 128.8069827, 36.3940515 ] ] ] } },
{ "type": "Feature", "properties": { "element": "way", "id": 1370882367, "building": "yes", "building:levels": null, "name": null, "name:ko": null, "name:en": null, "amenity": null, "shop": null, "office": null, "tourism": null, "healthcare": null, "addr:street": null, "addr:housenumber": null, "centroid_x_5179": 1099231.6813831879, "centroid_y_5179": 1818742.8502153398, "footprint_area_m2": 88.956976776742465 }, "geometry": { "type": "Polygon", "coordinates": [ [ [ 128.6060072, 36.3610575 ], [ 128.60603230000001, 36.3609355 ], [ 128.606103600000012, 36.360945 ], [ 128.6060785, 36.361067 ], [ 128.6060072, 36.3610575 ] ] ] } },
{ "type": "Feature", "properties": { "element": "way", "id": 1370882368, "building": "yes", "building:levels": null, "name": null, "name:ko": null, "name:en": null, "amenity": null, "shop": null, "office": null, "tourism": null, "healthcare": null, "addr:street": null, "addr:housenumber": null, "centroid_x_5179": 1099240.8905090033, "centroid_y_5179": 1818745.3630750671, "footprint_area_m2": 40.513958502149912 }, "geometry": { "type": "Polygon", "coordinates": [ [ [ 128.606121699999989, 36.3610523 ], [ 128.6061359, 36.3609854 ], [ 128.606195, 36.3609936 ], [ 128.6061808, 36.3610605 ], [ 128.606121699999989, 36.3610523 ] ] ] } },
{ "type": "Feature", "properties": { "element": "way", "id": 1370882369, "building": "yes", "building:levels": null, "name": null, "name:ko": null, "name:en": null, "amenity": null, "shop": null, "office": null, "tourism": null, "healthcare": null, "addr:street": null, "addr:housenumber": null, "centroid_x_5179": 1099250.4273928269, "centroid_y_5179": 1818758.4358343957, "footprint_area_m2": 46.415556477710744 }, "geometry": { "type": "Polygon", "coordinates": [ [ [ 128.6062066, 36.3611508 ], [ 128.6062177, 36.3611097 ], [ 128.606326, 36.3611288 ], [ 128.6063149, 36.3611699 ], [ 128.6062066, 36.3611508 ] ] ] } },
{ "type": "Feature", "properties": { "element": "way", "id": 1370882370, "building": "yes", "building:levels": null, "name": null, "name:ko": null, "name:en": null, "amenity": null, "shop": null, "office": null, "tourism": null, "healthcare": null, "addr:street": null, "addr:housenumber": null, "centroid_x_5179": 1099280.1187609753, "centroid_y_5179": 1818760.2465733194, "footprint_area_m2": 67.113952484307475 }, "geometry": { "type": "Polygon", "coordinates": [ [ [ 128.606545399999987, 36.3611844 ], [ 128.6065653, 36.3611076 ], [ 128.6066494, 36.3611217 ], [ 128.6066296, 36.3611985 ], [ 128.606545399999987, 36.3611844 ] ] ] } },
{ "type": "Feature", "properties": { "element": "way", "id": 1372113443, "building": "yes", "building:levels": null, "name": null, "name:ko": null, "name:en": null, "amenity": null, "shop": null, "office": null, "tourism": null, "healthcare": null, "addr:street": null, "addr:housenumber": null, "centroid_x_5179": 1107851.3349900139, "centroid_y_5179": 1818564.7092916113, "footprint_area_m2": 3271.2621911075648 }, "geometry": { "type": "Polygon", "coordinates": [ [ [ 128.7021747, 36.3588972 ], [ 128.702436299999988, 36.3588348 ], [ 128.702159599999987, 36.3580825 ], [ 128.7021016, 36.3580964 ], [ 128.7020839, 36.3580481 ], [ 128.701792, 36.3581177 ], [ 128.701808699999987, 36.3581632 ], [ 128.701752, 36.3581768 ], [ 128.7019774, 36.3587907 ], [ 128.702036600000014, 36.3587767 ], [ 128.7020465, 36.3588038 ], [ 128.7021327, 36.3587832 ], [ 128.7021747, 36.3588972 ] ] ] } },
{ "type": "Feature", "properties": { "element": "way", "id": 1531894777, "building": "roof", "building:levels": null, "name": null, "name:ko": null, "name:en": null, "amenity": null, "shop": null, "office": null, "tourism": null, "healthcare": null, "addr:street": null, "addr:housenumber": null, "centroid_x_5179": 1095572.4060745267, "centroid_y_5179": 1800885.0475966088, "footprint_area_m2": 360.75332751357701 }, "geometry": { "type": "Polygon", "coordinates": [ [ [ 128.5629221, 36.2003486 ], [ 128.5629224, 36.2004567 ], [ 128.563257, 36.200456 ], [ 128.563256700000011, 36.2003479 ], [ 128.5629221, 36.2003486 ] ] ] } },
{ "type": "Feature", "properties": { "element": "way", "id": 1531901352, "building": "roof", "building:levels": null, "name": null, "name:ko": null, "name:en": null, "amenity": null, "shop": null, "office": null, "tourism": null, "healthcare": null, "addr:street": null, "addr:housenumber": null, "centroid_x_5179": 1100871.7220102604, "centroid_y_5179": 1831531.5975134242, "footprint_area_m2": 371.02086062739005 }, "geometry": { "type": "Polygon", "coordinates": [ [ [ 128.6258134, 36.4760937 ], [ 128.625857, 36.4761984 ], [ 128.6261776, 36.4761121 ], [ 128.626133900000013, 36.4760074 ], [ 128.6258134, 36.4760937 ] ] ] } }
]
}
