{
"type": "FeatureCollection",
"name": "vegetation",
"crs": { "type": "name", "properties": { "name": "urn:ogc:def:crs:OGC:1.3:CRS84" } },
"features": [
{ "type": "Feature", "properties": { "natural": "wood", "name": null }, "geometry": { "type": "Polygon", "coordinates": [ [ [ 129.3849851, 36.4260211 ], [ 129.3845368, 36.4258032 ], [ 129.3844434, 36.425202 ], [ 129.3840324, 36.4244354 ], [ 129.3838643, 36.4236763 ], [ 129.3838456, 36.4232555 ], [ 129.383892300000014, 36.4226768 ], [ 129.3837802, 36.4222033 ], [ 129.3835748, 36.4221732 ], [ 129.3833319, 36.4224062 ], [ 129.3830611, 36.4223912 ], [ 129.3831918, 36.4218952 ], [ 129.3835187, 36.4216472 ], [ 129.3837149, 36.4213691 ], [ 129.3836495, 36.4210008 ], [ 129.3834066, 36.4205875 ], [ 129.382977, 36.4200989 ], [ 129.3828743, 36.4198208 ], [ 129.382444600000014, 36.4194977 ], [ 129.381949600000013, 36.4197607 ], [ 129.3816134, 36.4202267 ], [ 129.3814826, 36.4206476 ], [ 129.3812584, 36.4209181 ], [ 129.381015600000012, 36.4211812 ], [ 129.381015600000012, 36.4213991 ], [ 129.380651300000011, 36.4214818 ], [ 129.3801843, 36.4212639 ], [ 129.3802404, 36.4207603 ], [ 129.3807354, 36.4204371 ], [ 129.3804926, 36.4201816 ], [ 129.380266299999988, 36.4195714 ], [ 129.3802361, 36.4188218 ], [ 129.3801116, 36.4185237 ], [ 129.3802071, 36.4183915 ], [ 129.380225700000011, 36.4182602 ], [ 129.3801353, 36.4179297 ], [ 129.3805486, 36.41707 ], [ 129.3804739, 36.4168295 ], [ 129.380126, 36.4164518 ], [ 129.3799041, 36.4163485 ], [ 129.3796146, 36.4162207 ], [ 129.3793904, 36.4161155 ], [ 129.3791215, 36.4160562 ], [ 129.3790778, 36.4161231 ], [ 129.3787479, 36.4167703 ], [ 129.378394, 36.4169583 ], [ 129.3779552, 36.4174596 ], [ 129.377757, 36.4178184 ], [ 129.3777074, 36.418519 ], [ 129.377728600000012, 36.418764 ], [ 129.3779198, 36.4189405 ], [ 129.378167499999989, 36.4191342 ], [ 129.3786772, 36.4195158 ], [ 129.3786347, 36.4198006 ], [ 129.3782029, 36.4199145 ], [ 129.377764, 36.4196525 ], [ 129.3776508, 36.4197778 ], [ 129.377728600000012, 36.4200968 ], [ 129.3778136, 36.4209113 ], [ 129.3779453, 36.421317 ], [ 129.3781678, 36.4213738 ], [ 129.3786909, 36.4217045 ], [ 129.3790832, 36.422426 ], [ 129.379419399999989, 36.4242297 ], [ 129.3796659, 36.424891 ], [ 129.3798726, 36.4252935 ], [ 129.3801138, 36.4258662 ], [ 129.3804359, 36.4267888 ], [ 129.3810641, 36.4263266 ], [ 129.3816003, 36.4266404 ], [ 129.3823992, 36.4266245 ], [ 129.382314799999989, 36.4268901 ], [ 129.3816984, 36.4273861 ], [ 129.3811748, 36.4278897 ], [ 129.381452200000012, 36.4287215 ], [ 129.3822559, 36.4284055 ], [ 129.382838, 36.4294607 ], [ 129.383563400000014, 36.4290739 ], [ 129.3840141, 36.4295572 ], [ 129.38284920000001, 36.4300555 ], [ 129.3829244, 36.4315668 ], [ 129.383101399999987, 36.4321993 ], [ 129.383529, 36.4325413 ], [ 129.3847619, 36.4336234 ], [ 129.3856585, 36.4344499 ], [ 129.386275, 36.4356071 ], [ 129.387261200000012, 36.436835 ], [ 129.3877765, 36.4365337 ], [ 129.3878635, 36.4362805 ], [ 129.387925200000012, 36.4359979 ], [ 129.388073, 36.4357848 ], [ 129.388184, 36.4353733 ], [ 129.3883941, 36.4350984 ], [ 129.3887173, 36.4348968 ], [ 129.3889735, 36.4350904 ], [ 129.3887547, 36.4353553 ], [ 129.3885167, 36.4357706 ], [ 129.3883716, 36.4361457 ], [ 129.388184599999988, 36.4363524 ], [ 129.3878287, 36.4366011 ], [ 129.387869599999988, 36.436693 ], [ 129.387456, 36.4369591 ], [ 129.3877138, 36.4371393 ], [ 129.388029100000011, 36.4369141 ], [ 129.3885515, 36.4374717 ], [ 129.388252200000011, 36.4376142 ], [ 129.388369899999987, 36.4377922 ], [ 129.3886694, 36.4378271 ], [ 129.3890477, 36.4382181 ], [ 129.3894388, 36.4381098 ], [ 129.389777400000014, 36.4382709 ], [ 129.3904081, 36.438822 ], [ 129.3922508, 36.4410203 ], [ 129.3926984, 36.4418595 ], [ 129.3928918, 36.4417619 ], [ 129.393259699999987, 36.4413591 ], [ 129.3936429, 36.4413865 ], [ 129.393961499999989, 36.4410997 ], [ 129.394348400000013, 36.4406755 ], [ 129.3947239, 36.4402819 ], [ 129.394792200000012, 36.4403093 ], [ 129.3946822, 36.4407243 ], [ 129.394257399999987, 36.4413804 ], [ 129.393862899999988, 36.4417222 ], [ 129.393555600000013, 36.4417283 ], [ 129.39302570000001, 36.4421134 ], [ 129.393612600000012, 36.4426677 ], [ 129.3940783, 36.4426215 ], [ 129.3946971, 36.4428062 ], [ 129.3946269, 36.4429499 ], [ 129.393650900000011, 36.4430679 ], [ 129.394199500000013, 36.4436222 ], [ 129.3953797, 36.4445305 ], [ 129.3962728, 36.4452336 ], [ 129.3971277, 36.4459007 ], [ 129.3977528, 36.4466089 ], [ 129.3983589, 36.4470964 ], [ 129.39962460000001, 36.4483375 ], [ 129.40010860000001, 36.4487367 ], [ 129.4007509, 36.4493553 ], [ 129.4014912, 36.449539 ], [ 129.4019824, 36.4489848 ], [ 129.4023971, 36.4487795 ], [ 129.402881900000011, 36.4478661 ], [ 129.40174, 36.4476301 ], [ 129.401791, 36.4475582 ], [ 129.402996699999989, 36.4476352 ], [ 129.4033603, 36.4472401 ], [ 129.403800499999988, 36.4472401 ], [ 129.4038069, 36.4477122 ], [ 129.4033157, 36.4478918 ], [ 129.4028946, 36.4489899 ], [ 129.403313200000014, 36.4493132 ], [ 129.403371, 36.4495083 ], [ 129.4035153, 36.4497267 ], [ 129.4036251, 36.4499264 ], [ 129.40376950000001, 36.4503027 ], [ 129.4037175, 36.4504049 ], [ 129.403492199999988, 36.4505164 ], [ 129.403226600000011, 36.4506511 ], [ 129.403226600000011, 36.4507905 ], [ 129.403446, 36.4509206 ], [ 129.4037406, 36.4509717 ], [ 129.4040467, 36.4509624 ], [ 129.4044394, 36.4507301 ], [ 129.404941900000011, 36.4504932 ], [ 129.405398100000014, 36.4500704 ], [ 129.405646499999989, 36.450024 ], [ 129.405941, 36.4499543 ], [ 129.406310600000012, 36.4498196 ], [ 129.4066456, 36.4496012 ], [ 129.4066745, 36.4494944 ], [ 129.4064435, 36.4494386 ], [ 129.4062413, 36.4493457 ], [ 129.4061374, 36.4492063 ], [ 129.4062413, 36.4491181 ], [ 129.406576300000012, 36.4491552 ], [ 129.4067842, 36.4492667 ], [ 129.4069921, 36.44942 ], [ 129.4072578, 36.4492528 ], [ 129.407373299999989, 36.4491506 ], [ 129.407587, 36.4487325 ], [ 129.4077776, 36.4485885 ], [ 129.408025900000013, 36.4483608 ], [ 129.408291600000013, 36.4481425 ], [ 129.408551499999987, 36.4480774 ], [ 129.4088807, 36.4480124 ], [ 129.409273399999989, 36.4482308 ], [ 129.4093832, 36.4484212 ], [ 129.4095969, 36.4485513 ], [ 129.4099492, 36.4486396 ], [ 129.410359199999988, 36.4486582 ], [ 129.4110234, 36.4486442 ], [ 129.4112891, 36.4485467 ], [ 129.4136313, 36.446694 ], [ 129.4137033, 36.4465676 ], [ 129.4136269, 36.4463904 ], [ 129.4137783, 36.4461866 ], [ 129.413968899999986, 36.4460565 ], [ 129.4147659, 36.4454108 ], [ 129.4147659, 36.4452481 ], [ 129.4145522, 36.4451088 ], [ 129.4142114, 36.4450251 ], [ 129.413714700000014, 36.4450066 ], [ 129.413345099999987, 36.4449647 ], [ 129.4131949, 36.4448114 ], [ 129.4132989, 36.4446628 ], [ 129.413628100000011, 36.4444955 ], [ 129.4139284, 36.4444537 ], [ 129.4142981, 36.444621 ], [ 129.414609899999988, 36.4446813 ], [ 129.4152568, 36.4446488 ], [ 129.415614799999986, 36.4447325 ], [ 129.416221299999989, 36.4449508 ], [ 129.416498499999989, 36.4450298 ], [ 129.416590899999989, 36.4449601 ], [ 129.4163657, 36.4447836 ], [ 129.41642920000001, 36.4445187 ], [ 129.4163772, 36.4442957 ], [ 129.416775699999988, 36.4439798 ], [ 129.4169143, 36.4438683 ], [ 129.4168046, 36.4436314 ], [ 129.4165505, 36.4431575 ], [ 129.4163021, 36.4428648 ], [ 129.415817, 36.4426232 ], [ 129.415776599999987, 36.4424513 ], [ 129.415765, 36.4422283 ], [ 129.415869, 36.4418008 ], [ 129.415880499999986, 36.4416243 ], [ 129.416238600000014, 36.4414895 ], [ 129.4162155, 36.4412433 ], [ 129.415886300000011, 36.4412015 ], [ 129.415326099999987, 36.4411875 ], [ 129.414916, 36.4411225 ], [ 129.4141415, 36.4411502 ], [ 129.41397280000001, 36.4413103 ], [ 129.4139605, 36.4416474 ], [ 129.4138557, 36.4418358 ], [ 129.4138927, 36.4423166 ], [ 129.413868, 36.4425992 ], [ 129.41378180000001, 36.4431593 ], [ 129.41378180000001, 36.4433378 ], [ 129.4136277, 36.4434319 ], [ 129.4134244, 36.4434369 ], [ 129.413221, 36.4432485 ], [ 129.4131224, 36.4429759 ], [ 129.4131286, 36.4427231 ], [ 129.4128086, 36.4426679 ], [ 129.4127243, 36.4426242 ], [ 129.412757699999986, 36.4424449 ], [ 129.4125367, 36.44217 ], [ 129.4126172, 36.4418544 ], [ 129.412887899999987, 36.4416328 ], [ 129.4130238, 36.4413351 ], [ 129.4128205, 36.4412211 ], [ 129.412831399999988, 36.4410875 ], [ 129.4121409, 36.4409398 ], [ 129.411913700000014, 36.4408176 ], [ 129.41112050000001, 36.4400342 ], [ 129.410968, 36.4397044 ], [ 129.411162499999989, 36.4396533 ], [ 129.4110058, 36.4393862 ], [ 129.410876300000012, 36.439163 ], [ 129.410785299999986, 36.4389211 ], [ 129.4106764, 36.4387541 ], [ 129.4104151, 36.4385384 ], [ 129.410201, 36.4384054 ], [ 129.4099165, 36.438302 ], [ 129.409730200000013, 36.4382036 ], [ 129.4096097, 36.4381033 ], [ 129.409251399999988, 36.4380409 ], [ 129.4084947, 36.4388763 ], [ 129.408263, 36.4391644 ], [ 129.408071799999988, 36.4390969 ], [ 129.408026400000011, 36.4392282 ], [ 129.4080818, 36.4396744 ], [ 129.4078107, 36.4397289 ], [ 129.4075334, 36.4396992 ], [ 129.4075149, 36.4394811 ], [ 129.4076628, 36.4392084 ], [ 129.407823, 36.4389705 ], [ 129.4079216, 36.4388267 ], [ 129.4077984, 36.4386929 ], [ 129.4077183, 36.4383211 ], [ 129.4078045, 36.4381128 ], [ 129.4077984, 36.4379344 ], [ 129.4077306, 36.4374981 ], [ 129.4076073, 36.4373345 ], [ 129.4074286, 36.4372304 ], [ 129.4074334, 36.4370881 ], [ 129.407844, 36.4370347 ], [ 129.40805180000001, 36.4369334 ], [ 129.4089399, 36.4365397 ], [ 129.4090969, 36.4365218 ], [ 129.409891499999986, 36.4366414 ], [ 129.4100493, 36.4366379 ], [ 129.410193, 36.4365895 ], [ 129.41032, 36.4365229 ], [ 129.4104226, 36.4364445 ], [ 129.4105197, 36.436328 ], [ 129.410693900000012, 36.4360552 ], [ 129.4108483, 36.4357795 ], [ 129.410907900000012, 36.4356136 ], [ 129.4109387, 36.4354981 ], [ 129.4109172, 36.4353917 ], [ 129.4108583, 36.4352733 ], [ 129.4107826, 36.4351727 ], [ 129.4105451, 36.4350126 ], [ 129.4101377, 36.4350078 ], [ 129.409986800000013, 36.4350086 ], [ 129.4097162, 36.4350941 ], [ 129.4096094, 36.4349373 ], [ 129.4097186, 36.4348753 ], [ 129.4096896, 36.4345941 ], [ 129.4094005, 36.4343997 ], [ 129.4091713, 36.4339189 ], [ 129.4090948, 36.4339883 ], [ 129.408443799999986, 36.4336991 ], [ 129.4083899, 36.4339089 ], [ 129.4086241, 36.4340824 ], [ 129.408809, 36.4342757 ], [ 129.4092233, 36.4353956 ], [ 129.4093116, 36.4354916 ], [ 129.409435, 36.4355503 ], [ 129.4097764, 36.4355349 ], [ 129.409856499999989, 36.4358126 ], [ 129.4096532, 36.436001 ], [ 129.409369700000013, 36.4360704 ], [ 129.4090862, 36.4360604 ], [ 129.4086857, 36.4360158 ], [ 129.408260500000011, 36.4360257 ], [ 129.4081866, 36.4359415 ], [ 129.4082544, 36.4356936 ], [ 129.4082359, 36.4352127 ], [ 129.408223600000014, 36.435059 ], [ 129.4080387, 36.4349103 ], [ 129.4077306, 36.4346277 ], [ 129.407786, 36.4343947 ], [ 129.4079524, 36.4341468 ], [ 129.4080079, 36.4340229 ], [ 129.407644299999987, 36.4339882 ], [ 129.407459499999987, 36.4339683 ], [ 129.406689199999988, 36.4337056 ], [ 129.406547499999988, 36.4338692 ], [ 129.4062394, 36.434365 ], [ 129.4060791, 36.4348657 ], [ 129.405826499999989, 36.4351433 ], [ 129.40558, 36.4354606 ], [ 129.4053582, 36.4357134 ], [ 129.405148700000012, 36.4357233 ], [ 129.404933, 36.4355944 ], [ 129.40509320000001, 36.4353614 ], [ 129.405284200000011, 36.4350541 ], [ 129.4055492, 36.4344691 ], [ 129.4056909, 36.4342658 ], [ 129.4057587, 36.4339287 ], [ 129.4059497, 36.4335866 ], [ 129.4063195, 36.4332544 ], [ 129.4063256, 36.4330363 ], [ 129.4062394, 36.4328479 ], [ 129.4054999, 36.4328876 ], [ 129.405382800000012, 36.4325405 ], [ 129.4052288, 36.4322778 ], [ 129.40500080000001, 36.4320249 ], [ 129.4047543, 36.4317175 ], [ 129.404569400000014, 36.4314994 ], [ 129.404181200000011, 36.4312812 ], [ 129.4037745, 36.4315539 ], [ 129.4035034, 36.4314944 ], [ 129.4034787, 36.4312862 ], [ 129.4034356, 36.4307805 ], [ 129.4031645, 36.4305177 ], [ 129.402794699999987, 36.4304087 ], [ 129.4024743, 36.4304483 ], [ 129.4020368, 36.4305326 ], [ 129.401642399999986, 36.4304434 ], [ 129.401451400000013, 36.43025 ], [ 129.4010509, 36.4301856 ], [ 129.400644199999988, 36.4299972 ], [ 129.4002313, 36.4298782 ], [ 129.3999294, 36.4299079 ], [ 129.3989866, 36.4301112 ], [ 129.3987894, 36.4301062 ], [ 129.3980876, 36.4301255 ], [ 129.3976556, 36.430131 ], [ 129.39726730000001, 36.4304037 ], [ 129.3971467, 36.4305273 ], [ 129.3969064, 36.4309761 ], [ 129.3968448, 36.4312934 ], [ 129.3969064, 36.4315513 ], [ 129.3972762, 36.4318983 ], [ 129.3978061, 36.4321958 ], [ 129.3982005, 36.4326816 ], [ 129.3983484, 36.4330782 ], [ 129.3985456, 36.4334649 ], [ 129.398841299999987, 36.4337227 ], [ 129.3994822, 36.4340797 ], [ 129.399469900000014, 36.4342879 ], [ 129.3991987, 36.4343772 ], [ 129.3987181, 36.4344862 ], [ 129.398656499999987, 36.4349027 ], [ 129.3988167, 36.4352596 ], [ 129.3989276, 36.4356066 ], [ 129.398792, 36.4360627 ], [ 129.398792, 36.4364395 ], [ 129.3983853, 36.4368262 ], [ 129.397991, 36.4374607 ], [ 129.3978554, 36.4378772 ], [ 129.3977322, 36.4382341 ], [ 129.3976829, 36.4386307 ], [ 129.3977198, 36.4389579 ], [ 129.398644100000013, 36.4395428 ], [ 129.3991125, 36.4396023 ], [ 129.3999382, 36.4393049 ], [ 129.4006776, 36.438948 ], [ 129.400961099999989, 36.438948 ], [ 129.40099810000001, 36.4391958 ], [ 129.400813199999988, 36.4393842 ], [ 129.4008748, 36.4396519 ], [ 129.400653, 36.4398601 ], [ 129.3999382, 36.4401774 ], [ 129.3998889, 36.4403856 ], [ 129.4000491, 36.4407921 ], [ 129.399704, 36.44103 ], [ 129.3990015, 36.4415357 ], [ 129.398989199999988, 36.4417835 ], [ 129.39917410000001, 36.4423883 ], [ 129.399223400000011, 36.4429435 ], [ 129.3990508, 36.4431715 ], [ 129.3986195, 36.4429633 ], [ 129.3984839, 36.4424775 ], [ 129.398459300000013, 36.4420413 ], [ 129.398360700000012, 36.4416546 ], [ 129.3983237, 36.4406533 ], [ 129.3982374, 36.4401377 ], [ 129.397978599999988, 36.4398304 ], [ 129.397350100000011, 36.439404 ], [ 129.3973378, 36.4386505 ], [ 129.397350100000011, 36.4382539 ], [ 129.3971036, 36.4379763 ], [ 129.3969804, 36.4371236 ], [ 129.3969434, 36.4366676 ], [ 129.3969434, 36.4362313 ], [ 129.3967462, 36.4360132 ], [ 129.3966476, 36.4363503 ], [ 129.396733899999987, 36.4367568 ], [ 129.396635300000014, 36.4369551 ], [ 129.3964011, 36.437203 ], [ 129.3962656, 36.4373715 ], [ 129.395920499999988, 36.4372724 ], [ 129.39610540000001, 36.4369154 ], [ 129.3963291, 36.4357091 ], [ 129.3962656, 36.4355199 ], [ 129.3962491, 36.4352327 ], [ 129.3961964, 36.4350272 ], [ 129.3959575, 36.434569 ], [ 129.3955814, 36.4340763 ], [ 129.3951892, 36.4338173 ], [ 129.3948423, 36.4336692 ], [ 129.3946441, 36.433692 ], [ 129.3944318, 36.4338514 ], [ 129.39410620000001, 36.4341077 ], [ 129.393681500000014, 36.4343867 ], [ 129.393547, 36.4346772 ], [ 129.3935399, 36.4350018 ], [ 129.3934903, 36.4352467 ], [ 129.393313400000011, 36.4352125 ], [ 129.393249700000013, 36.4349164 ], [ 129.3932284, 36.434569 ], [ 129.3932284, 36.4343013 ], [ 129.393051500000013, 36.4342842 ], [ 129.3921154, 36.434005 ], [ 129.3922633, 36.4338612 ], [ 129.3922694, 36.433653 ], [ 129.392244799999986, 36.433539 ], [ 129.3918319, 36.4335588 ], [ 129.3917087, 36.4333307 ], [ 129.3916594, 36.4331126 ], [ 129.3916286, 36.4327259 ], [ 129.3915546, 36.4324235 ], [ 129.3916347, 36.4322549 ], [ 129.3918689, 36.4323194 ], [ 129.392096900000013, 36.4325226 ], [ 129.3924974, 36.4324681 ], [ 129.3928487, 36.4324681 ], [ 129.3929719, 36.4325722 ], [ 129.393249200000014, 36.4330035 ], [ 129.3930952, 36.4331076 ], [ 129.3928918, 36.4333109 ], [ 129.3931198, 36.4333654 ], [ 129.3935203, 36.4332316 ], [ 129.3938038, 36.4330928 ], [ 129.3943769, 36.4326664 ], [ 129.3945617, 36.4324582 ], [ 129.3947158, 36.4322004 ], [ 129.3949561, 36.4318732 ], [ 129.395186, 36.4315128 ], [ 129.395484399999987, 36.4310705 ], [ 129.3957646, 36.4307248 ], [ 129.396035399999988, 36.4304693 ], [ 129.396418399999988, 36.4301462 ], [ 129.3968854, 36.4299508 ], [ 129.3974178, 36.4298005 ], [ 129.3977969, 36.4297763 ], [ 129.3987324, 36.4297736 ], [ 129.400821400000012, 36.4293667 ], [ 129.4008058, 36.4291925 ], [ 129.4009959, 36.4289987 ], [ 129.40106990000001, 36.4286831 ], [ 129.400820399999986, 36.4282943 ], [ 129.4002611, 36.4280266 ], [ 129.4000887, 36.4278496 ], [ 129.4001206, 36.4277222 ], [ 129.399734200000012, 36.4273607 ], [ 129.3993519, 36.4273339 ], [ 129.3987263, 36.4271953 ], [ 129.3986625, 36.4269711 ], [ 129.3984697, 36.4268935 ], [ 129.398408100000012, 36.4269842 ], [ 129.398227100000014, 36.4269562 ], [ 129.3982332, 36.4267522 ], [ 129.3981128, 36.426633 ], [ 129.3974733, 36.4265906 ], [ 129.3968036, 36.4259799 ], [ 129.396735299999989, 36.425854 ], [ 129.3966149, 36.4255977 ], [ 129.396252800000013, 36.4254521 ], [ 129.396087099999988, 36.4252331 ], [ 129.3957906, 36.4253601 ], [ 129.3954637, 36.4254161 ], [ 129.395309700000013, 36.4255584 ], [ 129.3953483, 36.4258246 ], [ 129.3953808, 36.4259783 ], [ 129.3956412, 36.4263114 ], [ 129.3954699, 36.4263142 ], [ 129.395181, 36.4259324 ], [ 129.3951552, 36.4255789 ], [ 129.3948383, 36.4255326 ], [ 129.3946009, 36.425593 ], [ 129.3944319, 36.4257494 ], [ 129.394264, 36.4258141 ], [ 129.3937104, 36.426045 ], [ 129.3934448, 36.4262512 ], [ 129.393213800000012, 36.4265006 ], [ 129.3931086, 36.4268528 ], [ 129.3929699, 36.4270598 ], [ 129.3928235, 36.4275277 ], [ 129.3928362, 36.4276522 ], [ 129.3921647, 36.428168 ], [ 129.3921963, 36.4283056 ], [ 129.3915682, 36.4288182 ], [ 129.3911084, 36.4291909 ], [ 129.3909505, 36.4289934 ], [ 129.391201700000011, 36.4285985 ], [ 129.391624, 36.4282251 ], [ 129.3918289, 36.4276525 ], [ 129.39206630000001, 36.427603 ], [ 129.3924059, 36.4272024 ], [ 129.3926276, 36.4266595 ], [ 129.3929757, 36.4260666 ], [ 129.3932074, 36.4258992 ], [ 129.3934406, 36.4256849 ], [ 129.3937372, 36.4256039 ], [ 129.3940527, 36.4253139 ], [ 129.3942165, 36.4252808 ], [ 129.3943478, 36.4254273 ], [ 129.3945478, 36.4254211 ], [ 129.394770599999987, 36.4253061 ], [ 129.3951631, 36.4252675 ], [ 129.395285800000011, 36.4252195 ], [ 129.395530900000011, 36.4250686 ], [ 129.395746800000012, 36.4250457 ], [ 129.396096699999987, 36.424898 ], [ 129.395994300000012, 36.4242056 ], [ 129.3959499, 36.4240837 ], [ 129.395736699999986, 36.4239459 ], [ 129.395352800000012, 36.4239489 ], [ 129.3953005, 36.4237416 ], [ 129.3943057, 36.4236584 ], [ 129.393973, 36.4236914 ], [ 129.393987399999986, 36.4238567 ], [ 129.3930909, 36.4242908 ], [ 129.3927759, 36.4246336 ], [ 129.3925691, 36.4248075 ], [ 129.39214530000001, 36.4248746 ], [ 129.3919457, 36.4248164 ], [ 129.3916155, 36.4244474 ], [ 129.3912618, 36.4244692 ], [ 129.3911018, 36.4245412 ], [ 129.3909509, 36.4246987 ], [ 129.3906806, 36.424805 ], [ 129.3904513, 36.4249319 ], [ 129.3902534, 36.4249235 ], [ 129.390029199999987, 36.4249026 ], [ 129.3896938, 36.4254069 ], [ 129.3896881, 36.4259512 ], [ 129.3895377, 36.4259169 ], [ 129.3888832, 36.4255026 ], [ 129.388926, 36.425343 ], [ 129.3888609, 36.4250331 ], [ 129.388822, 36.4245989 ], [ 129.3888647, 36.4242823 ], [ 129.389036, 36.4241583 ], [ 129.3891855, 36.4237982 ], [ 129.3894522, 36.4237729 ], [ 129.3897926, 36.4240934 ], [ 129.3901083, 36.4240616 ], [ 129.3907236, 36.4231556 ], [ 129.391043200000013, 36.4234992 ], [ 129.3904006, 36.4245532 ], [ 129.3907122, 36.4244502 ], [ 129.3910096, 36.4241719 ], [ 129.3912688, 36.4242019 ], [ 129.3914177, 36.4241032 ], [ 129.391622899999987, 36.4242728 ], [ 129.3918521, 36.424237 ], [ 129.392097400000011, 36.4242823 ], [ 129.3933653, 36.4236887 ], [ 129.3937416, 36.4235901 ], [ 129.3941078, 36.4235313 ], [ 129.3951783, 36.4234173 ], [ 129.3954249, 36.4234902 ], [ 129.3957806, 36.423399 ], [ 129.39577220000001, 36.4231865 ], [ 129.395602, 36.4230149 ], [ 129.3951207, 36.4230301 ], [ 129.3942524, 36.4229517 ], [ 129.3938962, 36.4228771 ], [ 129.3936318, 36.4228646 ], [ 129.3934811, 36.4227245 ], [ 129.393111, 36.4226313 ], [ 129.3926425, 36.422436 ], [ 129.3922296, 36.422502 ], [ 129.3919099, 36.4222933 ], [ 129.392540700000012, 36.4220243 ], [ 129.3928149, 36.4220027 ], [ 129.3938741, 36.4225999 ], [ 129.394747700000011, 36.422505 ], [ 129.3954674, 36.4225586 ], [ 129.395580599999988, 36.4226883 ], [ 129.39577890000001, 36.4227222 ], [ 129.396058900000014, 36.4222075 ], [ 129.3962923, 36.4220789 ], [ 129.3963654, 36.4217694 ], [ 129.396309800000012, 36.4214019 ], [ 129.3963382, 36.4210696 ], [ 129.3965373, 36.4207646 ], [ 129.3968587, 36.4206617 ], [ 129.396982900000012, 36.4211935 ], [ 129.3967687, 36.4214711 ], [ 129.3967471, 36.4217386 ], [ 129.3972583, 36.4219661 ], [ 129.39741, 36.4219574 ], [ 129.397516700000011, 36.4218737 ], [ 129.398026, 36.421807 ], [ 129.398704900000013, 36.4215201 ], [ 129.3993213, 36.4214435 ], [ 129.39925980000001, 36.4216084 ], [ 129.399130500000012, 36.4217107 ], [ 129.3988656, 36.4217139 ], [ 129.398422399999987, 36.4219076 ], [ 129.3976973, 36.4221668 ], [ 129.397347599999989, 36.4222188 ], [ 129.396820600000012, 36.4222235 ], [ 129.3965725, 36.4223185 ], [ 129.3964229, 36.4225872 ], [ 129.3963004, 36.4228284 ], [ 129.3963149, 36.4231167 ], [ 129.396417899999989, 36.4232805 ], [ 129.3965771, 36.4233609 ], [ 129.3966059, 36.423462 ], [ 129.3965095, 36.4235652 ], [ 129.3966179, 36.4242089 ], [ 129.3965513, 36.4245247 ], [ 129.3966116, 36.4248604 ], [ 129.397084, 36.425767 ], [ 129.397257599999989, 36.4259671 ], [ 129.397711500000014, 36.4260881 ], [ 129.3982392, 36.4261943 ], [ 129.39880260000001, 36.4263584 ], [ 129.398997, 36.4267388 ], [ 129.3992891, 36.4264981 ], [ 129.3993692, 36.4266988 ], [ 129.3997331, 36.4268497 ], [ 129.3998817, 36.4270394 ], [ 129.400157900000011, 36.4272447 ], [ 129.400291900000013, 36.4274308 ], [ 129.4012198, 36.4280432 ], [ 129.4014448, 36.4281026 ], [ 129.401658700000013, 36.4280919 ], [ 129.4019149, 36.4280101 ], [ 129.4031541, 36.4273033 ], [ 129.4036654, 36.426997 ], [ 129.4044096, 36.4264628 ], [ 129.4047516, 36.4261397 ], [ 129.4049172, 36.4260619 ], [ 129.4050942, 36.4259024 ], [ 129.4052216, 36.4256233 ], [ 129.4052853, 36.4253955 ], [ 129.405363200000011, 36.4252304 ], [ 129.405370299999987, 36.4245981 ], [ 129.405596800000012, 36.4242906 ], [ 129.4058091, 36.4241254 ], [ 129.4060852, 36.4242507 ], [ 129.4060993, 36.4245298 ], [ 129.4060427, 36.4248317 ], [ 129.406071, 36.4251278 ], [ 129.4060144, 36.4255436 ], [ 129.4057808, 36.4257942 ], [ 129.4057578, 36.4262121 ], [ 129.4060681, 36.4261261 ], [ 129.406213, 36.4261005 ], [ 129.4063528, 36.4261252 ], [ 129.4067953, 36.4263392 ], [ 129.4069491, 36.4263854 ], [ 129.4071463, 36.4263906 ], [ 129.407403, 36.4263921 ], [ 129.4076535, 36.426426 ], [ 129.408511299999986, 36.4266338 ], [ 129.411125, 36.4266371 ], [ 129.4135114, 36.4256277 ], [ 129.4140619, 36.42523 ], [ 129.414305399999989, 36.4250076 ], [ 129.4145159, 36.4247466 ], [ 129.4148271, 36.4243287 ], [ 129.4151803, 36.4239444 ], [ 129.4150592, 36.4237735 ], [ 129.4150721, 36.4235246 ], [ 129.415053, 36.423365 ], [ 129.4149607, 36.4230553 ], [ 129.4149299, 36.4227443 ], [ 129.4146681, 36.4222226 ], [ 129.414907, 36.4218094 ], [ 129.4149055, 36.4215336 ], [ 129.414823399999989, 36.4213402 ], [ 129.4147197, 36.4209383 ], [ 129.4146381, 36.4208076 ], [ 129.4144746, 36.4207016 ], [ 129.4141052, 36.4205065 ], [ 129.413828099999989, 36.420309 ], [ 129.413797499999987, 36.4202514 ], [ 129.41380860000001, 36.4201948 ], [ 129.4140614, 36.4200258 ], [ 129.4140635, 36.4198396 ], [ 129.4140382, 36.4197127 ], [ 129.4139883, 36.4196046 ], [ 129.4133601, 36.4190299 ], [ 129.41319630000001, 36.4188468 ], [ 129.4131121, 36.4186558 ], [ 129.4130668, 36.4184349 ], [ 129.413092799999987, 36.418122 ], [ 129.41328390000001, 36.4180537 ], [ 129.413326399999988, 36.4182246 ], [ 129.413383, 36.418572 ], [ 129.413567, 36.4186176 ], [ 129.41397760000001, 36.4185321 ], [ 129.4140413, 36.4186973 ], [ 129.414409400000011, 36.419341 ], [ 129.414558, 36.4195916 ], [ 129.4146783, 36.419808 ], [ 129.415039299999989, 36.4204004 ], [ 129.415138399999989, 36.4206169 ], [ 129.4152446, 36.4208618 ], [ 129.4154711, 36.4209928 ], [ 129.415697599999987, 36.4208903 ], [ 129.4158392, 36.4206396 ], [ 129.4161153, 36.4204118 ], [ 129.4164692, 36.4202979 ], [ 129.4170354, 36.4200245 ], [ 129.417269, 36.4197967 ], [ 129.4175026, 36.4195176 ], [ 129.4175946, 36.4192612 ], [ 129.4177008, 36.4190163 ], [ 129.4177645, 36.4185037 ], [ 129.4178805, 36.4182715 ], [ 129.4181609, 36.4181904 ], [ 129.4185201, 36.418279 ], [ 129.4187152, 36.4182332 ], [ 129.4189063, 36.4181645 ], [ 129.41903640000001, 36.4180664 ], [ 129.4191251, 36.4179295 ], [ 129.4192275, 36.4178701 ], [ 129.4192234, 36.4175985 ], [ 129.4191502, 36.4174611 ], [ 129.419020100000012, 36.4173401 ], [ 129.4188087, 36.4172125 ], [ 129.4184672, 36.4169639 ], [ 129.4182395, 36.4168821 ], [ 129.418052499999988, 36.416833 ], [ 129.4178411, 36.4167447 ], [ 129.4175525, 36.4165647 ], [ 129.417243500000012, 36.4165026 ], [ 129.417085, 36.4164928 ], [ 129.4172801, 36.4165974 ], [ 129.417341099999987, 36.4167218 ], [ 129.4172394, 36.4168624 ], [ 129.4172069, 36.4170195 ], [ 129.4171825, 36.417327 ], [ 129.4170321, 36.4174186 ], [ 129.4168817, 36.4173401 ], [ 129.416837, 36.4171896 ], [ 129.416776, 36.4170424 ], [ 129.4167191, 36.416833 ], [ 129.416540199999986, 36.4166073 ], [ 129.416345, 36.4165974 ], [ 129.4161377, 36.416568 ], [ 129.4161296, 36.4164633 ], [ 129.41606010000001, 36.4163732 ], [ 129.416284600000012, 36.4160307 ], [ 129.4156104, 36.4106842 ], [ 129.415613400000012, 36.4105792 ], [ 129.4141036, 36.4090891 ], [ 129.413937, 36.4091451 ], [ 129.4134972, 36.4085648 ], [ 129.4134542, 36.4083854 ], [ 129.4134411, 36.4082571 ], [ 129.4136442, 36.4073317 ], [ 129.4134788, 36.4073304 ], [ 129.413380100000012, 36.4072592 ], [ 129.4133931, 36.4071028 ], [ 129.413660099999987, 36.4071031 ], [ 129.4147937, 36.4044941 ], [ 129.414769, 36.4043416 ], [ 129.414695, 36.4042102 ], [ 129.4146303, 36.4041334 ], [ 129.414393100000012, 36.4039473 ], [ 129.413875499999989, 36.403811 ], [ 129.414018700000014, 36.4043305 ], [ 129.413859300000013, 36.4045382 ], [ 129.4136193, 36.4047536 ], [ 129.413373, 36.404834 ], [ 129.4130482, 36.4046204 ], [ 129.4129628, 36.4044693 ], [ 129.412933399999986, 36.404198 ], [ 129.413001400000013, 36.4039165 ], [ 129.414720100000011, 36.4023001 ], [ 129.4143296, 36.4023244 ], [ 129.4140597, 36.4018937 ], [ 129.4139649, 36.4015816 ], [ 129.413884700000011, 36.4014228 ], [ 129.4142146, 36.4012757 ], [ 129.415260499999988, 36.4001306 ], [ 129.4169349, 36.4003268 ], [ 129.4174427, 36.4001555 ], [ 129.417632700000013, 36.4000987 ], [ 129.4179732, 36.3999081 ], [ 129.418511200000012, 36.3998612 ], [ 129.418813, 36.3997653 ], [ 129.4185186, 36.3997713 ], [ 129.4179332, 36.3997911 ], [ 129.4171815, 36.3995481 ], [ 129.4166946, 36.3992654 ], [ 129.4165837, 36.399062 ], [ 129.416725500000013, 36.3988785 ], [ 129.4170212, 36.3988983 ], [ 129.417206099999987, 36.3990967 ], [ 129.4175019, 36.3990967 ], [ 129.4177114, 36.3992356 ], [ 129.418259799999987, 36.3994588 ], [ 129.41842, 36.3994737 ], [ 129.4185874, 36.3994737 ], [ 129.4186603, 36.3993807 ], [ 129.4188701, 36.3993641 ], [ 129.4188995, 36.3994404 ], [ 129.4190375, 36.3995175 ], [ 129.4190468, 36.39937 ], [ 129.4190834, 36.3993036 ], [ 129.4179978, 36.3989955 ], [ 129.4177384, 36.3988537 ], [ 129.4170475, 36.3983617 ], [ 129.41686820000001, 36.3984707 ], [ 129.416251, 36.3980849 ], [ 129.4161277, 36.398199 ], [ 129.4159948, 36.3981838 ], [ 129.4160695, 36.3975306 ], [ 129.4156212, 36.3962375 ], [ 129.4151355, 36.3951398 ], [ 129.4144631, 36.3937866 ], [ 129.413347499999986, 36.3926687 ], [ 129.4126295, 36.3923396 ], [ 129.412651, 36.3921494 ], [ 129.4128111, 36.3920319 ], [ 129.4127585, 36.3916028 ], [ 129.4128579, 36.391538 ], [ 129.4128857, 36.3913973 ], [ 129.4126886, 36.3912145 ], [ 129.4122635, 36.39131 ], [ 129.4121897, 36.3910746 ], [ 129.412294800000012, 36.3908072 ], [ 129.4121352, 36.3906393 ], [ 129.411959, 36.3905321 ], [ 129.4117242, 36.3904224 ], [ 129.411125199999987, 36.3904758 ], [ 129.4106975, 36.3904041 ], [ 129.409645, 36.3906029 ], [ 129.4092009, 36.3907513 ], [ 129.4091975, 36.3908105 ], [ 129.4090364, 36.3908494 ], [ 129.4090661, 36.3912513 ], [ 129.4089855, 36.3914423 ], [ 129.408584600000012, 36.3917436 ], [ 129.4073273, 36.3903882 ], [ 129.406468, 36.3906438 ], [ 129.4050297, 36.3918017 ], [ 129.4043385, 36.3924483 ], [ 129.4037971, 36.3930363 ], [ 129.403143, 36.3934558 ], [ 129.4025265, 36.3946587 ], [ 129.401723299999986, 36.395621 ], [ 129.4013497, 36.3965081 ], [ 129.400770599999987, 36.3979516 ], [ 129.400733300000013, 36.4004024 ], [ 129.4014431, 36.4023419 ], [ 129.401742, 36.4036951 ], [ 129.402582599999988, 36.4057097 ], [ 129.4027881, 36.406732 ], [ 129.4022761, 36.4070093 ], [ 129.4010695, 36.4044468 ], [ 129.4003223, 36.4025524 ], [ 129.3996685, 36.4014248 ], [ 129.3990521, 36.3987485 ], [ 129.398584699999986, 36.3983547 ], [ 129.3981499, 36.3983143 ], [ 129.3980698, 36.3982751 ], [ 129.3943859, 36.4004682 ], [ 129.3943315, 36.4005749 ], [ 129.3939981, 36.4008105 ], [ 129.393904600000013, 36.4010494 ], [ 129.393868, 36.4012784 ], [ 129.3938111, 36.4014224 ], [ 129.3932644, 36.4018629 ], [ 129.3928717, 36.4023974 ], [ 129.3926802, 36.4026464 ], [ 129.3923462, 36.4027745 ], [ 129.392078199999986, 36.4030602 ], [ 129.3915031, 36.4035799 ], [ 129.3909467, 36.4040611 ], [ 129.3905327, 36.4045386 ], [ 129.3903416, 36.4046852 ], [ 129.389922399999989, 36.404948 ], [ 129.389776399999988, 36.4050887 ], [ 129.3896384, 36.4052573 ], [ 129.3895772, 36.4053727 ], [ 129.389539, 36.4054908 ], [ 129.389398199999988, 36.4061412 ], [ 129.389402600000011, 36.4062337 ], [ 129.3895496, 36.4069133 ], [ 129.3895465, 36.4070531 ], [ 129.389478700000012, 36.407423 ], [ 129.3892473, 36.4080499 ], [ 129.3892022, 36.4082572 ], [ 129.3891868, 36.4085736 ], [ 129.3893908, 36.4086024 ], [ 129.389602200000013, 36.4087159 ], [ 129.38959890000001, 36.4088751 ], [ 129.3894254, 36.4088594 ], [ 129.389311099999986, 36.4089789 ], [ 129.3893512, 36.4093196 ], [ 129.3892674, 36.4093352 ], [ 129.389336, 36.4096005 ], [ 129.389193299999988, 36.4096676 ], [ 129.389472399999988, 36.4099832 ], [ 129.3895871, 36.4102435 ], [ 129.3896519, 36.4105559 ], [ 129.3897551, 36.4106864 ], [ 129.3898845, 36.4107061 ], [ 129.3902544, 36.410593 ], [ 129.390530399999989, 36.4105495 ], [ 129.3907015, 36.4105522 ], [ 129.391145099999989, 36.4104169 ], [ 129.3911755, 36.4102891 ], [ 129.391147499999988, 36.4096709 ], [ 129.3911731, 36.4095017 ], [ 129.3912712, 36.4092762 ], [ 129.391371600000014, 36.4091484 ], [ 129.3915304, 36.4090263 ], [ 129.3935081, 36.4084043 ], [ 129.3940078, 36.4081938 ], [ 129.3941222, 36.4080792 ], [ 129.3938, 36.4078687 ], [ 129.3935945, 36.4076413 ], [ 129.3933307, 36.4075567 ], [ 129.393368, 36.4073895 ], [ 129.393220899999989, 36.4073538 ], [ 129.3933844, 36.4071978 ], [ 129.3937276, 36.4070719 ], [ 129.393944800000014, 36.4070738 ], [ 129.393830400000013, 36.4068539 ], [ 129.393765, 36.4065269 ], [ 129.3940242, 36.4064367 ], [ 129.3943066, 36.4063919 ], [ 129.3945238, 36.4063444 ], [ 129.395063, 36.4064286 ], [ 129.3955967, 36.4064718 ], [ 129.3956289, 36.4066963 ], [ 129.395682599999986, 36.4069942 ], [ 129.3956504, 36.4072856 ], [ 129.395674500000013, 36.4073504 ], [ 129.395891799999987, 36.4073935 ], [ 129.3957952, 36.4076029 ], [ 129.3957416, 36.4078685 ], [ 129.3955592, 36.4080778 ], [ 129.3949342, 36.4084513 ], [ 129.394655300000011, 36.4084556 ], [ 129.3942798, 36.4083952 ], [ 129.393155900000011, 36.4087103 ], [ 129.3927938, 36.4087557 ], [ 129.3921501, 36.4090579 ], [ 129.391495600000013, 36.4092219 ], [ 129.391265, 36.4095414 ], [ 129.391246200000012, 36.4099947 ], [ 129.3912757, 36.4103682 ], [ 129.3911335, 36.4107805 ], [ 129.3907097, 36.4108064 ], [ 129.3903798, 36.4108042 ], [ 129.3901036, 36.4109251 ], [ 129.3899614, 36.4110783 ], [ 129.3895939, 36.4111431 ], [ 129.3897365, 36.4113686 ], [ 129.3900693, 36.4114579 ], [ 129.390106300000014, 36.4123902 ], [ 129.3905622, 36.4130547 ], [ 129.3913633, 36.4136398 ], [ 129.391400299999987, 36.4141456 ], [ 129.3914866, 36.4146415 ], [ 129.3912278, 36.4149787 ], [ 129.3911661, 36.4153259 ], [ 129.3906978, 36.4154052 ], [ 129.3901802, 36.4151573 ], [ 129.3896379, 36.4149391 ], [ 129.3894161, 36.4144729 ], [ 129.3893052, 36.414106 ], [ 129.3893175, 36.4137588 ], [ 129.389071, 36.4128266 ], [ 129.389046400000012, 36.4124596 ], [ 129.388664299999988, 36.4123207 ], [ 129.388713599999988, 36.4118744 ], [ 129.388652, 36.4114777 ], [ 129.389366200000012, 36.4110969 ], [ 129.3893659, 36.4109791 ], [ 129.3895006, 36.4108939 ], [ 129.3896828, 36.4109066 ], [ 129.3898432, 36.411008 ], [ 129.389884099999989, 36.4109158 ], [ 129.3896034, 36.4108398 ], [ 129.389442800000012, 36.4107012 ], [ 129.3893763, 36.4102987 ], [ 129.3891166, 36.4098545 ], [ 129.389017, 36.4097122 ], [ 129.3889207, 36.4091848 ], [ 129.3888106, 36.409079 ], [ 129.388517900000011, 36.4094095 ], [ 129.3883674, 36.4096287 ], [ 129.3881154, 36.4099984 ], [ 129.3878714, 36.4102143 ], [ 129.3876275, 36.4102961 ], [ 129.387438800000012, 36.4103945 ], [ 129.3867046, 36.4111102 ], [ 129.3863541, 36.4113948 ], [ 129.3862088, 36.4115879 ], [ 129.386123, 36.4118296 ], [ 129.3861234, 36.4121418 ], [ 129.3860936, 36.4123206 ], [ 129.3855326, 36.4132827 ], [ 129.3843709, 36.4142585 ], [ 129.3844259, 36.4143368 ], [ 129.384493, 36.41443 ], [ 129.3846557, 36.414538 ], [ 129.3847451, 36.4146786 ], [ 129.384948400000013, 36.4148357 ], [ 129.3847857, 36.4148929 ], [ 129.384304, 36.4148896 ], [ 129.3841635, 36.4147329 ], [ 129.3841469, 36.4145781 ], [ 129.3841347, 36.4144649 ], [ 129.383098600000011, 36.4148144 ], [ 129.3828709, 36.4148995 ], [ 129.3826697, 36.414996 ], [ 129.382486699999987, 36.4151187 ], [ 129.3826453, 36.4153035 ], [ 129.382824199999988, 36.4153134 ], [ 129.382974600000011, 36.4153869 ], [ 129.382809900000012, 36.415436 ], [ 129.3827876, 36.4155326 ], [ 129.382769200000013, 36.4156602 ], [ 129.3824969, 36.4155538 ], [ 129.3820944, 36.4154164 ], [ 129.3817529, 36.4153804 ], [ 129.3813911, 36.4153739 ], [ 129.380704, 36.4154916 ], [ 129.380321900000013, 36.4155734 ], [ 129.3800942, 36.4156683 ], [ 129.3801252, 36.4158175 ], [ 129.3805362, 36.4160129 ], [ 129.380765, 36.4162647 ], [ 129.3809331, 36.4164413 ], [ 129.3811853, 36.4165766 ], [ 129.3814188, 36.4168021 ], [ 129.3817223, 36.4169374 ], [ 129.3818925, 36.4172116 ], [ 129.3820907, 36.4177528 ], [ 129.3823243, 36.4178268 ], [ 129.3827207, 36.4177471 ], [ 129.383102900000011, 36.4179521 ], [ 129.3835205, 36.4177983 ], [ 129.3839523, 36.4175591 ], [ 129.3843204, 36.4175591 ], [ 129.3846814, 36.4174452 ], [ 129.3849504, 36.4171262 ], [ 129.385580299999987, 36.4169211 ], [ 129.3856016, 36.4171889 ], [ 129.3858564, 36.4174908 ], [ 129.385941300000013, 36.4176844 ], [ 129.3857856, 36.4177699 ], [ 129.3853255, 36.4176958 ], [ 129.3850707, 36.4180091 ], [ 129.3848159, 36.4180775 ], [ 129.38429210000001, 36.4180718 ], [ 129.3839381, 36.4180547 ], [ 129.3835913, 36.4182199 ], [ 129.3830817, 36.418385 ], [ 129.38326570000001, 36.418835 ], [ 129.383761600000014, 36.4190392 ], [ 129.3854054, 36.4195202 ], [ 129.385751, 36.4194375 ], [ 129.3861152, 36.4192421 ], [ 129.386246, 36.41943 ], [ 129.3860218, 36.4197983 ], [ 129.385751, 36.4201064 ], [ 129.386218, 36.4204146 ], [ 129.3866009, 36.4207528 ], [ 129.3865169, 36.4210234 ], [ 129.386806400000012, 36.4213766 ], [ 129.386787700000014, 36.4216547 ], [ 129.3863301, 36.4218576 ], [ 129.3860405, 36.4214593 ], [ 129.3856949, 36.4210384 ], [ 129.3855432, 36.4204916 ], [ 129.384935500000012, 36.4201854 ], [ 129.3848587, 36.4203293 ], [ 129.3853066, 36.4206625 ], [ 129.3851204, 36.4209986 ], [ 129.3850079, 36.4208495 ], [ 129.3837524, 36.4202162 ], [ 129.3845181, 36.4210309 ], [ 129.3846582, 36.4217298 ], [ 129.3845181, 36.4222484 ], [ 129.3845648, 36.423278 ], [ 129.3847142, 36.423774 ], [ 129.3850692, 36.4249464 ], [ 129.3851812, 36.4257806 ], [ 129.3849851, 36.4260211 ] ] ] } },
{ "type": "Feature", "properties": { "natural": "wood", "name": null }, "geometry": { "type": "MultiPolygon", "coordinates": [ [ [ [ 129.1417276, 36.373742 ], [ 129.141481199999987, 36.3735287 ], [ 129.1410929, 36.3732955 ], [ 129.1409081, 36.3731169 ], [ 129.1408218, 36.37336 ], [ 129.1409204, 36.3737023 ], [ 129.141086800000011, 36.3741836 ], [ 129.1411731, 36.3743176 ], [ 129.1413579, 36.3744813 ], [ 129.1416352, 36.3746401 ], [ 129.1417523, 36.3748782 ], [ 129.1418447, 36.3750271 ], [ 129.1415921, 36.3751908 ], [ 129.1415058, 36.3753892 ], [ 129.141629099999989, 36.3756522 ], [ 129.1419187, 36.37594 ], [ 129.1421097, 36.3760987 ], [ 129.142140500000011, 36.3762575 ], [ 129.14199880000001, 36.3764758 ], [ 129.1420234, 36.3766891 ], [ 129.14223290000001, 36.3772448 ], [ 129.1424055, 36.3775325 ], [ 129.1424733, 36.3777608 ], [ 129.1424733, 36.3779642 ], [ 129.142615, 36.3778798 ], [ 129.142615, 36.3776417 ], [ 129.1429477, 36.3776814 ], [ 129.1431203, 36.3778997 ], [ 129.1430648, 36.3780783 ], [ 129.1428553, 36.3782718 ], [ 129.142818299999988, 36.3784156 ], [ 129.1427937, 36.3785248 ], [ 129.143076, 36.3786666 ], [ 129.1446853, 36.379634 ], [ 129.1460586, 36.3807051 ], [ 129.1471529, 36.3819489 ], [ 129.1456294, 36.3818798 ], [ 129.1442776, 36.3810333 ], [ 129.143333500000011, 36.3802905 ], [ 129.1426253, 36.3813097 ], [ 129.1425181, 36.3823981 ], [ 129.1442561, 36.3823981 ], [ 129.1446424, 36.3829681 ], [ 129.14318320000001, 36.3834518 ], [ 129.140937900000011, 36.3837922 ], [ 129.13970710000001, 36.3844883 ], [ 129.1387201, 36.3845056 ], [ 129.1374755, 36.3850584 ], [ 129.1388703, 36.3856457 ], [ 129.137690099999986, 36.3866476 ], [ 129.1383553, 36.3877013 ], [ 129.140265, 36.3883059 ], [ 129.1401148, 36.3893942 ], [ 129.1429258, 36.3902406 ], [ 129.1449428, 36.3916051 ], [ 129.1464877, 36.393816 ], [ 129.1464877, 36.395716 ], [ 129.1467452, 36.3973396 ], [ 129.146849, 36.3980857 ], [ 129.146073699999988, 36.3988454 ], [ 129.1451846, 36.3990606 ], [ 129.144778300000013, 36.3986097 ], [ 129.1449577, 36.3977551 ], [ 129.1446449, 36.3969424 ], [ 129.1442801, 36.395837 ], [ 129.1423919, 36.3949389 ], [ 129.140868399999988, 36.3943344 ], [ 129.1395594, 36.3929525 ], [ 129.138207599999987, 36.3923998 ], [ 129.137263499999989, 36.391778 ], [ 129.1350962, 36.3906034 ], [ 129.132328199999989, 36.388116 ], [ 129.129774700000013, 36.3863714 ], [ 129.128777, 36.3847519 ], [ 129.1280367, 36.3845921 ], [ 129.127500199999986, 36.3856977 ], [ 129.127114, 36.386665 ], [ 129.126792099999989, 36.3879088 ], [ 129.1273286, 36.3891179 ], [ 129.1277363, 36.3898434 ], [ 129.1273382, 36.3898102 ], [ 129.1268876, 36.3895381 ], [ 129.126734699999986, 36.3892596 ], [ 129.1264059, 36.3888934 ], [ 129.125517, 36.3876575 ], [ 129.1254044, 36.3869881 ], [ 129.1251452, 36.3862072 ], [ 129.1241652, 36.3859344 ], [ 129.123832599999986, 36.3860467 ], [ 129.1237451, 36.3863929 ], [ 129.1239429, 36.387168 ], [ 129.1239184, 36.3880807 ], [ 129.123801899999989, 36.3885307 ], [ 129.123574100000013, 36.3887624 ], [ 129.1210878, 36.3888386 ], [ 129.1197755, 36.3891352 ], [ 129.1184236, 36.3897052 ], [ 129.120075899999989, 36.3918644 ], [ 129.1215779, 36.3934535 ], [ 129.123058500000013, 36.3944553 ], [ 129.1244103, 36.3958543 ], [ 129.122457700000012, 36.3948353 ], [ 129.1213419, 36.3941962 ], [ 129.1198613, 36.3929698 ], [ 129.1183378, 36.3921925 ], [ 129.11824, 36.3920215 ], [ 129.1180527, 36.392131 ], [ 129.1178285, 36.3925145 ], [ 129.117511, 36.3930107 ], [ 129.117128, 36.3935069 ], [ 129.1168385, 36.3938978 ], [ 129.1165583, 36.3941084 ], [ 129.1163168, 36.3943266 ], [ 129.116239, 36.3945773 ], [ 129.1164301, 36.3947938 ], [ 129.1168902, 36.3949363 ], [ 129.117194500000011, 36.3950901 ], [ 129.1175414, 36.395432 ], [ 129.1175768, 36.395734 ], [ 129.1175838, 36.3959619 ], [ 129.1174423, 36.396167 ], [ 129.1171521, 36.3967481 ], [ 129.1172158, 36.3970216 ], [ 129.117329, 36.3971698 ], [ 129.117495600000012, 36.3974101 ], [ 129.1177286, 36.397325 ], [ 129.1182835, 36.398658 ], [ 129.11764740000001, 36.398414 ], [ 129.11725340000001, 36.3988194 ], [ 129.116365699999989, 36.3992716 ], [ 129.116028699999987, 36.3998504 ], [ 129.1163995, 36.4003298 ], [ 129.1162421, 36.4008091 ], [ 129.116186, 36.4014964 ], [ 129.116388199999989, 36.4016773 ], [ 129.1174107, 36.4019486 ], [ 129.118377, 36.4021114 ], [ 129.1185456, 36.4018672 ], [ 129.118084900000014, 36.4014512 ], [ 129.1185006, 36.4007548 ], [ 129.1189838, 36.4005016 ], [ 129.1191523, 36.4000494 ], [ 129.1198459, 36.3995735 ], [ 129.1203658, 36.3998781 ], [ 129.1203658, 36.400378 ], [ 129.119744700000012, 36.4012029 ], [ 129.1194652, 36.4021277 ], [ 129.1199, 36.4032275 ], [ 129.1210024, 36.402915 ], [ 129.12207380000001, 36.403065 ], [ 129.1230831, 36.4033774 ], [ 129.124682400000012, 36.4036024 ], [ 129.1248998, 36.4040773 ], [ 129.124247700000012, 36.4045022 ], [ 129.1232539, 36.4043772 ], [ 129.121064499999989, 36.4041898 ], [ 129.1183006, 36.4039648 ], [ 129.1172137, 36.4041273 ], [ 129.115707500000013, 36.4037524 ], [ 129.114449799999988, 36.40319 ], [ 129.1123536, 36.4026026 ], [ 129.111732499999988, 36.4020902 ], [ 129.1105834, 36.4015153 ], [ 129.1092481, 36.4017278 ], [ 129.107804, 36.4020277 ], [ 129.107695299999989, 36.40324 ], [ 129.1075678, 36.4036488 ], [ 129.1070172, 36.4035855 ], [ 129.1068936, 36.4034047 ], [ 129.1060846, 36.4033323 ], [ 129.105859900000013, 36.4040829 ], [ 129.105522799999989, 36.404508 ], [ 129.1061295, 36.4058193 ], [ 129.1060621, 36.406181 ], [ 129.105646400000012, 36.4069135 ], [ 129.106005900000014, 36.4077545 ], [ 129.1060172, 36.4080891 ], [ 129.104904800000014, 36.4075736 ], [ 129.10407330000001, 36.4087854 ], [ 129.1045115, 36.4092195 ], [ 129.10468, 36.4096264 ], [ 129.103904699999987, 36.409328 ], [ 129.1032755, 36.4094094 ], [ 129.1034216, 36.4098796 ], [ 129.102967400000011, 36.4102589 ], [ 129.1024514, 36.4105504 ], [ 129.102586800000012, 36.4106629 ], [ 129.102969, 36.4107655 ], [ 129.1030185, 36.4108737 ], [ 129.1026788, 36.4109933 ], [ 129.102622200000013, 36.4112838 ], [ 129.102877, 36.4113807 ], [ 129.1030893, 36.4113579 ], [ 129.1030681, 36.4115858 ], [ 129.1033158, 36.4116541 ], [ 129.1033158, 36.4115117 ], [ 129.1035848, 36.4114775 ], [ 129.10396, 36.411563 ], [ 129.1042431, 36.4114263 ], [ 129.1044767, 36.4115174 ], [ 129.1043564, 36.4116883 ], [ 129.1040591, 36.4119959 ], [ 129.103775899999988, 36.4120358 ], [ 129.103238, 36.412144 ], [ 129.1031884, 36.4122579 ], [ 129.1032946, 36.4126111 ], [ 129.1031955, 36.4128447 ], [ 129.1031787, 36.4130156 ], [ 129.103443199999987, 36.4130896 ], [ 129.1039246, 36.4130839 ], [ 129.104469599999987, 36.4130554 ], [ 129.1050076, 36.4129814 ], [ 129.10576420000001, 36.4130792 ], [ 129.1063992, 36.4129722 ], [ 129.1074329, 36.4131621 ], [ 129.1083543, 36.4129089 ], [ 129.1089273, 36.4126105 ], [ 129.1096465, 36.412285 ], [ 129.1102469, 36.4121295 ], [ 129.1106465, 36.4120589 ], [ 129.1115117, 36.4119413 ], [ 129.1122308, 36.4117967 ], [ 129.112803899999989, 36.4117514 ], [ 129.1130511, 36.4117605 ], [ 129.1127658, 36.4121043 ], [ 129.1123098, 36.4122252 ], [ 129.1113925, 36.4124022 ], [ 129.111033099999986, 36.4125922 ], [ 129.1106039, 36.4128037 ], [ 129.1097188, 36.4130671 ], [ 129.1089838, 36.4133606 ], [ 129.1082275, 36.4136412 ], [ 129.1074496, 36.4136973 ], [ 129.1066289, 36.4137837 ], [ 129.106231900000012, 36.4138484 ], [ 129.1061943, 36.4139823 ], [ 129.1065752, 36.4142931 ], [ 129.1071278, 36.4145003 ], [ 129.10735840000001, 36.4145996 ], [ 129.1069024, 36.4145348 ], [ 129.106285500000013, 36.414401 ], [ 129.1054701, 36.4140686 ], [ 129.105367199999989, 36.4141879 ], [ 129.1028287, 36.4146392 ], [ 129.102505799999989, 36.4158365 ], [ 129.1036466, 36.4175369 ], [ 129.103095599999989, 36.419074 ], [ 129.1035649, 36.419024 ], [ 129.104193, 36.4190361 ], [ 129.1049409, 36.4194538 ], [ 129.1052032, 36.4197189 ], [ 129.106307, 36.4205227 ], [ 129.107027499999987, 36.420812 ], [ 129.1076964, 36.420722 ], [ 129.1081241, 36.4205937 ], [ 129.1082763, 36.4205453 ], [ 129.1084639, 36.4205766 ], [ 129.1085807, 36.420531 ], [ 129.108722199999988, 36.4204541 ], [ 129.1088355, 36.4203174 ], [ 129.1091682, 36.4200753 ], [ 129.1093699, 36.4198874 ], [ 129.1097451, 36.4196738 ], [ 129.10958930000001, 36.4194773 ], [ 129.109331, 36.4195371 ], [ 129.1091399, 36.4196254 ], [ 129.108924, 36.4196054 ], [ 129.1086302, 36.4194801 ], [ 129.1084462, 36.419332 ], [ 129.1083471, 36.4191612 ], [ 129.1084533, 36.4185631 ], [ 129.1084851, 36.4183637 ], [ 129.1084285, 36.4182498 ], [ 129.108163, 36.4180333 ], [ 129.1078622, 36.4179821 ], [ 129.1079365, 36.4178596 ], [ 129.108117, 36.4176631 ], [ 129.108248, 36.4175292 ], [ 129.1083577, 36.4173641 ], [ 129.1084603, 36.4171505 ], [ 129.1086444, 36.4171989 ], [ 129.108768199999986, 36.4173669 ], [ 129.1088178, 36.4175292 ], [ 129.1087966, 36.4176659 ], [ 129.1087753, 36.4179166 ], [ 129.1088461, 36.4181729 ], [ 129.1090089, 36.4183438 ], [ 129.1093027, 36.4184605 ], [ 129.109607, 36.4184947 ], [ 129.1098194, 36.4184776 ], [ 129.109975100000014, 36.4183865 ], [ 129.110063599999989, 36.4182726 ], [ 129.110099, 36.4180504 ], [ 129.110127299999988, 36.4178625 ], [ 129.1102405, 36.4178966 ], [ 129.1104033, 36.4179906 ], [ 129.110569700000013, 36.417965 ], [ 129.1106299, 36.4178197 ], [ 129.111001499999986, 36.417347 ], [ 129.111228, 36.4172701 ], [ 129.1114863, 36.4170764 ], [ 129.1117376, 36.416746 ], [ 129.1120632, 36.4165039 ], [ 129.112137600000011, 36.4163473 ], [ 129.1120314, 36.4161878 ], [ 129.1120066, 36.4160995 ], [ 129.1120951, 36.41594 ], [ 129.1122508, 36.4158745 ], [ 129.112533899999988, 36.4157606 ], [ 129.1129445, 36.4156609 ], [ 129.1131852, 36.4156381 ], [ 129.1132701, 36.4156723 ], [ 129.1133126, 36.4158176 ], [ 129.1134577, 36.4158233 ], [ 129.113769100000013, 36.4157093 ], [ 129.114073499999989, 36.4155812 ], [ 129.1143849, 36.4154872 ], [ 129.1146008, 36.4154558 ], [ 129.1148875, 36.4153761 ], [ 129.1151494, 36.4152793 ], [ 129.1153865, 36.4151824 ], [ 129.1154963, 36.4152024 ], [ 129.1155104, 36.4153505 ], [ 129.115344099999987, 36.4155185 ], [ 129.1153582, 36.4156125 ], [ 129.1155989, 36.4157293 ], [ 129.115552900000012, 36.4157919 ], [ 129.115344099999987, 36.4158375 ], [ 129.114551299999988, 36.4159115 ], [ 129.1140346, 36.4160369 ], [ 129.113716, 36.4161907 ], [ 129.113220500000011, 36.4163587 ], [ 129.1129693, 36.4165609 ], [ 129.1127711, 36.4167517 ], [ 129.1124101, 36.4169796 ], [ 129.112056200000012, 36.4172957 ], [ 129.111334199999988, 36.4179166 ], [ 129.1113412, 36.4179849 ], [ 129.1113129, 36.4181644 ], [ 129.1112492, 36.418415 ], [ 129.1112067, 36.4187482 ], [ 129.1111749, 36.4188849 ], [ 129.1112209, 36.4192608 ], [ 129.1113483, 36.4192979 ], [ 129.1115925, 36.4192722 ], [ 129.112088, 36.4192637 ], [ 129.1122756, 36.4192238 ], [ 129.1124915, 36.4191583 ], [ 129.1126472, 36.41909 ], [ 129.112813499999987, 36.4190045 ], [ 129.1130011, 36.418882 ], [ 129.1135391, 36.4186485 ], [ 129.1137797, 36.4185431 ], [ 129.1140346, 36.4184178 ], [ 129.1141053, 36.4183609 ], [ 129.11431060000001, 36.4182726 ], [ 129.1143743, 36.4182128 ], [ 129.114469899999989, 36.4180675 ], [ 129.1145654, 36.4179109 ], [ 129.114650399999988, 36.4177628 ], [ 129.114731799999987, 36.4175093 ], [ 129.114830899999987, 36.4174808 ], [ 129.11500430000001, 36.4175492 ], [ 129.115075100000013, 36.4176118 ], [ 129.1152591, 36.4175891 ], [ 129.1152308, 36.4177428 ], [ 129.115262699999988, 36.4179137 ], [ 129.115478599999989, 36.4180049 ], [ 129.115659099999988, 36.4181216 ], [ 129.1157758, 36.4182156 ], [ 129.1160413, 36.4182327 ], [ 129.116462500000011, 36.4182156 ], [ 129.1165191, 36.4183124 ], [ 129.1163527, 36.4184378 ], [ 129.116197, 36.4185602 ], [ 129.1157935, 36.4188393 ], [ 129.1155493, 36.418976 ], [ 129.1151317, 36.4188593 ], [ 129.1149371, 36.4188023 ], [ 129.1147212, 36.4188336 ], [ 129.1145584, 36.4189561 ], [ 129.114431, 36.4190159 ], [ 129.114317699999987, 36.4189077 ], [ 129.1142611, 36.4187881 ], [ 129.11409470000001, 36.4188108 ], [ 129.1136276, 36.4188963 ], [ 129.113238200000012, 36.4190074 ], [ 129.113079, 36.4191384 ], [ 129.1128419, 36.4192979 ], [ 129.1126897, 36.4193662 ], [ 129.1123605, 36.4194175 ], [ 129.1120243, 36.41952 ], [ 129.1118438, 36.4194915 ], [ 129.1116208, 36.4194602 ], [ 129.111252799999988, 36.419426 ], [ 129.1111678, 36.4195684 ], [ 129.1108245, 36.4198703 ], [ 129.110651100000013, 36.4200269 ], [ 129.1103644, 36.4200953 ], [ 129.1098442, 36.4202918 ], [ 129.1096283, 36.4203829 ], [ 129.109423, 36.420588 ], [ 129.1090974, 36.4207902 ], [ 129.108655, 36.4208557 ], [ 129.1082551, 36.4209468 ], [ 129.1079502, 36.4212395 ], [ 129.107985500000012, 36.4215852 ], [ 129.1081797, 36.4218929 ], [ 129.108309100000014, 36.4222101 ], [ 129.1085798, 36.4226599 ], [ 129.1091064, 36.4231165 ], [ 129.1095906, 36.4231845 ], [ 129.109778799999987, 36.4238327 ], [ 129.11010060000001, 36.4244025 ], [ 129.1105298, 36.424955 ], [ 129.1121177, 36.4252312 ], [ 129.1140489, 36.4251103 ], [ 129.1157655, 36.4257319 ], [ 129.1171817, 36.425611 ], [ 129.1184477, 36.4258528 ], [ 129.1196064, 36.4259391 ], [ 129.121087, 36.4258182 ], [ 129.1228465, 36.4255938 ], [ 129.124327099999988, 36.4253175 ], [ 129.126601599999987, 36.425024 ], [ 129.1277174, 36.4243334 ], [ 129.1301207, 36.4238672 ], [ 129.1303781, 36.423332 ], [ 129.1310004, 36.4224859 ], [ 129.131880200000012, 36.4221406 ], [ 129.133425100000011, 36.4223305 ], [ 129.1344551, 36.4224169 ], [ 129.1349365, 36.4223837 ], [ 129.1351941, 36.4223158 ], [ 129.1352437, 36.4223513 ], [ 129.1352678, 36.4223684 ], [ 129.1352258, 36.4224021 ], [ 129.1777654, 36.4527079 ], [ 129.17792510000001, 36.4527257 ], [ 129.178058600000014, 36.4531274 ], [ 129.178190699999988, 36.4536312 ], [ 129.1784915, 36.4542787 ], [ 129.179109399999987, 36.4549458 ], [ 129.1792883, 36.4559006 ], [ 129.1792639, 36.4559071 ], [ 129.179329, 36.4563518 ], [ 129.1788655, 36.4571039 ], [ 129.1786866, 36.4575617 ], [ 129.178556500000013, 36.4584969 ], [ 129.1783451, 36.4593797 ], [ 129.1778735, 36.4597132 ], [ 129.177605199999988, 36.4601644 ], [ 129.1773532, 36.4613742 ], [ 129.1774751, 36.4616358 ], [ 129.178125599999987, 36.4625252 ], [ 129.1779955, 36.4629437 ], [ 129.1782882, 36.4639638 ], [ 129.1782476, 36.4643431 ], [ 129.1777597, 36.4653828 ], [ 129.1778573, 36.4658993 ], [ 129.178052400000013, 36.4670698 ], [ 129.1779711, 36.4680441 ], [ 129.1782964, 36.4689399 ], [ 129.178166299999987, 36.4697442 ], [ 129.1784265, 36.4701953 ], [ 129.177548300000012, 36.4713854 ], [ 129.1774589, 36.471915 ], [ 129.1782313, 36.4720784 ], [ 129.1789468, 36.4720719 ], [ 129.1790851, 36.4724773 ], [ 129.1799063, 36.4732881 ], [ 129.180133899999987, 36.4738373 ], [ 129.1805893, 36.4745434 ], [ 129.1807356, 36.4749095 ], [ 129.18214230000001, 36.4759949 ], [ 129.183199300000012, 36.4767206 ], [ 129.183492, 36.4767533 ], [ 129.1849068, 36.4775313 ], [ 129.1856305, 36.4782505 ], [ 129.186354099999988, 36.4793227 ], [ 129.186842, 36.4802249 ], [ 129.1869314, 36.4806891 ], [ 129.1870209, 36.481356 ], [ 129.1873867, 36.4822516 ], [ 129.189395100000013, 36.481794 ], [ 129.1897854, 36.4814148 ], [ 129.1901269, 36.4812252 ], [ 129.1912652, 36.4804865 ], [ 129.1917937, 36.4792116 ], [ 129.1926068, 36.4789305 ], [ 129.1935676, 36.4786301 ], [ 129.1936165, 36.4784734 ], [ 129.193800399999986, 36.4783135 ], [ 129.193706100000014, 36.4782267 ], [ 129.1940325, 36.4778441 ], [ 129.1940155, 36.4765904 ], [ 129.1943881, 36.4756562 ], [ 129.1948131, 36.475106 ], [ 129.194021600000013, 36.4752691 ], [ 129.1932166, 36.475413 ], [ 129.192468600000012, 36.4751645 ], [ 129.1922084, 36.4746807 ], [ 129.1918181, 36.4742688 ], [ 129.191468500000013, 36.4737719 ], [ 129.1911514, 36.4729154 ], [ 129.1911514, 36.4728042 ], [ 129.191144, 36.472512 ], [ 129.1911509, 36.4712412 ], [ 129.1911845, 36.4708849 ], [ 129.191145400000011, 36.4703988 ], [ 129.191460299999989, 36.4703915 ], [ 129.1920864, 36.4705419 ], [ 129.1922247, 36.471405 ], [ 129.1923385, 36.4717842 ], [ 129.1931272, 36.4716469 ], [ 129.194005299999986, 36.4717319 ], [ 129.1938996, 36.4728107 ], [ 129.193476800000013, 36.473373 ], [ 129.1923873, 36.4732619 ], [ 129.193029599999988, 36.4739092 ], [ 129.1937858, 36.4740988 ], [ 129.194501300000013, 36.4742753 ], [ 129.1948846, 36.4738811 ], [ 129.1953121, 36.4733765 ], [ 129.1952846, 36.4731701 ], [ 129.1953356, 36.4729334 ], [ 129.195431899999988, 36.4724896 ], [ 129.1958104, 36.4716698 ], [ 129.196325699999989, 36.4707099 ], [ 129.1964934, 36.4702803 ], [ 129.1972902, 36.4687045 ], [ 129.198022, 36.4682926 ], [ 129.199729499999989, 36.466089 ], [ 129.1997783, 36.4659059 ], [ 129.200249899999989, 36.4652258 ], [ 129.2012581, 36.4646765 ], [ 129.202201300000013, 36.4640357 ], [ 129.2039332, 36.4632641 ], [ 129.2051284, 36.4628783 ], [ 129.206925399999989, 36.4627475 ], [ 129.207771, 36.4625905 ], [ 129.2081857, 36.4623028 ], [ 129.2087061, 36.461917 ], [ 129.20880360000001, 36.4613742 ], [ 129.2095679, 36.4613088 ], [ 129.210381, 36.4611323 ], [ 129.211682, 36.4610276 ], [ 129.2122349, 36.4608838 ], [ 129.2133082, 36.4607922 ], [ 129.2142514, 36.4606484 ], [ 129.2142514, 36.4603345 ], [ 129.2141782, 36.4599944 ], [ 129.213430100000011, 36.4599029 ], [ 129.213121199999989, 36.4594647 ], [ 129.2126658, 36.4586996 ], [ 129.211966600000011, 36.4580783 ], [ 129.211568199999988, 36.4577317 ], [ 129.2112754, 36.4573263 ], [ 129.2108201, 36.45679 ], [ 129.210316, 36.4558614 ], [ 129.210316, 36.4554428 ], [ 129.2104807, 36.4550273 ], [ 129.210873, 36.4550423 ], [ 129.212359, 36.4564422 ], [ 129.2139201, 36.457724 ], [ 129.215302400000013, 36.4590973 ], [ 129.2160342, 36.4588357 ], [ 129.2172538, 36.4592673 ], [ 129.2185548, 36.4586526 ], [ 129.219969600000013, 36.456089 ], [ 129.2211729, 36.4546895 ], [ 129.222961700000013, 36.4532245 ], [ 129.2254335, 36.4524266 ], [ 129.228100500000011, 36.4507524 ], [ 129.2308, 36.4491042 ], [ 129.2325888, 36.4478746 ], [ 129.233971, 36.4479007 ], [ 129.2359875, 36.4467758 ], [ 129.237012, 36.4461217 ], [ 129.238069, 36.4447743 ], [ 129.2390447, 36.4438848 ], [ 129.2412043, 36.4444878 ], [ 129.2420946, 36.4444461 ], [ 129.2424612, 36.4443925 ], [ 129.2427961, 36.4442527 ], [ 129.243335800000011, 36.4439666 ], [ 129.243374499999987, 36.4438521 ], [ 129.2439837, 36.443487 ], [ 129.244284, 36.4434182 ], [ 129.24288390000001, 36.4420757 ], [ 129.2425596, 36.4418409 ], [ 129.2424856, 36.441677 ], [ 129.2426518, 36.4416299 ], [ 129.2427204, 36.441577 ], [ 129.2427719, 36.4414881 ], [ 129.2417812, 36.4396132 ], [ 129.2416996, 36.4397806 ], [ 129.241705, 36.439974 ], [ 129.2416522, 36.4400781 ], [ 129.241223600000012, 36.4405837 ], [ 129.24085, 36.440734 ], [ 129.2406872, 36.4403265 ], [ 129.2377275, 36.441203 ], [ 129.2345727, 36.4413338 ], [ 129.2323123, 36.442328 ], [ 129.229873, 36.4434531 ], [ 129.2283444, 36.4443426 ], [ 129.226555600000012, 36.4448397 ], [ 129.2268809, 36.4436755 ], [ 129.228599800000012, 36.4431797 ], [ 129.2306276, 36.4424201 ], [ 129.231571699999989, 36.4418419 ], [ 129.2330201, 36.4411687 ], [ 129.2340072, 36.4406076 ], [ 129.2348547, 36.4404005 ], [ 129.2362173, 36.4400207 ], [ 129.237315200000012, 36.4393098 ], [ 129.2381465, 36.4389867 ], [ 129.239015099999989, 36.4388364 ], [ 129.239795, 36.4387801 ], [ 129.2407383, 36.438348 ], [ 129.2418965, 36.4378822 ], [ 129.242583, 36.4376718 ], [ 129.2434423, 36.4370932 ], [ 129.2435403, 36.4368527 ], [ 129.244082100000014, 36.4365071 ], [ 129.244114700000011, 36.4361351 ], [ 129.2444743, 36.4356805 ], [ 129.24544370000001, 36.4351431 ], [ 129.245684899999986, 36.4349067 ], [ 129.2458843, 36.4347453 ], [ 129.2462952, 36.435369 ], [ 129.2471265, 36.4353314 ], [ 129.2476402, 36.4350008 ], [ 129.2486956, 36.43461 ], [ 129.2494793, 36.4346045 ], [ 129.24949190000001, 36.434961 ], [ 129.2489716, 36.4350397 ], [ 129.249031300000013, 36.4352351 ], [ 129.2503055, 36.4350426 ], [ 129.2504974, 36.4349502 ], [ 129.2506943, 36.4347268 ], [ 129.250943, 36.434389 ], [ 129.251563, 36.4338661 ], [ 129.251606900000013, 36.4338158 ], [ 129.2515002, 36.4337919 ], [ 129.250877800000012, 36.4339654 ], [ 129.2505266, 36.4340645 ], [ 129.250076799999988, 36.4340645 ], [ 129.2503461, 36.4335671 ], [ 129.2511666, 36.4332863 ], [ 129.252806600000014, 36.4311395 ], [ 129.25194590000001, 36.4308903 ], [ 129.250974500000012, 36.4307551 ], [ 129.2504702, 36.4308077 ], [ 129.2497137, 36.4306273 ], [ 129.2485088, 36.4299886 ], [ 129.247967100000011, 36.4299059 ], [ 129.2472386, 36.4300487 ], [ 129.246463299999988, 36.4301464 ], [ 129.24571610000001, 36.4301464 ], [ 129.2450437, 36.4304394 ], [ 129.2445113, 36.4305371 ], [ 129.2437454, 36.4305146 ], [ 129.243147599999986, 36.4305672 ], [ 129.2423164, 36.4304169 ], [ 129.2415225, 36.4304545 ], [ 129.24056010000001, 36.4308391 ], [ 129.239851, 36.4307097 ], [ 129.237913, 36.4300371 ], [ 129.2369323, 36.4299469 ], [ 129.2362972, 36.4299657 ], [ 129.23544720000001, 36.4302776 ], [ 129.2345693, 36.4307322 ], [ 129.234270400000014, 36.4301461 ], [ 129.23476070000001, 36.4298906 ], [ 129.2359236, 36.4291616 ], [ 129.2363766, 36.4287633 ], [ 129.23654, 36.4285078 ], [ 129.2361104, 36.4281321 ], [ 129.2357228, 36.4282486 ], [ 129.235302499999989, 36.4282335 ], [ 129.2348261, 36.4273806 ], [ 129.234501099999989, 36.4268013 ], [ 129.235081799999989, 36.4267241 ], [ 129.236034499999988, 36.4268744 ], [ 129.2365015, 36.4267241 ], [ 129.2366509, 36.4268744 ], [ 129.2363801, 36.427175 ], [ 129.236352, 36.4275132 ], [ 129.2365388, 36.4280393 ], [ 129.237043199999988, 36.4281745 ], [ 129.2376036, 36.4281069 ], [ 129.2383041, 36.4286254 ], [ 129.239079299999986, 36.428926 ], [ 129.240125400000011, 36.4291515 ], [ 129.240620400000012, 36.4293919 ], [ 129.2409753, 36.4294445 ], [ 129.2422829, 36.4288584 ], [ 129.242507100000012, 36.4287757 ], [ 129.2431516, 36.4286029 ], [ 129.243954800000012, 36.4287231 ], [ 129.2445619, 36.4290387 ], [ 129.2450476, 36.4292492 ], [ 129.2454679, 36.4290387 ], [ 129.24558, 36.4288884 ], [ 129.2456827, 36.4285803 ], [ 129.2460189, 36.4288884 ], [ 129.2469903, 36.4288058 ], [ 129.2480831, 36.4290012 ], [ 129.2487089, 36.4291214 ], [ 129.2492693, 36.4292041 ], [ 129.2499044, 36.4290312 ], [ 129.2505582, 36.4290162 ], [ 129.250801, 36.4291064 ], [ 129.2515295, 36.429144 ], [ 129.2522114, 36.4290237 ], [ 129.252585, 36.428926 ], [ 129.2531921, 36.4290838 ], [ 129.2536777, 36.4289561 ], [ 129.2543129, 36.4287832 ], [ 129.2546958, 36.4287682 ], [ 129.255004, 36.4288809 ], [ 129.2554523, 36.4288434 ], [ 129.255788599999988, 36.4287231 ], [ 129.2563676, 36.4286029 ], [ 129.2570028, 36.4286931 ], [ 129.2576099, 36.4285127 ], [ 129.2579835, 36.42843 ], [ 129.2581236, 36.4281896 ], [ 129.2585719, 36.4279791 ], [ 129.2593191, 36.4277537 ], [ 129.259823399999988, 36.4277837 ], [ 129.260645399999987, 36.4274531 ], [ 129.261159099999986, 36.4274531 ], [ 129.261448699999988, 36.4272796 ], [ 129.2614364, 36.4270812 ], [ 129.2615103, 36.4267986 ], [ 129.2618369, 36.4266102 ], [ 129.2622744, 36.4264813 ], [ 129.2627779, 36.426878 ], [ 129.2629643, 36.4270789 ], [ 129.2625454, 36.4275613 ], [ 129.263028600000013, 36.4279384 ], [ 129.26315360000001, 36.4281638 ], [ 129.2631364, 36.4287621 ], [ 129.2631777, 36.4289966 ], [ 129.263254100000012, 36.4291282 ], [ 129.2633725, 36.4291306 ], [ 129.2635019, 36.4291473 ], [ 129.263582899999989, 36.4291378 ], [ 129.2636305, 36.4290995 ], [ 129.2637734, 36.4287621 ], [ 129.264102, 36.4286065 ], [ 129.2646129, 36.4284922 ], [ 129.2648077, 36.4284733 ], [ 129.265639, 36.4284385 ], [ 129.2658391, 36.4284701 ], [ 129.2661051, 36.4285585 ], [ 129.26628740000001, 36.4286595 ], [ 129.2663771, 36.428789 ], [ 129.2663637, 36.4289327 ], [ 129.2663216, 36.429115 ], [ 129.2659079, 36.429309 ], [ 129.265113500000012, 36.4295756 ], [ 129.265080399999988, 36.4296875 ], [ 129.265097200000014, 36.4297893 ], [ 129.2651841, 36.4298686 ], [ 129.2653453, 36.429924 ], [ 129.2656221, 36.429958 ], [ 129.2658037, 36.4298487 ], [ 129.2660004, 36.429892 ], [ 129.2661459, 36.4299862 ], [ 129.2663913, 36.4299923 ], [ 129.266463, 36.4299353 ], [ 129.2667343, 36.4298911 ], [ 129.2669703, 36.4299447 ], [ 129.2671647, 36.4299384 ], [ 129.267646899999988, 36.4297679 ], [ 129.267861, 36.4296037 ], [ 129.2681474, 36.4292405 ], [ 129.2684304, 36.4287259 ], [ 129.2685351, 36.4280375 ], [ 129.268871499999989, 36.4270365 ], [ 129.270066500000013, 36.4261408 ], [ 129.270417400000014, 36.426041 ], [ 129.2705487, 36.4258389 ], [ 129.2706447, 36.4256115 ], [ 129.2706407, 36.4252484 ], [ 129.2702792, 36.4247061 ], [ 129.269904700000012, 36.4247179 ], [ 129.2700525, 36.4239577 ], [ 129.270161699999989, 36.4231798 ], [ 129.269819899999987, 36.422235 ], [ 129.2688895, 36.4225407 ], [ 129.2680528, 36.4232082 ], [ 129.267220400000014, 36.4239853 ], [ 129.2663211, 36.4246599 ], [ 129.2656982, 36.424193 ], [ 129.2657252, 36.4240815 ], [ 129.265860800000013, 36.4239328 ], [ 129.2659779, 36.4236551 ], [ 129.266212, 36.4234369 ], [ 129.266766600000011, 36.422832 ], [ 129.267259599999988, 36.4224155 ], [ 129.267401299999989, 36.4222916 ], [ 129.2666988, 36.4220139 ], [ 129.26642480000001, 36.421723 ], [ 129.2657357, 36.4216137 ], [ 129.2655115, 36.4212529 ], [ 129.2642413, 36.4206517 ], [ 129.263708900000012, 36.4202082 ], [ 129.2633362, 36.4205902 ], [ 129.262955299999987, 36.4208319 ], [ 129.2621131, 36.4206592 ], [ 129.2617751, 36.4204995 ], [ 129.261346, 36.4203959 ], [ 129.2608792, 36.4203528 ], [ 129.26055740000001, 36.4202707 ], [ 129.2601711, 36.4200938 ], [ 129.2600746, 36.4198909 ], [ 129.2594523, 36.4197571 ], [ 129.2592592, 36.4196189 ], [ 129.258910500000013, 36.4194506 ], [ 129.258567199999987, 36.4194635 ], [ 129.2582721, 36.4194937 ], [ 129.257655199999988, 36.4195801 ], [ 129.2575426, 36.4197959 ], [ 129.257328, 36.419947 ], [ 129.25699, 36.4200333 ], [ 129.25616930000001, 36.4201369 ], [ 129.255665, 36.4201542 ], [ 129.2551125, 36.4202276 ], [ 129.2546673, 36.4202621 ], [ 129.2543239, 36.4204002 ], [ 129.2540879, 36.4206679 ], [ 129.2535085, 36.4209312 ], [ 129.2531438, 36.4208751 ], [ 129.2528326, 36.4207715 ], [ 129.2524464, 36.4206549 ], [ 129.251867, 36.4210003 ], [ 129.251293, 36.420983 ], [ 129.2508317, 36.42097 ], [ 129.250418599999989, 36.4208405 ], [ 129.2500431, 36.4206679 ], [ 129.2497803, 36.4204305 ], [ 129.2494269, 36.4201433 ], [ 129.249273, 36.4201061 ], [ 129.2490636, 36.4200968 ], [ 129.2477903, 36.4204094 ], [ 129.24755780000001, 36.4205241 ], [ 129.2470601, 36.4208171 ], [ 129.246158799999989, 36.4207386 ], [ 129.2459876, 36.4205017 ], [ 129.24568450000001, 36.4205125 ], [ 129.2454646, 36.4203118 ], [ 129.2452661, 36.4201283 ], [ 129.2449603, 36.4199168 ], [ 129.244786, 36.4197765 ], [ 129.2447189, 36.4196513 ], [ 129.2442174, 36.4194268 ], [ 129.244067199999989, 36.4192455 ], [ 129.2439733, 36.419157 ], [ 129.2437131, 36.4189412 ], [ 129.2436166, 36.4188376 ], [ 129.2435441, 36.4187275 ], [ 129.2435468, 36.4186239 ], [ 129.243479799999989, 36.4183002 ], [ 129.2434127, 36.4181102 ], [ 129.243324199999989, 36.4180131 ], [ 129.2431552, 36.4179505 ], [ 129.2426671, 36.417767 ], [ 129.242482, 36.4176526 ], [ 129.242262, 36.4174972 ], [ 129.2419348, 36.4170958 ], [ 129.2415968, 36.4165993 ], [ 129.2414976, 36.4163878 ], [ 129.2414761, 36.4162238 ], [ 129.241588799999988, 36.4158763 ], [ 129.241763099999986, 36.4158417 ], [ 129.2417417, 36.4157122 ], [ 129.2416505, 36.4155654 ], [ 129.2414627, 36.4154575 ], [ 129.24146540000001, 36.4153604 ], [ 129.2414574, 36.4152417 ], [ 129.2415593, 36.4151834 ], [ 129.24147880000001, 36.414946 ], [ 129.24147880000001, 36.4147236 ], [ 129.2414842, 36.4143761 ], [ 129.2416103, 36.4143157 ], [ 129.2417605, 36.4142963 ], [ 129.2424096, 36.4140092 ], [ 129.242364, 36.4138214 ], [ 129.2422138, 36.413571 ], [ 129.2421065, 36.4134134 ], [ 129.2418597, 36.4134933 ], [ 129.241629, 36.4134998 ], [ 129.241406399999988, 36.4133595 ], [ 129.241224, 36.4130141 ], [ 129.2410094, 36.4128867 ], [ 129.240717100000012, 36.4126644 ], [ 129.2401485, 36.41255 ], [ 129.239861499999989, 36.4125241 ], [ 129.2395879, 36.4124615 ], [ 129.239443, 36.412427 ], [ 129.2393523, 36.4124014 ], [ 129.236432400000012, 36.4115439 ], [ 129.2360985, 36.410666 ], [ 129.2363838, 36.4104757 ], [ 129.2366927, 36.4104103 ], [ 129.236961, 36.4103383 ], [ 129.2372782, 36.410371 ], [ 129.237579, 36.410443 ], [ 129.2379774, 36.4109141 ], [ 129.2380425, 36.4111235 ], [ 129.2379286, 36.4112806 ], [ 129.238197, 36.4116077 ], [ 129.238725499999987, 36.4117517 ], [ 129.2390995, 36.4118498 ], [ 129.2392702, 36.4120658 ], [ 129.2394735, 36.4122621 ], [ 129.239684899999986, 36.412092 ], [ 129.2405712, 36.4122032 ], [ 129.240774499999986, 36.4124388 ], [ 129.24113220000001, 36.4125893 ], [ 129.2414249, 36.4124911 ], [ 129.2416526, 36.412406 ], [ 129.2420266, 36.4127201 ], [ 129.2426364, 36.4132371 ], [ 129.2429617, 36.41361 ], [ 129.243165, 36.4139568 ], [ 129.242482, 36.4141859 ], [ 129.242482, 36.4145915 ], [ 129.2423356, 36.4151085 ], [ 129.2422949, 36.4153309 ], [ 129.242164800000012, 36.4158675 ], [ 129.2421405, 36.4161946 ], [ 129.2430349, 36.417163 ], [ 129.2434089, 36.4174705 ], [ 129.243913, 36.4176341 ], [ 129.2445879, 36.4180791 ], [ 129.2449375, 36.4184324 ], [ 129.2450513, 36.4187072 ], [ 129.2454376, 36.4191389 ], [ 129.246188600000011, 36.4196741 ], [ 129.2474975, 36.4200367 ], [ 129.2490374, 36.4198907 ], [ 129.2499008, 36.4198986 ], [ 129.250887799999987, 36.420054 ], [ 129.2526473, 36.4200367 ], [ 129.253098, 36.4199677 ], [ 129.2540206, 36.4197087 ], [ 129.254857500000014, 36.4191907 ], [ 129.2565097, 36.4190353 ], [ 129.2570891, 36.4189662 ], [ 129.2577757, 36.418759 ], [ 129.258076100000011, 36.418051 ], [ 129.2575826, 36.4171186 ], [ 129.2573037, 36.4162207 ], [ 129.2578186, 36.4162898 ], [ 129.25820490000001, 36.4172222 ], [ 129.2585267, 36.4177575 ], [ 129.259149, 36.4185172 ], [ 129.2597498, 36.4187935 ], [ 129.2609086, 36.4189144 ], [ 129.262281800000011, 36.4191389 ], [ 129.2640414, 36.4196741 ], [ 129.2642989, 36.4190353 ], [ 129.2668952, 36.4195187 ], [ 129.2688693, 36.4211245 ], [ 129.2698135, 36.4213317 ], [ 129.271444300000013, 36.4215216 ], [ 129.273206499999986, 36.4223461 ], [ 129.2734383, 36.4224624 ], [ 129.2736246, 36.4226478 ], [ 129.2739689, 36.4232329 ], [ 129.2740236, 36.4232898 ], [ 129.274096, 36.4233194 ], [ 129.2742038, 36.4233092 ], [ 129.2743826, 36.4232343 ], [ 129.274610599999988, 36.4231092 ], [ 129.2751714, 36.4226657 ], [ 129.275584400000014, 36.4222498 ], [ 129.2759424, 36.4218333 ], [ 129.2766685, 36.4208866 ], [ 129.277524699999987, 36.4203946 ], [ 129.2783914, 36.4201369 ], [ 129.2781247, 36.4200598 ], [ 129.278680900000012, 36.419716 ], [ 129.2777743, 36.4195878 ], [ 129.2782034, 36.4188626 ], [ 129.278890100000012, 36.4176884 ], [ 129.2802634, 36.4169287 ], [ 129.279254900000012, 36.4159617 ], [ 129.2780318, 36.4156163 ], [ 129.275156399999986, 36.4147357 ], [ 129.2736973, 36.4111439 ], [ 129.272302599999989, 36.4094861 ], [ 129.270950699999986, 36.4081563 ], [ 129.2708079, 36.4081063 ], [ 129.2706011, 36.4081859 ], [ 129.2700786, 36.4079794 ], [ 129.2695712, 36.4076792 ], [ 129.2694756, 36.4075545 ], [ 129.2692341, 36.4074656 ], [ 129.2681612, 36.4063776 ], [ 129.266788, 36.4055832 ], [ 129.266434800000013, 36.4047761 ], [ 129.2662767, 36.4039975 ], [ 129.264980799999989, 36.4036389 ], [ 129.2644956, 36.4033876 ], [ 129.2641272, 36.4030099 ], [ 129.2620887, 36.4017319 ], [ 129.2607734, 36.4011584 ], [ 129.2599846, 36.4009104 ], [ 129.2594239, 36.4005037 ], [ 129.258869299999986, 36.4001317 ], [ 129.2582099, 36.3995514 ], [ 129.2578833, 36.3992538 ], [ 129.2575259, 36.3987777 ], [ 129.257489, 36.3985247 ], [ 129.2575444, 36.3983015 ], [ 129.2572302, 36.3981974 ], [ 129.2562689, 36.3981329 ], [ 129.255221299999988, 36.3980783 ], [ 129.2543648, 36.3981825 ], [ 129.2538472, 36.3982321 ], [ 129.2532802, 36.3985297 ], [ 129.253015299999987, 36.3987826 ], [ 129.2521587, 36.3988521 ], [ 129.2517145, 36.3990864 ], [ 129.2512714, 36.399477 ], [ 129.2505352, 36.3996836 ], [ 129.250029899999987, 36.3999911 ], [ 129.2494691, 36.4001944 ], [ 129.2492934, 36.4005731 ], [ 129.2490161, 36.4009054 ], [ 129.2488928, 36.4012625 ], [ 129.2486587, 36.4016643 ], [ 129.2483875, 36.4018676 ], [ 129.2477898, 36.4020164 ], [ 129.2473708, 36.4023834 ], [ 129.24676070000001, 36.4025174 ], [ 129.2462032, 36.4026486 ], [ 129.2459782, 36.402681 ], [ 129.2449929, 36.4029271 ], [ 129.2445547, 36.4028348 ], [ 129.2444869, 36.4030828 ], [ 129.2445547, 36.4032613 ], [ 129.244942900000012, 36.4034795 ], [ 129.2448258, 36.4037275 ], [ 129.243957, 36.4040102 ], [ 129.2427615, 36.4043028 ], [ 129.242213099999987, 36.4043921 ], [ 129.241979, 36.4041887 ], [ 129.2422809, 36.4040846 ], [ 129.2428478, 36.4039656 ], [ 129.2432422, 36.4038019 ], [ 129.2441234, 36.4035192 ], [ 129.244080200000013, 36.4032811 ], [ 129.243411, 36.4033303 ], [ 129.2427208, 36.4034295 ], [ 129.242696099999989, 36.4032906 ], [ 129.242566399999987, 36.4030084 ], [ 129.2433131, 36.402736 ], [ 129.2435207, 36.4024225 ], [ 129.244152500000013, 36.4021276 ], [ 129.244694399999986, 36.4020214 ], [ 129.245317300000011, 36.4017132 ], [ 129.2466379, 36.4011722 ], [ 129.246736, 36.401015 ], [ 129.2471185, 36.4009441 ], [ 129.247802900000011, 36.4006895 ], [ 129.2479768, 36.4006394 ], [ 129.2484245, 36.4008757 ], [ 129.2486648, 36.4008558 ], [ 129.2489421, 36.4007467 ], [ 129.2491355, 36.4004232 ], [ 129.249082499999986, 36.399966 ], [ 129.2497218, 36.3997431 ], [ 129.2502485, 36.3995266 ], [ 129.2506429, 36.3992092 ], [ 129.251105, 36.3990951 ], [ 129.2513269, 36.3990207 ], [ 129.251635, 36.3987578 ], [ 129.2518638, 36.3983413 ], [ 129.2521403, 36.3981378 ], [ 129.252386699999988, 36.3979791 ], [ 129.252643799999987, 36.3979063 ], [ 129.252980900000011, 36.3976163 ], [ 129.253249399999987, 36.3975426 ], [ 129.253699899999987, 36.3975082 ], [ 129.2544813, 36.3972056 ], [ 129.2549793, 36.396879 ], [ 129.2557457, 36.3966354 ], [ 129.2558257, 36.3964742 ], [ 129.256127099999986, 36.3957669 ], [ 129.2559838, 36.3955212 ], [ 129.2560162, 36.3953305 ], [ 129.2556157, 36.3952015 ], [ 129.2552768, 36.3950428 ], [ 129.2545188, 36.394646 ], [ 129.254118299999988, 36.3944277 ], [ 129.253631500000012, 36.3942987 ], [ 129.253023899999988, 36.3942853 ], [ 129.2520046, 36.394103 ], [ 129.2510845, 36.3940004 ], [ 129.2498387, 36.3936586 ], [ 129.2486778, 36.3933167 ], [ 129.2469365, 36.3927469 ], [ 129.246226, 36.3923617 ], [ 129.2463253, 36.3923127 ], [ 129.246467599999988, 36.3923487 ], [ 129.2467318, 36.3923618 ], [ 129.2470367, 36.3924403 ], [ 129.24732130000001, 36.392496 ], [ 129.2475775, 36.3926269 ], [ 129.2478051, 36.3926367 ], [ 129.2482767, 36.3927283 ], [ 129.2485938, 36.3928167 ], [ 129.2493297, 36.3929574 ], [ 129.2497687, 36.393049 ], [ 129.2502566, 36.3932388 ], [ 129.2505534, 36.3932814 ], [ 129.2508542, 36.3933436 ], [ 129.2516836, 36.3934712 ], [ 129.252045399999986, 36.3933795 ], [ 129.2524479, 36.3933665 ], [ 129.252862599999986, 36.393445 ], [ 129.2534724, 36.3935235 ], [ 129.2536716, 36.3936414 ], [ 129.253919599999989, 36.3937166 ], [ 129.2542408, 36.3937232 ], [ 129.2545091, 36.3938246 ], [ 129.2551799, 36.3938802 ], [ 129.2554279, 36.3939457 ], [ 129.2557856, 36.3940144 ], [ 129.2560296, 36.393985 ], [ 129.2561068, 36.3937363 ], [ 129.256151499999987, 36.3936577 ], [ 129.2562247, 36.3934679 ], [ 129.256143400000013, 36.3931439 ], [ 129.2561068, 36.3927807 ], [ 129.256143400000013, 36.3923225 ], [ 129.2560296, 36.3914062 ], [ 129.2558263, 36.3908531 ], [ 129.25560680000001, 36.3906175 ], [ 129.255574200000012, 36.3901789 ], [ 129.255488899999989, 36.3898288 ], [ 129.255350600000014, 36.3894688 ], [ 129.2552531, 36.3890171 ], [ 129.2551718, 36.3887553 ], [ 129.2550823, 36.3885033 ], [ 129.2552978, 36.388176 ], [ 129.2554319, 36.387924 ], [ 129.2555051, 36.3876818 ], [ 129.2555783, 36.387384 ], [ 129.2563223, 36.3869455 ], [ 129.2562938, 36.3867654 ], [ 129.2560743, 36.3865953 ], [ 129.2559808, 36.3863727 ], [ 129.2560255, 36.3862942 ], [ 129.2559523, 36.3858949 ], [ 129.255862900000011, 36.3855872 ], [ 129.2558141, 36.3853483 ], [ 129.2554848, 36.3847101 ], [ 129.255342500000012, 36.3844417 ], [ 129.2549969, 36.3839639 ], [ 129.254773300000011, 36.3837937 ], [ 129.2544603, 36.3836267 ], [ 129.2540172, 36.383522 ], [ 129.2536919, 36.3834304 ], [ 129.253118699999987, 36.3835253 ], [ 129.252598299999988, 36.3836169 ], [ 129.2521511, 36.3837642 ], [ 129.2515535, 36.3835907 ], [ 129.2519998, 36.3833129 ], [ 129.252173199999987, 36.3832103 ], [ 129.2523042, 36.3831135 ], [ 129.252399700000012, 36.3829425 ], [ 129.2529731, 36.3828741 ], [ 129.2533199, 36.3828713 ], [ 129.2537729, 36.3828342 ], [ 129.2538508, 36.3827345 ], [ 129.2536632, 36.3824011 ], [ 129.2533836, 36.3821362 ], [ 129.2530368, 36.3821248 ], [ 129.2525271, 36.3817657 ], [ 129.252282900000012, 36.3815834 ], [ 129.2523962, 36.3813526 ], [ 129.2529341, 36.381099 ], [ 129.2528244, 36.3807086 ], [ 129.252569599999987, 36.380532 ], [ 129.25234660000001, 36.3803752 ], [ 129.252467, 36.3802299 ], [ 129.252743, 36.3802157 ], [ 129.2531146, 36.3802499 ], [ 129.253373, 36.3800048 ], [ 129.2534827, 36.3796971 ], [ 129.253291600000011, 36.3792013 ], [ 129.253164199999986, 36.3790189 ], [ 129.2530509, 36.3787625 ], [ 129.253082799999987, 36.3783607 ], [ 129.2532385, 36.3780302 ], [ 129.253390700000011, 36.3775315 ], [ 129.253811899999988, 36.3773833 ], [ 129.253702800000013, 36.3768968 ], [ 129.2535643, 36.3766694 ], [ 129.253327, 36.3766197 ], [ 129.2531359, 36.3766424 ], [ 129.2527395, 36.3767621 ], [ 129.2523502, 36.3770015 ], [ 129.251883, 36.3770385 ], [ 129.251281299999988, 36.3771611 ], [ 129.2509203, 36.3773092 ], [ 129.2506018, 36.3774147 ], [ 129.2501665, 36.3774831 ], [ 129.2498267, 36.3775457 ], [ 129.24954360000001, 36.3776341 ], [ 129.2492852, 36.377825 ], [ 129.2488181, 36.3779532 ], [ 129.248471200000012, 36.3780131 ], [ 129.247975700000012, 36.3781698 ], [ 129.2474095, 36.3783664 ], [ 129.2470697, 36.378469 ], [ 129.2465707, 36.3785431 ], [ 129.2461672, 36.3786342 ], [ 129.2456823, 36.3787568 ], [ 129.2453815, 36.3787881 ], [ 129.2451585, 36.3787967 ], [ 129.2447975, 36.3787767 ], [ 129.2445639, 36.3789334 ], [ 129.244287899999989, 36.3792155 ], [ 129.2440083, 36.3793352 ], [ 129.243721599999986, 36.379472 ], [ 129.243347699999987, 36.3796112 ], [ 129.2431637, 36.3797679 ], [ 129.242852199999987, 36.3798619 ], [ 129.2425054, 36.3798904 ], [ 129.2421656, 36.3799275 ], [ 129.242105400000014, 36.3797366 ], [ 129.2421515, 36.3795058 ], [ 129.2425408, 36.3790157 ], [ 129.24306390000001, 36.3788483 ], [ 129.2450249, 36.3776961 ], [ 129.244621099999989, 36.3771085 ], [ 129.2447593, 36.3769645 ], [ 129.2453339, 36.3775586 ], [ 129.2458326, 36.3772787 ], [ 129.24654, 36.3772525 ], [ 129.2478409, 36.3767746 ], [ 129.249223199999989, 36.3761723 ], [ 129.2513535, 36.3753082 ], [ 129.250825, 36.3742542 ], [ 129.2503046, 36.3740119 ], [ 129.248572700000011, 36.3739334 ], [ 129.2478897, 36.3739203 ], [ 129.2478734, 36.3734948 ], [ 129.2496866, 36.37339 ], [ 129.2503696, 36.3730758 ], [ 129.2493777, 36.3722705 ], [ 129.2485077, 36.3708367 ], [ 129.247906, 36.3698088 ], [ 129.246645699999988, 36.3689381 ], [ 129.2468246, 36.3682572 ], [ 129.2467595, 36.3675108 ], [ 129.2461659, 36.3669477 ], [ 129.2454946, 36.3666709 ], [ 129.244689599999987, 36.3668214 ], [ 129.24412860000001, 36.3669 ], [ 129.243152900000013, 36.3672274 ], [ 129.2425431, 36.3664679 ], [ 129.2417381, 36.3659179 ], [ 129.2404046, 36.365309 ], [ 129.238925599999988, 36.3652372 ], [ 129.2381694, 36.3655711 ], [ 129.2370113, 36.3655075 ], [ 129.2365153, 36.3665878 ], [ 129.236165699999987, 36.3675307 ], [ 129.2358405, 36.3680741 ], [ 129.2353851, 36.3690234 ], [ 129.234694, 36.3693311 ], [ 129.233580100000012, 36.3694163 ], [ 129.2333199, 36.3690431 ], [ 129.233328, 36.3683098 ], [ 129.2342224, 36.3670658 ], [ 129.235157500000014, 36.3666206 ], [ 129.236238899999989, 36.3661361 ], [ 129.23606, 36.3655534 ], [ 129.2342875, 36.3655075 ], [ 129.2324003, 36.3649507 ], [ 129.231684699999988, 36.3648329 ], [ 129.2315628, 36.3647936 ], [ 129.230953, 36.3642567 ], [ 129.2318096, 36.3640605 ], [ 129.231636, 36.3637395 ], [ 129.23227270000001, 36.3637214 ], [ 129.232637, 36.3640223 ], [ 129.2345517, 36.364293 ], [ 129.235125, 36.3646647 ], [ 129.2357227, 36.3651461 ], [ 129.23670340000001, 36.3651386 ], [ 129.2373666, 36.3652062 ], [ 129.2376624, 36.3647881 ], [ 129.238409600000011, 36.3647053 ], [ 129.2394895, 36.3648225 ], [ 129.2400528, 36.3649553 ], [ 129.24039830000001, 36.3644965 ], [ 129.240685, 36.3642659 ], [ 129.241152, 36.3641907 ], [ 129.241712400000011, 36.3642659 ], [ 129.24230080000001, 36.3644465 ], [ 129.2433404, 36.3649176 ], [ 129.2437607, 36.3653764 ], [ 129.2444864, 36.3655145 ], [ 129.2447876, 36.3656228 ], [ 129.2453633, 36.3658803 ], [ 129.245980800000012, 36.3661537 ], [ 129.2467777, 36.3660379 ], [ 129.2471, 36.3660059 ], [ 129.2469983, 36.3654855 ], [ 129.2469922, 36.3653192 ], [ 129.2470427, 36.3650072 ], [ 129.247049299999986, 36.3648468 ], [ 129.2470284, 36.364691 ], [ 129.246834799999988, 36.3638829 ], [ 129.2467622, 36.3632434 ], [ 129.2467164, 36.3630747 ], [ 129.246659099999988, 36.3629362 ], [ 129.2465547, 36.3627477 ], [ 129.2463818, 36.3624958 ], [ 129.2461935, 36.362292 ], [ 129.2460188, 36.3621556 ], [ 129.2458188, 36.3620356 ], [ 129.2451227, 36.3617168 ], [ 129.244871100000012, 36.3615402 ], [ 129.2445999, 36.3612584 ], [ 129.2444787, 36.3611698 ], [ 129.2443166, 36.3610871 ], [ 129.2440312, 36.3609812 ], [ 129.24387440000001, 36.3609508 ], [ 129.243503299999986, 36.3609681 ], [ 129.2433189, 36.3609282 ], [ 129.2429884, 36.3607772 ], [ 129.2428473, 36.3607453 ], [ 129.2426772, 36.3607364 ], [ 129.2423353, 36.360764 ], [ 129.242131699999987, 36.360712 ], [ 129.241938800000014, 36.3607066 ], [ 129.24133710000001, 36.3607077 ], [ 129.221296599999988, 36.3534704 ], [ 129.216764500000011, 36.3441777 ], [ 129.2164328, 36.3443563 ], [ 129.216367, 36.3445165 ], [ 129.2165459, 36.3453613 ], [ 129.2165215, 36.3458787 ], [ 129.216220600000014, 36.3461276 ], [ 129.2157815, 36.3462913 ], [ 129.2151555, 36.3459835 ], [ 129.214098400000012, 36.3458722 ], [ 129.213187799999986, 36.34618 ], [ 129.2130414, 36.3464354 ], [ 129.2123909, 36.3466908 ], [ 129.211954100000014, 36.346827 ], [ 129.2118099, 36.3465236 ], [ 129.212540100000012, 36.3459658 ], [ 129.213109300000013, 36.3457956 ], [ 129.2138085, 36.3456056 ], [ 129.2143696, 36.3451472 ], [ 129.2149143, 36.3448066 ], [ 129.2153615, 36.3438243 ], [ 129.2154591, 36.3433134 ], [ 129.215158300000013, 36.3421607 ], [ 129.215142, 36.3417285 ], [ 129.214613500000013, 36.3411063 ], [ 129.214166299999988, 36.3406216 ], [ 129.213963, 36.3401304 ], [ 129.213402, 36.339161 ], [ 129.2133776, 36.3386698 ], [ 129.213540200000011, 36.338041 ], [ 129.213019800000012, 36.3373795 ], [ 129.2127759, 36.3368162 ], [ 129.212523800000014, 36.3369472 ], [ 129.212141699999989, 36.3371306 ], [ 129.212011600000011, 36.3367114 ], [ 129.2117189, 36.336325 ], [ 129.2112066, 36.3360826 ], [ 129.2103448, 36.3356569 ], [ 129.209556099999986, 36.3353752 ], [ 129.2090275, 36.3349429 ], [ 129.2087023, 36.3349429 ], [ 129.208531599999986, 36.3352639 ], [ 129.2082307, 36.3357355 ], [ 129.2077022, 36.3359516 ], [ 129.206913500000013, 36.3359844 ], [ 129.2062305, 36.3359189 ], [ 129.2057426, 36.3361743 ], [ 129.204913299999987, 36.3369538 ], [ 129.2039782, 36.3376481 ], [ 129.203279, 36.3386829 ], [ 129.202766700000012, 36.3394034 ], [ 129.202165, 36.3401042 ], [ 129.2014658, 36.3411652 ], [ 129.2014251, 36.3414927 ], [ 129.2011245, 36.3414987 ], [ 129.2009758, 36.3410142 ], [ 129.2014287, 36.3401758 ], [ 129.2017936, 36.3396695 ], [ 129.201895, 36.3390815 ], [ 129.202037, 36.3386078 ], [ 129.2016382, 36.3382322 ], [ 129.201262899999989, 36.337852 ], [ 129.186847, 36.3417629 ], [ 129.1863071, 36.3422075 ], [ 129.186246399999987, 36.3423462 ], [ 129.186305299999987, 36.3427258 ], [ 129.1863146, 36.3432525 ], [ 129.1858196, 36.3447947 ], [ 129.1857075, 36.3451708 ], [ 129.185559500000011, 36.3455577 ], [ 129.1851938, 36.3459081 ], [ 129.1845681, 36.3462617 ], [ 129.1835687, 36.3468635 ], [ 129.1833258, 36.3470441 ], [ 129.18315770000001, 36.34736 ], [ 129.182952199999988, 36.3477211 ], [ 129.182531899999987, 36.3480596 ], [ 129.182382499999989, 36.3484959 ], [ 129.1818595, 36.3489774 ], [ 129.181485900000013, 36.3492407 ], [ 129.1806733, 36.3494363 ], [ 129.1804211, 36.3495792 ], [ 129.1801783, 36.3500005 ], [ 129.1799167, 36.3503691 ], [ 129.1787895, 36.3511415 ], [ 129.178282200000012, 36.351362 ], [ 129.177619099999987, 36.3517306 ], [ 129.1769933, 36.3520466 ], [ 129.176414200000011, 36.3521895 ], [ 129.1759659, 36.3520842 ], [ 129.175386800000012, 36.3520466 ], [ 129.1751347, 36.3521594 ], [ 129.174723699999987, 36.3525506 ], [ 129.1745089, 36.3527988 ], [ 129.17400090000001, 36.3528867 ], [ 129.172649, 36.3536039 ], [ 129.1717907, 36.3541137 ], [ 129.1711684, 36.3547013 ], [ 129.1705569, 36.3553148 ], [ 129.169248, 36.3565849 ], [ 129.169366, 36.3574576 ], [ 129.170106299999986, 36.3586586 ], [ 129.1710075, 36.3594535 ], [ 129.1728851, 36.3608359 ], [ 129.173443, 36.3622355 ], [ 129.1738292, 36.3630131 ], [ 129.1747412, 36.3631686 ], [ 129.1752132, 36.3633069 ], [ 129.17711220000001, 36.3633587 ], [ 129.1777131, 36.3630131 ], [ 129.1787323, 36.362296 ], [ 129.179644200000013, 36.362633 ], [ 129.181101, 36.3628849 ], [ 129.1816398, 36.3634192 ], [ 129.180609800000013, 36.3639203 ], [ 129.1800734, 36.3648706 ], [ 129.1805669, 36.3662616 ], [ 129.1808351, 36.3669527 ], [ 129.1819509, 36.3678166 ], [ 129.1825088, 36.3682918 ], [ 129.1834959, 36.368836 ], [ 129.1834129, 36.3692169 ], [ 129.1830702, 36.3692887 ], [ 129.1812536, 36.3685509 ], [ 129.1796764, 36.3676093 ], [ 129.1778847, 36.3666417 ], [ 129.1759428, 36.366011 ], [ 129.1746661, 36.3655013 ], [ 129.173958, 36.3658382 ], [ 129.1727134, 36.3653026 ], [ 129.171426, 36.3650866 ], [ 129.1704925, 36.3649138 ], [ 129.1698917, 36.3651903 ], [ 129.1692051, 36.3651471 ], [ 129.168775900000014, 36.3644559 ], [ 129.1676601, 36.3633241 ], [ 129.167027100000013, 36.3629008 ], [ 129.1665121, 36.3622096 ], [ 129.1663834, 36.361553 ], [ 129.1660186, 36.3602743 ], [ 129.1658362, 36.3593498 ], [ 129.1653105, 36.3585895 ], [ 129.1650316, 36.3581834 ], [ 129.163154, 36.3589264 ], [ 129.1632828, 36.3594621 ], [ 129.1628, 36.3596695 ], [ 129.1621884, 36.3594276 ], [ 129.1613945, 36.3590819 ], [ 129.1609546, 36.3594621 ], [ 129.1606864, 36.3600669 ], [ 129.1606971, 36.3605508 ], [ 129.1614911, 36.3619331 ], [ 129.1622635, 36.36335 ], [ 129.1630896, 36.3641449 ], [ 129.1629824, 36.3646546 ], [ 129.1623815, 36.3652421 ], [ 129.1617593, 36.3644386 ], [ 129.1613194, 36.3638857 ], [ 129.160890200000011, 36.3641017 ], [ 129.160783400000014, 36.3639386 ], [ 129.160536, 36.3639923 ], [ 129.1601717, 36.3642104 ], [ 129.1596113, 36.3643609 ], [ 129.1592938, 36.3641277 ], [ 129.159135, 36.3635787 ], [ 129.1590229, 36.3632929 ], [ 129.158733399999988, 36.3630823 ], [ 129.158313099999987, 36.3630672 ], [ 129.1582757, 36.3634734 ], [ 129.1583224, 36.3639622 ], [ 129.1583971, 36.3644586 ], [ 129.158331800000013, 36.3649701 ], [ 129.158350399999989, 36.3653311 ], [ 129.1583037, 36.3657372 ], [ 129.1580702, 36.366196 ], [ 129.1574445, 36.366384 ], [ 129.1567533, 36.3664141 ], [ 129.1565105, 36.3664592 ], [ 129.1560528, 36.3664743 ], [ 129.1556792, 36.3663389 ], [ 129.154978699999987, 36.3661283 ], [ 129.154539699999987, 36.3660982 ], [ 129.1541661, 36.3662261 ], [ 129.1539326, 36.366384 ], [ 129.1537271, 36.3666623 ], [ 129.152961299999987, 36.3667601 ], [ 129.152569, 36.3667601 ], [ 129.1518591, 36.3669782 ], [ 129.1513454, 36.3671587 ], [ 129.1508411, 36.3673392 ], [ 129.1503367, 36.3674746 ], [ 129.1495895, 36.3674219 ], [ 129.14859340000001, 36.3674882 ], [ 129.1500273, 36.3676449 ], [ 129.1516902, 36.3677745 ], [ 129.1529777, 36.3675499 ], [ 129.1547158, 36.3678091 ], [ 129.1554882, 36.3680682 ], [ 129.155971, 36.3683793 ], [ 129.1567221, 36.3682583 ], [ 129.156550399999986, 36.3678609 ], [ 129.157076100000012, 36.367403 ], [ 129.1577413, 36.3676276 ], [ 129.157676900000013, 36.3685261 ], [ 129.157676900000013, 36.3686471 ], [ 129.1592004, 36.3692 ], [ 129.1600909, 36.3701157 ], [ 129.1616573, 36.3705908 ], [ 129.1624191, 36.3718434 ], [ 129.163577800000013, 36.3721804 ], [ 129.1645112, 36.3729319 ], [ 129.1653695, 36.3738217 ], [ 129.1662278, 36.3739167 ], [ 129.166056200000014, 36.3745128 ], [ 129.1671076, 36.3753075 ], [ 129.1676655, 36.3758258 ], [ 129.1674724, 36.3764564 ], [ 129.167805, 36.3770006 ], [ 129.1680088, 36.3772856 ], [ 129.1688456, 36.3774498 ], [ 129.169639600000011, 36.377968 ], [ 129.168802699999986, 36.3780717 ], [ 129.1683736, 36.3782963 ], [ 129.167493799999988, 36.3781926 ], [ 129.1669681, 36.3785554 ], [ 129.1666033, 36.3788837 ], [ 129.1665604, 36.3785813 ], [ 129.1665604, 36.3777866 ], [ 129.1664317, 36.3773547 ], [ 129.1660025, 36.3765773 ], [ 129.165197799999987, 36.3762923 ], [ 129.1645863, 36.3754457 ], [ 129.16392110000001, 36.3747287 ], [ 129.1632559, 36.3742191 ], [ 129.1625478, 36.3739081 ], [ 129.1619255, 36.3735021 ], [ 129.1609814, 36.3729665 ], [ 129.160316200000011, 36.3724395 ], [ 129.159500799999989, 36.3722408 ], [ 129.159136100000012, 36.3718607 ], [ 129.1587605, 36.3714893 ], [ 129.1577628, 36.3713424 ], [ 129.1561964, 36.3710832 ], [ 129.1548982, 36.3707722 ], [ 129.1548445, 36.3707463 ], [ 129.1531708, 36.3700811 ], [ 129.1527846, 36.3702539 ], [ 129.152870400000012, 36.3708241 ], [ 129.1529348, 36.3712733 ], [ 129.1526129, 36.3713424 ], [ 129.1523125, 36.3707722 ], [ 129.151979899999986, 36.370107 ], [ 129.1510251, 36.3699429 ], [ 129.15052080000001, 36.3698738 ], [ 129.1495445, 36.3700379 ], [ 129.1488364, 36.370107 ], [ 129.1488042, 36.3706081 ], [ 129.148536, 36.3710573 ], [ 129.1483428, 36.3707982 ], [ 129.1481283, 36.3704872 ], [ 129.147388, 36.3697615 ], [ 129.1470876, 36.3694678 ], [ 129.146207299999986, 36.3693974 ], [ 129.145591, 36.3693537 ], [ 129.1451788, 36.3694061 ], [ 129.14487840000001, 36.3696135 ], [ 129.144170300000013, 36.369959 ], [ 129.1432476, 36.3694407 ], [ 129.142496599999987, 36.3693889 ], [ 129.1413808, 36.369648 ], [ 129.1412306, 36.3700627 ], [ 129.141295, 36.3708575 ], [ 129.1418529, 36.3729135 ], [ 129.1421747, 36.3737773 ], [ 129.1423464, 36.3744339 ], [ 129.1422206, 36.3744339 ], [ 129.141894, 36.3742035 ], [ 129.1417461, 36.3740149 ], [ 129.1417276, 36.373742 ] ], [ [ 129.1885507, 36.3626443 ], [ 129.1885034, 36.362552 ], [ 129.188508899999988, 36.3624427 ], [ 129.1885752, 36.3622964 ], [ 129.18861290000001, 36.3621396 ], [ 129.188630499999988, 36.3620556 ], [ 129.1888223, 36.3620969 ], [ 129.1889081, 36.3622352 ], [ 129.1890905, 36.3622956 ], [ 129.1896216, 36.3623069 ], [ 129.1904638, 36.362382 ], [ 129.190925099999987, 36.362382 ], [ 129.1914294, 36.3623734 ], [ 129.19170840000001, 36.3624771 ], [ 129.1917761, 36.3625808 ], [ 129.1916225, 36.3626499 ], [ 129.1915903, 36.3627363 ], [ 129.1915903, 36.3629004 ], [ 129.1913597, 36.3630067 ], [ 129.1911934, 36.3630991 ], [ 129.1909681, 36.3631596 ], [ 129.190614, 36.3632374 ], [ 129.1901741, 36.3632028 ], [ 129.1894871, 36.3631839 ], [ 129.18936, 36.3630685 ], [ 129.189197799999988, 36.3630675 ], [ 129.18893030000001, 36.3630749 ], [ 129.188841700000012, 36.3629278 ], [ 129.188753100000014, 36.3628718 ], [ 129.1887432, 36.3627671 ], [ 129.1886998, 36.3626969 ], [ 129.1885507, 36.3626443 ] ], [ [ 129.1375205, 36.3997512 ], [ 129.138336399999986, 36.3991532 ], [ 129.139494500000012, 36.3975044 ], [ 129.139796600000011, 36.3972754 ], [ 129.1407576, 36.3973633 ], [ 129.1413028, 36.3974825 ], [ 129.141011600000013, 36.3980862 ], [ 129.1400787, 36.3985937 ], [ 129.1405789, 36.3991229 ], [ 129.1398825, 36.3995509 ], [ 129.139084700000012, 36.4001387 ], [ 129.1391858, 36.4003467 ], [ 129.1401409, 36.4004281 ], [ 129.1407027, 36.4006995 ], [ 129.1407589, 36.4009346 ], [ 129.140421800000013, 36.4010612 ], [ 129.140242, 36.4017938 ], [ 129.1393544, 36.4022369 ], [ 129.1387139, 36.4021736 ], [ 129.138343099999986, 36.4018752 ], [ 129.1376689, 36.4018299 ], [ 129.13732060000001, 36.4011878 ], [ 129.13729810000001, 36.4006452 ], [ 129.137534100000011, 36.4001839 ], [ 129.1375205, 36.3997512 ] ], [ [ 129.1087667, 36.4035524 ], [ 129.109512, 36.4041648 ], [ 129.1110337, 36.4048896 ], [ 129.1125399, 36.4051396 ], [ 129.1126797, 36.4052146 ], [ 129.111701399999987, 36.405477 ], [ 129.1118878, 36.4058019 ], [ 129.1125865, 36.4065142 ], [ 129.113984, 36.4077014 ], [ 129.114078799999987, 36.4077063 ], [ 129.1130398, 36.4076822 ], [ 129.112376899999987, 36.4073295 ], [ 129.1113207, 36.4069225 ], [ 129.1107251, 36.4064252 ], [ 129.110197, 36.4064794 ], [ 129.1099049, 36.4068864 ], [ 129.1095453, 36.4074742 ], [ 129.1092644, 36.4071848 ], [ 129.1092644, 36.4068231 ], [ 129.109635200000014, 36.4065246 ], [ 129.10986, 36.40619 ], [ 129.1095903, 36.4054937 ], [ 129.108961099999988, 36.4048697 ], [ 129.1086802, 36.4043814 ], [ 129.108343100000013, 36.4037031 ], [ 129.1087667, 36.4035524 ] ], [ [ 129.2411892, 36.4152611 ], [ 129.2413608, 36.4152719 ], [ 129.24129640000001, 36.4155676 ], [ 129.241143599999987, 36.4156237 ], [ 129.240886100000012, 36.4155244 ], [ 129.2405776, 36.4153906 ], [ 129.2404086, 36.4152028 ], [ 129.2408485, 36.4152179 ], [ 129.2411892, 36.4152611 ] ], [ [ 129.1294648, 36.4179616 ], [ 129.1289339, 36.4181837 ], [ 129.1285729, 36.4184287 ], [ 129.1277589, 36.4185654 ], [ 129.1274191, 36.4184287 ], [ 129.1268953, 36.4184287 ], [ 129.1263573, 36.4182464 ], [ 129.1260671, 36.4179901 ], [ 129.1261379, 36.417073 ], [ 129.1270015, 36.4167825 ], [ 129.1275748, 36.4163268 ], [ 129.1282756, 36.4162926 ], [ 129.128558700000013, 36.4164806 ], [ 129.128558700000013, 36.4168907 ], [ 129.12878520000001, 36.4176141 ], [ 129.1292029, 36.4174603 ], [ 129.129521399999987, 36.4174148 ], [ 129.129578, 36.4177736 ], [ 129.1294648, 36.4179616 ] ], [ [ 129.259092900000013, 36.4205297 ], [ 129.2590017, 36.4207283 ], [ 129.2589642, 36.4210866 ], [ 129.2588086, 36.4216089 ], [ 129.2585618, 36.4219585 ], [ 129.2584223, 36.4215959 ], [ 129.25828820000001, 36.4209614 ], [ 129.258046799999988, 36.4206031 ], [ 129.2578859, 36.4204348 ], [ 129.2577142, 36.4201758 ], [ 129.2576338, 36.4199988 ], [ 129.257961, 36.4199427 ], [ 129.258856900000012, 36.4202664 ], [ 129.259092900000013, 36.4205297 ] ], [ [ 129.2596883, 36.4206981 ], [ 129.260316, 36.4206463 ], [ 129.26055740000001, 36.4211082 ], [ 129.261008, 36.4210434 ], [ 129.2613781, 36.4211816 ], [ 129.2615283, 36.421406 ], [ 129.2614801, 36.4219758 ], [ 129.2613996, 36.4223643 ], [ 129.2613191, 36.4225585 ], [ 129.2608524, 36.4225585 ], [ 129.26053060000001, 36.4225283 ], [ 129.2602248, 36.4226665 ], [ 129.2597956, 36.4228434 ], [ 129.259559599999989, 36.4230161 ], [ 129.2593665, 36.4231801 ], [ 129.2590822, 36.4230852 ], [ 129.258985599999988, 36.422783 ], [ 129.259194799999989, 36.4218765 ], [ 129.2593343, 36.4214449 ], [ 129.2594738, 36.4210909 ], [ 129.259624, 36.4208103 ], [ 129.2596883, 36.4206981 ] ], [ [ 129.232323, 36.4240213 ], [ 129.233494, 36.4247777 ], [ 129.233746200000013, 36.4253789 ], [ 129.2335139, 36.4254529 ], [ 129.2331216, 36.4252876 ], [ 129.2305531, 36.4249269 ], [ 129.2301608, 36.424848 ], [ 129.2291194, 36.424382 ], [ 129.229932, 36.424243 ], [ 129.2307912, 36.4243407 ], [ 129.231449700000013, 36.4240814 ], [ 129.232323, 36.4240213 ] ], [ [ 129.2428955, 36.4318146 ], [ 129.2426059, 36.4316794 ], [ 129.2429141, 36.4313337 ], [ 129.2438481, 36.4314239 ], [ 129.2442778, 36.431206 ], [ 129.2448475, 36.431221 ], [ 129.245034299999986, 36.4315065 ], [ 129.244940899999989, 36.431762 ], [ 129.2443245, 36.4318522 ], [ 129.2437921, 36.431732 ], [ 129.2432691, 36.4317169 ], [ 129.2428955, 36.4318146 ] ], [ [ 129.1823679, 36.4413408 ], [ 129.182384, 36.4412092 ], [ 129.1819844, 36.4408406 ], [ 129.1819629, 36.440681 ], [ 129.1819122, 36.4406424 ], [ 129.1817474, 36.4406339 ], [ 129.181477199999989, 36.4405627 ], [ 129.1814119, 36.4404257 ], [ 129.181459600000011, 36.4403356 ], [ 129.181652500000013, 36.4401741 ], [ 129.1817891, 36.4401528 ], [ 129.18213080000001, 36.4401864 ], [ 129.1824752, 36.4402779 ], [ 129.1827826, 36.4403249 ], [ 129.1834065, 36.4406935 ], [ 129.1835202, 36.440725 ], [ 129.1836398, 36.4407198 ], [ 129.1837665, 36.4406572 ], [ 129.1841945, 36.4401238 ], [ 129.1845491, 36.4398752 ], [ 129.184822200000013, 36.4397605 ], [ 129.1852637, 36.4397384 ], [ 129.1855104, 36.4396306 ], [ 129.18569020000001, 36.4396686 ], [ 129.1858573, 36.4396347 ], [ 129.1864316, 36.4391905 ], [ 129.1866182, 36.4390956 ], [ 129.1866062, 36.4393719 ], [ 129.1867954, 36.4394734 ], [ 129.1865125, 36.4397475 ], [ 129.186358, 36.4399201 ], [ 129.1857228, 36.4402654 ], [ 129.1854825, 36.4405761 ], [ 129.185405300000014, 36.4409006 ], [ 129.185302299999989, 36.440949 ], [ 129.1851821, 36.4412528 ], [ 129.1851821, 36.4417223 ], [ 129.1852164, 36.4419502 ], [ 129.184684299999986, 36.4418811 ], [ 129.1843839, 36.4419985 ], [ 129.1838603, 36.4424404 ], [ 129.1836887, 36.4428271 ], [ 129.1836543, 36.4434623 ], [ 129.1832767, 36.4434761 ], [ 129.183072900000013, 36.4438253 ], [ 129.183026399999989, 36.4437875 ], [ 129.1829004, 36.4437483 ], [ 129.1828557, 36.4437941 ], [ 129.1813718, 36.4433133 ], [ 129.18173920000001, 36.4426734 ], [ 129.182031099999989, 36.4423174 ], [ 129.182178, 36.4420565 ], [ 129.1822381, 36.4419024 ], [ 129.182266, 36.4417266 ], [ 129.1823786, 36.441522 ], [ 129.1823679, 36.4413408 ] ] ], [ [ [ 129.1351827, 36.4224001 ], [ 129.1347051, 36.4225257 ], [ 129.1339401, 36.4232456 ], [ 129.132738499999988, 36.4234528 ], [ 129.1328672, 36.4249032 ], [ 129.1341118, 36.426129 ], [ 129.1329531, 36.4262844 ], [ 129.131536899999986, 36.4257146 ], [ 129.129820200000012, 36.4260599 ], [ 129.1275028, 36.4260599 ], [ 129.12610810000001, 36.4269577 ], [ 129.124305600000014, 36.4280109 ], [ 129.1224817, 36.4284943 ], [ 129.120099900000014, 36.4285288 ], [ 129.120099900000014, 36.4290813 ], [ 129.119391799999988, 36.4296683 ], [ 129.11804, 36.4292885 ], [ 129.1160444, 36.429323 ], [ 129.1144351, 36.4292712 ], [ 129.1123859, 36.4285763 ], [ 129.1120855, 36.4291461 ], [ 129.112257199999988, 36.4296122 ], [ 129.1116135, 36.4306481 ], [ 129.1116027, 36.4316882 ], [ 129.1125468, 36.4327241 ], [ 129.1134266, 36.4332938 ], [ 129.110916, 36.4330866 ], [ 129.1093818, 36.4342174 ], [ 129.109574900000013, 36.436945 ], [ 129.110744399999987, 36.4373161 ], [ 129.1108302, 36.4380066 ], [ 129.1134051, 36.4396293 ], [ 129.1154007, 36.4402853 ], [ 129.1179756, 36.4405615 ], [ 129.116988600000013, 36.4394912 ], [ 129.115915699999988, 36.438818 ], [ 129.1152505, 36.4375406 ], [ 129.1178898, 36.437506 ], [ 129.118898300000012, 36.4387662 ], [ 129.119263100000012, 36.4399918 ], [ 129.1207651, 36.4415627 ], [ 129.1219667, 36.4424085 ], [ 129.1244558, 36.4428918 ], [ 129.1243915, 36.4436859 ], [ 129.1226748, 36.4434787 ], [ 129.1207651, 36.4425466 ], [ 129.118061399999988, 36.4421151 ], [ 129.1159371, 36.4418389 ], [ 129.112675599999989, 36.4419597 ], [ 129.111817300000013, 36.4422186 ], [ 129.112761400000011, 36.4429954 ], [ 129.1132764, 36.4449805 ], [ 129.1142849, 36.4469137 ], [ 129.1149072, 36.4480184 ], [ 129.1153578, 36.4495891 ], [ 129.1163019, 36.4505384 ], [ 129.1164307, 36.4511942 ], [ 129.1165809, 36.4518328 ], [ 129.1173963, 36.4522125 ], [ 129.1183792, 36.4535897 ], [ 129.118117500000011, 36.4537085 ], [ 129.117670299999986, 36.4535973 ], [ 129.1170036, 36.4534404 ], [ 129.116548200000011, 36.4533357 ], [ 129.11641, 36.4535646 ], [ 129.1162799, 36.4540094 ], [ 129.116345, 36.4545522 ], [ 129.116214899999989, 36.4550296 ], [ 129.1156782, 36.4554155 ], [ 129.1154262, 36.4559256 ], [ 129.115231, 36.4560171 ], [ 129.1148163, 36.4559256 ], [ 129.114523600000012, 36.4557294 ], [ 129.1141821, 36.4551408 ], [ 129.1139545, 36.4543691 ], [ 129.1137105, 36.4538589 ], [ 129.113588600000014, 36.4532049 ], [ 129.1137918, 36.4526621 ], [ 129.1143122, 36.4521912 ], [ 129.1146944, 36.4520735 ], [ 129.1149871, 36.451995 ], [ 129.115019600000011, 36.4507262 ], [ 129.114556099999987, 36.4506477 ], [ 129.114239, 36.4505889 ], [ 129.114084600000012, 36.45036 ], [ 129.11397070000001, 36.4498302 ], [ 129.1139219, 36.449307 ], [ 129.1141984, 36.4490715 ], [ 129.1137105, 36.4482213 ], [ 129.1132796, 36.4475476 ], [ 129.113035700000012, 36.447299 ], [ 129.112873, 36.4470047 ], [ 129.1127917, 36.4464357 ], [ 129.1123933, 36.4455919 ], [ 129.1121575, 36.4453369 ], [ 129.1116778, 36.4451799 ], [ 129.11141760000001, 36.4442249 ], [ 129.1105964, 36.4431653 ], [ 129.1104315, 36.4431674 ], [ 129.1099505, 36.4425271 ], [ 129.1090766, 36.4420823 ], [ 129.10775670000001, 36.441867 ], [ 129.1065616, 36.4414653 ], [ 129.105544900000012, 36.4413935 ], [ 129.1040467, 36.4416805 ], [ 129.1032797, 36.4416949 ], [ 129.1026019, 36.4413361 ], [ 129.1016744, 36.4414653 ], [ 129.100604299999986, 36.4416088 ], [ 129.1002832, 36.4417092 ], [ 129.100693400000011, 36.4423979 ], [ 129.10110370000001, 36.443101 ], [ 129.1007291, 36.4434597 ], [ 129.1008315, 36.4438689 ], [ 129.1010425, 36.4448332 ], [ 129.100506599999989, 36.4446424 ], [ 129.099572200000011, 36.4434808 ], [ 129.099713799999989, 36.4423192 ], [ 129.0986662, 36.4412829 ], [ 129.0978378, 36.4409911 ], [ 129.096939600000013, 36.4407644 ], [ 129.0962403, 36.4405027 ], [ 129.094402800000012, 36.4403784 ], [ 129.0937523, 36.440313 ], [ 129.0921911, 36.4399925 ], [ 129.0914594, 36.4399925 ], [ 129.0908614, 36.4400917 ], [ 129.09016410000001, 36.4401867 ], [ 129.089166299999988, 36.4404024 ], [ 129.088047100000011, 36.4404813 ], [ 129.0885798, 36.4405554 ], [ 129.089122800000013, 36.4406543 ], [ 129.0897886, 36.4407368 ], [ 129.0900038, 36.4410911 ], [ 129.0900509, 36.4413552 ], [ 129.0897104, 36.4415187 ], [ 129.0887435, 36.4413734 ], [ 129.0877178, 36.4409653 ], [ 129.086434700000012, 36.4399504 ], [ 129.0847359, 36.4391759 ], [ 129.0838582, 36.4396884 ], [ 129.0834618, 36.440554 ], [ 129.082669, 36.4416131 ], [ 129.082838900000013, 36.4425128 ], [ 129.082216, 36.444483 ], [ 129.0830796, 36.4453713 ], [ 129.0847784, 36.4465442 ], [ 129.086548, 36.4477513 ], [ 129.088855599999988, 36.4481044 ], [ 129.0902146, 36.4481499 ], [ 129.0901721, 36.447535 ], [ 129.091517, 36.4473414 ], [ 129.093173400000012, 36.4473983 ], [ 129.0941927, 36.4475805 ], [ 129.0948516, 36.4477261 ], [ 129.0950468, 36.4485556 ], [ 129.096721699999989, 36.4483987 ], [ 129.0970958, 36.4490004 ], [ 129.0979576, 36.4496806 ], [ 129.0996814, 36.4500861 ], [ 129.100153, 36.4505962 ], [ 129.098413, 36.4510671 ], [ 129.099193500000013, 36.4531207 ], [ 129.0999578, 36.4538009 ], [ 129.10068960000001, 36.4543241 ], [ 129.099779, 36.4545988 ], [ 129.1006065, 36.4567325 ], [ 129.1005709, 36.4568019 ], [ 129.1012151, 36.4585402 ], [ 129.0996613, 36.4575362 ], [ 129.0992965, 36.4565007 ], [ 129.0976657, 36.4564144 ], [ 129.0974941, 36.455655 ], [ 129.097622800000011, 36.4544814 ], [ 129.0963783, 36.4527037 ], [ 129.095584300000013, 36.4518407 ], [ 129.0946095, 36.4516847 ], [ 129.094260600000013, 36.4511265 ], [ 129.0947756, 36.4504935 ], [ 129.0943411, 36.4503613 ], [ 129.093567299999989, 36.4499076 ], [ 129.091035299999987, 36.4492345 ], [ 129.0887179, 36.4492345 ], [ 129.0869798, 36.4489065 ], [ 129.085229199999986, 36.4482319 ], [ 129.0847369, 36.447532 ], [ 129.083954299999988, 36.4469733 ], [ 129.0828132, 36.4463383 ], [ 129.0822933, 36.4459063 ], [ 129.0814437, 36.4455407 ], [ 129.0803709, 36.4455234 ], [ 129.0791692, 36.4449365 ], [ 129.0777745, 36.4441253 ], [ 129.0763154, 36.4436592 ], [ 129.0760793, 36.4440735 ], [ 129.0767874, 36.4451437 ], [ 129.0772595, 36.4459204 ], [ 129.077281, 36.4476292 ], [ 129.0776672, 36.4486994 ], [ 129.0776243, 36.4496314 ], [ 129.078053399999988, 36.4522032 ], [ 129.0796413, 36.4533423 ], [ 129.0803065, 36.4545332 ], [ 129.0813579, 36.4555514 ], [ 129.085005700000011, 36.4563281 ], [ 129.0847053, 36.4566042 ], [ 129.083718299999987, 36.4572083 ], [ 129.0819373, 36.4568113 ], [ 129.080349399999989, 36.4554651 ], [ 129.079748599999988, 36.4547575 ], [ 129.0792336, 36.453791 ], [ 129.0782251, 36.4531869 ], [ 129.0777745, 36.4529798 ], [ 129.0769805, 36.4533768 ], [ 129.076508499999989, 36.4543606 ], [ 129.0760364, 36.4552925 ], [ 129.0760793, 36.456259 ], [ 129.0753927, 36.4560347 ], [ 129.074083800000011, 36.4561037 ], [ 129.0730967, 36.4570529 ], [ 129.071997, 36.4595036 ], [ 129.0717395, 36.4608497 ], [ 129.0721136, 36.4613624 ], [ 129.0718856, 36.462422 ], [ 129.0721457, 36.4626443 ], [ 129.072471, 36.4631151 ], [ 129.0726661, 36.463926 ], [ 129.0728287, 36.4642922 ], [ 129.0733329, 36.4647499 ], [ 129.0740484, 36.4651815 ], [ 129.0748452, 36.4655346 ], [ 129.075170500000013, 36.46577 ], [ 129.0753819, 36.4661885 ], [ 129.0755445, 36.4665547 ], [ 129.0758209, 36.4669863 ], [ 129.0766217, 36.4672652 ], [ 129.0767016, 36.467252 ], [ 129.078268, 36.467114 ], [ 129.0796842, 36.4678732 ], [ 129.0792765, 36.4690466 ], [ 129.079019, 36.469478 ], [ 129.077817399999986, 36.4711 ], [ 129.0789976, 36.4711863 ], [ 129.0821733, 36.471842 ], [ 129.0838041, 36.4716177 ], [ 129.0857997, 36.4711 ], [ 129.088760799999989, 36.4708412 ], [ 129.089833700000014, 36.4705651 ], [ 129.091142600000012, 36.4703581 ], [ 129.0920438, 36.4701337 ], [ 129.0932669, 36.4695643 ], [ 129.094128399999988, 36.4692646 ], [ 129.0965646, 36.4681111 ], [ 129.0971078, 36.4675626 ], [ 129.09798760000001, 36.4667688 ], [ 129.0988245, 36.4659405 ], [ 129.0993394, 36.4652675 ], [ 129.0997946, 36.4649714 ], [ 129.0997944, 36.4652761 ], [ 129.0996254, 36.465714 ], [ 129.099633399999988, 36.4658521 ], [ 129.0994939, 36.4662166 ], [ 129.099410799999987, 36.4663266 ], [ 129.099335700000012, 36.466497 ], [ 129.0991158, 36.46662 ], [ 129.0988878, 36.46684 ], [ 129.0990272, 36.4669069 ], [ 129.0991292, 36.4669867 ], [ 129.0992204, 36.4669673 ], [ 129.099295500000011, 36.467019 ], [ 129.0989495, 36.4672606 ], [ 129.0993667, 36.4670678 ], [ 129.099149899999986, 36.4671816 ], [ 129.099086199999988, 36.467215 ], [ 129.0989317, 36.4673196 ], [ 129.0987203, 36.4674863 ], [ 129.098309699999987, 36.4677119 ], [ 129.098082, 36.4678361 ], [ 129.0978706, 36.4679342 ], [ 129.0972486, 36.4680846 ], [ 129.0967001, 36.4683918 ], [ 129.0942483, 36.4697651 ], [ 129.093996299999986, 36.4699416 ], [ 129.093898700000011, 36.470141 ], [ 129.093634400000013, 36.4703764 ], [ 129.093337600000012, 36.4705007 ], [ 129.0933498, 36.470723 ], [ 129.0933255, 36.4709093 ], [ 129.0930409, 36.4710761 ], [ 129.0926872, 36.4710761 ], [ 129.0924961, 36.4710303 ], [ 129.092305, 36.471063 ], [ 129.0921668, 36.4711643 ], [ 129.0922237, 36.4713213 ], [ 129.0920611, 36.471318 ], [ 129.0918131, 36.4712559 ], [ 129.091947299999987, 36.4715665 ], [ 129.092118, 36.4718378 ], [ 129.092386299999987, 36.4721615 ], [ 129.0920123, 36.4719784 ], [ 129.0916545, 36.4716711 ], [ 129.0911626, 36.4713507 ], [ 129.09077640000001, 36.4713115 ], [ 129.090321100000011, 36.4714945 ], [ 129.0900609, 36.4715599 ], [ 129.0894673, 36.4715468 ], [ 129.0890689, 36.4714324 ], [ 129.088711100000012, 36.4715697 ], [ 129.088487500000014, 36.4717561 ], [ 129.0883249, 36.4719653 ], [ 129.088040299999989, 36.4721059 ], [ 129.088007800000014, 36.472253 ], [ 129.0881257, 36.4726813 ], [ 129.0880444, 36.472848 ], [ 129.0878289, 36.4726551 ], [ 129.087702900000011, 36.4723282 ], [ 129.0875403, 36.4722105 ], [ 129.08719880000001, 36.4722268 ], [ 129.08715, 36.4723576 ], [ 129.087223200000011, 36.4725505 ], [ 129.087263799999988, 36.472812 ], [ 129.0872435, 36.4729755 ], [ 129.0870036, 36.4729232 ], [ 129.08692640000001, 36.4726976 ], [ 129.0866296, 36.4724916 ], [ 129.086214899999987, 36.4724557 ], [ 129.0859222, 36.4724524 ], [ 129.0857068, 36.4725341 ], [ 129.0855848, 36.4727499 ], [ 129.085157900000013, 36.4727401 ], [ 129.08504, 36.472969 ], [ 129.0850888, 36.4731488 ], [ 129.0850522, 36.4733057 ], [ 129.084710699999988, 36.4733514 ], [ 129.084454599999987, 36.4732436 ], [ 129.0842269, 36.4732141 ], [ 129.084247299999987, 36.4734364 ], [ 129.0841172, 36.4735541 ], [ 129.083710599999989, 36.4734855 ], [ 129.083470799999986, 36.4736588 ], [ 129.0831862, 36.4737993 ], [ 129.0828243, 36.4737797 ], [ 129.0822796, 36.4736359 ], [ 129.0819055, 36.4735705 ], [ 129.0817958, 36.473662 ], [ 129.0817389, 36.4738614 ], [ 129.0817104, 36.4740837 ], [ 129.0817917, 36.474221 ], [ 129.0820234, 36.4743682 ], [ 129.0823446, 36.4746068 ], [ 129.0825398, 36.4746591 ], [ 129.0834423, 36.4749501 ], [ 129.0837635, 36.4752345 ], [ 129.0840115, 36.4754568 ], [ 129.084495299999986, 36.4756856 ], [ 129.0848693, 36.4759177 ], [ 129.085227, 36.4761956 ], [ 129.085414, 36.4760125 ], [ 129.0855319, 36.4759929 ], [ 129.085950700000012, 36.4763492 ], [ 129.0858084, 36.4764931 ], [ 129.0858897, 36.4766009 ], [ 129.086214899999987, 36.4767611 ], [ 129.0866378, 36.4769638 ], [ 129.0869955, 36.4771142 ], [ 129.087337, 36.4773365 ], [ 129.0882355, 36.4777189 ], [ 129.0884835, 36.4779412 ], [ 129.0887884, 36.4781799 ], [ 129.0890526, 36.4783368 ], [ 129.0890608, 36.4782518 ], [ 129.089255900000012, 36.478412 ], [ 129.0894267, 36.478412 ], [ 129.0899714, 36.4784806 ], [ 129.0904308, 36.4785787 ], [ 129.0908699, 36.4787094 ], [ 129.0912968, 36.4789219 ], [ 129.0916302, 36.4791573 ], [ 129.0917521, 36.4793992 ], [ 129.0920123, 36.4797522 ], [ 129.092113899999987, 36.4799516 ], [ 129.092089499999986, 36.4801674 ], [ 129.092081400000012, 36.480527 ], [ 129.0922847, 36.4807002 ], [ 129.092244, 36.4809879 ], [ 129.0930641, 36.4814985 ], [ 129.0929606, 36.4816763 ], [ 129.1085291, 36.4911264 ], [ 129.1090848, 36.4908621 ], [ 129.109312499999987, 36.4912674 ], [ 129.109963, 36.4916335 ], [ 129.110841099999988, 36.4921041 ], [ 129.1116542, 36.4923917 ], [ 129.11230470000001, 36.4925094 ], [ 129.112704, 36.4928133 ], [ 129.1129291, 36.4924444 ], [ 129.1132503, 36.4921306 ], [ 129.1135552, 36.4921469 ], [ 129.113884500000012, 36.4922777 ], [ 129.1141935, 36.4922221 ], [ 129.1144903, 36.4919508 ], [ 129.1139407, 36.4916444 ], [ 129.1143114, 36.4914246 ], [ 129.1149619, 36.491843 ], [ 129.115527, 36.4919933 ], [ 129.1162181, 36.491941 ], [ 129.1167629, 36.4919345 ], [ 129.116791299999988, 36.4915456 ], [ 129.1167791, 36.4912579 ], [ 129.116327899999987, 36.4910749 ], [ 129.1161083, 36.4908461 ], [ 129.115982300000013, 36.4905454 ], [ 129.1154009, 36.4902643 ], [ 129.115213899999986, 36.4902872 ], [ 129.1148399, 36.4897871 ], [ 129.1151367, 36.4892903 ], [ 129.1153766, 36.4890452 ], [ 129.1153562, 36.4887935 ], [ 129.1150879, 36.4883555 ], [ 129.1152749, 36.4880548 ], [ 129.115750600000013, 36.4874534 ], [ 129.1163157, 36.4874109 ], [ 129.11666120000001, 36.4873521 ], [ 129.117271100000011, 36.4872279 ], [ 129.1175475, 36.486731 ], [ 129.11775080000001, 36.4863748 ], [ 129.1178931, 36.4860381 ], [ 129.1181573, 36.4855347 ], [ 129.1183809, 36.4849594 ], [ 129.1184744, 36.4846293 ], [ 129.1185557, 36.484224 ], [ 129.1187793, 36.4839069 ], [ 129.1187184, 36.4838873 ], [ 129.118856599999987, 36.4835735 ], [ 129.119401399999987, 36.4834885 ], [ 129.120096600000011, 36.4825242 ], [ 129.1202104, 36.482266 ], [ 129.1196656, 36.4823052 ], [ 129.1190192, 36.482315 ], [ 129.1188037, 36.4823379 ], [ 129.118336199999987, 36.4822071 ], [ 129.118128899999988, 36.482011 ], [ 129.1176735, 36.4816318 ], [ 129.1177078, 36.4814908 ], [ 129.1186037, 36.4813744 ], [ 129.1191992, 36.4815598 ], [ 129.1197731, 36.4815944 ], [ 129.120154, 36.4815987 ], [ 129.1204062, 36.4814779 ], [ 129.120492, 36.4809905 ], [ 129.1208514, 36.4806023 ], [ 129.1207173, 36.4803996 ], [ 129.1204813, 36.4802141 ], [ 129.1203793, 36.4799639 ], [ 129.1204222, 36.4796447 ], [ 129.1208138, 36.4794377 ], [ 129.1208675, 36.4792005 ], [ 129.1204866, 36.4791487 ], [ 129.1204276, 36.4790797 ], [ 129.1205027, 36.4788123 ], [ 129.1206905, 36.4784284 ], [ 129.1210767, 36.4780962 ], [ 129.1216131, 36.4776692 ], [ 129.1214737, 36.4770998 ], [ 129.121854500000012, 36.4764571 ], [ 129.122066600000011, 36.4762633 ], [ 129.1228362, 36.4757756 ], [ 129.1228791, 36.4754909 ], [ 129.1227772, 36.4749042 ], [ 129.1226968, 36.4747015 ], [ 129.122568, 36.4744125 ], [ 129.122503599999988, 36.4741666 ], [ 129.122975700000012, 36.4743521 ], [ 129.12326, 36.4746842 ], [ 129.1232654, 36.4750293 ], [ 129.1235175, 36.4750854 ], [ 129.1237428, 36.4750595 ], [ 129.1243168, 36.474887 ], [ 129.1249874, 36.474723 ], [ 129.1258832, 36.4743736 ], [ 129.12634460000001, 36.4741623 ], [ 129.126419700000014, 36.4739768 ], [ 129.126553800000011, 36.4737654 ], [ 129.1267469, 36.4735411 ], [ 129.1270634, 36.4734591 ], [ 129.127776899999986, 36.4733384 ], [ 129.12809870000001, 36.473278 ], [ 129.128565400000014, 36.4734031 ], [ 129.1288658, 36.4734419 ], [ 129.129059, 36.4733815 ], [ 129.129341899999986, 36.4731283 ], [ 129.129641, 36.4728993 ], [ 129.1315525, 36.4727 ], [ 129.131239099999988, 36.4724617 ], [ 129.13143, 36.4722008 ], [ 129.1314408, 36.4719234 ], [ 129.1314193, 36.4717034 ], [ 129.1315727, 36.4712335 ], [ 129.1324602, 36.4713328 ], [ 129.133038, 36.4712405 ], [ 129.134362399999986, 36.4701803 ], [ 129.1347883, 36.4700189 ], [ 129.1357787, 36.4696175 ], [ 129.1379351, 36.4693444 ], [ 129.1383902, 36.4690502 ], [ 129.13893490000001, 36.4689645 ], [ 129.1394158, 36.4688945 ], [ 129.139909100000011, 36.4690779 ], [ 129.140238399999987, 36.4691561 ], [ 129.140485899999987, 36.4690622 ], [ 129.1408408, 36.4688519 ], [ 129.1411537, 36.4687693 ], [ 129.14149, 36.4686754 ], [ 129.141779500000013, 36.4686115 ], [ 129.141971, 36.4684763 ], [ 129.1423446, 36.4682172 ], [ 129.1425361, 36.4679541 ], [ 129.1427237, 36.4678739 ], [ 129.1428277, 36.4674506 ], [ 129.1440036, 36.4671573 ], [ 129.1449848, 36.4637645 ], [ 129.145299, 36.4632027 ], [ 129.145299, 36.4624951 ], [ 129.1455565, 36.4614252 ], [ 129.1459642, 36.4603897 ], [ 129.146715199999988, 36.459872 ], [ 129.1469079, 36.4599084 ], [ 129.177074, 36.45297 ], [ 129.177110699999986, 36.4528709 ], [ 129.1773517, 36.4528537 ], [ 129.1777458, 36.4527158 ], [ 129.1777672, 36.4527097 ], [ 129.135219799999987, 36.4223989 ], [ 129.135211, 36.4223926 ], [ 129.1351827, 36.4224001 ] ], [ [ 129.1016826, 36.4645384 ], [ 129.1018714, 36.4640768 ], [ 129.1024079, 36.4639388 ], [ 129.1032839, 36.4641221 ], [ 129.1029486, 36.4642062 ], [ 129.1026455, 36.4643464 ], [ 129.1025007, 36.4643615 ], [ 129.102224400000011, 36.464409 ], [ 129.101916, 36.464478 ], [ 129.1016826, 36.4645384 ] ], [ [ 129.100312, 36.4646786 ], [ 129.100256, 36.4642639 ], [ 129.100584, 36.4641631 ], [ 129.1009665, 36.4646527 ], [ 129.1008592, 36.4648965 ], [ 129.100312, 36.4646786 ] ], [ [ 129.100819, 36.4652891 ], [ 129.10084040000001, 36.4652071 ], [ 129.1010148, 36.4651618 ], [ 129.101232, 36.4650755 ], [ 129.101476100000014, 36.465013 ], [ 129.101832800000011, 36.4649224 ], [ 129.101881100000014, 36.4650044 ], [ 129.101773799999989, 36.465082 ], [ 129.1013769, 36.4655221 ], [ 129.100819, 36.4652891 ] ], [ [ 129.1005346, 36.4667731 ], [ 129.1003871, 36.4665833 ], [ 129.1004408, 36.4665057 ], [ 129.1004488, 36.4663741 ], [ 129.100599, 36.4663094 ], [ 129.10076, 36.4664172 ], [ 129.1007626, 36.4666351 ], [ 129.100990599999989, 36.4665898 ], [ 129.101224, 36.4665035 ], [ 129.1015861, 36.4665251 ], [ 129.101693399999988, 36.4668012 ], [ 129.1014332, 36.4669155 ], [ 129.1012481, 36.4669479 ], [ 129.1010067, 36.4669802 ], [ 129.1007573, 36.4668853 ], [ 129.1005346, 36.4667731 ] ], [ [ 129.098260900000014, 36.4683069 ], [ 129.0981471, 36.4680258 ], [ 129.0982162, 36.4679735 ], [ 129.09847640000001, 36.4679604 ], [ 129.0989073, 36.4679833 ], [ 129.0989317, 36.4681402 ], [ 129.098846400000014, 36.4682841 ], [ 129.098761, 36.4684639 ], [ 129.0987203, 36.4687516 ], [ 129.0984276, 36.4684933 ], [ 129.098260900000014, 36.4683069 ] ], [ [ 129.112957599999987, 36.4908102 ], [ 129.1138398, 36.4911795 ], [ 129.113787, 36.4913364 ], [ 129.112941299999989, 36.4914214 ], [ 129.112156700000014, 36.4912253 ], [ 129.1120388, 36.4905781 ], [ 129.1119209, 36.4902872 ], [ 129.1122177, 36.4901696 ], [ 129.112957599999987, 36.4908102 ] ], [ [ 129.146287300000012, 36.4404007 ], [ 129.1439011, 36.4405376 ], [ 129.14507660000001, 36.4397674 ], [ 129.146428500000013, 36.4390079 ], [ 129.1478447, 36.4382829 ], [ 129.1487674, 36.4382483 ], [ 129.1503338, 36.4376441 ], [ 129.1520075, 36.4374542 ], [ 129.153767, 36.4378858 ], [ 129.154711099999986, 36.4378168 ], [ 129.1544107, 36.4387317 ], [ 129.1539816, 36.4397329 ], [ 129.152472499999988, 36.4393129 ], [ 129.1512789, 36.4395049 ], [ 129.1503655, 36.4391702 ], [ 129.14783460000001, 36.4395949 ], [ 129.147209800000013, 36.440201 ], [ 129.146287300000012, 36.4404007 ] ], [ [ 129.117096299999986, 36.4703446 ], [ 129.1173109, 36.4704179 ], [ 129.1174182, 36.4705862 ], [ 129.1173753, 36.470914 ], [ 129.117300199999988, 36.4711297 ], [ 129.116989, 36.4714662 ], [ 129.1165169, 36.4714489 ], [ 129.1162702, 36.4713109 ], [ 129.116061, 36.4711513 ], [ 129.1158518, 36.4710046 ], [ 129.115717600000011, 36.4707458 ], [ 129.115712300000013, 36.4704654 ], [ 129.1160878, 36.4703489 ], [ 129.116570599999989, 36.4702238 ], [ 129.117096299999986, 36.4703446 ] ], [ [ 129.117021200000011, 36.4817237 ], [ 129.1167222, 36.4819947 ], [ 129.1162515, 36.4819829 ], [ 129.1153314, 36.4812709 ], [ 129.11531, 36.4809517 ], [ 129.1154172, 36.4808137 ], [ 129.1156694, 36.4810379 ], [ 129.11612, 36.4813614 ], [ 129.116366699999986, 36.4814995 ], [ 129.11678520000001, 36.4815081 ], [ 129.117021200000011, 36.4817237 ] ], [ [ 129.1179663, 36.4836487 ], [ 129.11854120000001, 36.483851 ], [ 129.118279300000012, 36.4841161 ], [ 129.1176979, 36.4838971 ], [ 129.1179663, 36.4836487 ] ], [ [ 129.1143114, 36.4902709 ], [ 129.114905, 36.4904637 ], [ 129.115531, 36.4907938 ], [ 129.1159945, 36.4912612 ], [ 129.1164417, 36.4916567 ], [ 129.115823799999987, 36.4918005 ], [ 129.115327799999989, 36.491526 ], [ 129.114941499999986, 36.4915554 ], [ 129.114596, 36.4912351 ], [ 129.1143195, 36.4909148 ], [ 129.113709699999987, 36.4905748 ], [ 129.1143114, 36.4902709 ] ] ], [ [ [ 129.143443, 36.468514 ], [ 129.1428967, 36.4685759 ], [ 129.1426247, 36.4685103 ], [ 129.1423773, 36.4685853 ], [ 129.1421578, 36.4686829 ], [ 129.1421391, 36.4688481 ], [ 129.1419243, 36.468942 ], [ 129.1414806, 36.4689758 ], [ 129.141265800000014, 36.469081 ], [ 129.140924899999987, 36.4693026 ], [ 129.1406914, 36.4695392 ], [ 129.1404766, 36.4697006 ], [ 129.1402833, 36.4697362 ], [ 129.1390371, 36.4704069 ], [ 129.1373975, 36.4711581 ], [ 129.1374255, 36.4711895 ], [ 129.1373645, 36.4712107 ], [ 129.1372619, 36.4712078 ], [ 129.1370348, 36.4711548 ], [ 129.1370058, 36.4709666 ], [ 129.1369283, 36.4709617 ], [ 129.136741, 36.4711008 ], [ 129.136627800000014, 36.4712617 ], [ 129.1360479, 36.47164 ], [ 129.1354912, 36.4717589 ], [ 129.1339482, 36.4720838 ], [ 129.133782700000012, 36.47225 ], [ 129.133944, 36.472855 ], [ 129.1336224, 36.4736514 ], [ 129.1334139, 36.4740112 ], [ 129.1333318, 36.4743502 ], [ 129.1318732, 36.4746453 ], [ 129.1306793, 36.4749002 ], [ 129.130723100000012, 36.4752154 ], [ 129.1309209, 36.4755256 ], [ 129.1308559, 36.4757046 ], [ 129.1298442, 36.475618 ], [ 129.12892, 36.4757416 ], [ 129.128590800000012, 36.4755629 ], [ 129.1280653, 36.4754432 ], [ 129.1278876, 36.4758032 ], [ 129.1274789, 36.4754498 ], [ 129.127098499999988, 36.4756095 ], [ 129.126491, 36.475187 ], [ 129.1255884, 36.4755019 ], [ 129.1240726, 36.4763784 ], [ 129.123289199999988, 36.476666 ], [ 129.123646900000011, 36.4770631 ], [ 129.1241919, 36.4776383 ], [ 129.1239534, 36.4780491 ], [ 129.123289199999988, 36.4779396 ], [ 129.122846399999986, 36.4779806 ], [ 129.1230167, 36.4786106 ], [ 129.1232211, 36.4790762 ], [ 129.1240339, 36.4792183 ], [ 129.1240416, 36.4795824 ], [ 129.1234255, 36.479624 ], [ 129.1229145, 36.4801854 ], [ 129.1230167, 36.4807742 ], [ 129.123050799999987, 36.4817739 ], [ 129.1230167, 36.4821025 ], [ 129.123084799999987, 36.4827051 ], [ 129.1235447, 36.4837868 ], [ 129.1241392, 36.4841689 ], [ 129.1232041, 36.4846358 ], [ 129.122625, 36.4854848 ], [ 129.122165200000012, 36.486279 ], [ 129.122608, 36.487347 ], [ 129.1222674, 36.4881686 ], [ 129.1219438, 36.4890586 ], [ 129.121773499999989, 36.48962 ], [ 129.12184160000001, 36.4902224 ], [ 129.1224377, 36.490907 ], [ 129.1231189, 36.4913589 ], [ 129.1237491, 36.4911809 ], [ 129.12426, 36.4911535 ], [ 129.1255373, 36.4907975 ], [ 129.1260653, 36.4897158 ], [ 129.1265932, 36.4884561 ], [ 129.127206300000012, 36.4873607 ], [ 129.1281941, 36.4865391 ], [ 129.1287051, 36.486635 ], [ 129.1292841, 36.4864159 ], [ 129.1296418, 36.4865528 ], [ 129.1298965, 36.485966 ], [ 129.1307587, 36.4861873 ], [ 129.1316553, 36.4893261 ], [ 129.1317674, 36.4939365 ], [ 129.133953, 36.4938915 ], [ 129.1344387, 36.4935311 ], [ 129.13541, 36.4923147 ], [ 129.135989099999989, 36.4922396 ], [ 129.1371294, 36.492332 ], [ 129.13700750000001, 36.4932798 ], [ 129.1372758, 36.4936916 ], [ 129.1371294, 36.4943779 ], [ 129.137227, 36.4947897 ], [ 129.138560500000011, 36.4945348 ], [ 129.1394223, 36.4944629 ], [ 129.140146, 36.4944106 ], [ 129.140072800000013, 36.4939923 ], [ 129.140690799999987, 36.4936655 ], [ 129.1422275, 36.4932471 ], [ 129.143235800000014, 36.4924496 ], [ 129.143748, 36.4925019 ], [ 129.144268399999987, 36.4923189 ], [ 129.144260300000013, 36.4921751 ], [ 129.143772399999989, 36.4915214 ], [ 129.1437561, 36.4907304 ], [ 129.1438781, 36.4903121 ], [ 129.1445123, 36.4901421 ], [ 129.1445936, 36.489763 ], [ 129.1451628, 36.4898218 ], [ 129.1455205, 36.4899591 ], [ 129.1454555, 36.4894753 ], [ 129.14565060000001, 36.4890635 ], [ 129.1454474, 36.4886517 ], [ 129.1447899, 36.4880342 ], [ 129.1444775, 36.4879022 ], [ 129.1444075, 36.4875846 ], [ 129.1449026, 36.4871678 ], [ 129.144764400000014, 36.4850889 ], [ 129.1448375, 36.4841606 ], [ 129.144764400000014, 36.4833957 ], [ 129.1450002, 36.4830623 ], [ 129.145488, 36.48301 ], [ 129.1461304, 36.4832584 ], [ 129.146837799999986, 36.4841017 ], [ 129.1466507, 36.4848143 ], [ 129.14569130000001, 36.4850889 ], [ 129.1449595, 36.4851216 ], [ 129.1449657, 36.4858212 ], [ 129.145260400000012, 36.4866644 ], [ 129.1451872, 36.4871351 ], [ 129.1450945, 36.4874127 ], [ 129.1453224, 36.4877124 ], [ 129.1457596, 36.4880273 ], [ 129.146171, 36.4880699 ], [ 129.1470166, 36.4878345 ], [ 129.1465288, 36.4891354 ], [ 129.1463987, 36.4904101 ], [ 129.1463952, 36.4905952 ], [ 129.146710500000012, 36.4904602 ], [ 129.155374200000011, 36.4859219 ], [ 129.1553757, 36.4858823 ], [ 129.1553188, 36.4856665 ], [ 129.155538299999989, 36.4854704 ], [ 129.1557091, 36.485307 ], [ 129.1561482, 36.4851239 ], [ 129.15647340000001, 36.4850389 ], [ 129.1566523, 36.4852612 ], [ 129.1628316, 36.4823963 ], [ 129.1628318, 36.4823717 ], [ 129.1630839, 36.4820775 ], [ 129.1633928, 36.4819075 ], [ 129.1656207, 36.4813649 ], [ 129.1670972, 36.4810953 ], [ 129.165677100000011, 36.4807937 ], [ 129.1645632, 36.4810422 ], [ 129.1636851, 36.481271 ], [ 129.1633436, 36.4808983 ], [ 129.1638639, 36.4806891 ], [ 129.1648559, 36.4805453 ], [ 129.1657341, 36.480493 ], [ 129.1669456, 36.4800746 ], [ 129.1680351, 36.4799961 ], [ 129.1687181, 36.4802511 ], [ 129.1698077, 36.4799961 ], [ 129.1707183, 36.4798458 ], [ 129.1701898, 36.4789043 ], [ 129.1696776, 36.4784597 ], [ 129.1691734, 36.4781328 ], [ 129.1686287, 36.4779759 ], [ 129.167921299999989, 36.4777536 ], [ 129.166327599999988, 36.4777209 ], [ 129.1665472, 36.4781132 ], [ 129.1674497, 36.4782113 ], [ 129.167531, 36.4786689 ], [ 129.166913, 36.4792573 ], [ 129.1664252, 36.4794077 ], [ 129.1659292, 36.4793293 ], [ 129.165221800000012, 36.4789958 ], [ 129.165229900000014, 36.4782897 ], [ 129.1651812, 36.4778975 ], [ 129.164839699999987, 36.4773613 ], [ 129.163994, 36.477224 ], [ 129.162717500000014, 36.4770083 ], [ 129.1609856, 36.4766945 ], [ 129.1597741, 36.4765441 ], [ 129.159611500000011, 36.4764329 ], [ 129.158570700000013, 36.4762695 ], [ 129.1579284, 36.4761126 ], [ 129.1579609, 36.475838 ], [ 129.1583526, 36.4756504 ], [ 129.15913, 36.4756683 ], [ 129.1600424, 36.475923 ], [ 129.16057090000001, 36.476191 ], [ 129.160717299999988, 36.4758707 ], [ 129.1607823, 36.4753607 ], [ 129.1613677, 36.4750926 ], [ 129.1618231, 36.4755634 ], [ 129.162774399999989, 36.4763676 ], [ 129.163294799999989, 36.4762237 ], [ 129.1650104, 36.4759818 ], [ 129.1661813, 36.4758772 ], [ 129.167157, 36.4760799 ], [ 129.1677424, 36.4761845 ], [ 129.1684742, 36.4761583 ], [ 129.1691734, 36.4759883 ], [ 129.1694987, 36.4756222 ], [ 129.1692304, 36.4750926 ], [ 129.1694336, 36.4747069 ], [ 129.1700332, 36.4743087 ], [ 129.1708026, 36.4744001 ], [ 129.171994899999987, 36.4741053 ], [ 129.173148200000014, 36.4741902 ], [ 129.1736752, 36.4742212 ], [ 129.174286, 36.4750143 ], [ 129.174704600000013, 36.4750068 ], [ 129.1750342, 36.4745306 ], [ 129.1757016, 36.4750381 ], [ 129.175554, 36.4744665 ], [ 129.1756642, 36.4741238 ], [ 129.175691, 36.4736281 ], [ 129.175308, 36.4735225 ], [ 129.1745144, 36.4732347 ], [ 129.1734566, 36.4730565 ], [ 129.1723462, 36.4733033 ], [ 129.1710878, 36.4733473 ], [ 129.1705088, 36.4734752 ], [ 129.1699439, 36.4734095 ], [ 129.1698849, 36.4731978 ], [ 129.1701315, 36.4729325 ], [ 129.170356, 36.4729797 ], [ 129.170864599999987, 36.47277 ], [ 129.172046200000011, 36.4728871 ], [ 129.1723638, 36.4727737 ], [ 129.1728482, 36.4728649 ], [ 129.1739186, 36.4727227 ], [ 129.1744127, 36.4728807 ], [ 129.1748791, 36.4729825 ], [ 129.1752964, 36.4726918 ], [ 129.1752769, 36.4723431 ], [ 129.174807, 36.4722769 ], [ 129.174507, 36.47237 ], [ 129.1741848, 36.4723329 ], [ 129.172511500000013, 36.4724667 ], [ 129.171589399999988, 36.4724106 ], [ 129.1706796, 36.4723098 ], [ 129.169981799999988, 36.4724156 ], [ 129.169577299999986, 36.4726158 ], [ 129.1688048, 36.472668 ], [ 129.168287, 36.472595 ], [ 129.1677025, 36.4730999 ], [ 129.1665228, 36.4732684 ], [ 129.1664252, 36.4727192 ], [ 129.16565270000001, 36.470908 ], [ 129.164238, 36.4693453 ], [ 129.1645632, 36.4683776 ], [ 129.1638965, 36.4666709 ], [ 129.1650673, 36.4666513 ], [ 129.1655714, 36.4673837 ], [ 129.1666447, 36.4679787 ], [ 129.168295300000011, 36.4691034 ], [ 129.1695312, 36.469888 ], [ 129.169921499999987, 36.4704242 ], [ 129.170393100000013, 36.4711238 ], [ 129.17086470000001, 36.4713265 ], [ 129.172003, 36.4711369 ], [ 129.173182, 36.4712154 ], [ 129.1738325, 36.4715292 ], [ 129.175035799999989, 36.4715619 ], [ 129.1750846, 36.4710911 ], [ 129.1747106, 36.470725 ], [ 129.174564299999986, 36.470058 ], [ 129.174117099999989, 36.4690968 ], [ 129.1736942, 36.468358 ], [ 129.173401500000011, 36.4679199 ], [ 129.1722551, 36.4670894 ], [ 129.172929900000014, 36.4668279 ], [ 129.1732877, 36.4670044 ], [ 129.1736455, 36.4658601 ], [ 129.1736373, 36.4652781 ], [ 129.1735316, 36.4648596 ], [ 129.1739382, 36.4643104 ], [ 129.174450400000012, 36.4645 ], [ 129.174548, 36.4643234 ], [ 129.1747106, 36.4639376 ], [ 129.1749058, 36.463578 ], [ 129.1751253, 36.4627867 ], [ 129.1756863, 36.4625709 ], [ 129.176556299999987, 36.4624598 ], [ 129.1763775, 36.4607661 ], [ 129.1763612, 36.4597198 ], [ 129.176060299999989, 36.4591247 ], [ 129.1758489, 36.4587388 ], [ 129.1753204, 36.4571562 ], [ 129.1756375, 36.4565677 ], [ 129.176523800000012, 36.4566461 ], [ 129.177402, 36.4562145 ], [ 129.1777516, 36.4560837 ], [ 129.1777353, 36.4557698 ], [ 129.1777028, 36.4552204 ], [ 129.1773532, 36.454743 ], [ 129.1773288, 36.4541021 ], [ 129.1771987, 36.4535789 ], [ 129.1770876, 36.4530862 ], [ 129.1770702, 36.4529808 ], [ 129.177075, 36.4529702 ], [ 129.1469084, 36.4599089 ], [ 129.146934, 36.4599213 ], [ 129.1469184, 36.4600574 ], [ 129.14709, 36.4604198 ], [ 129.147133, 36.4606786 ], [ 129.146972, 36.4614207 ], [ 129.1468969, 36.4619643 ], [ 129.146800399999989, 36.4624648 ], [ 129.1464356, 36.4632241 ], [ 129.1466288, 36.4637467 ], [ 129.146271399999989, 36.4650897 ], [ 129.1456552, 36.4667944 ], [ 129.143443, 36.468514 ] ], [ [ 129.1687181, 36.465422 ], [ 129.1675798, 36.4650427 ], [ 129.167409, 36.4646308 ], [ 129.1682303, 36.4648989 ], [ 129.1692873, 36.4652389 ], [ 129.1700516, 36.4655724 ], [ 129.170913500000012, 36.4658797 ], [ 129.171442, 36.4662001 ], [ 129.1711574, 36.4664617 ], [ 129.170572, 36.4663309 ], [ 129.1696694, 36.4658013 ], [ 129.1687181, 36.465422 ] ] ], [ [ [ 129.147870399999988, 36.4913057 ], [ 129.148878599999989, 36.4910311 ], [ 129.149821800000012, 36.4910246 ], [ 129.149862500000012, 36.4914364 ], [ 129.150294699999989, 36.4909524 ], [ 129.150825700000013, 36.4906051 ], [ 129.1512716, 36.4903226 ], [ 129.1510089, 36.4900114 ], [ 129.150935800000013, 36.4897172 ], [ 129.1516757, 36.4895342 ], [ 129.152513199999987, 36.4895211 ], [ 129.1525828, 36.4895798 ], [ 129.153058, 36.4895439 ], [ 129.153380199999987, 36.4895592 ], [ 129.153731099999987, 36.4894361 ], [ 129.153919300000013, 36.4894618 ], [ 129.1540277, 36.4896977 ], [ 129.154333900000012, 36.4897439 ], [ 129.154579500000011, 36.4898465 ], [ 129.154809199999988, 36.4899388 ], [ 129.155271699999986, 36.4899926 ], [ 129.1560117, 36.4900542 ], [ 129.1562975, 36.4901191 ], [ 129.156099399999988, 36.4899593 ], [ 129.1561543, 36.4898451 ], [ 129.156298099999987, 36.4897452 ], [ 129.156554199999988, 36.4897434 ], [ 129.1566762, 36.4892008 ], [ 129.1573998, 36.4888805 ], [ 129.1578308, 36.488534 ], [ 129.1583918, 36.4883641 ], [ 129.1591561, 36.4886648 ], [ 129.159831, 36.4894034 ], [ 129.1603514, 36.4896911 ], [ 129.1609937, 36.4907043 ], [ 129.1621321, 36.4912991 ], [ 129.163254099999989, 36.4920901 ], [ 129.165197400000011, 36.4929856 ], [ 129.1660186, 36.4931752 ], [ 129.16697, 36.4932536 ], [ 129.1680676, 36.4932013 ], [ 129.1686531, 36.493319 ], [ 129.169319800000011, 36.4936066 ], [ 129.1706777, 36.4934563 ], [ 129.171694, 36.4933452 ], [ 129.1715639, 36.492868 ], [ 129.1722063, 36.4929137 ], [ 129.1727998, 36.4934105 ], [ 129.1735316, 36.4935935 ], [ 129.1741658, 36.4933452 ], [ 129.174068299999988, 36.4926784 ], [ 129.1741577, 36.49243 ], [ 129.1746456, 36.4931425 ], [ 129.175588800000014, 36.4927503 ], [ 129.1757676, 36.4919463 ], [ 129.175995300000011, 36.4920966 ], [ 129.1764425, 36.4926784 ], [ 129.1772231, 36.4926653 ], [ 129.1780118, 36.4921424 ], [ 129.1788167, 36.4922339 ], [ 129.1797518, 36.4918548 ], [ 129.180727499999989, 36.4919267 ], [ 129.1809552, 36.4915998 ], [ 129.1814756, 36.4917698 ], [ 129.182231699999988, 36.4915998 ], [ 129.1825976, 36.4912991 ], [ 129.1820691, 36.490567 ], [ 129.1815243, 36.4897303 ], [ 129.1813292, 36.488802 ], [ 129.181101500000011, 36.4881549 ], [ 129.1809308, 36.4874162 ], [ 129.1808007, 36.4869586 ], [ 129.1804754, 36.4865402 ], [ 129.1802396, 36.4861676 ], [ 129.180695, 36.4862983 ], [ 129.1812804, 36.486769 ], [ 129.1818658, 36.4872135 ], [ 129.182313, 36.4880176 ], [ 129.1824513, 36.4888674 ], [ 129.182703299999986, 36.4894688 ], [ 129.1828741, 36.4901487 ], [ 129.1833457, 36.4900179 ], [ 129.183654600000011, 36.4889132 ], [ 129.184175, 36.4889132 ], [ 129.1849881, 36.4886778 ], [ 129.1856711, 36.4884098 ], [ 129.1864273, 36.4880895 ], [ 129.186898899999989, 36.4878149 ], [ 129.1867363, 36.4867298 ], [ 129.18670370000001, 36.4856446 ], [ 129.1865655, 36.4850497 ], [ 129.1866956, 36.4844678 ], [ 129.1861834, 36.484056 ], [ 129.1854028, 36.4837945 ], [ 129.183744100000013, 36.4835003 ], [ 129.1831099, 36.4838206 ], [ 129.1825895, 36.4837618 ], [ 129.182256099999989, 36.4834284 ], [ 129.1808983, 36.48284 ], [ 129.180573, 36.4821666 ], [ 129.180077, 36.4817548 ], [ 129.179394, 36.4812252 ], [ 129.178345299999989, 36.4805574 ], [ 129.177061900000012, 36.4808785 ], [ 129.1761721, 36.4808075 ], [ 129.1756294, 36.4807153 ], [ 129.174426399999987, 36.48093 ], [ 129.1731251, 36.4810618 ], [ 129.1727971, 36.480992 ], [ 129.1725291, 36.4810253 ], [ 129.1721292, 36.4810424 ], [ 129.1716408, 36.4811021 ], [ 129.1713222, 36.481233 ], [ 129.1710391, 36.4814351 ], [ 129.170780799999989, 36.4818278 ], [ 129.1710002, 36.4824111 ], [ 129.1710143, 36.4825961 ], [ 129.170826799999986, 36.4826872 ], [ 129.170664, 36.4825933 ], [ 129.1705047, 36.4822347 ], [ 129.170458700000012, 36.4818705 ], [ 129.1705896, 36.4815916 ], [ 129.1706533, 36.4814151 ], [ 129.1706073, 36.48127 ], [ 129.1703525, 36.4812643 ], [ 129.1700375, 36.4813838 ], [ 129.169584500000013, 36.4813582 ], [ 129.169266, 36.4812871 ], [ 129.1690041, 36.481381 ], [ 129.1687705, 36.4815147 ], [ 129.1683847, 36.4815204 ], [ 129.1680237, 36.4815147 ], [ 129.1673513, 36.4818022 ], [ 129.1671885, 36.4819359 ], [ 129.167015, 36.482229 ], [ 129.166962, 36.4824396 ], [ 129.166781500000013, 36.4825022 ], [ 129.1665691, 36.4824026 ], [ 129.16639570000001, 36.4821209 ], [ 129.1661904, 36.4820469 ], [ 129.165627699999987, 36.4819928 ], [ 129.1652631, 36.4820184 ], [ 129.1645588, 36.4822347 ], [ 129.1641625, 36.48234 ], [ 129.1639218, 36.4823997 ], [ 129.1635856, 36.482468 ], [ 129.1633803, 36.4825335 ], [ 129.1630795, 36.4825136 ], [ 129.162916700000011, 36.4824339 ], [ 129.1628317, 36.4823969 ], [ 129.156653299999988, 36.4852618 ], [ 129.1566771, 36.4852852 ], [ 129.156708900000012, 36.4853506 ], [ 129.156680599999987, 36.4856096 ], [ 129.1566346, 36.4857547 ], [ 129.1564789, 36.4858287 ], [ 129.1563161, 36.4859254 ], [ 129.1564364, 36.4862754 ], [ 129.156220499999989, 36.4863323 ], [ 129.15604350000001, 36.4858827 ], [ 129.1558418, 36.4859966 ], [ 129.155537399999986, 36.4860734 ], [ 129.155374599999988, 36.4859226 ], [ 129.1467107, 36.4904611 ], [ 129.146869900000013, 36.4905834 ], [ 129.146859299999988, 36.4906745 ], [ 129.146831, 36.4908708 ], [ 129.146388800000011, 36.4909249 ], [ 129.1459581, 36.4916781 ], [ 129.146366300000011, 36.4916503 ], [ 129.147870399999988, 36.4913057 ] ] ] ] } },
{ "type": "Feature", "properties": { "natural": "wood", "name": null }, "geometry": { "type": "Polygon", "coordinates": [ [ [ 129.1921768, 36.4869186 ], [ 129.194486, 36.4869317 ], [ 129.1966325, 36.4871539 ], [ 129.1983075, 36.487703 ], [ 129.1985352, 36.4877815 ], [ 129.198714, 36.4884221 ], [ 129.199624699999987, 36.4888405 ], [ 129.199624699999987, 36.4895334 ], [ 129.199215400000014, 36.4897641 ], [ 129.1983751, 36.4893161 ], [ 129.197932, 36.4887976 ], [ 129.197007, 36.4882347 ], [ 129.1958479, 36.4881989 ], [ 129.194669299999987, 36.4881142 ], [ 129.1939224, 36.4883206 ], [ 129.1929026, 36.488223 ], [ 129.191740900000013, 36.4880523 ], [ 129.19110280000001, 36.4878747 ], [ 129.190576600000014, 36.487622 ], [ 129.1904845, 36.4879695 ], [ 129.1907793, 36.4882088 ], [ 129.1909588, 36.4886094 ], [ 129.1910095, 36.4888855 ], [ 129.1903869, 36.4889414 ], [ 129.1902327, 36.4889283 ], [ 129.189632100000011, 36.4884296 ], [ 129.1891106, 36.4881084 ], [ 129.1886892, 36.4879733 ], [ 129.1884369, 36.4880383 ], [ 129.1880698, 36.488415 ], [ 129.1877557, 36.4892215 ], [ 129.1873908, 36.4896943 ], [ 129.18691050000001, 36.4897355 ], [ 129.18619, 36.4900257 ], [ 129.1862515, 36.4908396 ], [ 129.186636099999987, 36.4918611 ], [ 129.1871085, 36.4923054 ], [ 129.188044100000013, 36.4927632 ], [ 129.1888787, 36.49374 ], [ 129.188362, 36.4938962 ], [ 129.1872402, 36.4933394 ], [ 129.1864099, 36.4926101 ], [ 129.18574670000001, 36.4920307 ], [ 129.1856058, 36.4922754 ], [ 129.1854931, 36.4930327 ], [ 129.1852479, 36.4933562 ], [ 129.1843805, 36.4932373 ], [ 129.1842052, 36.4940873 ], [ 129.183805, 36.4941381 ], [ 129.183567, 36.4945149 ], [ 129.1832239, 36.494726 ], [ 129.1831114, 36.4949535 ], [ 129.183011, 36.4949537 ], [ 129.182959, 36.4950448 ], [ 129.183034, 36.4951884 ], [ 129.182998, 36.4954041 ], [ 129.1828697, 36.4955435 ], [ 129.18287140000001, 36.4961403 ], [ 129.182753600000012, 36.4962107 ], [ 129.1827853, 36.4965602 ], [ 129.182720100000012, 36.4968383 ], [ 129.182774099999989, 36.4974443 ], [ 129.182363400000014, 36.4976943 ], [ 129.1823688, 36.4979216 ], [ 129.1827458, 36.4983696 ], [ 129.1824734, 36.4985612 ], [ 129.182312200000013, 36.499032 ], [ 129.182633399999986, 36.4991618 ], [ 129.1824605, 36.4998826 ], [ 129.182522400000011, 36.5000417 ], [ 129.1824576, 36.5005254 ], [ 129.1822536, 36.5008274 ], [ 129.1822982, 36.5014215 ], [ 129.1820476, 36.501665 ], [ 129.181721900000014, 36.5018014 ], [ 129.181723799999986, 36.5020968 ], [ 129.1816058, 36.502178 ], [ 129.1813886, 36.5022429 ], [ 129.181429, 36.5023565 ], [ 129.181380499999989, 36.5025416 ], [ 129.181433, 36.5028013 ], [ 129.1813765, 36.5029864 ], [ 129.1841411, 36.5087794 ], [ 129.184316599999988, 36.5088069 ], [ 129.1843198, 36.5089406 ], [ 129.184111699999988, 36.5094174 ], [ 129.184615900000011, 36.5094917 ], [ 129.184507599999989, 36.5098492 ], [ 129.1843529, 36.5101468 ], [ 129.1839421, 36.5104139 ], [ 129.1837696, 36.510724 ], [ 129.1837978, 36.5109986 ], [ 129.1841689, 36.5110659 ], [ 129.184497, 36.510839 ], [ 129.184973899999989, 36.5105574 ], [ 129.18589510000001, 36.5100071 ], [ 129.1865277, 36.5096168 ], [ 129.1871425, 36.5094669 ], [ 129.1877293, 36.5089104 ], [ 129.1880079, 36.5089204 ], [ 129.1880984, 36.5096634 ], [ 129.1883923, 36.5099323 ], [ 129.1888907, 36.5097829 ], [ 129.1895457, 36.5092155 ], [ 129.190081, 36.5087949 ], [ 129.191192199999989, 36.5082297 ], [ 129.1915751, 36.50807 ], [ 129.191509200000013, 36.5075824 ], [ 129.19174910000001, 36.5074863 ], [ 129.1919586, 36.5078535 ], [ 129.1922932, 36.5079553 ], [ 129.193058, 36.5071193 ], [ 129.1930246, 36.5064281 ], [ 129.1926612, 36.506112 ], [ 129.192518, 36.5058387 ], [ 129.1928584, 36.5057022 ], [ 129.1932688, 36.5060025 ], [ 129.193455699999987, 36.5063067 ], [ 129.1935847, 36.5068791 ], [ 129.1937342, 36.5067926 ], [ 129.194245, 36.5064972 ], [ 129.194565899999986, 36.5061243 ], [ 129.1948547, 36.5055507 ], [ 129.1949751, 36.5050632 ], [ 129.1953184, 36.5047931 ], [ 129.1954222, 36.5045426 ], [ 129.195835100000011, 36.5044489 ], [ 129.195929400000011, 36.5050244 ], [ 129.1963761, 36.5055536 ], [ 129.196063, 36.5058975 ], [ 129.196015100000011, 36.5063069 ], [ 129.195784800000013, 36.5063962 ], [ 129.1957328, 36.506531 ], [ 129.1953101, 36.5066922 ], [ 129.19505860000001, 36.5069279 ], [ 129.1948472, 36.5070215 ], [ 129.1947628, 36.5070773 ], [ 129.1941711, 36.5077286 ], [ 129.1941976, 36.5078612 ], [ 129.193987, 36.5082176 ], [ 129.1930552, 36.5090991 ], [ 129.1933348, 36.5099025 ], [ 129.1938726, 36.5111535 ], [ 129.1942464, 36.5115253 ], [ 129.1955738, 36.5110425 ], [ 129.196221900000012, 36.5109024 ], [ 129.1967368, 36.5103984 ], [ 129.19739770000001, 36.509887 ], [ 129.1982774, 36.5091627 ], [ 129.200788, 36.5081968 ], [ 129.2032771, 36.5085763 ], [ 129.204264099999989, 36.5097663 ], [ 129.2042427, 36.5108011 ], [ 129.205444300000011, 36.5104734 ], [ 129.2061524, 36.5107321 ], [ 129.2081265, 36.5124136 ], [ 129.2069678, 36.5138623 ], [ 129.2072896, 36.5158283 ], [ 129.2069463, 36.518165 ], [ 129.208233799999988, 36.5190962 ], [ 129.2084269, 36.5201999 ], [ 129.2100362, 36.5197343 ], [ 129.2108945, 36.5202688 ], [ 129.212933, 36.5210103 ], [ 129.2157225, 36.5226183 ], [ 129.2152719, 36.5241315 ], [ 129.2135338, 36.5252523 ], [ 129.21323, 36.525956 ], [ 129.2146496, 36.527287 ], [ 129.2152075, 36.5292009 ], [ 129.215998, 36.5298183 ], [ 129.2181687, 36.5297182 ], [ 129.2193565, 36.5298218 ], [ 129.2208689, 36.5299994 ], [ 129.2224139, 36.5298614 ], [ 129.22231690000001, 36.5299413 ], [ 129.2212206, 36.5307571 ], [ 129.2215211, 36.5317055 ], [ 129.221789, 36.5328918 ], [ 129.22297180000001, 36.533534 ], [ 129.223106199999989, 36.534727 ], [ 129.2230951, 36.5365856 ], [ 129.221577, 36.5393958 ], [ 129.2222533, 36.5408043 ], [ 129.222262199999989, 36.5408056 ], [ 129.221275600000013, 36.5411266 ], [ 129.2212087, 36.5419538 ], [ 129.2214526, 36.5436392 ], [ 129.2215014, 36.5456381 ], [ 129.220769600000011, 36.546631 ], [ 129.218818199999987, 36.5483163 ], [ 129.2176311, 36.5490217 ], [ 129.2163667, 36.5496189 ], [ 129.215633, 36.5505392 ], [ 129.2153299, 36.5510006 ], [ 129.2156111, 36.5511845 ], [ 129.2162227, 36.5512821 ], [ 129.2167299, 36.5512615 ], [ 129.2172649, 36.5513162 ], [ 129.2174847, 36.5517912 ], [ 129.216671600000012, 36.5530584 ], [ 129.2156728, 36.5544393 ], [ 129.2154188, 36.5550285 ], [ 129.2148991, 36.5572646 ], [ 129.214736499999987, 36.5582313 ], [ 129.2148503, 36.5594461 ], [ 129.214167300000014, 36.5595636 ], [ 129.213712, 36.5605694 ], [ 129.2129965, 36.5615882 ], [ 129.2123948, 36.5630773 ], [ 129.21260620000001, 36.5645532 ], [ 129.215240599999987, 36.5645924 ], [ 129.2163627, 36.5646838 ], [ 129.2174847, 36.564932 ], [ 129.2191597, 36.565154 ], [ 129.220607, 36.5653499 ], [ 129.2206621, 36.5655144 ], [ 129.2205731, 36.5655182 ], [ 129.2199401, 36.5659232 ], [ 129.2191354, 36.5656475 ], [ 129.2186097, 36.5654148 ], [ 129.217268600000011, 36.5651563 ], [ 129.2163567, 36.5651994 ], [ 129.2155305, 36.5649926 ], [ 129.2140178, 36.5650529 ], [ 129.2138998, 36.5652252 ], [ 129.2146937, 36.5658629 ], [ 129.2156271, 36.5663282 ], [ 129.2158417, 36.5666384 ], [ 129.2146186, 36.5663368 ], [ 129.2132882, 36.5654148 ], [ 129.212193899999988, 36.5651046 ], [ 129.21186130000001, 36.5652856 ], [ 129.212741, 36.5655182 ], [ 129.2131273, 36.5658629 ], [ 129.212741, 36.5665178 ], [ 129.2119042, 36.5669573 ], [ 129.2116411, 36.5671654 ], [ 129.2106952, 36.5688615 ], [ 129.2109362, 36.5693544 ], [ 129.2113742, 36.5697654 ], [ 129.2124753, 36.5702303 ], [ 129.2134706, 36.5713001 ], [ 129.2130736, 36.5722307 ], [ 129.2125182, 36.573792 ], [ 129.2124514, 36.5739798 ], [ 129.2124192, 36.57429 ], [ 129.2123441, 36.5752722 ], [ 129.2120866, 36.5757892 ], [ 129.2118184, 36.5763578 ], [ 129.2113463, 36.5769265 ], [ 129.210012799999987, 36.5776574 ], [ 129.2095568, 36.5786075 ], [ 129.208866699999987, 36.5796764 ], [ 129.2085339, 36.5810421 ], [ 129.2138108, 36.5848403 ], [ 129.21414, 36.5846265 ], [ 129.2145731, 36.5854597 ], [ 129.215023699999989, 36.5862092 ], [ 129.2150224, 36.5865982 ], [ 129.2156077, 36.5866156 ], [ 129.215574800000013, 36.5866654 ], [ 129.2154261, 36.5872423 ], [ 129.2138654, 36.5885922 ], [ 129.2139043, 36.5898056 ], [ 129.2135787, 36.5904162 ], [ 129.2131817, 36.590554 ], [ 129.2131225, 36.5909482 ], [ 129.2135238, 36.5915414 ], [ 129.2142759, 36.5930763 ], [ 129.212701, 36.5950512 ], [ 129.2119071, 36.5960734 ], [ 129.211993, 36.5961869 ], [ 129.2120951, 36.5962803 ], [ 129.2126855, 36.5966653 ], [ 129.2131153, 36.5967202 ], [ 129.213343400000014, 36.5968007 ], [ 129.2134806, 36.5969319 ], [ 129.213527, 36.5971559 ], [ 129.2134493, 36.5974402 ], [ 129.2132283, 36.5979076 ], [ 129.213015899999988, 36.5981313 ], [ 129.211451, 36.5989322 ], [ 129.2111636, 36.5995091 ], [ 129.2112311, 36.5997619 ], [ 129.211250299999989, 36.6003011 ], [ 129.2109383, 36.6008967 ], [ 129.2106399, 36.6011228 ], [ 129.2090048, 36.6018511 ], [ 129.2092945, 36.602174 ], [ 129.2089612, 36.6032324 ], [ 129.2088975, 36.6034574 ], [ 129.208028500000012, 36.6032894 ], [ 129.205842100000012, 36.6039751 ], [ 129.2052573, 36.6047501 ], [ 129.2050872, 36.6047321 ], [ 129.204264, 36.6055144 ], [ 129.2041031, 36.6056981 ], [ 129.2040094, 36.6058677 ], [ 129.2039327, 36.6060832 ], [ 129.203859, 36.6064051 ], [ 129.2039757, 36.6067033 ], [ 129.2039945, 36.6068992 ], [ 129.203966, 36.6070946 ], [ 129.2038302, 36.6073159 ], [ 129.2034191, 36.6076076 ], [ 129.203364099999988, 36.6077604 ], [ 129.2033892, 36.607866 ], [ 129.2034922, 36.6079758 ], [ 129.20366580000001, 36.6080748 ], [ 129.2041366, 36.6081524 ], [ 129.2046999, 36.6080566 ], [ 129.2050298, 36.6078703 ], [ 129.2054791, 36.6077567 ], [ 129.2060356, 36.6077443 ], [ 129.20643530000001, 36.6080641 ], [ 129.2064567, 36.6081739 ], [ 129.2063709, 36.6084387 ], [ 129.2063119, 36.6085658 ], [ 129.205812400000013, 36.6090063 ], [ 129.2053345, 36.6097568 ], [ 129.2052529, 36.6099962 ], [ 129.2051183, 36.6105423 ], [ 129.2049788, 36.6108049 ], [ 129.2047589, 36.6110052 ], [ 129.2045162, 36.6111693 ], [ 129.2042654, 36.6112754 ], [ 129.2037852, 36.611341 ], [ 129.2035448, 36.6113464 ], [ 129.20296110000001, 36.611229 ], [ 129.2028934, 36.6113905 ], [ 129.2031227, 36.6114465 ], [ 129.203113300000012, 36.6116882 ], [ 129.203171, 36.6118911 ], [ 129.203350699999987, 36.6121936 ], [ 129.2033869, 36.612418 ], [ 129.2034016, 36.6126231 ], [ 129.2033668, 36.6127792 ], [ 129.203280299999989, 36.612921 ], [ 129.202898800000014, 36.6131684 ], [ 129.2028492, 36.613254 ], [ 129.202825100000013, 36.6133433 ], [ 129.202878700000014, 36.6134359 ], [ 129.2032998, 36.6139332 ], [ 129.2033078, 36.614071 ], [ 129.203238, 36.6143208 ], [ 129.203168299999987, 36.6143918 ], [ 129.2030402, 36.6144101 ], [ 129.2020592, 36.6142217 ], [ 129.202001599999988, 36.6143099 ], [ 129.201964, 36.614381 ], [ 129.2019851, 36.6144641 ], [ 129.202663300000012, 36.6148163 ], [ 129.2027376, 36.6149094 ], [ 129.2027661, 36.6150174 ], [ 129.202743199999986, 36.615117 ], [ 129.202618699999988, 36.6152275 ], [ 129.201854, 36.6153722 ], [ 129.2017212, 36.6154272 ], [ 129.201446299999986, 36.615814 ], [ 129.2017305, 36.6160815 ], [ 129.202100800000011, 36.6158098 ], [ 129.2022184, 36.6158515 ], [ 129.2022998, 36.6156718 ], [ 129.2025615, 36.6155566 ], [ 129.2031053, 36.6157197 ], [ 129.2029163, 36.6163711 ], [ 129.2021152, 36.6166085 ], [ 129.200882799999988, 36.6172415 ], [ 129.2008705, 36.6180527 ], [ 129.2011539, 36.6188638 ], [ 129.201918, 36.618933 ], [ 129.2025959, 36.6189429 ], [ 129.203470900000013, 36.6182505 ], [ 129.20437050000001, 36.6179241 ], [ 129.204580099999987, 36.6183989 ], [ 129.2052086, 36.6190122 ], [ 129.2047403, 36.6199123 ], [ 129.2048019, 36.6206641 ], [ 129.204764899999986, 36.6216631 ], [ 129.203951499999988, 36.621851 ], [ 129.2034462, 36.6221774 ], [ 129.2036434, 36.6226621 ], [ 129.2040748, 36.623127 ], [ 129.203803599999986, 36.6234237 ], [ 129.2030149, 36.6233446 ], [ 129.2025959, 36.62376 ], [ 129.2018318, 36.6246106 ], [ 129.2006486, 36.6248381 ], [ 129.2017332, 36.6270537 ], [ 129.2022015, 36.6280625 ], [ 129.2029533, 36.6275284 ], [ 129.203852899999987, 36.6272712 ], [ 129.2039146, 36.6278548 ], [ 129.2042596, 36.6288339 ], [ 129.2034462, 36.6300603 ], [ 129.2034462, 36.6312076 ], [ 129.204814199999987, 36.6320384 ], [ 129.2061822, 36.6318702 ], [ 129.2075379, 36.6321175 ], [ 129.208992099999989, 36.6319197 ], [ 129.2098795, 36.6322065 ], [ 129.2103888, 36.6322708 ], [ 129.210614099999987, 36.6320426 ], [ 129.2106805, 36.6315834 ], [ 129.211050300000011, 36.6307329 ], [ 129.2115432, 36.6306241 ], [ 129.212295, 36.6307428 ], [ 129.212640099999987, 36.6306636 ], [ 129.212874199999987, 36.6300801 ], [ 129.2137123, 36.6301592 ], [ 129.214402400000012, 36.6303274 ], [ 129.21521580000001, 36.6302483 ], [ 129.216090900000012, 36.6300801 ], [ 129.2168673, 36.6301197 ], [ 129.217286300000012, 36.6305351 ], [ 129.216781, 36.6314647 ], [ 129.2163746, 36.6312618 ], [ 129.2165952, 36.6315977 ], [ 129.2166306, 36.6318079 ], [ 129.2168642, 36.6321658 ], [ 129.2170907, 36.6325464 ], [ 129.217296, 36.6328701 ], [ 129.2175463, 36.6329983 ], [ 129.2182106, 36.6328889 ], [ 129.2192828, 36.632612 ], [ 129.220392, 36.6322461 ], [ 129.220939499999986, 36.6321651 ], [ 129.2209474, 36.6319102 ], [ 129.2214219, 36.6313465 ], [ 129.2217547, 36.6310004 ], [ 129.2217239, 36.6303971 ], [ 129.221576, 36.6301102 ], [ 129.2217485, 36.6296899 ], [ 129.2220381, 36.6294278 ], [ 129.222561899999988, 36.6291558 ], [ 129.22274680000001, 36.6288789 ], [ 129.2227837, 36.6284635 ], [ 129.2226667, 36.6280135 ], [ 129.2224818, 36.6278503 ], [ 129.222130600000014, 36.6277019 ], [ 129.2222476, 36.6273162 ], [ 129.2225003, 36.6269651 ], [ 129.2229501, 36.6264607 ], [ 129.2229501, 36.6263123 ], [ 129.222752899999989, 36.6262183 ], [ 129.222506399999986, 36.6262975 ], [ 129.2220936, 36.6263024 ], [ 129.2217793, 36.6262282 ], [ 129.2217362, 36.6259513 ], [ 129.2216684, 36.6255903 ], [ 129.221508199999988, 36.625432 ], [ 129.221502, 36.6250512 ], [ 129.221458899999988, 36.6245666 ], [ 129.2214712, 36.6242649 ], [ 129.2216314, 36.6240671 ], [ 129.222075100000012, 36.6239039 ], [ 129.235475900000012, 36.618026 ], [ 129.2354382, 36.6179092 ], [ 129.235574500000013, 36.6177852 ], [ 129.2357485, 36.6174402 ], [ 129.2358767, 36.6174442 ], [ 129.2428818, 36.6031446 ], [ 129.2424987, 36.6031454 ], [ 129.2424465, 36.6030173 ], [ 129.2424619, 36.6028497 ], [ 129.242437200000012, 36.6026692 ], [ 129.242317, 36.6026306 ], [ 129.242335, 36.6024378 ], [ 129.2423243, 36.6021998 ], [ 129.24235680000001, 36.6017334 ], [ 129.242345699999987, 36.6014231 ], [ 129.2423935, 36.601288 ], [ 129.2426415, 36.6009929 ], [ 129.2426777, 36.6008168 ], [ 129.2426489, 36.6005457 ], [ 129.2421776, 36.6002031 ], [ 129.2420067, 36.5987051 ], [ 129.2405047, 36.5988773 ], [ 129.2387022, 36.5987395 ], [ 129.238513, 36.5982094 ], [ 129.240569, 36.5984122 ], [ 129.2419209, 36.5979815 ], [ 129.2427221, 36.595884 ], [ 129.2428969, 36.5954472 ], [ 129.2433498, 36.5944877 ], [ 129.2437744, 36.5937649 ], [ 129.2434939, 36.5937995 ], [ 129.243157, 36.5939961 ], [ 129.242722500000013, 36.5942674 ], [ 129.2425857, 36.5943299 ], [ 129.2424167, 36.5943536 ], [ 129.2418213, 36.5943385 ], [ 129.2418266, 36.5942351 ], [ 129.2416804, 36.5942352 ], [ 129.2415977, 36.5943854 ], [ 129.241602699999987, 36.5944851 ], [ 129.2415468, 36.5944897 ], [ 129.241345700000011, 36.5943535 ], [ 129.241196699999989, 36.59434 ], [ 129.240653400000014, 36.5944471 ], [ 129.2401391, 36.5944897 ], [ 129.2400829, 36.594568 ], [ 129.2400039, 36.5945625 ], [ 129.2398493, 36.5943917 ], [ 129.2391383, 36.5942896 ], [ 129.2385136, 36.5942145 ], [ 129.23781360000001, 36.5940915 ], [ 129.2374156, 36.5940619 ], [ 129.236795300000011, 36.594118 ], [ 129.2364564, 36.5941035 ], [ 129.234212, 36.5940281 ], [ 129.2264342, 36.5923553 ], [ 129.2265815, 36.591357 ], [ 129.2324548, 36.5915774 ], [ 129.2331462, 36.591806 ], [ 129.2336546, 36.5919459 ], [ 129.2342954, 36.5920239 ], [ 129.2348146, 36.5921215 ], [ 129.2350798, 36.5920463 ], [ 129.2352555, 36.5917226 ], [ 129.2356226, 36.5917608 ], [ 129.2362063, 36.5925503 ], [ 129.2347987, 36.5922226 ], [ 129.234303399999988, 36.5928499 ], [ 129.2345314, 36.592934 ], [ 129.234932, 36.5929315 ], [ 129.2350491, 36.5930577 ], [ 129.235280100000011, 36.5930626 ], [ 129.23544960000001, 36.5929934 ], [ 129.235674499999988, 36.5929612 ], [ 129.236367800000011, 36.5928944 ], [ 129.2366581, 36.5928466 ], [ 129.2370024, 36.5929538 ], [ 129.2371997, 36.5929538 ], [ 129.2374245, 36.5928721 ], [ 129.237907799999988, 36.5928596 ], [ 129.2380619, 36.5929649 ], [ 129.2382523, 36.5929453 ], [ 129.2383423, 36.592879 ], [ 129.238725499999987, 36.5928836 ], [ 129.239190400000012, 36.593064 ], [ 129.2393099, 36.5930814 ], [ 129.239441, 36.5930689 ], [ 129.2396613, 36.5930106 ], [ 129.2401964, 36.5927851 ], [ 129.2404132, 36.5927534 ], [ 129.2405209, 36.5926758 ], [ 129.2407521, 36.5925951 ], [ 129.240884599999987, 36.5927286 ], [ 129.241014, 36.5927262 ], [ 129.2413374, 36.5926075 ], [ 129.2413867, 36.5925605 ], [ 129.2415193, 36.5925308 ], [ 129.2416117, 36.5925308 ], [ 129.2417313, 36.5925167 ], [ 129.2418496, 36.5924986 ], [ 129.2421056, 36.5924628 ], [ 129.2424713, 36.5923426 ], [ 129.242637699999989, 36.5922972 ], [ 129.2430079, 36.5921306 ], [ 129.243778, 36.5921063 ], [ 129.2438373, 36.5921497 ], [ 129.24388110000001, 36.5922516 ], [ 129.2439082, 36.5924179 ], [ 129.243937100000011, 36.5925752 ], [ 129.2438817, 36.5927304 ], [ 129.2441447, 36.5927372 ], [ 129.2446146, 36.5925896 ], [ 129.24441490000001, 36.5924329 ], [ 129.2453979, 36.591996 ], [ 129.2463248, 36.5922506 ], [ 129.2467029, 36.5920581 ], [ 129.2467476, 36.5917316 ], [ 129.2471054, 36.5912061 ], [ 129.2472802, 36.590674 ], [ 129.2475526, 36.5899037 ], [ 129.247715199999988, 36.5895348 ], [ 129.2480933, 36.5886763 ], [ 129.2484145, 36.5876807 ], [ 129.249008, 36.5875828 ], [ 129.249813, 36.5874065 ], [ 129.2503456, 36.5873738 ], [ 129.2504513, 36.5870539 ], [ 129.2499268, 36.5864141 ], [ 129.2498211, 36.5862019 ], [ 129.250126, 36.5861203 ], [ 129.2507115, 36.5864859 ], [ 129.2510895, 36.5866557 ], [ 129.2515123, 36.5868972 ], [ 129.2516465, 36.5868581 ], [ 129.2528418, 36.586401 ], [ 129.2532971, 36.5863129 ], [ 129.2535248, 36.5860354 ], [ 129.2543013, 36.5853075 ], [ 129.254911099999987, 36.5852291 ], [ 129.2554924, 36.5849614 ], [ 129.255899, 36.5846742 ], [ 129.2559722, 36.5842955 ], [ 129.256216099999989, 36.5838287 ], [ 129.2565779, 36.5837079 ], [ 129.256760899999989, 36.5829799 ], [ 129.256834, 36.5827252 ], [ 129.2566267, 36.5822062 ], [ 129.256382800000011, 36.5818928 ], [ 129.2566918, 36.5818536 ], [ 129.2570617, 36.5819646 ], [ 129.257439799999986, 36.5818014 ], [ 129.2578098, 36.5817883 ], [ 129.2583057, 36.5816577 ], [ 129.2584846, 36.5814618 ], [ 129.2587895, 36.5812268 ], [ 129.259143200000011, 36.580933 ], [ 129.2589644, 36.5804335 ], [ 129.2584114, 36.5801103 ], [ 129.2575821, 36.5799013 ], [ 129.257720299999988, 36.5790688 ], [ 129.258439900000013, 36.5792288 ], [ 129.2589237, 36.579441 ], [ 129.2592693, 36.5798197 ], [ 129.2597571, 36.5804008 ], [ 129.2601596, 36.5805314 ], [ 129.260306, 36.5801103 ], [ 129.25970430000001, 36.57937 ], [ 129.260818199999989, 36.5796769 ], [ 129.2610377, 36.5792721 ], [ 129.2598018, 36.5788934 ], [ 129.25911880000001, 36.5782013 ], [ 129.2586066, 36.5774961 ], [ 129.258696, 36.576928 ], [ 129.2594685, 36.5774112 ], [ 129.2599319, 36.577914 ], [ 129.261842699999988, 36.5786518 ], [ 129.2631355, 36.5789391 ], [ 129.263891699999988, 36.5789913 ], [ 129.2641925, 36.5773198 ], [ 129.263330700000012, 36.576706 ], [ 129.262411899999989, 36.5760269 ], [ 129.2613467, 36.5755829 ], [ 129.259314, 36.5749038 ], [ 129.2583057, 36.5746034 ], [ 129.2570861, 36.5743814 ], [ 129.25559, 36.5736044 ], [ 129.2554193, 36.5730689 ], [ 129.2543053, 36.5718152 ], [ 129.2534109, 36.5714887 ], [ 129.2531507, 36.5707442 ], [ 129.2528336, 36.5702283 ], [ 129.2528743, 36.5696929 ], [ 129.2529068, 36.5687852 ], [ 129.2528824, 36.5684717 ], [ 129.2532564, 36.5685566 ], [ 129.253663, 36.5687329 ], [ 129.2543053, 36.5690986 ], [ 129.2549558, 36.5696929 ], [ 129.25554120000001, 36.5699214 ], [ 129.255655100000013, 36.5695165 ], [ 129.255598099999986, 36.5690202 ], [ 129.2558558, 36.5691898 ], [ 129.2561126, 36.5693323 ], [ 129.2563461, 36.5694486 ], [ 129.2566637, 36.5695761 ], [ 129.2568259, 36.5695492 ], [ 129.257574, 36.5699214 ], [ 129.2582488, 36.5700781 ], [ 129.258818, 36.5711099 ], [ 129.2589481, 36.5714887 ], [ 129.259671700000013, 36.5724355 ], [ 129.260558, 36.5727685 ], [ 129.2611272, 36.5731603 ], [ 129.2619809, 36.5734738 ], [ 129.2625338, 36.5734738 ], [ 129.2632331, 36.5740092 ], [ 129.2642088, 36.5741529 ], [ 129.2657907, 36.5764279 ], [ 129.26613420000001, 36.576549 ], [ 129.266807, 36.5765624 ], [ 129.2671689, 36.5766936 ], [ 129.2675916, 36.5770279 ], [ 129.2681364, 36.5770043 ], [ 129.2683372, 36.5776712 ], [ 129.267777599999988, 36.5776845 ], [ 129.2673677, 36.5776161 ], [ 129.2679173, 36.5782985 ], [ 129.2686438, 36.5785275 ], [ 129.2696269, 36.5782388 ], [ 129.2701296, 36.5779128 ], [ 129.270143, 36.5777113 ], [ 129.2704582, 36.5772861 ], [ 129.2705215, 36.5769405 ], [ 129.270266099999986, 36.5768925 ], [ 129.270226400000013, 36.5767286 ], [ 129.2708898, 36.5767356 ], [ 129.2714415, 36.5764061 ], [ 129.271919200000013, 36.5762597 ], [ 129.271864099999988, 36.5760264 ], [ 129.2713075, 36.5756622 ], [ 129.270836, 36.5746486 ], [ 129.2703123, 36.5744603 ], [ 129.2690116, 36.5743161 ], [ 129.2691453, 36.5740408 ], [ 129.2681177, 36.5735531 ], [ 129.2672813, 36.5726986 ], [ 129.2665, 36.5715307 ], [ 129.2662966, 36.5709748 ], [ 129.266539200000011, 36.569864 ], [ 129.266514300000011, 36.5693868 ], [ 129.26610740000001, 36.5687959 ], [ 129.266144, 36.568584 ], [ 129.2657611, 36.5685165 ], [ 129.2659689, 36.5681241 ], [ 129.2659523, 36.5678378 ], [ 129.2660057, 36.5676014 ], [ 129.266666500000014, 36.5677983 ], [ 129.267066699999987, 36.5690433 ], [ 129.2674078, 36.5696977 ], [ 129.2675023, 36.5702928 ], [ 129.2670999, 36.57178 ], [ 129.267293099999989, 36.5720423 ], [ 129.268058, 36.5723326 ], [ 129.2689527, 36.573249 ], [ 129.269483799999989, 36.5735221 ], [ 129.269658600000014, 36.5737813 ], [ 129.2700083, 36.573894 ], [ 129.270535099999989, 36.5742578 ], [ 129.271252800000013, 36.5743045 ], [ 129.2718288, 36.5739651 ], [ 129.271896199999986, 36.5737317 ], [ 129.272265299999987, 36.5737302 ], [ 129.273521, 36.5733807 ], [ 129.273814, 36.5728005 ], [ 129.2733771, 36.5721646 ], [ 129.2731688, 36.5721004 ], [ 129.2730604, 36.571774 ], [ 129.272683300000011, 36.571428 ], [ 129.2729027, 36.5710726 ], [ 129.272922599999987, 36.5708863 ], [ 129.273472, 36.5706167 ], [ 129.274025, 36.5706406 ], [ 129.2738323, 36.5708476 ], [ 129.273712100000012, 36.5713848 ], [ 129.2745224, 36.5727781 ], [ 129.2748536, 36.572718 ], [ 129.275536, 36.5732369 ], [ 129.2762354, 36.5732652 ], [ 129.2767344, 36.5728072 ], [ 129.2771161, 36.5731381 ], [ 129.27751, 36.5731369 ], [ 129.2779279, 36.5727781 ], [ 129.2781352, 36.5722882 ], [ 129.278130800000014, 36.5718626 ], [ 129.2775552, 36.5708411 ], [ 129.2775651, 36.5699137 ], [ 129.277063199999986, 36.5686049 ], [ 129.27797240000001, 36.5683495 ], [ 129.2782592, 36.56897 ], [ 129.2782904, 36.5695676 ], [ 129.2784392, 36.5697039 ], [ 129.2788439, 36.5690449 ], [ 129.279643600000014, 36.568692 ], [ 129.2798764, 36.5692497 ], [ 129.2794792, 36.5692862 ], [ 129.2793381, 36.5693791 ], [ 129.2793269, 36.5697232 ], [ 129.2789636, 36.5700182 ], [ 129.2787434, 36.570864 ], [ 129.278886699999987, 36.5717345 ], [ 129.2785571, 36.5720602 ], [ 129.278551099999987, 36.5726422 ], [ 129.2780338, 36.5731233 ], [ 129.2779605, 36.5734126 ], [ 129.278109699999987, 36.5737238 ], [ 129.2797821, 36.5742339 ], [ 129.2800619, 36.5744916 ], [ 129.2836091, 36.5748698 ], [ 129.284210800000011, 36.5746541 ], [ 129.2844282, 36.5742228 ], [ 129.2860653, 36.5735327 ], [ 129.286413, 36.5737235 ], [ 129.2869325, 36.574009 ], [ 129.2873705, 36.5741234 ], [ 129.2886435, 36.5741109 ], [ 129.2892262, 36.5738618 ], [ 129.2896083, 36.573493 ], [ 129.2897611, 36.5731259 ], [ 129.2897489, 36.5725503 ], [ 129.2901584, 36.5721816 ], [ 129.2929725, 36.5722264 ], [ 129.294454699999989, 36.5729186 ], [ 129.2946498, 36.5738067 ], [ 129.2940207, 36.57545 ], [ 129.2941992, 36.5756439 ], [ 129.2945724, 36.5755223 ], [ 129.2963025, 36.5743004 ], [ 129.2986182, 36.5741278 ], [ 129.298934300000013, 36.5741854 ], [ 129.300005199999987, 36.5746928 ], [ 129.300148299999989, 36.5748566 ], [ 129.3002453, 36.5750658 ], [ 129.3003315, 36.5760203 ], [ 129.300456700000012, 36.5764461 ], [ 129.300596500000012, 36.5766744 ], [ 129.300761200000011, 36.5768431 ], [ 129.3009985, 36.5769929 ], [ 129.3011617, 36.5770651 ], [ 129.30136060000001, 36.5770958 ], [ 129.3016169, 36.5770776 ], [ 129.303076299999987, 36.5767978 ], [ 129.3040655, 36.5767565 ], [ 129.304254899999989, 36.576684 ], [ 129.3043101, 36.5762899 ], [ 129.304921, 36.5759213 ], [ 129.3051235, 36.5753887 ], [ 129.3055709, 36.5748181 ], [ 129.3057388, 36.5747258 ], [ 129.306150800000012, 36.5746562 ], [ 129.3074207, 36.5746194 ], [ 129.3084318, 36.5745459 ], [ 129.3088045, 36.5744101 ], [ 129.308743099999987, 36.5743092 ], [ 129.309876, 36.5740192 ], [ 129.31176640000001, 36.5733086 ], [ 129.3119063, 36.5730897 ], [ 129.3120302, 36.5726854 ], [ 129.3122493, 36.5726394 ], [ 129.3148984, 36.5651049 ], [ 129.3147232, 36.5654245 ], [ 129.3144456, 36.5652164 ], [ 129.309537799999987, 36.566953 ], [ 129.302778600000011, 36.566212 ], [ 129.3054823, 36.5654019 ], [ 129.3083361, 36.5654709 ], [ 129.3102888, 36.5646781 ], [ 129.3118767, 36.5636268 ], [ 129.315288399999986, 36.5617654 ], [ 129.3165974, 36.5601798 ], [ 129.3149237, 36.558732 ], [ 129.312649099999987, 36.5572152 ], [ 129.3195371, 36.5580425 ], [ 129.3197302, 36.5543195 ], [ 129.315782, 36.5526475 ], [ 129.3143177, 36.550975 ], [ 129.3131429, 36.5508556 ], [ 129.3129228, 36.5506768 ], [ 129.312346100000013, 36.550602 ], [ 129.311872099999988, 36.5498669 ], [ 129.311325900000014, 36.5494396 ], [ 129.3108217, 36.5490953 ], [ 129.3104205, 36.5483317 ], [ 129.3108766, 36.5483385 ], [ 129.3112813, 36.5487648 ], [ 129.31147150000001, 36.5488907 ], [ 129.3116695, 36.5492894 ], [ 129.3121758, 36.5498457 ], [ 129.3127034, 36.5502883 ], [ 129.313352400000014, 36.550472 ], [ 129.3138964, 36.5505037 ], [ 129.3144031, 36.550314 ], [ 129.31515490000001, 36.550565 ], [ 129.315463, 36.5505192 ], [ 129.315715, 36.5506001 ], [ 129.315983499999987, 36.5505546 ], [ 129.3180595, 36.5518591 ], [ 129.320118799999989, 36.5519602 ], [ 129.321860500000014, 36.552125 ], [ 129.323041100000012, 36.5512887 ], [ 129.3231937, 36.5510017 ], [ 129.3236717, 36.5512147 ], [ 129.3248376, 36.5502679 ], [ 129.3244298, 36.5499327 ], [ 129.324268, 36.5500051 ], [ 129.3226913, 36.5487518 ], [ 129.3230561, 36.5482691 ], [ 129.3250731, 36.5492517 ], [ 129.327233400000011, 36.5485547 ], [ 129.3274898, 36.5488897 ], [ 129.3294237, 36.5486139 ], [ 129.329617500000012, 36.5486553 ], [ 129.3299685, 36.5494472 ], [ 129.330389200000013, 36.5494721 ], [ 129.330769299999986, 36.5493063 ], [ 129.332315099999988, 36.54846 ], [ 129.3327324, 36.5481832 ], [ 129.3332844, 36.5477931 ], [ 129.3337192, 36.547314 ], [ 129.3337694, 36.547034 ], [ 129.3334753, 36.5465433 ], [ 129.334464700000012, 36.5466113 ], [ 129.334999900000014, 36.5464654 ], [ 129.335625599999986, 36.5465524 ], [ 129.3358871, 36.546665 ], [ 129.3362607, 36.5465749 ], [ 129.3365035, 36.54674 ], [ 129.3368211, 36.5468 ], [ 129.33718540000001, 36.5466425 ], [ 129.3373535, 36.5464099 ], [ 129.3374656, 36.5460872 ], [ 129.3372507, 36.5458471 ], [ 129.3373348, 36.545592 ], [ 129.337615, 36.5455545 ], [ 129.3378578, 36.5457195 ], [ 129.338502299999988, 36.5455695 ], [ 129.3389693, 36.5454569 ], [ 129.3397912, 36.5451042 ], [ 129.3402862, 36.544714 ], [ 129.3405477, 36.5445189 ], [ 129.3408466, 36.544534 ], [ 129.3412109, 36.544534 ], [ 129.3415751, 36.5447591 ], [ 129.3418086, 36.5447591 ], [ 129.341836699999988, 36.5444439 ], [ 129.3417619, 36.5441288 ], [ 129.341874, 36.5437536 ], [ 129.3421916, 36.5435285 ], [ 129.3426306, 36.5435735 ], [ 129.343088200000011, 36.5434459 ], [ 129.343359099999986, 36.5432658 ], [ 129.343088200000011, 36.5429206 ], [ 129.3426212, 36.5424479 ], [ 129.342425100000014, 36.5421327 ], [ 129.342555800000014, 36.5419076 ], [ 129.3426679, 36.5416075 ], [ 129.3428827, 36.5414199 ], [ 129.3431069, 36.5414349 ], [ 129.3432937, 36.5418326 ], [ 129.3436206, 36.5422078 ], [ 129.343798099999987, 36.5425605 ], [ 129.3438167, 36.5430857 ], [ 129.3437514, 36.5434759 ], [ 129.34377, 36.5441438 ], [ 129.3438821, 36.544579 ], [ 129.3441436, 36.544579 ], [ 129.3440689, 36.5442563 ], [ 129.344022200000012, 36.5437686 ], [ 129.344022200000012, 36.5433409 ], [ 129.344153, 36.5428081 ], [ 129.3441156, 36.5424929 ], [ 129.3439008, 36.541705 ], [ 129.343714, 36.5413823 ], [ 129.3425278, 36.5404894 ], [ 129.3434805, 36.5405119 ], [ 129.3440502, 36.5407445 ], [ 129.3446854, 36.5411722 ], [ 129.344676, 36.5414349 ], [ 129.3453672, 36.5418926 ], [ 129.3459369, 36.5420202 ], [ 129.3465534, 36.5422003 ], [ 129.3470671, 36.5422003 ], [ 129.3480664, 36.5424179 ], [ 129.3481318, 36.5426805 ], [ 129.348178499999989, 36.5429732 ], [ 129.3483933, 36.5432883 ], [ 129.348823, 36.5434534 ], [ 129.3494581, 36.5434309 ], [ 129.349280599999986, 36.5431383 ], [ 129.348823, 36.542658 ], [ 129.348879, 36.5424629 ], [ 129.349149899999986, 36.5422753 ], [ 129.349644899999987, 36.5424929 ], [ 129.3501493, 36.542658 ], [ 129.35070970000001, 36.5424929 ], [ 129.351167299999986, 36.5421627 ], [ 129.3518772, 36.5419902 ], [ 129.352022299999987, 36.5420755 ], [ 129.3524571, 36.5418532 ], [ 129.352983, 36.5417126 ], [ 129.353445599999986, 36.5416534 ], [ 129.3555005, 36.5418784 ], [ 129.355763700000011, 36.5417758 ], [ 129.355968499999989, 36.5419577 ], [ 129.3566815, 36.5421205 ], [ 129.3570244, 36.5425506 ], [ 129.3573776, 36.5428073 ], [ 129.3577084, 36.5429241 ], [ 129.358649, 36.5430802 ], [ 129.359046, 36.5430415 ], [ 129.3612105, 36.5424554 ], [ 129.3616102, 36.5422356 ], [ 129.361411, 36.5420029 ], [ 129.361872, 36.5419425 ], [ 129.3620113, 36.542089 ], [ 129.3622258, 36.5420287 ], [ 129.362193600000012, 36.5418994 ], [ 129.3622848, 36.5417098 ], [ 129.3623036, 36.5415115 ], [ 129.3624189, 36.5413391 ], [ 129.36237460000001, 36.5410374 ], [ 129.3621038, 36.5408822 ], [ 129.362066199999987, 36.5406021 ], [ 129.362382700000012, 36.5399298 ], [ 129.362342399999989, 36.5395311 ], [ 129.3626616, 36.5396323 ], [ 129.363182, 36.5415719 ], [ 129.364233399999989, 36.5407702 ], [ 129.3650702, 36.5403564 ], [ 129.3661646, 36.5389427 ], [ 129.3676452, 36.5383048 ], [ 129.3695549, 36.5378738 ], [ 129.371014, 36.5383221 ], [ 129.3722156, 36.5394082 ], [ 129.3738574, 36.5396138 ], [ 129.3740977, 36.539791 ], [ 129.3744084, 36.5402192 ], [ 129.3742723, 36.5405583 ], [ 129.374099300000012, 36.5405652 ], [ 129.374001099999987, 36.5407498 ], [ 129.3742082, 36.5408346 ], [ 129.374516199999988, 36.5409984 ], [ 129.375172600000013, 36.5410474 ], [ 129.3752346, 36.5403954 ], [ 129.374550699999986, 36.5403111 ], [ 129.374633499999987, 36.539976 ], [ 129.3748342, 36.5398085 ], [ 129.375497200000012, 36.5395001 ], [ 129.3757296, 36.5388796 ], [ 129.3758948, 36.5389159 ], [ 129.376295199999987, 36.5385822 ], [ 129.3763856, 36.5382248 ], [ 129.376391899999987, 36.5380234 ], [ 129.3763526, 36.5378146 ], [ 129.3762693, 36.5376818 ], [ 129.3755878, 36.5371423 ], [ 129.375353, 36.5368418 ], [ 129.37500270000001, 36.5367747 ], [ 129.3747179, 36.5367725 ], [ 129.3744127, 36.5367941 ], [ 129.3741503, 36.5368362 ], [ 129.373905900000011, 36.5369056 ], [ 129.3737271, 36.5369801 ], [ 129.3735987, 36.5370742 ], [ 129.3734567, 36.5372692 ], [ 129.3731273, 36.53756 ], [ 129.3729909, 36.5376002 ], [ 129.3730572, 36.5378222 ], [ 129.3727683, 36.5378735 ], [ 129.3726805, 36.5375721 ], [ 129.3704868, 36.5371001 ], [ 129.370229599999988, 36.5370111 ], [ 129.369619699999987, 36.5366225 ], [ 129.369438, 36.5365524 ], [ 129.3692011, 36.5365137 ], [ 129.3689516, 36.5365001 ], [ 129.3687314, 36.5365132 ], [ 129.3683416, 36.536588 ], [ 129.368037, 36.5365913 ], [ 129.367668900000012, 36.5365417 ], [ 129.3672211, 36.5364103 ], [ 129.3659461, 36.5358726 ], [ 129.3655488, 36.535605 ], [ 129.3652505, 36.5353827 ], [ 129.364860599999986, 36.5351692 ], [ 129.364375200000012, 36.5353339 ], [ 129.3646733, 36.5349538 ], [ 129.364525, 36.5346841 ], [ 129.3640263, 36.5340476 ], [ 129.363845199999986, 36.5338837 ], [ 129.363252100000011, 36.5344358 ], [ 129.3630298, 36.5345868 ], [ 129.3627913, 36.5346566 ], [ 129.362686200000013, 36.5347256 ], [ 129.3625275, 36.5347459 ], [ 129.362586099999987, 36.5345883 ], [ 129.3627818, 36.5345578 ], [ 129.3629788, 36.5344601 ], [ 129.3633922, 36.5340017 ], [ 129.3635105, 36.5338038 ], [ 129.3637005, 36.5336566 ], [ 129.363721199999986, 36.5334237 ], [ 129.3636962, 36.5332759 ], [ 129.3636448, 36.5331679 ], [ 129.363261599999987, 36.5327556 ], [ 129.362974400000013, 36.532558 ], [ 129.362826500000011, 36.5325982 ], [ 129.3624876, 36.5329284 ], [ 129.3624954, 36.5327382 ], [ 129.3624285, 36.5325806 ], [ 129.36228890000001, 36.5325558 ], [ 129.361918300000013, 36.5326373 ], [ 129.3617542, 36.5327149 ], [ 129.3613643, 36.5330154 ], [ 129.3613144, 36.5328841 ], [ 129.361717700000014, 36.5325568 ], [ 129.3616787, 36.5323989 ], [ 129.3618874, 36.5323945 ], [ 129.362096799999989, 36.5324372 ], [ 129.3622403, 36.5323477 ], [ 129.362528, 36.532229 ], [ 129.3620879, 36.5317402 ], [ 129.3617298, 36.5314361 ], [ 129.361115500000011, 36.5310878 ], [ 129.3599419, 36.5310808 ], [ 129.3565945, 36.5313567 ], [ 129.3508438, 36.5319429 ], [ 129.346766800000012, 36.5335981 ], [ 129.345114599999988, 36.5350119 ], [ 129.3436126, 36.5353739 ], [ 129.3399648, 36.5358912 ], [ 129.3382052, 36.5358222 ], [ 129.3385915, 36.5348222 ], [ 129.3406085, 36.5339257 ], [ 129.3434409, 36.5329084 ], [ 129.345457900000014, 36.5315808 ], [ 129.343419399999988, 36.5304428 ], [ 129.3449215, 36.5301325 ], [ 129.3449215, 36.5285634 ], [ 129.344621100000012, 36.5270978 ], [ 129.3437628, 36.5265288 ], [ 129.342689900000011, 36.5264081 ], [ 129.341874499999989, 36.5258391 ], [ 129.3418897, 36.5253797 ], [ 129.3429406, 36.52283 ], [ 129.3429794, 36.5226517 ], [ 129.342921100000012, 36.5223655 ], [ 129.3425183, 36.5223913 ], [ 129.3425037, 36.5220626 ], [ 129.3402008, 36.5213212 ], [ 129.3374542, 36.5216489 ], [ 129.3346647, 36.5221489 ], [ 129.332900599999988, 36.5216563 ], [ 129.3319995, 36.5213277 ], [ 129.3312814, 36.520094 ], [ 129.329736200000013, 36.519157 ], [ 129.3294602, 36.5193763 ], [ 129.3291006, 36.5197178 ], [ 129.3288718, 36.5199693 ], [ 129.3284702, 36.5203821 ], [ 129.3282087, 36.5205285 ], [ 129.3277497, 36.5207774 ], [ 129.3274851, 36.521067 ], [ 129.3272905, 36.5216581 ], [ 129.3271983, 36.5219199 ], [ 129.327048100000013, 36.5220081 ], [ 129.326855200000011, 36.522019 ], [ 129.3265007, 36.5218753 ], [ 129.326066, 36.5214295 ], [ 129.3258739, 36.5213126 ], [ 129.3256035, 36.5213132 ], [ 129.3252513, 36.5214891 ], [ 129.324507, 36.5220707 ], [ 129.32413360000001, 36.5221893 ], [ 129.3238409, 36.5220715 ], [ 129.3235673, 36.5218029 ], [ 129.3234295, 36.5215469 ], [ 129.323141600000014, 36.5208274 ], [ 129.323127699999986, 36.5206598 ], [ 129.3231044, 36.5204722 ], [ 129.323123, 36.5203333 ], [ 129.3232304, 36.5201494 ], [ 129.32336810000001, 36.5199549 ], [ 129.3229053, 36.5196195 ], [ 129.3226611, 36.5194728 ], [ 129.322310499999986, 36.5194288 ], [ 129.3220116, 36.5194101 ], [ 129.3215726, 36.5190498 ], [ 129.3204562, 36.5183451 ], [ 129.32006770000001, 36.518161 ], [ 129.3198655, 36.5180929 ], [ 129.319046500000013, 36.5181968 ], [ 129.3184297, 36.5183517 ], [ 129.3180094, 36.5185431 ], [ 129.3175704, 36.5186482 ], [ 129.3171781, 36.5185656 ], [ 129.316860600000012, 36.5184118 ], [ 129.3163702, 36.5180515 ], [ 129.31619280000001, 36.5178075 ], [ 129.315982600000012, 36.5178676 ], [ 129.315716400000014, 36.5180327 ], [ 129.3154736, 36.5180477 ], [ 129.315072, 36.5179314 ], [ 129.3147544, 36.5180214 ], [ 129.314805799999988, 36.5184868 ], [ 129.3147731, 36.5187683 ], [ 129.3145069, 36.5189222 ], [ 129.3141707, 36.5188434 ], [ 129.3139605, 36.5187007 ], [ 129.3135962, 36.5185319 ], [ 129.3134655, 36.5183254 ], [ 129.3136476, 36.5181828 ], [ 129.3137877, 36.5178263 ], [ 129.314021200000013, 36.517162 ], [ 129.3141847, 36.5167604 ], [ 129.3141558, 36.5166479 ], [ 129.313708600000012, 36.5166381 ], [ 129.3134155, 36.516711 ], [ 129.3130908, 36.5168099 ], [ 129.312720899999988, 36.5168662 ], [ 129.3122205, 36.5168704 ], [ 129.311509300000012, 36.5168456 ], [ 129.3111819, 36.5168354 ], [ 129.3110651, 36.5169668 ], [ 129.31097170000001, 36.5171432 ], [ 129.310981, 36.5173271 ], [ 129.310869, 36.5175298 ], [ 129.3105654, 36.5177437 ], [ 129.3098836, 36.5181903 ], [ 129.3094259, 36.5184756 ], [ 129.309183100000013, 36.518682 ], [ 129.308440600000012, 36.5189897 ], [ 129.308081, 36.5188734 ], [ 129.307567299999988, 36.5189897 ], [ 129.3073618, 36.5192449 ], [ 129.3070256, 36.519365 ], [ 129.3065819, 36.5194288 ], [ 129.3061009, 36.5194851 ], [ 129.3059748, 36.5192975 ], [ 129.3057226, 36.519001 ], [ 129.305358399999989, 36.5186332 ], [ 129.3050782, 36.5183667 ], [ 129.3049054, 36.5180815 ], [ 129.3046158, 36.5179389 ], [ 129.304158199999989, 36.5178676 ], [ 129.3036445, 36.5179088 ], [ 129.303336300000012, 36.5180252 ], [ 129.302841199999989, 36.518104 ], [ 129.302514300000013, 36.5181903 ], [ 129.3020847, 36.5185356 ], [ 129.301062, 36.5185394 ], [ 129.3004175, 36.5185544 ], [ 129.2998945, 36.5186219 ], [ 129.2994975, 36.5185619 ], [ 129.299123900000012, 36.5184981 ], [ 129.2988671, 36.5185206 ], [ 129.298250599999989, 36.5186782 ], [ 129.2978537, 36.5188321 ], [ 129.2974147, 36.5190085 ], [ 129.2967376, 36.5191699 ], [ 129.2959483, 36.519305 ], [ 129.295602699999989, 36.5192525 ], [ 129.29543, 36.5191699 ], [ 129.295238500000011, 36.5192149 ], [ 129.295126399999987, 36.5194589 ], [ 129.294897600000013, 36.519624 ], [ 129.2942204, 36.5194701 ], [ 129.294285800000011, 36.5189822 ], [ 129.2943048, 36.5187587 ], [ 129.294025799999986, 36.518714 ], [ 129.2938215, 36.5186367 ], [ 129.293471, 36.5186244 ], [ 129.293211899999989, 36.5185815 ], [ 129.2929844, 36.5185239 ], [ 129.2928585, 36.5183045 ], [ 129.2921502, 36.5183348 ], [ 129.290039400000012, 36.5195058 ], [ 129.28919590000001, 36.5194588 ], [ 129.285483699999986, 36.5208039 ], [ 129.2831663, 36.520528 ], [ 129.2823828, 36.5210099 ], [ 129.2821037, 36.5210115 ], [ 129.280704899999989, 36.5205717 ], [ 129.2807746, 36.5203978 ], [ 129.2799054, 36.5202151 ], [ 129.279239100000012, 36.5202662 ], [ 129.2785101, 36.5209586 ], [ 129.276413100000013, 36.52159 ], [ 129.2729524, 36.5224766 ], [ 129.2705063, 36.5234422 ], [ 129.268618, 36.5248907 ], [ 129.2670087, 36.5273047 ], [ 129.2655925, 36.5306153 ], [ 129.264267600000011, 36.533187 ], [ 129.2637704, 36.5333592 ], [ 129.263592100000011, 36.5338966 ], [ 129.2631907, 36.5344986 ], [ 129.262343499999986, 36.5346061 ], [ 129.2618976, 36.5349428 ], [ 129.2616301, 36.5360894 ], [ 129.2619957, 36.5368417 ], [ 129.262031400000012, 36.5373075 ], [ 129.2616925, 36.5382892 ], [ 129.2613714, 36.5392708 ], [ 129.260854200000011, 36.5401737 ], [ 129.2610147, 36.5408902 ], [ 129.2609879, 36.5412484 ], [ 129.2607561, 36.5421226 ], [ 129.2611306, 36.5427173 ], [ 129.2616122, 36.5430469 ], [ 129.2619422, 36.543183 ], [ 129.262349300000011, 36.5432821 ], [ 129.2622766, 36.5435244 ], [ 129.2622532, 36.543817 ], [ 129.2625007, 36.5440234 ], [ 129.2624214, 36.5445036 ], [ 129.2622579, 36.5447362 ], [ 129.2619123, 36.5449351 ], [ 129.2617816, 36.5451602 ], [ 129.2616975, 36.5456742 ], [ 129.2617629, 36.5460156 ], [ 129.2622299, 36.5461957 ], [ 129.2622953, 36.5463307 ], [ 129.2620478, 36.546327 ], [ 129.2619123, 36.5468785 ], [ 129.2620618, 36.5471186 ], [ 129.262398, 36.5474713 ], [ 129.2630647, 36.5477503 ], [ 129.2631034, 36.5481312 ], [ 129.262587700000012, 36.5479001 ], [ 129.2622134, 36.5480453 ], [ 129.26171, 36.5484756 ], [ 129.2614906, 36.5484704 ], [ 129.261497, 36.5481645 ], [ 129.2613873, 36.5477549 ], [ 129.2613422, 36.547392 ], [ 129.2612905, 36.5470861 ], [ 129.2609678, 36.5471017 ], [ 129.2605871, 36.5475164 ], [ 129.2598578, 36.54846 ], [ 129.2593545, 36.5489266 ], [ 129.2590318, 36.5490407 ], [ 129.258813300000014, 36.5490103 ], [ 129.2588388, 36.5488519 ], [ 129.258900899999986, 36.5477459 ], [ 129.259199099999989, 36.547914 ], [ 129.2597781, 36.5477977 ], [ 129.259899600000011, 36.5475388 ], [ 129.260282499999988, 36.5470698 ], [ 129.260567400000014, 36.546871 ], [ 129.2608429, 36.5466234 ], [ 129.2611482, 36.5464872 ], [ 129.261309899999986, 36.5455721 ], [ 129.2611791, 36.5454528 ], [ 129.2611978, 36.5451039 ], [ 129.2613706, 36.5446162 ], [ 129.2613613, 36.5444098 ], [ 129.2611158, 36.543851 ], [ 129.2609899, 36.5433251 ], [ 129.2608662, 36.5431154 ], [ 129.260586, 36.5428228 ], [ 129.2602124, 36.5422375 ], [ 129.2600957, 36.5420086 ], [ 129.259960299999989, 36.5417985 ], [ 129.259638, 36.5418848 ], [ 129.259497900000014, 36.5418923 ], [ 129.2588862, 36.5420574 ], [ 129.258417, 36.5419903 ], [ 129.2588922, 36.5413559 ], [ 129.2591597, 36.5408758 ], [ 129.2596235, 36.5397796 ], [ 129.259971299999989, 36.5391275 ], [ 129.2610415, 36.5380026 ], [ 129.261166300000014, 36.5375726 ], [ 129.2610771, 36.5366053 ], [ 129.261126100000013, 36.5354552 ], [ 129.2611674, 36.5350989 ], [ 129.2610147, 36.5352796 ], [ 129.2603904, 36.5356523 ], [ 129.2599267, 36.535946 ], [ 129.2594273, 36.5360535 ], [ 129.2587762, 36.5360392 ], [ 129.2584896, 36.5355808 ], [ 129.2584953, 36.5350805 ], [ 129.260684, 36.5334253 ], [ 129.2627225, 36.5317011 ], [ 129.263142499999987, 36.530032 ], [ 129.2632668, 36.5298682 ], [ 129.2633548, 36.5299094 ], [ 129.2635865, 36.5295636 ], [ 129.2637288, 36.529222 ], [ 129.2638699, 36.5287416 ], [ 129.2640313, 36.5284825 ], [ 129.263585799999987, 36.5283968 ], [ 129.2628365, 36.5284332 ], [ 129.261843199999987, 36.5283675 ], [ 129.2615389, 36.5280429 ], [ 129.261540200000013, 36.5278345 ], [ 129.2619004, 36.5273383 ], [ 129.262318599999986, 36.5271334 ], [ 129.2628602, 36.526926 ], [ 129.2630689, 36.5267186 ], [ 129.263498700000014, 36.5266843 ], [ 129.2642361, 36.5272362 ], [ 129.2646263, 36.5272599 ], [ 129.2651156, 36.5273546 ], [ 129.265485399999989, 36.5272084 ], [ 129.2655809, 36.5271209 ], [ 129.265049800000014, 36.5269799 ], [ 129.265155600000014, 36.5266638 ], [ 129.2650325, 36.5259112 ], [ 129.265288, 36.5255738 ], [ 129.26544530000001, 36.5251607 ], [ 129.2656154, 36.5250374 ], [ 129.2657032, 36.5248602 ], [ 129.2655335, 36.5248029 ], [ 129.2655208, 36.5245347 ], [ 129.265156499999989, 36.5245629 ], [ 129.2649949, 36.5245005 ], [ 129.2649858, 36.524351 ], [ 129.2651052, 36.5242668 ], [ 129.2659319, 36.5241281 ], [ 129.266041199999989, 36.5239921 ], [ 129.265852200000012, 36.5238936 ], [ 129.2658927, 36.5237912 ], [ 129.2661304, 36.5238249 ], [ 129.2663408, 36.5237338 ], [ 129.2665273, 36.5237349 ], [ 129.2665369, 36.5235489 ], [ 129.2667164, 36.5234641 ], [ 129.2663604, 36.5229429 ], [ 129.2668502, 36.5229948 ], [ 129.2672196, 36.5233761 ], [ 129.2679444, 36.5229423 ], [ 129.2681792, 36.5228534 ], [ 129.268719800000014, 36.5228176 ], [ 129.2689939, 36.5227575 ], [ 129.269662399999987, 36.5224724 ], [ 129.2699873, 36.5222377 ], [ 129.2701558, 36.5221837 ], [ 129.2701175, 36.522047 ], [ 129.272575100000012, 36.5215975 ], [ 129.2741138, 36.5211762 ], [ 129.2743212, 36.5211518 ], [ 129.2740447, 36.5208696 ], [ 129.2737918, 36.5208197 ], [ 129.2734137, 36.520869 ], [ 129.2730061, 36.5208434 ], [ 129.272670299999987, 36.5208007 ], [ 129.272127899999987, 36.5202223 ], [ 129.2724316, 36.5201433 ], [ 129.2747517, 36.5137231 ], [ 129.2744506, 36.5137396 ], [ 129.274382300000013, 36.5134962 ], [ 129.2744176, 36.5133831 ], [ 129.2742881, 36.5132791 ], [ 129.2738445, 36.5132841 ], [ 129.273394599999989, 36.5129968 ], [ 129.2731574, 36.5128235 ], [ 129.2730393, 36.5124456 ], [ 129.2729452, 36.5119077 ], [ 129.2730443, 36.5119055 ], [ 129.2733105, 36.5121505 ], [ 129.273573199999987, 36.5124528 ], [ 129.2739197, 36.5125289 ], [ 129.2741212, 36.5126764 ], [ 129.274274, 36.5130352 ], [ 129.274524899999989, 36.5129514 ], [ 129.2745793, 36.5128266 ], [ 129.2744276, 36.5126844 ], [ 129.2743677, 36.5125437 ], [ 129.274276500000013, 36.5124195 ], [ 129.274267, 36.512336 ], [ 129.274368900000013, 36.5122161 ], [ 129.2744162, 36.5121447 ], [ 129.2744516, 36.5119552 ], [ 129.2746444, 36.5117384 ], [ 129.2747314, 36.511996 ], [ 129.2746484, 36.5075528 ], [ 129.2745223, 36.5073535 ], [ 129.2740803, 36.5072659 ], [ 129.2739349, 36.506934 ], [ 129.2741202, 36.5065213 ], [ 129.274532, 36.5052456 ], [ 129.275134900000012, 36.5046993 ], [ 129.2745639, 36.5043885 ], [ 129.273938500000014, 36.5044635 ], [ 129.273815500000012, 36.5041195 ], [ 129.2743877, 36.5037881 ], [ 129.274756200000013, 36.5021825 ], [ 129.275382799999988, 36.5005284 ], [ 129.275802700000014, 36.5002604 ], [ 129.2765086, 36.5002392 ], [ 129.276603099999988, 36.4998395 ], [ 129.276603099999988, 36.4996119 ], [ 129.276504, 36.498986 ], [ 129.276496900000012, 36.4987527 ], [ 129.2763412, 36.498508 ], [ 129.2765889, 36.498178 ], [ 129.2771263, 36.4978807 ], [ 129.2773818, 36.4977807 ], [ 129.2775926, 36.4977534 ], [ 129.277695, 36.497663 ], [ 129.2777308, 36.4974513 ], [ 129.2776929, 36.4972245 ], [ 129.2776403, 36.4970658 ], [ 129.2774356, 36.4966564 ], [ 129.2774092, 36.4964782 ], [ 129.277438600000011, 36.4963094 ], [ 129.2775139, 36.4961489 ], [ 129.2777638, 36.495786 ], [ 129.278025899999989, 36.494576 ], [ 129.278132, 36.4942574 ], [ 129.2781037, 36.4939444 ], [ 129.2781358, 36.4935543 ], [ 129.2771315, 36.4941459 ], [ 129.276828200000011, 36.4942998 ], [ 129.275764900000013, 36.4941037 ], [ 129.2736914, 36.4938033 ], [ 129.2761198, 36.4927221 ], [ 129.27787570000001, 36.4922716 ], [ 129.2774087, 36.4899588 ], [ 129.2771846, 36.4881567 ], [ 129.2783427, 36.484417 ], [ 129.2778944, 36.4825696 ], [ 129.278212, 36.4788147 ], [ 129.2778571, 36.4773878 ], [ 129.277539499999989, 36.4730467 ], [ 129.278268, 36.4701175 ], [ 129.2783988, 36.4654907 ], [ 129.278417499999989, 36.4616748 ], [ 129.2787137, 36.4602393 ], [ 129.2788424, 36.459756 ], [ 129.279057, 36.4577886 ], [ 129.280215700000014, 36.4563044 ], [ 129.2797007, 36.4546648 ], [ 129.279636399999987, 36.4536983 ], [ 129.2800655, 36.4525592 ], [ 129.2804303, 36.4514718 ], [ 129.2801943, 36.4505916 ], [ 129.2797651, 36.4503845 ], [ 129.2787351, 36.4513855 ], [ 129.277962699999989, 36.4522313 ], [ 129.2778339, 36.4532668 ], [ 129.2771902, 36.4535257 ], [ 129.2766537, 36.4528353 ], [ 129.27836640000001, 36.4504027 ], [ 129.2788395, 36.4499423 ], [ 129.2792206, 36.4495042 ], [ 129.2792235, 36.4494613 ], [ 129.279182, 36.449427 ], [ 129.2791264, 36.4494033 ], [ 129.277946899999989, 36.4495285 ], [ 129.2771932, 36.4495657 ], [ 129.2769719, 36.4495411 ], [ 129.276754, 36.4494792 ], [ 129.2765994, 36.4494138 ], [ 129.276426, 36.4493159 ], [ 129.2762477, 36.4491595 ], [ 129.27607, 36.4489648 ], [ 129.275895, 36.4487011 ], [ 129.275719, 36.4482896 ], [ 129.2756344, 36.4482766 ], [ 129.2754995, 36.4479939 ], [ 129.2756216, 36.4478645 ], [ 129.2756234, 36.4473467 ], [ 129.275387599999988, 36.4471805 ], [ 129.2753528, 36.4469701 ], [ 129.275281799999988, 36.4469081 ], [ 129.275353599999988, 36.4467303 ], [ 129.275081, 36.4466674 ], [ 129.27492860000001, 36.4463015 ], [ 129.27511530000001, 36.446153 ], [ 129.2748358, 36.4459925 ], [ 129.2741835, 36.4454112 ], [ 129.272727, 36.4457241 ], [ 129.2716756, 36.4462074 ], [ 129.2709889, 36.4469669 ], [ 129.27081720000001, 36.4479335 ], [ 129.2704525, 36.4489519 ], [ 129.2699804, 36.4496941 ], [ 129.26865, 36.4501083 ], [ 129.265242699999988, 36.4493789 ], [ 129.2653269, 36.4489311 ], [ 129.26509870000001, 36.4488591 ], [ 129.2648413, 36.4488161 ], [ 129.2638389, 36.4487746 ], [ 129.2634816, 36.4487169 ], [ 129.2631644, 36.448608 ], [ 129.2612857, 36.4476855 ], [ 129.261082, 36.4476178 ], [ 129.2608501, 36.447584 ], [ 129.260616, 36.4475871 ], [ 129.2603928, 36.4476082 ], [ 129.259862199999986, 36.4477452 ], [ 129.259519899999987, 36.4477963 ], [ 129.258858800000013, 36.4478244 ], [ 129.258563, 36.4478622 ], [ 129.2563376, 36.448472 ], [ 129.2560718, 36.4485265 ], [ 129.2558449, 36.4485315 ], [ 129.2556175, 36.4484943 ], [ 129.2548567, 36.4482923 ], [ 129.2545169, 36.4481385 ], [ 129.254269, 36.4479803 ], [ 129.2540994, 36.4478142 ], [ 129.2539559, 36.4475974 ], [ 129.2538896, 36.4474005 ], [ 129.2538671, 36.4471812 ], [ 129.2538822, 36.4469857 ], [ 129.2539439, 36.4468012 ], [ 129.2541414, 36.446514 ], [ 129.254325599999987, 36.4460626 ], [ 129.254697599999986, 36.4454495 ], [ 129.254756500000013, 36.4453373 ], [ 129.2547753, 36.4452349 ], [ 129.254771299999987, 36.4451254 ], [ 129.2547344, 36.4449908 ], [ 129.254665, 36.444848 ], [ 129.2545847, 36.4447701 ], [ 129.254431899999986, 36.4446967 ], [ 129.254287299999987, 36.4446774 ], [ 129.254088599999989, 36.4446793 ], [ 129.2538486, 36.4447138 ], [ 129.253208199999989, 36.4448519 ], [ 129.2525099, 36.4450569 ], [ 129.2510958, 36.4452931 ], [ 129.250178, 36.4455704 ], [ 129.2494958, 36.4456454 ], [ 129.2489687, 36.4456474 ], [ 129.24811170000001, 36.4456428 ], [ 129.2481913, 36.4458834 ], [ 129.2475629, 36.4460031 ], [ 129.2466761, 36.4465102 ], [ 129.2461963, 36.4467784 ], [ 129.245741, 36.4472101 ], [ 129.244993, 36.4473016 ], [ 129.244261200000011, 36.4474324 ], [ 129.2435457, 36.4480015 ], [ 129.2434643, 36.448407 ], [ 129.2435619, 36.4491591 ], [ 129.2436676, 36.4494534 ], [ 129.2439197, 36.4498524 ], [ 129.2440498, 36.4500094 ], [ 129.2436595, 36.4502252 ], [ 129.2433505, 36.4507092 ], [ 129.243196, 36.4511278 ], [ 129.2429846, 36.4515136 ], [ 129.2429277, 36.4518341 ], [ 129.242623900000012, 36.4513258 ], [ 129.242653600000011, 36.4509203 ], [ 129.2428315, 36.4497277 ], [ 129.242683199999988, 36.4491076 ], [ 129.2421939, 36.4486424 ], [ 129.2413192, 36.4488929 ], [ 129.2390952, 36.4498708 ], [ 129.2385615, 36.4500855 ], [ 129.237924, 36.4505029 ], [ 129.236367199999989, 36.4514212 ], [ 129.2357297, 36.4520294 ], [ 129.2352404, 36.4526614 ], [ 129.2344398, 36.453055 ], [ 129.2342026, 36.4528045 ], [ 129.233906, 36.4523991 ], [ 129.233416799999986, 36.4526018 ], [ 129.2322455, 36.4535558 ], [ 129.2315931, 36.4539017 ], [ 129.2302736, 36.4540925 ], [ 129.228854, 36.454036 ], [ 129.2277383, 36.454486 ], [ 129.227628399999986, 36.4548153 ], [ 129.2276823, 36.4552919 ], [ 129.2279241, 36.4554922 ], [ 129.2280551, 36.4557337 ], [ 129.2283142, 36.4559988 ], [ 129.2284817, 36.4560662 ], [ 129.2287796, 36.4565544 ], [ 129.2290606, 36.4567717 ], [ 129.2291505, 36.4572232 ], [ 129.229129699999987, 36.4575877 ], [ 129.229953099999989, 36.4586681 ], [ 129.2305752, 36.4594953 ], [ 129.2307989, 36.4600467 ], [ 129.230805299999986, 36.4604542 ], [ 129.2304905, 36.4611045 ], [ 129.2303054, 36.4613057 ], [ 129.229996, 36.4612078 ], [ 129.230032200000011, 36.461014 ], [ 129.2299324, 36.4608091 ], [ 129.230243800000011, 36.4604039 ], [ 129.230052199999989, 36.4599399 ], [ 129.229739099999989, 36.4592981 ], [ 129.2292492, 36.4586878 ], [ 129.2289352, 36.4585654 ], [ 129.228829600000012, 36.4583612 ], [ 129.228855900000013, 36.4581546 ], [ 129.228685399999989, 36.4577313 ], [ 129.22837, 36.4571551 ], [ 129.2281214, 36.4565989 ], [ 129.2280892, 36.4562092 ], [ 129.2278824, 36.4559168 ], [ 129.227323500000011, 36.4555014 ], [ 129.226899300000014, 36.4553493 ], [ 129.226482, 36.4553968 ], [ 129.225969, 36.4554582 ], [ 129.2256759, 36.4556275 ], [ 129.225341899999989, 36.4559292 ], [ 129.2241391, 36.4565152 ], [ 129.2224291, 36.457537 ], [ 129.2213925, 36.4586725 ], [ 129.2207962, 36.4595202 ], [ 129.2203625, 36.4606226 ], [ 129.218409900000012, 36.4623311 ], [ 129.219118, 36.4629524 ], [ 129.219817799999987, 36.4644781 ], [ 129.219710099999986, 36.4650978 ], [ 129.219385100000011, 36.4657963 ], [ 129.219127899999989, 36.4654045 ], [ 129.2188959, 36.4645087 ], [ 129.2187645, 36.4637723 ], [ 129.2185424, 36.4632105 ], [ 129.2178979, 36.462709 ], [ 129.2160862, 36.4631494 ], [ 129.2151744, 36.4631534 ], [ 129.2136741, 36.4640064 ], [ 129.212807199999986, 36.4642558 ], [ 129.2117481, 36.4640859 ], [ 129.211024900000012, 36.4643154 ], [ 129.209433499999989, 36.4650212 ], [ 129.2078115, 36.4658036 ], [ 129.20764410000001, 36.4663806 ], [ 129.206627, 36.4665928 ], [ 129.205749, 36.4664071 ], [ 129.2045779, 36.466219 ], [ 129.2037384, 36.4662973 ], [ 129.2032518, 36.4666877 ], [ 129.203322, 36.4671588 ], [ 129.2031728, 36.4674352 ], [ 129.2024768, 36.4679594 ], [ 129.2017046, 36.4696591 ], [ 129.20039220000001, 36.4711228 ], [ 129.2005226, 36.4716508 ], [ 129.19952760000001, 36.4732595 ], [ 129.1982478, 36.4742093 ], [ 129.197836099999989, 36.4748508 ], [ 129.1974912, 36.4749968 ], [ 129.1971132, 36.475727 ], [ 129.197176500000012, 36.4759681 ], [ 129.1979409, 36.4761319 ], [ 129.1981897, 36.4762562 ], [ 129.1988988, 36.476713 ], [ 129.199452900000011, 36.4769254 ], [ 129.1999097, 36.4770251 ], [ 129.2002561, 36.4771806 ], [ 129.2004674, 36.4772119 ], [ 129.200937900000014, 36.477206 ], [ 129.2014225, 36.4773713 ], [ 129.2015441, 36.4775521 ], [ 129.202079700000013, 36.4778021 ], [ 129.202393300000011, 36.4778463 ], [ 129.203606900000011, 36.4784205 ], [ 129.2034074, 36.4786287 ], [ 129.202945, 36.4786429 ], [ 129.2019666, 36.4784598 ], [ 129.2014968, 36.478229 ], [ 129.201225, 36.4776761 ], [ 129.200421299999988, 36.4775107 ], [ 129.1996584, 36.4775302 ], [ 129.197961, 36.476484 ], [ 129.1977398, 36.4764047 ], [ 129.1972865, 36.4763368 ], [ 129.1971416, 36.4763777 ], [ 129.1968698, 36.478241 ], [ 129.197044, 36.4795317 ], [ 129.196424400000012, 36.4801505 ], [ 129.1963561, 36.4818325 ], [ 129.1967464, 36.4827608 ], [ 129.1962585, 36.4834799 ], [ 129.1953966, 36.4840945 ], [ 129.1949576, 36.4847351 ], [ 129.1935102, 36.4848528 ], [ 129.1926628, 36.4849395 ], [ 129.192544700000013, 36.4851402 ], [ 129.191827100000012, 36.485293 ], [ 129.1915244, 36.4851104 ], [ 129.1895003, 36.4854546 ], [ 129.1889146, 36.4857838 ], [ 129.1921768, 36.4869186 ] ], [ [ 129.271707099999986, 36.4595908 ], [ 129.271707099999986, 36.4597346 ], [ 129.2716475, 36.4599675 ], [ 129.271502700000013, 36.4602209 ], [ 129.271221700000012, 36.4605154 ], [ 129.270864100000011, 36.460714 ], [ 129.2701317, 36.4610016 ], [ 129.269544200000013, 36.4611797 ], [ 129.2689566, 36.4611728 ], [ 129.268505299999987, 36.4613304 ], [ 129.268420099999986, 36.4615427 ], [ 129.2684286, 36.4618029 ], [ 129.2690332, 36.4622207 ], [ 129.2692887, 36.4624124 ], [ 129.269501600000012, 36.4625631 ], [ 129.2690417, 36.4629329 ], [ 129.268820299999987, 36.4630904 ], [ 129.2687522, 36.4634055 ], [ 129.2683094, 36.4635082 ], [ 129.2681136, 36.4633918 ], [ 129.2681732, 36.4631589 ], [ 129.2683946, 36.4630288 ], [ 129.268616, 36.4628713 ], [ 129.268743699999987, 36.4627275 ], [ 129.268658499999987, 36.4625905 ], [ 129.2679432, 36.4623097 ], [ 129.267653700000011, 36.4620426 ], [ 129.267500399999989, 36.4617207 ], [ 129.267500399999989, 36.4613714 ], [ 129.2679092, 36.4607482 ], [ 129.2681136, 36.4606181 ], [ 129.2683946, 36.4602072 ], [ 129.2686415, 36.4600428 ], [ 129.2688118, 36.4598921 ], [ 129.269161, 36.4597551 ], [ 129.2700466, 36.4598716 ], [ 129.2703276, 36.4597688 ], [ 129.270583, 36.459673 ], [ 129.2706852, 36.4594538 ], [ 129.2706852, 36.4592141 ], [ 129.270566, 36.4585018 ], [ 129.270583, 36.4581388 ], [ 129.2706001, 36.4578649 ], [ 129.2704809, 36.4572211 ], [ 129.2704894, 36.4568581 ], [ 129.2705149, 36.4565088 ], [ 129.2705745, 36.4562279 ], [ 129.27069370000001, 36.4559677 ], [ 129.270983300000012, 36.4557964 ], [ 129.271375, 36.4557622 ], [ 129.2717241, 36.4557622 ], [ 129.271937, 36.4561184 ], [ 129.2715794, 36.4562827 ], [ 129.2712132, 36.4565704 ], [ 129.2711621, 36.4568101 ], [ 129.2714942, 36.45718 ], [ 129.2713665, 36.4575019 ], [ 129.2711706, 36.4581388 ], [ 129.271102500000012, 36.45831 ], [ 129.2712728, 36.4585977 ], [ 129.2714005, 36.4589196 ], [ 129.271707099999986, 36.4595908 ] ], [ [ 129.253513700000013, 36.4781828 ], [ 129.2530194, 36.4779651 ], [ 129.2523134, 36.4777286 ], [ 129.2520427, 36.4774731 ], [ 129.2520074, 36.4773974 ], [ 129.2529371, 36.4769527 ], [ 129.2532783, 36.4769054 ], [ 129.2538549, 36.4769716 ], [ 129.254208, 36.4770095 ], [ 129.2544904, 36.476754 ], [ 129.254633899999988, 36.4764953 ], [ 129.2547559, 36.4762752 ], [ 129.2548787, 36.4760538 ], [ 129.2549031, 36.4760429 ], [ 129.255196399999988, 36.4759118 ], [ 129.2556789, 36.4759497 ], [ 129.25609080000001, 36.4759591 ], [ 129.2564438, 36.475855 ], [ 129.256573300000014, 36.4755901 ], [ 129.2564791, 36.474975 ], [ 129.2565615, 36.4744735 ], [ 129.257585299999988, 36.4737165 ], [ 129.257891199999989, 36.4736124 ], [ 129.2585032, 36.4734232 ], [ 129.2591268, 36.4732907 ], [ 129.259569, 36.47315 ], [ 129.2596917, 36.4731109 ], [ 129.2600918, 36.4729973 ], [ 129.261174399999987, 36.4730825 ], [ 129.261421500000012, 36.4731677 ], [ 129.2621864, 36.4729311 ], [ 129.2625983, 36.4727892 ], [ 129.2629278, 36.4725242 ], [ 129.2631514, 36.4722119 ], [ 129.2637398, 36.4714265 ], [ 129.263869199999988, 36.4709723 ], [ 129.2639045, 36.4706032 ], [ 129.263386700000012, 36.4703004 ], [ 129.2631278, 36.4700354 ], [ 129.2630337, 36.4698083 ], [ 129.2634573, 36.4694392 ], [ 129.263704499999989, 36.4690986 ], [ 129.264081, 36.4691648 ], [ 129.2645753, 36.4690891 ], [ 129.2663286, 36.4684551 ], [ 129.2664581, 36.4681333 ], [ 129.266646400000013, 36.4676696 ], [ 129.2666817, 36.4674425 ], [ 129.2667405, 36.4667138 ], [ 129.267011200000013, 36.4664015 ], [ 129.267234800000011, 36.4662311 ], [ 129.267423, 36.4660229 ], [ 129.2682821, 36.465881 ], [ 129.2688705, 36.4658242 ], [ 129.2692706, 36.4655781 ], [ 129.269788299999988, 36.464963 ], [ 129.2698825, 36.4646223 ], [ 129.2701414, 36.4644803 ], [ 129.2705062, 36.4646791 ], [ 129.2707062, 36.4649062 ], [ 129.2705885, 36.4652374 ], [ 129.270094300000011, 36.4657958 ], [ 129.2696707, 36.4660229 ], [ 129.2691058, 36.4662311 ], [ 129.268693899999988, 36.4665056 ], [ 129.2683174, 36.4668652 ], [ 129.2680585, 36.4673951 ], [ 129.2681409, 36.4680576 ], [ 129.2678114, 36.4687768 ], [ 129.2676466, 36.4691175 ], [ 129.267152399999986, 36.4693825 ], [ 129.2661757, 36.4694298 ], [ 129.2656814, 36.4694298 ], [ 129.2652578, 36.4695528 ], [ 129.26454, 36.470026 ], [ 129.264387, 36.4703856 ], [ 129.2643046, 36.4707073 ], [ 129.2643634, 36.4710669 ], [ 129.2644694, 36.471417 ], [ 129.26454, 36.4717198 ], [ 129.2644929, 36.471947 ], [ 129.2644694, 36.4721835 ], [ 129.2639869, 36.4729406 ], [ 129.2638339, 36.4732812 ], [ 129.263892700000014, 36.473461 ], [ 129.263751500000012, 36.4736503 ], [ 129.263422, 36.4736787 ], [ 129.2627042, 36.4737638 ], [ 129.2623865, 36.4738111 ], [ 129.262245299999989, 36.4740193 ], [ 129.2618099, 36.4741518 ], [ 129.261374499999988, 36.4742464 ], [ 129.2610214, 36.4743127 ], [ 129.2604566, 36.4744546 ], [ 129.2600565, 36.4746344 ], [ 129.2597505, 36.4748142 ], [ 129.2590092, 36.4753251 ], [ 129.2586326, 36.4754482 ], [ 129.258256, 36.4753441 ], [ 129.258173699999986, 36.4756658 ], [ 129.2580207, 36.4759875 ], [ 129.2578677, 36.4762052 ], [ 129.2573617, 36.4764133 ], [ 129.256738, 36.4765458 ], [ 129.2562555, 36.4767824 ], [ 129.255643600000013, 36.4772176 ], [ 129.2553494, 36.4775583 ], [ 129.2550788, 36.4779368 ], [ 129.254690399999987, 36.478126 ], [ 129.2540903, 36.4782301 ], [ 129.253513700000013, 36.4781828 ] ], [ [ 129.2128822, 36.5015572 ], [ 129.21314240000001, 36.5015115 ], [ 129.213256300000012, 36.501688 ], [ 129.213204499999989, 36.5017794 ], [ 129.21314240000001, 36.5019037 ], [ 129.2128904, 36.5020605 ], [ 129.212622, 36.5021847 ], [ 129.212288699999988, 36.5022566 ], [ 129.212174800000014, 36.5021586 ], [ 129.212142300000011, 36.5018971 ], [ 129.2122968, 36.5017468 ], [ 129.212711500000012, 36.5016291 ], [ 129.2128822, 36.5015572 ] ], [ [ 129.2081066, 36.5043172 ], [ 129.2078491, 36.5021094 ], [ 129.2088896, 36.5011853 ], [ 129.2092613, 36.5010767 ], [ 129.209516799999989, 36.5010048 ], [ 129.2096402, 36.5010014 ], [ 129.2098787, 36.5009466 ], [ 129.2100149, 36.5008371 ], [ 129.210304400000012, 36.5007413 ], [ 129.2106067, 36.5006318 ], [ 129.2109346, 36.5003819 ], [ 129.211151699999988, 36.5002074 ], [ 129.2115349, 36.5001526 ], [ 129.2119735, 36.5001731 ], [ 129.212263, 36.5002347 ], [ 129.212693, 36.5001594 ], [ 129.2129272, 36.5001457 ], [ 129.2129717, 36.5002696 ], [ 129.2129961, 36.5007533 ], [ 129.213337599999988, 36.5010278 ], [ 129.213296899999989, 36.5011128 ], [ 129.2128009, 36.5011978 ], [ 129.2125976, 36.5012501 ], [ 129.212223599999987, 36.5011651 ], [ 129.2120204, 36.500969 ], [ 129.211735800000014, 36.5011586 ], [ 129.2115162, 36.5012762 ], [ 129.2114431, 36.5014004 ], [ 129.2113048, 36.5013481 ], [ 129.211142200000012, 36.5012043 ], [ 129.211264199999988, 36.5009952 ], [ 129.2114268, 36.5008448 ], [ 129.211646300000012, 36.5008187 ], [ 129.2119472, 36.5007533 ], [ 129.2119309, 36.500603 ], [ 129.211719499999987, 36.5005049 ], [ 129.2115, 36.5004265 ], [ 129.211313, 36.5004527 ], [ 129.2110853, 36.5005572 ], [ 129.210882, 36.5008187 ], [ 129.210703099999989, 36.5009821 ], [ 129.2105487, 36.5011193 ], [ 129.2104348, 36.5012958 ], [ 129.2104348, 36.5014592 ], [ 129.2107926, 36.5015769 ], [ 129.21109340000001, 36.5017141 ], [ 129.2114431, 36.5018383 ], [ 129.2116138, 36.5020148 ], [ 129.211735800000014, 36.5022305 ], [ 129.2118171, 36.502518 ], [ 129.211874, 36.5027076 ], [ 129.2119634, 36.5028318 ], [ 129.212248, 36.5029102 ], [ 129.212622, 36.5028971 ], [ 129.2131018, 36.5028056 ], [ 129.213264400000014, 36.5027729 ], [ 129.213515300000012, 36.5028 ], [ 129.213391800000011, 36.5033991 ], [ 129.212765100000013, 36.5035785 ], [ 129.2126273, 36.5034679 ], [ 129.2126029, 36.5033699 ], [ 129.2124809, 36.5032326 ], [ 129.2123102, 36.5032261 ], [ 129.212188200000014, 36.5034679 ], [ 129.2120744, 36.5036117 ], [ 129.211993, 36.5036901 ], [ 129.21206620000001, 36.5038208 ], [ 129.212196299999988, 36.5040104 ], [ 129.212098700000013, 36.5042587 ], [ 129.2120418, 36.5044744 ], [ 129.212180100000012, 36.5045659 ], [ 129.2124402, 36.5046117 ], [ 129.212810100000013, 36.5046432 ], [ 129.213073799999989, 36.5050926 ], [ 129.2135568, 36.505973 ], [ 129.2110601, 36.5075451 ], [ 129.2104884, 36.5072148 ], [ 129.2081495, 36.5068354 ], [ 129.2081066, 36.5043172 ] ], [ [ 129.233456, 36.5769155 ], [ 129.2329535, 36.5773053 ], [ 129.2319268, 36.5773449 ], [ 129.23151390000001, 36.5772905 ], [ 129.23113810000001, 36.5773252 ], [ 129.2306328, 36.5774142 ], [ 129.230232199999989, 36.5772163 ], [ 129.2297269, 36.5769639 ], [ 129.2295297, 36.5767808 ], [ 129.2294003, 36.5765037 ], [ 129.229560600000013, 36.5762959 ], [ 129.2297393, 36.5761919 ], [ 129.230084299999987, 36.5762068 ], [ 129.2302507, 36.5761177 ], [ 129.2304356, 36.5759148 ], [ 129.2305342, 36.5756624 ], [ 129.2307252, 36.5749647 ], [ 129.230706700000013, 36.5747964 ], [ 129.230854599999986, 36.5746381 ], [ 129.2311689, 36.5745144 ], [ 129.2312736, 36.5744253 ], [ 129.231569400000012, 36.5741284 ], [ 129.231809700000014, 36.5739057 ], [ 129.231822, 36.573683 ], [ 129.2314462, 36.5734157 ], [ 129.2312736, 36.5732227 ], [ 129.2311689, 36.5728367 ], [ 129.231045599999987, 36.572525 ], [ 129.230657400000013, 36.572525 ], [ 129.2303308, 36.5726437 ], [ 129.230035, 36.5726932 ], [ 129.229794700000014, 36.57252 ], [ 129.2298687, 36.5723617 ], [ 129.2301028, 36.5722181 ], [ 129.230047399999989, 36.5720845 ], [ 129.2297146, 36.5720598 ], [ 129.2292155, 36.5720301 ], [ 129.228833400000013, 36.5720301 ], [ 129.228648600000014, 36.5720202 ], [ 129.22853760000001, 36.5718965 ], [ 129.228358899999989, 36.571748 ], [ 129.2282542, 36.5717975 ], [ 129.2280015, 36.5719311 ], [ 129.227785899999986, 36.5719212 ], [ 129.2275455, 36.571461 ], [ 129.2272683, 36.5712284 ], [ 129.2272806, 36.5710502 ], [ 129.227447, 36.5708869 ], [ 129.2276934, 36.5706889 ], [ 129.2278968, 36.570684 ], [ 129.2280447, 36.5708819 ], [ 129.2283405, 36.5711888 ], [ 129.22855, 36.5712333 ], [ 129.2288581, 36.5710997 ], [ 129.2291046, 36.57107 ], [ 129.229609900000014, 36.5712234 ], [ 129.2298687, 36.5712482 ], [ 129.2301644, 36.5713273 ], [ 129.230417100000011, 36.5712581 ], [ 129.2306697, 36.5712878 ], [ 129.2310641, 36.5712185 ], [ 129.2313352, 36.5710601 ], [ 129.2315817, 36.5710057 ], [ 129.2318837, 36.5712086 ], [ 129.2320254, 36.5713273 ], [ 129.2322719, 36.5715352 ], [ 129.2324999, 36.5715303 ], [ 129.2327464, 36.5713917 ], [ 129.2330483, 36.5713026 ], [ 129.2333626, 36.5713966 ], [ 129.2336707, 36.5714907 ], [ 129.2339172, 36.5714956 ], [ 129.234502600000013, 36.5714362 ], [ 129.2347614, 36.5714115 ], [ 129.2348723, 36.571263 ], [ 129.2349093, 36.5711591 ], [ 129.234823, 36.5710354 ], [ 129.234551900000014, 36.5709562 ], [ 129.2344841, 36.5708226 ], [ 129.2352358, 36.5701495 ], [ 129.2354145, 36.5699614 ], [ 129.2355686, 36.5695655 ], [ 129.2359198, 36.5692834 ], [ 129.2358705, 36.5691696 ], [ 129.2355255, 36.5692339 ], [ 129.2353529, 36.5691498 ], [ 129.23521740000001, 36.5690112 ], [ 129.235026299999987, 36.5688182 ], [ 129.2351003, 36.568546 ], [ 129.235205, 36.5684322 ], [ 129.2349647, 36.5682689 ], [ 129.2347983, 36.5681056 ], [ 129.234736700000013, 36.5679125 ], [ 129.2344101, 36.5677492 ], [ 129.23434850000001, 36.5675711 ], [ 129.2342499, 36.5673978 ], [ 129.234065, 36.5673088 ], [ 129.2340527, 36.5670316 ], [ 129.2340774, 36.5668881 ], [ 129.233880199999987, 36.5666456 ], [ 129.233683, 36.5667495 ], [ 129.233492, 36.5667149 ], [ 129.2333379, 36.5665317 ], [ 129.233251700000011, 36.5662397 ], [ 129.2334488, 36.5660764 ], [ 129.233775400000013, 36.5659725 ], [ 129.234316, 36.565775 ], [ 129.2345459, 36.5658844 ], [ 129.2349121, 36.5659801 ], [ 129.2352187, 36.5660417 ], [ 129.2356785, 36.5659733 ], [ 129.2360276, 36.5659938 ], [ 129.2362065, 36.5658023 ], [ 129.2362746, 36.565433 ], [ 129.2357977, 36.565091 ], [ 129.2355593, 36.5647969 ], [ 129.235729600000013, 36.5644139 ], [ 129.2360447, 36.5643455 ], [ 129.2364364, 36.5647832 ], [ 129.236538599999989, 36.5651457 ], [ 129.2367855, 36.5655835 ], [ 129.2370836, 36.565857 ], [ 129.2374582, 36.5661648 ], [ 129.2379947, 36.5662879 ], [ 129.2385397, 36.5663153 ], [ 129.2389399, 36.5664452 ], [ 129.2395445, 36.5668829 ], [ 129.2402683, 36.5672181 ], [ 129.240458100000012, 36.5675717 ], [ 129.2412136, 36.567731 ], [ 129.24157120000001, 36.5680319 ], [ 129.2415968, 36.5682371 ], [ 129.2411454, 36.5683465 ], [ 129.2405664, 36.5681345 ], [ 129.240293900000012, 36.5678336 ], [ 129.23997030000001, 36.5677652 ], [ 129.239416799999987, 36.5678473 ], [ 129.2389825, 36.5677789 ], [ 129.2382331, 36.5676694 ], [ 129.2377989, 36.5678883 ], [ 129.2372709, 36.568073 ], [ 129.237075, 36.5682781 ], [ 129.2369814, 36.5685449 ], [ 129.2371602, 36.5689962 ], [ 129.2372709, 36.5695365 ], [ 129.2372964, 36.5697827 ], [ 129.2371943, 36.5704461 ], [ 129.236853599999989, 36.5703983 ], [ 129.2365811, 36.5703846 ], [ 129.2364449, 36.5705077 ], [ 129.2366322, 36.5709727 ], [ 129.236453399999988, 36.5712736 ], [ 129.2358829, 36.5712394 ], [ 129.2357637, 36.5715404 ], [ 129.2346822, 36.5728808 ], [ 129.2344182, 36.5736741 ], [ 129.234162700000013, 36.5741528 ], [ 129.2340776, 36.5745699 ], [ 129.2341117, 36.5748777 ], [ 129.2342564, 36.5752196 ], [ 129.234162700000013, 36.5758829 ], [ 129.2338732, 36.5762933 ], [ 129.233566700000011, 36.5766762 ], [ 129.233456, 36.5769155 ] ], [ [ 129.2294777, 36.6101208 ], [ 129.2302716, 36.6119466 ], [ 129.2305322, 36.6122219 ], [ 129.2291826, 36.6129974 ], [ 129.2283606, 36.6126525 ], [ 129.226063, 36.6121127 ], [ 129.2254864, 36.6104034 ], [ 129.2265114, 36.6086561 ], [ 129.2270852, 36.6089668 ], [ 129.2294777, 36.6101208 ] ], [ [ 129.2194271, 36.6048701 ], [ 129.2198084, 36.6050416 ], [ 129.220099299999987, 36.6051837 ], [ 129.2198239, 36.6062647 ], [ 129.2192822, 36.6075993 ], [ 129.2194129, 36.6089489 ], [ 129.2185163, 36.6094587 ], [ 129.2186844, 36.6108532 ], [ 129.2165736, 36.6108082 ], [ 129.2156022, 36.6121277 ], [ 129.2158637, 36.614017 ], [ 129.2147616, 36.6153364 ], [ 129.215396700000014, 36.6159961 ], [ 129.2169658, 36.616251 ], [ 129.217832, 36.6169076 ], [ 129.2174712, 36.6170041 ], [ 129.2169905, 36.6171228 ], [ 129.2157828, 36.6170338 ], [ 129.214994, 36.6166579 ], [ 129.2148215, 36.6161238 ], [ 129.2138972, 36.6159853 ], [ 129.213244, 36.6166777 ], [ 129.2134658, 36.6172317 ], [ 129.212874199999987, 36.6176867 ], [ 129.2122104, 36.6170162 ], [ 129.2114446, 36.6167272 ], [ 129.2110749, 36.6158567 ], [ 129.2108531, 36.6153917 ], [ 129.2112474, 36.615006 ], [ 129.2113214, 36.6147883 ], [ 129.2111735, 36.6145113 ], [ 129.2107791, 36.6109105 ], [ 129.211876, 36.6076755 ], [ 129.211802, 36.6069929 ], [ 129.213256300000012, 36.6065873 ], [ 129.217286300000012, 36.606429 ], [ 129.2194271, 36.6048701 ] ], [ [ 129.2212054, 36.6197145 ], [ 129.2210452, 36.6192397 ], [ 129.2215012, 36.6186363 ], [ 129.221229099999988, 36.6181918 ], [ 129.223261, 36.6141969 ], [ 129.2244268, 36.6122096 ], [ 129.2252411, 36.6135822 ], [ 129.224867499999988, 36.6156213 ], [ 129.2226632, 36.6196395 ], [ 129.2213839, 36.6199653 ], [ 129.2212054, 36.6197145 ] ], [ [ 129.218149, 36.622128 ], [ 129.218661, 36.6220234 ], [ 129.2186284, 36.6220533 ], [ 129.220034700000014, 36.6244271 ], [ 129.219517, 36.6244821 ], [ 129.21901170000001, 36.6238787 ], [ 129.218728199999987, 36.623394 ], [ 129.2185064, 36.6231369 ], [ 129.217693, 36.6232358 ], [ 129.216189500000013, 36.6233842 ], [ 129.2156225, 36.6229094 ], [ 129.216140200000012, 36.622128 ], [ 129.2161648, 36.621485 ], [ 129.2167317, 36.6212575 ], [ 129.2174465, 36.6218708 ], [ 129.218149, 36.622128 ] ] ] } },
{ "type": "Feature", "properties": { "natural": "wood", "name": null }, "geometry": { "type": "Polygon", "coordinates": [ [ [ 129.3546167, 36.5952807 ], [ 129.355324599999989, 36.5952807 ], [ 129.35637220000001, 36.5954398 ], [ 129.357363099999986, 36.595633 ], [ 129.357957699999986, 36.5957694 ], [ 129.3586008, 36.5958987 ], [ 129.3591925, 36.5958562 ], [ 129.359859199999988, 36.5956081 ], [ 129.3601032, 36.5951773 ], [ 129.3601357, 36.594655 ], [ 129.3605097, 36.5940544 ], [ 129.361387799999989, 36.5933363 ], [ 129.361859399999986, 36.5926704 ], [ 129.3621684, 36.5922526 ], [ 129.3625099, 36.5917304 ], [ 129.3626075, 36.5913909 ], [ 129.3626075, 36.5911036 ], [ 129.362997799999988, 36.590725 ], [ 129.3638271, 36.5904508 ], [ 129.3642662, 36.5901374 ], [ 129.365095599999989, 36.5900069 ], [ 129.365681, 36.5896935 ], [ 129.3661038, 36.5897327 ], [ 129.366477800000013, 36.5900069 ], [ 129.3670632, 36.5902288 ], [ 129.3679251, 36.5904247 ], [ 129.3683642, 36.5903202 ], [ 129.368575600000014, 36.5900199 ], [ 129.3689334, 36.5889231 ], [ 129.369030900000013, 36.5884792 ], [ 129.369600100000014, 36.5874476 ], [ 129.370006600000011, 36.5871734 ], [ 129.3703644, 36.5867687 ], [ 129.3708685, 36.5864422 ], [ 129.371584, 36.5858024 ], [ 129.372136899999987, 36.5854107 ], [ 129.3725435, 36.5850711 ], [ 129.3734054, 36.5845358 ], [ 129.373568, 36.5842485 ], [ 129.3730151, 36.5840265 ], [ 129.3730964, 36.5838045 ], [ 129.373649300000011, 36.5836348 ], [ 129.37416970000001, 36.5835956 ], [ 129.374673800000011, 36.583021 ], [ 129.3750316, 36.5826946 ], [ 129.3751129, 36.5823812 ], [ 129.3754869, 36.5814802 ], [ 129.3758772, 36.581219 ], [ 129.3768854, 36.5802527 ], [ 129.3781051, 36.5793124 ], [ 129.3788856, 36.5786987 ], [ 129.3801541, 36.5777062 ], [ 129.3804142, 36.5772883 ], [ 129.3805606, 36.5767659 ], [ 129.381146, 36.5764786 ], [ 129.3812436, 36.5760738 ], [ 129.381308600000011, 36.5753947 ], [ 129.380804500000011, 36.5754339 ], [ 129.380398, 36.5754077 ], [ 129.3806582, 36.5751074 ], [ 129.3815526, 36.5746111 ], [ 129.3811135, 36.5745589 ], [ 129.3805606, 36.574363 ], [ 129.379926399999988, 36.5739712 ], [ 129.379422299999987, 36.5738798 ], [ 129.3791783, 36.574141 ], [ 129.3789832, 36.5743499 ], [ 129.3784466, 36.5747939 ], [ 129.3781701, 36.5750682 ], [ 129.377975, 36.5754469 ], [ 129.3773895, 36.5758126 ], [ 129.3769179, 36.5759301 ], [ 129.3765277, 36.5758256 ], [ 129.376852899999989, 36.5754077 ], [ 129.3772107, 36.5749376 ], [ 129.3776335, 36.5744413 ], [ 129.378349, 36.5733704 ], [ 129.378397799999988, 36.5729786 ], [ 129.377975, 36.5720514 ], [ 129.3779099, 36.5716204 ], [ 129.377666, 36.571542 ], [ 129.3776497, 36.5718947 ], [ 129.3775034, 36.5722734 ], [ 129.3768854, 36.5726391 ], [ 129.3760723, 36.5730309 ], [ 129.3753731, 36.5730309 ], [ 129.3749665, 36.572848 ], [ 129.3744787, 36.573057 ], [ 129.3738773, 36.5735012 ], [ 129.3737772, 36.5745023 ], [ 129.3736735, 36.5753725 ], [ 129.373259, 36.5756036 ], [ 129.3728687, 36.5757473 ], [ 129.3723809, 36.5756428 ], [ 129.371519, 36.5764786 ], [ 129.370559500000013, 36.5767659 ], [ 129.3699904, 36.5769226 ], [ 129.3689008, 36.5779674 ], [ 129.3689008, 36.5783722 ], [ 129.3684455, 36.5794691 ], [ 129.3686406, 36.5798217 ], [ 129.368055199999986, 36.5802657 ], [ 129.3676812, 36.5811798 ], [ 129.368006400000013, 36.581454 ], [ 129.3672909, 36.5818066 ], [ 129.3668681, 36.5829688 ], [ 129.366494100000011, 36.583465 ], [ 129.36542080000001, 36.5842485 ], [ 129.3645914, 36.5842616 ], [ 129.364022299999988, 36.5842224 ], [ 129.3632742, 36.5846664 ], [ 129.3619895, 36.5849145 ], [ 129.3606886, 36.585032 ], [ 129.360395899999986, 36.5853845 ], [ 129.3611764, 36.58639 ], [ 129.3615505, 36.5867948 ], [ 129.3613391, 36.5871995 ], [ 129.3604772, 36.5869906 ], [ 129.3599568, 36.5865336 ], [ 129.3596316, 36.5859983 ], [ 129.359225, 36.5856588 ], [ 129.3585908, 36.5858024 ], [ 129.357875299999989, 36.586847 ], [ 129.3573549, 36.5871473 ], [ 129.3565093, 36.5873432 ], [ 129.3568345, 36.5884792 ], [ 129.357111, 36.5887273 ], [ 129.35742, 36.5891973 ], [ 129.3565255, 36.5900199 ], [ 129.3563955, 36.5904116 ], [ 129.3561678, 36.5909078 ], [ 129.35571250000001, 36.5911428 ], [ 129.3552896, 36.5909208 ], [ 129.355761199999989, 36.5903072 ], [ 129.3559401, 36.5899024 ], [ 129.355761199999989, 36.5894976 ], [ 129.3553872, 36.5898371 ], [ 129.3547855, 36.5900983 ], [ 129.354444, 36.5898632 ], [ 129.3545741, 36.5895499 ], [ 129.3548994, 36.5892104 ], [ 129.3555011, 36.5889623 ], [ 129.355240900000013, 36.5886228 ], [ 129.3551596, 36.5881658 ], [ 129.3549969, 36.5876957 ], [ 129.35462290000001, 36.5877088 ], [ 129.354444, 36.5882833 ], [ 129.354248899999988, 36.5886489 ], [ 129.35359840000001, 36.5890276 ], [ 129.3532569, 36.5896543 ], [ 129.353143100000011, 36.5900721 ], [ 129.352704, 36.5902288 ], [ 129.3523625, 36.589811 ], [ 129.352151099999986, 36.5893932 ], [ 129.3514031, 36.5896151 ], [ 129.350606199999987, 36.5900983 ], [ 129.3500371, 36.5902419 ], [ 129.3494354, 36.5901374 ], [ 129.3494842, 36.5898371 ], [ 129.3509152, 36.5894454 ], [ 129.3518909, 36.5887795 ], [ 129.3520861, 36.588662 ], [ 129.35257390000001, 36.5884139 ], [ 129.3528178, 36.5881397 ], [ 129.352704, 36.5879438 ], [ 129.3523137, 36.5879308 ], [ 129.352151099999986, 36.5881658 ], [ 129.3518775, 36.5884396 ], [ 129.343726, 36.5873158 ], [ 129.3429605, 36.5875483 ], [ 129.34214510000001, 36.5880307 ], [ 129.3416935, 36.5887508 ], [ 129.3412554, 36.5900505 ], [ 129.341016, 36.5905942 ], [ 129.340675800000014, 36.5926048 ], [ 129.3406675, 36.5930005 ], [ 129.3405237, 36.5933417 ], [ 129.340020399999986, 36.5939449 ], [ 129.3401926, 36.5941822 ], [ 129.3405651, 36.5941449 ], [ 129.340539799999988, 36.5949757 ], [ 129.3409328, 36.5949799 ], [ 129.3410288, 36.5950922 ], [ 129.340600200000011, 36.5956457 ], [ 129.340163100000012, 36.5959068 ], [ 129.3402005, 36.5963642 ], [ 129.3401724, 36.5967842 ], [ 129.3400977, 36.5972566 ], [ 129.3398082, 36.5975115 ], [ 129.3396401, 36.5977665 ], [ 129.3394159, 36.5980439 ], [ 129.339061, 36.5980289 ], [ 129.33865, 36.5978265 ], [ 129.338734100000011, 36.5975265 ], [ 129.338696700000014, 36.5972341 ], [ 129.338771400000013, 36.5968067 ], [ 129.339098299999989, 36.5962368 ], [ 129.3389302, 36.5958618 ], [ 129.3383978, 36.5957568 ], [ 129.3378748, 36.5956219 ], [ 129.33736110000001, 36.5955169 ], [ 129.337080899999989, 36.5958093 ], [ 129.3370155, 36.5962218 ], [ 129.337024899999989, 36.5966342 ], [ 129.3370342, 36.5974965 ], [ 129.3370622, 36.5979165 ], [ 129.3371276, 36.5982989 ], [ 129.33681, 36.5983289 ], [ 129.3365485, 36.5984563 ], [ 129.3364271, 36.5989287 ], [ 129.3363267, 36.5993378 ], [ 129.3358151, 36.5999352 ], [ 129.3349997, 36.6011755 ], [ 129.3343131, 36.6025192 ], [ 129.3335191, 36.6024503 ], [ 129.3354074, 36.5987983 ], [ 129.3360726, 36.5972134 ], [ 129.3357722, 36.5953873 ], [ 129.3337981, 36.5945604 ], [ 129.332317499999988, 36.5945604 ], [ 129.3321244, 36.5947843 ], [ 129.3316523, 36.594668 ], [ 129.3314377, 36.5943838 ], [ 129.3313305, 36.594177 ], [ 129.331073, 36.5945647 ], [ 129.3306545, 36.5945991 ], [ 129.330515100000014, 36.5944355 ], [ 129.3300645, 36.594556 ], [ 129.3296675, 36.5948231 ], [ 129.3298392, 36.5949695 ], [ 129.330676, 36.5952882 ], [ 129.3304829, 36.5955811 ], [ 129.3301074, 36.5955639 ], [ 129.3296997, 36.5954088 ], [ 129.3292425, 36.5953969 ], [ 129.3292061, 36.5963348 ], [ 129.328777, 36.5983676 ], [ 129.3279187, 36.5988844 ], [ 129.3275842, 36.6006066 ], [ 129.3273567, 36.6014081 ], [ 129.3270019, 36.6019568 ], [ 129.3265458, 36.6024049 ], [ 129.3250313, 36.6026861 ], [ 129.323921399999989, 36.602411 ], [ 129.321569899999986, 36.6013602 ], [ 129.3209128, 36.6015096 ], [ 129.320644499999986, 36.6022952 ], [ 129.320666, 36.6032082 ], [ 129.3203259, 36.6040381 ], [ 129.3205993, 36.6045197 ], [ 129.3207141, 36.6046583 ], [ 129.3210322, 36.6049392 ], [ 129.321098799999987, 36.6050475 ], [ 129.3211217, 36.6051171 ], [ 129.3212293, 36.6052013 ], [ 129.3214724, 36.6053324 ], [ 129.3215617, 36.6054558 ], [ 129.3216473, 36.6056738 ], [ 129.321638799999988, 36.6060522 ], [ 129.321571, 36.6064078 ], [ 129.32138710000001, 36.6067876 ], [ 129.321333399999986, 36.6069418 ], [ 129.3213106, 36.6071076 ], [ 129.321272099999987, 36.6077627 ], [ 129.322001699999987, 36.6080238 ], [ 129.3224577, 36.608111 ], [ 129.3233697, 36.608393 ], [ 129.3234984, 36.6093404 ], [ 129.3248932, 36.6110456 ], [ 129.3246571, 36.6120618 ], [ 129.3248073, 36.6124063 ], [ 129.325236499999988, 36.6128541 ], [ 129.3263523, 36.6124407 ], [ 129.3284122, 36.6119929 ], [ 129.3293993, 36.612079 ], [ 129.328455100000014, 36.6124407 ], [ 129.3274037, 36.6130264 ], [ 129.3276612, 36.6134569 ], [ 129.3273393, 36.6140253 ], [ 129.325966, 36.6137325 ], [ 129.3250004, 36.614077 ], [ 129.325215, 36.6147487 ], [ 129.3238417, 36.6149726 ], [ 129.3230692, 36.614232 ], [ 129.3223826, 36.6138703 ], [ 129.3223611, 36.6146109 ], [ 129.321953400000012, 36.6156788 ], [ 129.3219105, 36.616316 ], [ 129.3224255, 36.6169877 ], [ 129.3234984, 36.616781 ], [ 129.3236057, 36.6177972 ], [ 129.3235199, 36.6185033 ], [ 129.3234984, 36.6194161 ], [ 129.3228547, 36.6201394 ], [ 129.322168, 36.6193644 ], [ 129.321974899999987, 36.6204494 ], [ 129.321738900000014, 36.6214138 ], [ 129.3218676, 36.6222749 ], [ 129.3202798, 36.6230499 ], [ 129.3189494, 36.6231704 ], [ 129.3179194, 36.6233082 ], [ 129.317146900000012, 36.6244104 ], [ 129.315859499999988, 36.6262358 ], [ 129.314872400000013, 36.6276823 ], [ 129.3133918, 36.6292321 ], [ 129.3146578, 36.6312985 ], [ 129.3156449, 36.633692 ], [ 129.317146900000012, 36.6335026 ], [ 129.319099599999987, 36.6335887 ], [ 129.3209994, 36.6337001 ], [ 129.3213557, 36.6337583 ], [ 129.3251975, 36.6333971 ], [ 129.373743100000013, 36.6288279 ], [ 129.3735582, 36.6279226 ], [ 129.373795199999989, 36.6277261 ], [ 129.3741547, 36.6278311 ], [ 129.3744921, 36.627708 ], [ 129.3750595, 36.6275603 ], [ 129.3758876, 36.6273757 ], [ 129.376562400000012, 36.6270926 ], [ 129.377405900000014, 36.6268834 ], [ 129.3780193, 36.6267972 ], [ 129.378546699999987, 36.6267253 ], [ 129.3792001, 36.6263788 ], [ 129.3795989, 36.6262557 ], [ 129.379922099999987, 36.6260919 ], [ 129.380549699999989, 36.6263172 ], [ 129.3809177, 36.6262065 ], [ 129.38117840000001, 36.6260096 ], [ 129.3822826, 36.6258249 ], [ 129.3826353, 36.6257757 ], [ 129.3834328, 36.6260711 ], [ 129.3840002, 36.6257634 ], [ 129.384260899999987, 36.6253573 ], [ 129.3845369, 36.6251111 ], [ 129.384675, 36.6243111 ], [ 129.384997, 36.624188 ], [ 129.3857178, 36.6246434 ], [ 129.3858558, 36.6247911 ], [ 129.386116500000014, 36.6249019 ], [ 129.386975299999989, 36.6245573 ], [ 129.3875581, 36.6242619 ], [ 129.3881255, 36.6241634 ], [ 129.388922900000011, 36.6242249 ], [ 129.3896284, 36.6241757 ], [ 129.3898647, 36.623687 ], [ 129.3910603, 36.6234322 ], [ 129.392255799999987, 36.6233722 ], [ 129.39350730000001, 36.6233872 ], [ 129.3944974, 36.6236271 ], [ 129.3955061, 36.6226526 ], [ 129.3965709, 36.6208535 ], [ 129.3972994, 36.619789 ], [ 129.3980092, 36.6191893 ], [ 129.399212299999988, 36.6186709 ], [ 129.399930399999988, 36.6179982 ], [ 129.399923300000012, 36.6174681 ], [ 129.399704899999989, 36.6171304 ], [ 129.3999053, 36.6162011 ], [ 129.3999417, 36.6159646 ], [ 129.39975720000001, 36.6158221 ], [ 129.3991436, 36.6155796 ], [ 129.3988492, 36.6152876 ], [ 129.398171100000013, 36.6155587 ], [ 129.3975998, 36.6159703 ], [ 129.3975048, 36.6152724 ], [ 129.3986443, 36.6124422 ], [ 129.399036599999988, 36.6110477 ], [ 129.3995783, 36.6090534 ], [ 129.399092599999989, 36.6090085 ], [ 129.397243300000014, 36.6121723 ], [ 129.3967577, 36.6130869 ], [ 129.3958237, 36.6142415 ], [ 129.3948523, 36.6149912 ], [ 129.3954127, 36.6133269 ], [ 129.3968697, 36.6118874 ], [ 129.3973928, 36.6105229 ], [ 129.3973554, 36.6096982 ], [ 129.3965636, 36.6098142 ], [ 129.3947181, 36.610223 ], [ 129.3941359, 36.6104734 ], [ 129.3937001, 36.6107239 ], [ 129.393372199999988, 36.6109201 ], [ 129.39326890000001, 36.6110658 ], [ 129.392306100000013, 36.6121311 ], [ 129.3917561, 36.6123802 ], [ 129.3914196, 36.6123357 ], [ 129.3907843, 36.6121107 ], [ 129.390388699999988, 36.6120762 ], [ 129.3900965, 36.6121605 ], [ 129.389949800000011, 36.6122944 ], [ 129.390026299999988, 36.6124583 ], [ 129.3901028, 36.6125613 ], [ 129.389902299999989, 36.6131861 ], [ 129.3899328, 36.613392 ], [ 129.3899073, 36.6135021 ], [ 129.3898318, 36.6135739 ], [ 129.389677799999987, 36.6136041 ], [ 129.3892804, 36.613711 ], [ 129.3889816, 36.6136922 ], [ 129.3888708, 36.6136943 ], [ 129.388772499999988, 36.6137233 ], [ 129.3886929, 36.6137861 ], [ 129.388638500000013, 36.6138869 ], [ 129.3885851, 36.6141628 ], [ 129.388496800000013, 36.6142547 ], [ 129.3883265, 36.614295 ], [ 129.3877393, 36.6143014 ], [ 129.3876002, 36.6143488 ], [ 129.387408099999988, 36.6145029 ], [ 129.3867653, 36.6147073 ], [ 129.3864125, 36.6148832 ], [ 129.38605, 36.6151408 ], [ 129.385523299999988, 36.6153911 ], [ 129.3853052, 36.615656 ], [ 129.3836315, 36.6163476 ], [ 129.3830308, 36.6167304 ], [ 129.3826325, 36.6168279 ], [ 129.3815167, 36.616714 ], [ 129.381081, 36.6168907 ], [ 129.3807375, 36.616956 ], [ 129.3803418, 36.6172727 ], [ 129.3798253, 36.6175002 ], [ 129.379257200000012, 36.6174372 ], [ 129.3788149, 36.6175567 ], [ 129.3780052, 36.6176455 ], [ 129.377704099999988, 36.6181698 ], [ 129.3772557, 36.6194442 ], [ 129.3766019, 36.6207036 ], [ 129.3763031, 36.621858 ], [ 129.3754064, 36.623732 ], [ 129.375032800000014, 36.6245266 ], [ 129.3745285, 36.6257409 ], [ 129.3735011, 36.6265804 ], [ 129.372232, 36.6260844 ], [ 129.3717703, 36.6253574 ], [ 129.371826700000014, 36.6246916 ], [ 129.3718649, 36.6238687 ], [ 129.3716025, 36.6226527 ], [ 129.37300350000001, 36.6202989 ], [ 129.373209, 36.6190995 ], [ 129.3742177, 36.6186797 ], [ 129.3758616, 36.6183798 ], [ 129.3763046, 36.6176845 ], [ 129.3780404, 36.6170361 ], [ 129.378494499999988, 36.6171329 ], [ 129.3802321, 36.6167821 ], [ 129.3807555, 36.6166561 ], [ 129.3813144, 36.616391 ], [ 129.3824735, 36.6162785 ], [ 129.383623300000011, 36.6156642 ], [ 129.3844531, 36.6152604 ], [ 129.385636799999986, 36.6146335 ], [ 129.3857132, 36.6145295 ], [ 129.3858323, 36.6144557 ], [ 129.3860881, 36.6143583 ], [ 129.3862546, 36.614036 ], [ 129.386491299999989, 36.6136722 ], [ 129.3867214, 36.6134734 ], [ 129.386886, 36.6128671 ], [ 129.3875394, 36.6126606 ], [ 129.387724100000014, 36.6124721 ], [ 129.3884344, 36.6124736 ], [ 129.389027199999987, 36.6121405 ], [ 129.389713699999987, 36.6118973 ], [ 129.3904353, 36.6119096 ], [ 129.391492, 36.6122389 ], [ 129.3918639, 36.6121667 ], [ 129.3923021, 36.6115812 ], [ 129.3924471, 36.6111258 ], [ 129.3924285, 36.6109556 ], [ 129.3929149, 36.610812 ], [ 129.3932256, 36.6104781 ], [ 129.393228599999986, 36.6100076 ], [ 129.3936026, 36.609616 ], [ 129.394269400000013, 36.6091852 ], [ 129.395846799999987, 36.608898 ], [ 129.3971314, 36.6087675 ], [ 129.3980096, 36.6087675 ], [ 129.398367400000012, 36.6087153 ], [ 129.398351100000014, 36.6084673 ], [ 129.3991479, 36.6073185 ], [ 129.3997659, 36.6066919 ], [ 129.4001074, 36.6065222 ], [ 129.4000261, 36.6059348 ], [ 129.3996033, 36.6054518 ], [ 129.398969, 36.6053604 ], [ 129.3979771, 36.605517 ], [ 129.397261500000013, 36.605517 ], [ 129.3970176, 36.6053995 ], [ 129.3971477, 36.6052429 ], [ 129.3976356, 36.6051254 ], [ 129.398334799999986, 36.6049426 ], [ 129.3998147, 36.6046032 ], [ 129.4003188, 36.6043943 ], [ 129.400416299999989, 36.6039635 ], [ 129.40087170000001, 36.603846 ], [ 129.4002537, 36.6036502 ], [ 129.4001887, 36.6034936 ], [ 129.4007416, 36.6032716 ], [ 129.4004814, 36.6029583 ], [ 129.3998147, 36.6024622 ], [ 129.3996358, 36.6020053 ], [ 129.3991642, 36.600739 ], [ 129.398351100000014, 36.600517 ], [ 129.398351100000014, 36.6003081 ], [ 129.398855200000014, 36.5999687 ], [ 129.399473199999989, 36.5997598 ], [ 129.399896, 36.5994334 ], [ 129.3996846, 36.5989243 ], [ 129.39934310000001, 36.5987676 ], [ 129.3981559, 36.5989896 ], [ 129.3977169, 36.5989504 ], [ 129.3975705, 36.5985326 ], [ 129.3981885, 36.5975404 ], [ 129.3974729, 36.597227 ], [ 129.3971802, 36.5968484 ], [ 129.3964322, 36.5966787 ], [ 129.396172, 36.5971226 ], [ 129.3956191, 36.5976318 ], [ 129.3946109, 36.5978798 ], [ 129.3938953, 36.5981932 ], [ 129.393179800000013, 36.5986371 ], [ 129.3928871, 36.5991723 ], [ 129.3924155, 36.5997207 ], [ 129.392155300000013, 36.6002037 ], [ 129.3920252, 36.600269 ], [ 129.3909194, 36.600752 ], [ 129.390643, 36.6013134 ], [ 129.390220199999987, 36.6017703 ], [ 129.3897486, 36.6018095 ], [ 129.3893908, 36.6022142 ], [ 129.388968, 36.6025667 ], [ 129.3884639, 36.6025014 ], [ 129.3884313, 36.60288 ], [ 129.3883988, 36.6035458 ], [ 129.3882362, 36.6038722 ], [ 129.388024800000011, 36.604316 ], [ 129.3873418, 36.6045379 ], [ 129.387228, 36.6042246 ], [ 129.38745560000001, 36.6037155 ], [ 129.387618300000014, 36.6029844 ], [ 129.3874882, 36.6028017 ], [ 129.3868865, 36.6031019 ], [ 129.3862523, 36.603598 ], [ 129.3857481, 36.6041985 ], [ 129.3853904, 36.6052429 ], [ 129.3850483, 36.6055896 ], [ 129.38394310000001, 36.6058695 ], [ 129.3836178, 36.6057389 ], [ 129.383910500000013, 36.6054387 ], [ 129.3843334, 36.6051123 ], [ 129.38438210000001, 36.6042899 ], [ 129.3846586, 36.6038591 ], [ 129.384935, 36.6033108 ], [ 129.385016400000012, 36.6028669 ], [ 129.38540660000001, 36.6025145 ], [ 129.3864474, 36.6017964 ], [ 129.3868052, 36.6013526 ], [ 129.3873743, 36.6010262 ], [ 129.388057300000014, 36.6004779 ], [ 129.3888379, 36.6002298 ], [ 129.3892119, 36.5997859 ], [ 129.3889517, 36.5994987 ], [ 129.3883988, 36.5989896 ], [ 129.388089799999989, 36.5989112 ], [ 129.3878947, 36.5994073 ], [ 129.3874719, 36.5994857 ], [ 129.3872442, 36.5993682 ], [ 129.3874231, 36.5990026 ], [ 129.387585699999988, 36.5987676 ], [ 129.3872768, 36.5982193 ], [ 129.3863498, 36.5982193 ], [ 129.385601799999989, 36.5979973 ], [ 129.3847399, 36.5976448 ], [ 129.3843008, 36.5972793 ], [ 129.3838455, 36.5976448 ], [ 129.3831137, 36.5981932 ], [ 129.3826909, 36.5982846 ], [ 129.38285350000001, 36.5987023 ], [ 129.3832926, 36.5993812 ], [ 129.3833739, 36.5997337 ], [ 129.382886, 36.5996032 ], [ 129.382495799999987, 36.5993943 ], [ 129.3810322, 36.5997598 ], [ 129.380902099999986, 36.6001254 ], [ 129.3802679, 36.6010915 ], [ 129.379893900000013, 36.6011437 ], [ 129.3800402, 36.600282 ], [ 129.3796825, 36.6001384 ], [ 129.3796174, 36.5998904 ], [ 129.3798126, 36.5992898 ], [ 129.3802354, 36.5992115 ], [ 129.3806419, 36.5982193 ], [ 129.380918400000013, 36.5977754 ], [ 129.3811623, 36.5975404 ], [ 129.3815688, 36.5970573 ], [ 129.381959099999989, 36.5972009 ], [ 129.3828698, 36.5968876 ], [ 129.3832926, 36.5966656 ], [ 129.3840406, 36.5954906 ], [ 129.384430900000012, 36.59489 ], [ 129.3845935, 36.5944069 ], [ 129.3850814, 36.5933755 ], [ 129.3853253, 36.5917173 ], [ 129.3848537, 36.5914953 ], [ 129.3837317, 36.5914953 ], [ 129.3832438, 36.5912473 ], [ 129.3836016, 36.5907511 ], [ 129.384008099999988, 36.5899677 ], [ 129.3843659, 36.5899807 ], [ 129.3847887, 36.5892757 ], [ 129.3853091, 36.5874607 ], [ 129.3853416, 36.5869123 ], [ 129.3852115, 36.5858677 ], [ 129.385032599999988, 36.5852801 ], [ 129.3849188, 36.5850189 ], [ 129.384447200000011, 36.5849145 ], [ 129.3841707, 36.5848622 ], [ 129.384528499999988, 36.584588 ], [ 129.3847887, 36.5843921 ], [ 129.384561, 36.5840526 ], [ 129.3840569, 36.5837523 ], [ 129.383455199999986, 36.5840918 ], [ 129.383569, 36.5847839 ], [ 129.382951100000014, 36.5860374 ], [ 129.381959099999989, 36.587069 ], [ 129.3816501, 36.5878132 ], [ 129.3816989, 36.5881527 ], [ 129.381373700000012, 36.5888448 ], [ 129.3812111, 36.5894062 ], [ 129.3811623, 36.5900852 ], [ 129.3806582, 36.5903725 ], [ 129.380446799999987, 36.5913517 ], [ 129.37978, 36.5917956 ], [ 129.3795036, 36.592344 ], [ 129.379259600000012, 36.5928141 ], [ 129.378836799999988, 36.5937019 ], [ 129.3780888, 36.5943417 ], [ 129.3776172, 36.5947464 ], [ 129.3771781, 36.5947072 ], [ 129.377357, 36.5942242 ], [ 129.37768220000001, 36.5937019 ], [ 129.377975, 36.5931013 ], [ 129.3782189, 36.5927357 ], [ 129.377796100000012, 36.592579 ], [ 129.377828599999987, 36.5921612 ], [ 129.378381499999989, 36.5915476 ], [ 129.3791133, 36.5910514 ], [ 129.3793897, 36.5905161 ], [ 129.3789832, 36.5902027 ], [ 129.379259600000012, 36.5898371 ], [ 129.3796011, 36.5894062 ], [ 129.3797475, 36.5888578 ], [ 129.3802191, 36.5891973 ], [ 129.380398, 36.5890667 ], [ 129.3805443, 36.5885314 ], [ 129.3805443, 36.5882572 ], [ 129.379926399999988, 36.5883094 ], [ 129.379845100000011, 36.5881136 ], [ 129.3801541, 36.5879046 ], [ 129.380934599999989, 36.5876957 ], [ 129.381146, 36.5870559 ], [ 129.381081, 36.5867425 ], [ 129.3805769, 36.5868731 ], [ 129.3796011, 36.5871081 ], [ 129.379324700000012, 36.5872126 ], [ 129.3790808, 36.5872126 ], [ 129.3790482, 36.5868992 ], [ 129.3796499, 36.586625 ], [ 129.3805769, 36.5864683 ], [ 129.38139, 36.5864422 ], [ 129.3814875, 36.5861811 ], [ 129.381455, 36.5859721 ], [ 129.3806582, 36.585933 ], [ 129.3799589, 36.5860635 ], [ 129.3795524, 36.5860244 ], [ 129.3795198, 36.5857371 ], [ 129.380332900000013, 36.5855804 ], [ 129.3807883, 36.5853323 ], [ 129.381877800000012, 36.5850581 ], [ 129.3823657, 36.584131 ], [ 129.3821055, 36.5838176 ], [ 129.3812924, 36.5837001 ], [ 129.3806582, 36.5835564 ], [ 129.380495599999989, 36.5834128 ], [ 129.3807557, 36.583021 ], [ 129.3810647, 36.5829688 ], [ 129.381471299999987, 36.5831908 ], [ 129.3822356, 36.5835042 ], [ 129.382756, 36.5835042 ], [ 129.38285350000001, 36.5831255 ], [ 129.381829, 36.5826162 ], [ 129.381081, 36.5822245 ], [ 129.3812761, 36.5820025 ], [ 129.381829, 36.5821331 ], [ 129.382430699999986, 36.5824857 ], [ 129.382983599999989, 36.5825118 ], [ 129.382951100000014, 36.5821461 ], [ 129.3832601, 36.5812451 ], [ 129.3837479, 36.5807881 ], [ 129.3838618, 36.5802788 ], [ 129.3841382, 36.5796128 ], [ 129.384851700000013, 36.578333 ], [ 129.3858294, 36.5767137 ], [ 129.3858782, 36.5761129 ], [ 129.3859108, 36.5756167 ], [ 129.3859108, 36.5753555 ], [ 129.386496200000011, 36.5746764 ], [ 129.3867726, 36.5738667 ], [ 129.3871792, 36.5733443 ], [ 129.387553200000013, 36.5729133 ], [ 129.3883013, 36.5724301 ], [ 129.388561399999986, 36.5719077 ], [ 129.3889517, 36.5716204 ], [ 129.3889517, 36.5713723 ], [ 129.3884964, 36.5713592 ], [ 129.388089799999989, 36.5712025 ], [ 129.387000300000011, 36.5715812 ], [ 129.387000300000011, 36.5720644 ], [ 129.386496200000011, 36.5727044 ], [ 129.385959500000013, 36.5732529 ], [ 129.38540660000001, 36.5739712 ], [ 129.3852603, 36.5743107 ], [ 129.38487, 36.5753033 ], [ 129.3842683, 36.5764003 ], [ 129.3833089, 36.5769618 ], [ 129.383406400000013, 36.5772883 ], [ 129.382902300000012, 36.5782677 ], [ 129.3822844, 36.5782155 ], [ 129.3820079, 36.5785028 ], [ 129.382138, 36.5790512 ], [ 129.3823169, 36.579652 ], [ 129.3818128, 36.5797303 ], [ 129.3816501, 36.5792863 ], [ 129.3815363, 36.5789598 ], [ 129.380804500000011, 36.5789207 ], [ 129.380398, 36.5791035 ], [ 129.380349200000012, 36.5797303 ], [ 129.3799914, 36.5795605 ], [ 129.3795524, 36.5797956 ], [ 129.379605199999986, 36.5803225 ], [ 129.37927590000001, 36.5809186 ], [ 129.3789995, 36.5811406 ], [ 129.3783652, 36.5818719 ], [ 129.3787067, 36.5824987 ], [ 129.3787393, 36.5828643 ], [ 129.378918199999987, 36.5833997 ], [ 129.3786254, 36.5838176 ], [ 129.3782189, 36.5834781 ], [ 129.3778611, 36.583008 ], [ 129.37768220000001, 36.5824334 ], [ 129.377731, 36.5820417 ], [ 129.377893699999987, 36.5816107 ], [ 129.3788856, 36.5808011 ], [ 129.3791458, 36.5804747 ], [ 129.37927590000001, 36.5799392 ], [ 129.3791621, 36.5796911 ], [ 129.3787881, 36.5797042 ], [ 129.3780075, 36.5801482 ], [ 129.376956799999988, 36.5807661 ], [ 129.376787799999988, 36.5813887 ], [ 129.376202400000011, 36.5823028 ], [ 129.376316300000013, 36.5829819 ], [ 129.376787799999988, 36.5836348 ], [ 129.377324499999986, 36.5847447 ], [ 129.3771456, 36.5855021 ], [ 129.3770806, 36.5865597 ], [ 129.3770968, 36.5874607 ], [ 129.3764301, 36.5881136 ], [ 129.3761699, 36.5887664 ], [ 129.375926, 36.5900591 ], [ 129.3755032, 36.5906466 ], [ 129.374999, 36.5911689 ], [ 129.3734054, 36.592109 ], [ 129.372657299999986, 36.5925921 ], [ 129.3725272, 36.5930752 ], [ 129.3724297, 36.5935191 ], [ 129.3720231, 36.5933363 ], [ 129.371519, 36.5929577 ], [ 129.3709173, 36.5929838 ], [ 129.3699741, 36.5937019 ], [ 129.3700229, 36.5940414 ], [ 129.3707384, 36.5944461 ], [ 129.3709986, 36.5949161 ], [ 129.3709336, 36.5952425 ], [ 129.3703156, 36.5950336 ], [ 129.370055400000012, 36.595125 ], [ 129.370088, 36.595582 ], [ 129.369535, 36.5955951 ], [ 129.3692423, 36.595125 ], [ 129.3691773, 36.594198 ], [ 129.3693887, 36.5934799 ], [ 129.3697139, 36.5929055 ], [ 129.3706896, 36.5923179 ], [ 129.371649100000013, 36.5922004 ], [ 129.3727386, 36.5916259 ], [ 129.3743486, 36.5908817 ], [ 129.3749665, 36.5901766 ], [ 129.375259199999988, 36.5896935 ], [ 129.375291800000014, 36.5891451 ], [ 129.3757146, 36.5880483 ], [ 129.3761211, 36.5875129 ], [ 129.3764951, 36.5869645 ], [ 129.37665770000001, 36.585489 ], [ 129.3765602, 36.5850842 ], [ 129.3764951, 36.584588 ], [ 129.376283699999988, 36.5840396 ], [ 129.3761211, 36.5836087 ], [ 129.3758121, 36.583452 ], [ 129.3755519, 36.5837523 ], [ 129.3750966, 36.584353 ], [ 129.3745112, 36.5848492 ], [ 129.3743811, 36.585489 ], [ 129.3735192, 36.5857763 ], [ 129.3729988, 36.5857632 ], [ 129.372185699999989, 36.5866381 ], [ 129.371681599999988, 36.5872779 ], [ 129.37103110000001, 36.5879308 ], [ 129.370169299999986, 36.5881527 ], [ 129.3695188, 36.5892495 ], [ 129.3693074, 36.5898893 ], [ 129.369096, 36.5909861 ], [ 129.3688358, 36.5912473 ], [ 129.3688195, 36.5917695 ], [ 129.3689171, 36.5928532 ], [ 129.3687382, 36.5932058 ], [ 129.3685106, 36.5937802 ], [ 129.368169099999989, 36.5948247 ], [ 129.3678763, 36.5953862 ], [ 129.3678276, 36.5958823 ], [ 129.367502300000012, 36.5961304 ], [ 129.366998200000012, 36.5959737 ], [ 129.366933100000011, 36.5954514 ], [ 129.367079499999988, 36.5949422 ], [ 129.3674047, 36.59442 ], [ 129.3678113, 36.5937672 ], [ 129.3678601, 36.5933102 ], [ 129.3678926, 36.5918479 ], [ 129.3678926, 36.5915867 ], [ 129.367551099999986, 36.5915476 ], [ 129.3672096, 36.5919001 ], [ 129.3672584, 36.5925007 ], [ 129.367030699999987, 36.5930752 ], [ 129.366510299999987, 36.5934016 ], [ 129.366022500000014, 36.594642 ], [ 129.3657786, 36.5952817 ], [ 129.365030499999989, 36.5958562 ], [ 129.364526399999988, 36.5967701 ], [ 129.36439630000001, 36.5972401 ], [ 129.364477599999987, 36.5977754 ], [ 129.364624, 36.5984282 ], [ 129.3645101, 36.5987807 ], [ 129.3641036, 36.5992637 ], [ 129.3637133, 36.5991201 ], [ 129.3636808, 36.5985326 ], [ 129.3637296, 36.5981409 ], [ 129.363518199999987, 36.5977884 ], [ 129.362932699999988, 36.5981671 ], [ 129.3621359, 36.5990679 ], [ 129.361371600000012, 36.599329 ], [ 129.3607211, 36.5993421 ], [ 129.3595015, 36.5995118 ], [ 129.3589486, 36.5998382 ], [ 129.3581517, 36.600282 ], [ 129.3575013, 36.600047 ], [ 129.3575988, 36.5996162 ], [ 129.3570459, 36.5993159 ], [ 129.3571923, 36.5989112 ], [ 129.3576314, 36.5982193 ], [ 129.3579729, 36.5980234 ], [ 129.357745200000011, 36.5976057 ], [ 129.3569158, 36.597462 ], [ 129.3565255, 36.5972793 ], [ 129.356281599999988, 36.596992 ], [ 129.3555336, 36.596744 ], [ 129.3548327, 36.5965255 ], [ 129.354829099999989, 36.5962241 ], [ 129.3546167, 36.5958263 ], [ 129.3544185, 36.5954739 ], [ 129.3546167, 36.5952807 ] ], [ [ 129.331877600000013, 36.5963736 ], [ 129.331899099999987, 36.5968301 ], [ 129.332135099999988, 36.597011 ], [ 129.332607200000012, 36.597054 ], [ 129.332735899999989, 36.5972263 ], [ 129.3325214, 36.5974589 ], [ 129.3323604, 36.5979326 ], [ 129.332693, 36.5980791 ], [ 129.3329612, 36.5982341 ], [ 129.3328218, 36.5984839 ], [ 129.3323068, 36.59857 ], [ 129.3319313, 36.5984494 ], [ 129.331545, 36.5981996 ], [ 129.331094400000012, 36.5980532 ], [ 129.3305794, 36.5979585 ], [ 129.3305258, 36.5976742 ], [ 129.3306653, 36.5972952 ], [ 129.33062240000001, 36.5969937 ], [ 129.33062240000001, 36.5967095 ], [ 129.3310301, 36.596408 ], [ 129.331094400000012, 36.5960893 ], [ 129.3312339, 36.595917 ], [ 129.3314485, 36.5960462 ], [ 129.331877600000013, 36.5963736 ] ] ] } },
{ "type": "Feature", "properties": { "natural": "wood", "name": null }, "geometry": { "type": "Polygon", "coordinates": [ [ [ 129.42513550000001, 36.5059094 ], [ 129.4246976, 36.5056819 ], [ 129.424337, 36.5052506 ], [ 129.4241643, 36.5048302 ], [ 129.4241471, 36.5045776 ], [ 129.42421250000001, 36.5043226 ], [ 129.4248633, 36.5032135 ], [ 129.4249826, 36.5029767 ], [ 129.4250776, 36.5027473 ], [ 129.4251109, 36.5025843 ], [ 129.4250851, 36.502406 ], [ 129.4249977, 36.5022537 ], [ 129.4248513, 36.5021178 ], [ 129.4246295, 36.5019986 ], [ 129.423706900000013, 36.5024712 ], [ 129.4226126, 36.5031784 ], [ 129.4217113, 36.5030922 ], [ 129.4209603, 36.5056104 ], [ 129.419131, 36.5065032 ], [ 129.4164975, 36.5067784 ], [ 129.416562199999987, 36.5069542 ], [ 129.416753199999988, 36.5071202 ], [ 129.4168857, 36.5071707 ], [ 129.417104200000011, 36.5071798 ], [ 129.41728280000001, 36.5072789 ], [ 129.417575699999986, 36.5075531 ], [ 129.417775, 36.5079979 ], [ 129.4180523, 36.5082354 ], [ 129.4184033, 36.5082306 ], [ 129.41878, 36.508203 ], [ 129.4191655, 36.5083973 ], [ 129.4192258, 36.5086603 ], [ 129.41874390000001, 36.5083785 ], [ 129.418448, 36.5084046 ], [ 129.418270400000011, 36.5084229 ], [ 129.4178641, 36.5083929 ], [ 129.4175959, 36.508208 ], [ 129.417272200000014, 36.5077964 ], [ 129.417160599999988, 36.5077 ], [ 129.4170249, 36.5076406 ], [ 129.4168435, 36.5076014 ], [ 129.416669500000012, 36.5076033 ], [ 129.415937500000013, 36.5078266 ], [ 129.416027500000013, 36.5080554 ], [ 129.4162111, 36.5083134 ], [ 129.4154457, 36.5086804 ], [ 129.4142655, 36.5098187 ], [ 129.4129781, 36.51075 ], [ 129.41221, 36.5120272 ], [ 129.4123385, 36.5124119 ], [ 129.412630400000012, 36.5126356 ], [ 129.4123329, 36.5126126 ], [ 129.4117565, 36.5123487 ], [ 129.411534, 36.512123 ], [ 129.4112801, 36.511518 ], [ 129.4101886, 36.510957 ], [ 129.4072458, 36.512681 ], [ 129.4068925, 36.5139148 ], [ 129.4055055, 36.5136359 ], [ 129.4059737, 36.5124904 ], [ 129.405354, 36.511715 ], [ 129.405042900000012, 36.512025 ], [ 129.404427, 36.5123814 ], [ 129.4041048, 36.5128404 ], [ 129.4053528, 36.5142323 ], [ 129.4069446, 36.5153195 ], [ 129.4120963, 36.515863 ], [ 129.4124332, 36.5169897 ], [ 129.4069836, 36.5158926 ], [ 129.405317599999989, 36.5153029 ], [ 129.403774, 36.5134874 ], [ 129.4034581, 36.5152467 ], [ 129.403845, 36.515566 ], [ 129.4041734, 36.5159374 ], [ 129.4049113, 36.5170959 ], [ 129.405206600000014, 36.5174578 ], [ 129.405427, 36.5173477 ], [ 129.406315, 36.5174716 ], [ 129.406569, 36.5174893 ], [ 129.4069015, 36.5176314 ], [ 129.4073302, 36.5176623 ], [ 129.4074674, 36.5178353 ], [ 129.407839200000012, 36.5180081 ], [ 129.407946399999986, 36.5179204 ], [ 129.408051300000011, 36.5180529 ], [ 129.4081622, 36.5180441 ], [ 129.4084876, 36.5181029 ], [ 129.408713400000011, 36.5182336 ], [ 129.40876320000001, 36.5183403 ], [ 129.408374, 36.518293 ], [ 129.4080956, 36.5182943 ], [ 129.4078616, 36.5182502 ], [ 129.4074684, 36.5181208 ], [ 129.4071564, 36.5179296 ], [ 129.406770200000011, 36.5178234 ], [ 129.4065544, 36.5178092 ], [ 129.4060187, 36.5176477 ], [ 129.4058619, 36.5176816 ], [ 129.405514, 36.5178537 ], [ 129.4057317, 36.5181583 ], [ 129.4058722, 36.5184441 ], [ 129.4059224, 36.5186148 ], [ 129.4059263, 36.5188786 ], [ 129.4054888, 36.5189449 ], [ 129.4052763, 36.5184837 ], [ 129.4051646, 36.5181152 ], [ 129.4043231, 36.5173258 ], [ 129.404146200000014, 36.5168587 ], [ 129.403765, 36.5162296 ], [ 129.4035946, 36.5161246 ], [ 129.403367300000014, 36.5158888 ], [ 129.4032268, 36.5158076 ], [ 129.402983799999987, 36.5157194 ], [ 129.4026557, 36.5154123 ], [ 129.4023952, 36.5161404 ], [ 129.4026442, 36.5161959 ], [ 129.4028073, 36.5163299 ], [ 129.403180099999986, 36.5167967 ], [ 129.4035447, 36.516924 ], [ 129.403619, 36.5171273 ], [ 129.4033633, 36.5172478 ], [ 129.403183399999989, 36.5176914 ], [ 129.4026695, 36.5178056 ], [ 129.40290250000001, 36.5181803 ], [ 129.402931, 36.5184006 ], [ 129.4032293, 36.5188066 ], [ 129.4037026, 36.5188686 ], [ 129.404055199999988, 36.518803 ], [ 129.404412400000012, 36.5195798 ], [ 129.404550199999989, 36.5200114 ], [ 129.4038357, 36.5201709 ], [ 129.4039062, 36.5204963 ], [ 129.4039709, 36.5206008 ], [ 129.4041751, 36.520576 ], [ 129.404352499999987, 36.5206146 ], [ 129.4043801, 36.5207176 ], [ 129.4045801, 36.5206348 ], [ 129.4049389, 36.5208392 ], [ 129.4054299, 36.5223393 ], [ 129.405407, 36.5225028 ], [ 129.4063822, 36.522702 ], [ 129.406797899999987, 36.5230966 ], [ 129.407135, 36.5231501 ], [ 129.4070846, 36.5236522 ], [ 129.407535200000012, 36.5240746 ], [ 129.4077069, 36.5243808 ], [ 129.4066822, 36.5250446 ], [ 129.4066925, 36.5256027 ], [ 129.4065958, 36.5257879 ], [ 129.4064289, 36.5259755 ], [ 129.4061911, 36.5260983 ], [ 129.4059111, 36.5261341 ], [ 129.4056491, 36.5261166 ], [ 129.4054103, 36.5260036 ], [ 129.4052532, 36.5258364 ], [ 129.405129, 36.5256291 ], [ 129.405089, 36.5253981 ], [ 129.4051011, 36.5248417 ], [ 129.405153399999989, 36.5246393 ], [ 129.405264100000011, 36.5244811 ], [ 129.405482299999989, 36.5243415 ], [ 129.40573040000001, 36.5243506 ], [ 129.405872, 36.5243311 ], [ 129.4059543, 36.5242875 ], [ 129.4059948, 36.5241953 ], [ 129.4059954, 36.5241094 ], [ 129.4059552, 36.5239946 ], [ 129.405881, 36.5238944 ], [ 129.405779200000012, 36.5238001 ], [ 129.405642300000011, 36.5237392 ], [ 129.4049775, 36.5235913 ], [ 129.4048683, 36.5235085 ], [ 129.4047981, 36.5234205 ], [ 129.4047564, 36.5233095 ], [ 129.404743200000013, 36.523202 ], [ 129.40492, 36.5226564 ], [ 129.4049254, 36.5225486 ], [ 129.404908299999988, 36.5224247 ], [ 129.4045634, 36.521361 ], [ 129.4039372, 36.5218312 ], [ 129.404349200000013, 36.5225947 ], [ 129.404470300000014, 36.5228951 ], [ 129.404530099999988, 36.5231725 ], [ 129.4045452, 36.5235442 ], [ 129.404588100000012, 36.5240213 ], [ 129.4046438, 36.5245631 ], [ 129.404617, 36.5250559 ], [ 129.4044805, 36.5257243 ], [ 129.404258700000014, 36.5263934 ], [ 129.404448300000013, 36.5266194 ], [ 129.404623500000014, 36.5267093 ], [ 129.404931, 36.5268029 ], [ 129.4059081, 36.5269288 ], [ 129.406628500000011, 36.5271288 ], [ 129.4070714, 36.5273478 ], [ 129.4076033, 36.5272168 ], [ 129.4075726, 36.5270582 ], [ 129.4076988, 36.5265179 ], [ 129.407651, 36.526308 ], [ 129.4075552, 36.5261556 ], [ 129.40706320000001, 36.5259974 ], [ 129.4073051, 36.5257023 ], [ 129.407209599999987, 36.525526 ], [ 129.4074152, 36.5251882 ], [ 129.4080107, 36.5259771 ], [ 129.4086575, 36.5253737 ], [ 129.408579300000014, 36.5242701 ], [ 129.409394600000013, 36.523063 ], [ 129.410016899999988, 36.5238907 ], [ 129.4095663, 36.5250288 ], [ 129.41119710000001, 36.5250805 ], [ 129.413729100000012, 36.5254944 ], [ 129.4147466, 36.5255891 ], [ 129.4129551, 36.525939 ], [ 129.4111098, 36.5261287 ], [ 129.4095863, 36.5262839 ], [ 129.4090927, 36.5263011 ], [ 129.408685, 36.5271115 ], [ 129.4082559, 36.5280082 ], [ 129.4083632, 36.5291807 ], [ 129.4080842, 36.5303531 ], [ 129.4079984, 36.5307497 ], [ 129.4092215, 36.5303359 ], [ 129.4128264, 36.5292841 ], [ 129.4148219, 36.5284737 ], [ 129.415272499999986, 36.5289393 ], [ 129.4154442, 36.5298014 ], [ 129.415766100000013, 36.5308359 ], [ 129.416045, 36.5315773 ], [ 129.4168604, 36.5324049 ], [ 129.416345400000012, 36.5339394 ], [ 129.417096500000014, 36.5343532 ], [ 129.4174827, 36.5350946 ], [ 129.4166888, 36.5357842 ], [ 129.4168604, 36.5362842 ], [ 129.4170535, 36.5372497 ], [ 129.4168819, 36.5383703 ], [ 129.4171608, 36.5391461 ], [ 129.4172896, 36.5396633 ], [ 129.4182552, 36.5396116 ], [ 129.4195426, 36.539422 ], [ 129.420309800000013, 36.5388487 ], [ 129.421929799999987, 36.5387065 ], [ 129.4221947, 36.538641 ], [ 129.4232078, 36.5379941 ], [ 129.4232709, 36.5382434 ], [ 129.4227975, 36.5384666 ], [ 129.4221839, 36.5388215 ], [ 129.4217373, 36.5390119 ], [ 129.420892900000013, 36.5392556 ], [ 129.420615199999986, 36.5393636 ], [ 129.4207189, 36.5394946 ], [ 129.42036490000001, 36.5396713 ], [ 129.4197105, 36.5399644 ], [ 129.418921899999987, 36.5405635 ], [ 129.4184467, 36.5412629 ], [ 129.4174865, 36.5413077 ], [ 129.4163107, 36.542152 ], [ 129.417123800000013, 36.5434788 ], [ 129.4173466, 36.5432844 ], [ 129.4184069, 36.5425805 ], [ 129.419351, 36.5425805 ], [ 129.4185785, 36.5430115 ], [ 129.4175774, 36.5440744 ], [ 129.4175167, 36.5450418 ], [ 129.4182645, 36.5445545 ], [ 129.4191834, 36.5440819 ], [ 129.4192008, 36.5443389 ], [ 129.419115, 36.5451664 ], [ 129.4183854, 36.545718 ], [ 129.417841399999986, 36.5466273 ], [ 129.4184905, 36.5470014 ], [ 129.420705, 36.5453867 ], [ 129.421775700000012, 36.5456835 ], [ 129.4206417, 36.5460371 ], [ 129.4193845, 36.5470848 ], [ 129.418665800000014, 36.5476471 ], [ 129.418924800000013, 36.5483463 ], [ 129.4198, 36.550001 ], [ 129.4200346, 36.5498352 ], [ 129.420400199999989, 36.5501539 ], [ 129.421438200000011, 36.55012 ], [ 129.4219826, 36.5499021 ], [ 129.42248570000001, 36.5498187 ], [ 129.4234644, 36.5493854 ], [ 129.423280299999988, 36.5497925 ], [ 129.4226505, 36.5500289 ], [ 129.4223996, 36.550029 ], [ 129.4217764, 36.5502168 ], [ 129.4215854, 36.5503072 ], [ 129.421194, 36.550263 ], [ 129.4200602, 36.5504827 ], [ 129.4206357, 36.5516176 ], [ 129.420763, 36.5521823 ], [ 129.4212302, 36.5520153 ], [ 129.4217815, 36.5521596 ], [ 129.4221088, 36.5523507 ], [ 129.4226654, 36.5518864 ], [ 129.4226457, 36.5523953 ], [ 129.423661900000013, 36.552198 ], [ 129.424877, 36.5514466 ], [ 129.4255235, 36.5515155 ], [ 129.424108, 36.5522683 ], [ 129.4240374, 36.5525184 ], [ 129.4226439, 36.5530505 ], [ 129.4229971, 36.5533012 ], [ 129.423199, 36.5532549 ], [ 129.42336, 36.553425 ], [ 129.4235512, 36.5535364 ], [ 129.4238485, 36.5535501 ], [ 129.423959, 36.5536651 ], [ 129.4246844, 36.5534824 ], [ 129.425173199999989, 36.5537398 ], [ 129.4249647, 36.5542395 ], [ 129.4241926, 36.5540162 ], [ 129.4242363, 36.5542446 ], [ 129.424417, 36.554574 ], [ 129.4245637, 36.5546475 ], [ 129.4248197, 36.5546895 ], [ 129.4250796, 36.5546909 ], [ 129.4251696, 36.5545662 ], [ 129.4255459, 36.5545345 ], [ 129.425864499999989, 36.5547214 ], [ 129.4264767, 36.5544911 ], [ 129.4268625, 36.5544314 ], [ 129.427316600000012, 36.5543912 ], [ 129.427599500000014, 36.554473 ], [ 129.428016899999989, 36.5542516 ], [ 129.428216600000013, 36.554024 ], [ 129.4285672, 36.5539151 ], [ 129.4292572, 36.5543759 ], [ 129.428544100000011, 36.5547146 ], [ 129.429895, 36.5555241 ], [ 129.430376, 36.5557457 ], [ 129.4306929, 36.5558203 ], [ 129.4309375, 36.5561173 ], [ 129.4313206, 36.5563475 ], [ 129.4318429, 36.5563386 ], [ 129.4319015, 36.5562331 ], [ 129.4324647, 36.5562666 ], [ 129.4327523, 36.5560906 ], [ 129.4329138, 36.5561931 ], [ 129.4331114, 36.5561989 ], [ 129.4332243, 36.5561136 ], [ 129.4337798, 36.5563468 ], [ 129.4340009, 36.5562842 ], [ 129.4340726, 36.5561563 ], [ 129.43423580000001, 36.5561066 ], [ 129.4344236, 36.5562068 ], [ 129.4355174, 36.5560302 ], [ 129.436110899999989, 36.5555918 ], [ 129.4357479, 36.5553165 ], [ 129.4359025, 36.5551619 ], [ 129.4356573, 36.5551028 ], [ 129.4359182, 36.5547306 ], [ 129.43610240000001, 36.5547535 ], [ 129.4365216, 36.5546163 ], [ 129.4369271, 36.5542525 ], [ 129.4370214, 36.5541365 ], [ 129.4370643, 36.5540083 ], [ 129.4364018, 36.5535542 ], [ 129.4365063, 36.5534614 ], [ 129.4366015, 36.5535412 ], [ 129.4372718, 36.5536403 ], [ 129.4372112, 36.5537991 ], [ 129.4374886, 36.5537424 ], [ 129.437582, 36.5535472 ], [ 129.4371198, 36.5533551 ], [ 129.4372986, 36.5530682 ], [ 129.4374738, 36.553013 ], [ 129.4376124, 36.5527377 ], [ 129.4372445, 36.5524987 ], [ 129.4374843, 36.551205 ], [ 129.4377437, 36.5512196 ], [ 129.437929700000012, 36.5513691 ], [ 129.438411699999989, 36.5515494 ], [ 129.4387487, 36.5518569 ], [ 129.4386576, 36.5520395 ], [ 129.438235100000014, 36.5522136 ], [ 129.438499299999989, 36.5526074 ], [ 129.4394783, 36.5522747 ], [ 129.439564100000013, 36.5521135 ], [ 129.439135, 36.5518084 ], [ 129.43887620000001, 36.5512157 ], [ 129.43876370000001, 36.5511979 ], [ 129.4387013, 36.5514234 ], [ 129.4384222, 36.5513388 ], [ 129.438885199999987, 36.5504264 ], [ 129.439155699999986, 36.5502212 ], [ 129.439095900000012, 36.5499389 ], [ 129.4390984, 36.5492328 ], [ 129.4387786, 36.5491279 ], [ 129.4389439, 36.5487423 ], [ 129.4389452, 36.5483275 ], [ 129.4387873, 36.5482768 ], [ 129.4389059, 36.5481249 ], [ 129.4393875, 36.5482387 ], [ 129.4396025, 36.5481056 ], [ 129.43963930000001, 36.5480108 ], [ 129.4396418, 36.5474189 ], [ 129.439659299999988, 36.5473118 ], [ 129.439751199999989, 36.5470859 ], [ 129.4397998, 36.5469601 ], [ 129.4398027, 36.5468411 ], [ 129.439737, 36.5466588 ], [ 129.4397042, 36.5463845 ], [ 129.4396821, 36.5462721 ], [ 129.439606199999986, 36.5461241 ], [ 129.4390673, 36.5455184 ], [ 129.4389509, 36.5453253 ], [ 129.438939299999987, 36.5445666 ], [ 129.439233699999988, 36.5438585 ], [ 129.439199699999989, 36.543801 ], [ 129.4381314, 36.543664 ], [ 129.4378858, 36.5437466 ], [ 129.437780299999986, 36.5437141 ], [ 129.4377792, 36.5436396 ], [ 129.4381766, 36.5433582 ], [ 129.4384604, 36.5432948 ], [ 129.4388569, 36.5431037 ], [ 129.438943, 36.5430344 ], [ 129.438939299999987, 36.5429153 ], [ 129.4387633, 36.5429174 ], [ 129.438561, 36.5425892 ], [ 129.4385422, 36.5420116 ], [ 129.438679, 36.5418263 ], [ 129.438909099999989, 36.5417375 ], [ 129.4390242, 36.541469 ], [ 129.4389047, 36.5412183 ], [ 129.4386706, 36.5404244 ], [ 129.438109700000012, 36.5397592 ], [ 129.4379228, 36.5394331 ], [ 129.4376301, 36.539453 ], [ 129.4375082, 36.5395577 ], [ 129.437024400000013, 36.5394271 ], [ 129.437002, 36.5393259 ], [ 129.437512199999986, 36.539241 ], [ 129.4376958, 36.5391163 ], [ 129.4377917, 36.538786 ], [ 129.43799, 36.5386111 ], [ 129.4380501, 36.5384134 ], [ 129.438271, 36.5384182 ], [ 129.4384594, 36.5378024 ], [ 129.4385302, 36.537383 ], [ 129.4388617, 36.5373777 ], [ 129.4388777, 36.5366611 ], [ 129.4389305, 36.5364465 ], [ 129.4390708, 36.5362878 ], [ 129.4392503, 36.5361499 ], [ 129.439328100000012, 36.5360586 ], [ 129.4393952, 36.5359491 ], [ 129.4394341, 36.5358232 ], [ 129.439453500000013, 36.5357086 ], [ 129.439445, 36.5355565 ], [ 129.4393464, 36.5351054 ], [ 129.439353899999986, 36.5347696 ], [ 129.439424699999989, 36.5344314 ], [ 129.4390663, 36.5347096 ], [ 129.438923100000011, 36.5347362 ], [ 129.4387184, 36.53466 ], [ 129.4387121, 36.5341399 ], [ 129.438915, 36.5341061 ], [ 129.4388131, 36.5326672 ], [ 129.438089100000013, 36.5316703 ], [ 129.4385756, 36.5309394 ], [ 129.4389404, 36.5304393 ], [ 129.4391225, 36.5300505 ], [ 129.439393200000012, 36.5299261 ], [ 129.4394385, 36.5297182 ], [ 129.4396505, 36.5297959 ], [ 129.439734499999986, 36.5294813 ], [ 129.439785, 36.5295086 ], [ 129.4398632, 36.5292956 ], [ 129.439494599999989, 36.5290566 ], [ 129.439295, 36.5288703 ], [ 129.4392757, 36.5286668 ], [ 129.439472099999989, 36.5285653 ], [ 129.439547800000014, 36.5286222 ], [ 129.4400627, 36.5285752 ], [ 129.4406266, 36.5283919 ], [ 129.440751299999988, 36.5282755 ], [ 129.4408761, 36.5280452 ], [ 129.4413462, 36.5268646 ], [ 129.4414897, 36.5264219 ], [ 129.4415222, 36.5261991 ], [ 129.4415505, 36.5258486 ], [ 129.4415203, 36.5255642 ], [ 129.441388100000012, 36.525184 ], [ 129.4413773, 36.5249576 ], [ 129.4414765, 36.5247432 ], [ 129.441569, 36.5240432 ], [ 129.441562299999987, 36.523714 ], [ 129.4414779, 36.5232247 ], [ 129.4414732, 36.5229865 ], [ 129.4414923, 36.5227553 ], [ 129.441388, 36.5225759 ], [ 129.4413504, 36.5221005 ], [ 129.441156799999987, 36.5220915 ], [ 129.4410234, 36.5217406 ], [ 129.440967300000011, 36.5215565 ], [ 129.4404352, 36.5213528 ], [ 129.4403725, 36.5211202 ], [ 129.440637900000013, 36.5210954 ], [ 129.440652699999987, 36.5212235 ], [ 129.4409683, 36.5211785 ], [ 129.4410638, 36.5210616 ], [ 129.4412701, 36.5210816 ], [ 129.441365100000013, 36.5208793 ], [ 129.4413719, 36.5206311 ], [ 129.441777800000011, 36.5205396 ], [ 129.4417121, 36.5203959 ], [ 129.4419896, 36.5202066 ], [ 129.4423234, 36.5202525 ], [ 129.442543199999989, 36.5201807 ], [ 129.4426449, 36.520269 ], [ 129.4429276, 36.5201694 ], [ 129.4432477, 36.5197536 ], [ 129.4434932, 36.5196895 ], [ 129.443618500000014, 36.519692 ], [ 129.443774600000012, 36.5194943 ], [ 129.4438246, 36.5193974 ], [ 129.443851200000012, 36.5187487 ], [ 129.4439543, 36.5176979 ], [ 129.4440262, 36.5175669 ], [ 129.4443051, 36.5172819 ], [ 129.4443604, 36.5172051 ], [ 129.4443834, 36.5171085 ], [ 129.444376299999988, 36.5169307 ], [ 129.444285, 36.5165484 ], [ 129.444256200000012, 36.5162832 ], [ 129.444169100000011, 36.5160294 ], [ 129.444088, 36.5158784 ], [ 129.4438514, 36.5156209 ], [ 129.4437338, 36.5154272 ], [ 129.4436652, 36.5152307 ], [ 129.4436356, 36.5150293 ], [ 129.443676, 36.5145989 ], [ 129.443774, 36.5142556 ], [ 129.443790400000012, 36.514082 ], [ 129.4439457, 36.5134116 ], [ 129.443936900000011, 36.5132199 ], [ 129.4439888, 36.5130733 ], [ 129.443827199999987, 36.5129304 ], [ 129.443902799999989, 36.5121956 ], [ 129.443578699999989, 36.5121577 ], [ 129.4436337, 36.5116799 ], [ 129.4437369, 36.5114343 ], [ 129.4423061, 36.5104796 ], [ 129.44165670000001, 36.5101191 ], [ 129.4407043, 36.509699 ], [ 129.4402813, 36.5092531 ], [ 129.439645, 36.5092985 ], [ 129.4391673, 36.5099049 ], [ 129.4384535, 36.5091425 ], [ 129.4378848, 36.5105182 ], [ 129.4377402, 36.5111984 ], [ 129.4371609, 36.5114571 ], [ 129.437075, 36.5105085 ], [ 129.4374827, 36.5098704 ], [ 129.4376115, 36.5083182 ], [ 129.437890399999986, 36.5071109 ], [ 129.4377188, 36.5061106 ], [ 129.437675899999988, 36.5059726 ], [ 129.437654400000014, 36.5052654 ], [ 129.438276699999989, 36.5034716 ], [ 129.4390491, 36.5022125 ], [ 129.4389299, 36.5010109 ], [ 129.4391077, 36.5005465 ], [ 129.439793400000013, 36.5008363 ], [ 129.4400046, 36.5007803 ], [ 129.4400817, 36.5009138 ], [ 129.4406799, 36.5000219 ], [ 129.4403366, 36.4982625 ], [ 129.44027220000001, 36.4971931 ], [ 129.440356799999989, 36.4969587 ], [ 129.440363499999989, 36.496789 ], [ 129.440172, 36.4965511 ], [ 129.439935600000013, 36.4963818 ], [ 129.4397011, 36.4963886 ], [ 129.4394777, 36.4964063 ], [ 129.438750199999987, 36.4966256 ], [ 129.4386094, 36.4969174 ], [ 129.4381921, 36.4973079 ], [ 129.43786320000001, 36.496957 ], [ 129.436858199999989, 36.4971921 ], [ 129.436612599999989, 36.4975764 ], [ 129.4364361, 36.4980359 ], [ 129.436353200000013, 36.4984683 ], [ 129.436243499999989, 36.4986118 ], [ 129.4360585, 36.4986355 ], [ 129.4358533, 36.4984663 ], [ 129.4356756, 36.4986921 ], [ 129.4355224, 36.4992018 ], [ 129.4356872, 36.4994005 ], [ 129.4359217, 36.4995864 ], [ 129.436139, 36.4996662 ], [ 129.436338799999987, 36.4997578 ], [ 129.4364065, 36.4998899 ], [ 129.436724700000013, 36.4999559 ], [ 129.436953499999987, 36.5004029 ], [ 129.437121499999989, 36.500441 ], [ 129.437189499999988, 36.5006799 ], [ 129.4373736, 36.5008253 ], [ 129.4376588, 36.5008505 ], [ 129.4377882, 36.5006953 ], [ 129.4376392, 36.5003317 ], [ 129.4374022, 36.4998989 ], [ 129.4379748, 36.4996465 ], [ 129.4384661, 36.5002111 ], [ 129.438382499999989, 36.5006068 ], [ 129.4384102, 36.5008558 ], [ 129.4380999, 36.5008505 ], [ 129.4381119, 36.5012472 ], [ 129.4377924, 36.5013248 ], [ 129.4376685, 36.5010746 ], [ 129.4374635, 36.5010313 ], [ 129.4359163, 36.5009534 ], [ 129.434543, 36.5005394 ], [ 129.4341139, 36.5005394 ], [ 129.4335989, 36.5012121 ], [ 129.433427200000011, 36.5018848 ], [ 129.433319899999987, 36.5031784 ], [ 129.4334916, 36.5045928 ], [ 129.432976599999989, 36.5055414 ], [ 129.432161, 36.506006 ], [ 129.4311612, 36.5047306 ], [ 129.4304339, 36.5037562 ], [ 129.4298892, 36.504181 ], [ 129.42988170000001, 36.5044933 ], [ 129.428180700000013, 36.5053225 ], [ 129.427240399999988, 36.5055629 ], [ 129.4263393, 36.5061734 ], [ 129.4250194, 36.5065125 ], [ 129.42513550000001, 36.5059094 ] ], [ [ 129.4314551, 36.5178646 ], [ 129.431535599999989, 36.5176253 ], [ 129.4316804, 36.5174141 ], [ 129.4319567, 36.5174593 ], [ 129.4321525, 36.5177245 ], [ 129.4323456, 36.5178775 ], [ 129.4328472, 36.5181642 ], [ 129.4328687, 36.5184229 ], [ 129.432608499999986, 36.5186083 ], [ 129.4322598, 36.518563 ], [ 129.432013, 36.5183841 ], [ 129.431726, 36.5181901 ], [ 129.4314551, 36.5178646 ] ], [ [ 129.4255527, 36.5370409 ], [ 129.4260548, 36.5371715 ], [ 129.4258692, 36.5374497 ], [ 129.425576, 36.5374235 ], [ 129.4252263, 36.5372798 ], [ 129.4255527, 36.5370409 ] ] ] } },
{ "type": "Feature", "properties": { "natural": "wood", "name": null }, "geometry": { "type": "Polygon", "coordinates": [ [ [ 129.320440600000012, 36.3841391 ], [ 129.3203274, 36.3842816 ], [ 129.3200655, 36.3844183 ], [ 129.319952199999989, 36.3845893 ], [ 129.319980500000014, 36.3847431 ], [ 129.3202353, 36.3848571 ], [ 129.320143300000012, 36.3849483 ], [ 129.3198743, 36.3849483 ], [ 129.3195629, 36.3849141 ], [ 129.31758880000001, 36.3853633 ], [ 129.315936599999986, 36.3851214 ], [ 129.313898099999989, 36.385346 ], [ 129.311602099999988, 36.3843959 ], [ 129.310765300000014, 36.3855187 ], [ 129.3094993, 36.3871252 ], [ 129.309070100000014, 36.3882999 ], [ 129.3085337, 36.3896299 ], [ 129.30954220000001, 36.3905972 ], [ 129.311709400000012, 36.3933436 ], [ 129.3121386, 36.39476 ], [ 129.311688, 36.3962799 ], [ 129.3091345, 36.3989052 ], [ 129.3072891, 36.4003905 ], [ 129.3063879, 36.4017722 ], [ 129.3040919, 36.4041901 ], [ 129.3032551, 36.4054508 ], [ 129.3028689, 36.4069533 ], [ 129.3025255, 36.4084039 ], [ 129.301023500000014, 36.4101654 ], [ 129.300551399999989, 36.4112015 ], [ 129.3002081, 36.4131873 ], [ 129.30040120000001, 36.4164682 ], [ 129.300766, 36.4175561 ], [ 129.303898800000013, 36.4208713 ], [ 129.304730299999989, 36.4226498 ], [ 129.3051886, 36.4232343 ], [ 129.306129199999987, 36.4238192 ], [ 129.3067695, 36.424078 ], [ 129.3086195, 36.4236339 ], [ 129.310636499999987, 36.4243936 ], [ 129.3115807, 36.4244109 ], [ 129.3131256, 36.4242382 ], [ 129.3159795, 36.4239792 ], [ 129.31849, 36.4230987 ], [ 129.319777499999987, 36.422339 ], [ 129.3215156, 36.4213893 ], [ 129.3235692, 36.4215557 ], [ 129.324054100000012, 36.4217571 ], [ 129.3250152, 36.4220112 ], [ 129.3252893, 36.4221071 ], [ 129.3258482, 36.4223364 ], [ 129.3265168, 36.4224597 ], [ 129.3268602, 36.4226378 ], [ 129.3272982, 36.4227143 ], [ 129.327493800000013, 36.4228047 ], [ 129.3279119, 36.4232197 ], [ 129.327952900000014, 36.4233965 ], [ 129.328296200000011, 36.42388 ], [ 129.3286019, 36.424208 ], [ 129.3287951, 36.4243462 ], [ 129.3291853, 36.4247445 ], [ 129.3298254, 36.4260981 ], [ 129.330038800000011, 36.4267853 ], [ 129.3303115, 36.4276702 ], [ 129.331053200000014, 36.4280379 ], [ 129.332523400000014, 36.4282783 ], [ 129.3332958, 36.4286236 ], [ 129.334476, 36.4290552 ], [ 129.335978, 36.4287445 ], [ 129.337694699999986, 36.4292451 ], [ 129.3378449, 36.4302983 ], [ 129.33647160000001, 36.4310406 ], [ 129.33610680000001, 36.4315586 ], [ 129.336729100000014, 36.4320937 ], [ 129.3391538, 36.43237 ], [ 129.3410635, 36.4317312 ], [ 129.3431234, 36.4303673 ], [ 129.344646899999987, 36.4294523 ], [ 129.3439174, 36.4285718 ], [ 129.342372399999988, 36.4265173 ], [ 129.344046100000014, 36.4255849 ], [ 129.3460417, 36.4255849 ], [ 129.3469644, 36.4275877 ], [ 129.3496017, 36.4282347 ], [ 129.3503561, 36.4279704 ], [ 129.3506834, 36.4280248 ], [ 129.351367399999987, 36.4280252 ], [ 129.3518771, 36.4282665 ], [ 129.352690200000012, 36.4283191 ], [ 129.3529275, 36.4283837 ], [ 129.3533563, 36.4283376 ], [ 129.3546076, 36.4286431 ], [ 129.35515620000001, 36.4289123 ], [ 129.3556592, 36.4292354 ], [ 129.356349599999987, 36.4300469 ], [ 129.3566715, 36.4307458 ], [ 129.356878099999989, 36.4308077 ], [ 129.3570607, 36.4311018 ], [ 129.3573436, 36.4311962 ], [ 129.3576157, 36.4308864 ], [ 129.3574209, 36.4306518 ], [ 129.357254899999987, 36.4297989 ], [ 129.357546899999988, 36.4295127 ], [ 129.3575447, 36.4291815 ], [ 129.3577457, 36.4288422 ], [ 129.3577181, 36.428607 ], [ 129.3575322, 36.4284146 ], [ 129.3574778, 36.428135 ], [ 129.3572129, 36.4280604 ], [ 129.3572155, 36.427982 ], [ 129.357178800000014, 36.4278879 ], [ 129.356931, 36.4276333 ], [ 129.356878, 36.4274329 ], [ 129.3564236, 36.4267412 ], [ 129.3563743, 36.4265567 ], [ 129.3560185, 36.426087 ], [ 129.3559096, 36.4258713 ], [ 129.355687100000011, 36.4256316 ], [ 129.355185, 36.4250285 ], [ 129.354496, 36.4219073 ], [ 129.3543029, 36.4209577 ], [ 129.355483099999987, 36.4199044 ], [ 129.3572211, 36.4188339 ], [ 129.358379899999989, 36.4164855 ], [ 129.3572426, 36.4157948 ], [ 129.3569636, 36.4148969 ], [ 129.3565256, 36.4141088 ], [ 129.356078599999989, 36.4141957 ], [ 129.3559449, 36.4142581 ], [ 129.3557055, 36.414195 ], [ 129.355086699999987, 36.4141883 ], [ 129.3542689, 36.4140188 ], [ 129.3539865, 36.4140956 ], [ 129.353778, 36.4140187 ], [ 129.354328400000014, 36.413855 ], [ 129.3546653, 36.4138995 ], [ 129.3550308, 36.4138348 ], [ 129.3551888, 36.4138741 ], [ 129.356067599999989, 36.4137855 ], [ 129.3563833, 36.4136479 ], [ 129.356450099999989, 36.4134106 ], [ 129.3567008, 36.4133622 ], [ 129.356893899999989, 36.4132753 ], [ 129.357083, 36.4133108 ], [ 129.3572661, 36.4133933 ], [ 129.357371, 36.4133892 ], [ 129.357467899999989, 36.4133137 ], [ 129.357463, 36.4132166 ], [ 129.3573457, 36.4130656 ], [ 129.3572667, 36.4130916 ], [ 129.3571138, 36.4128301 ], [ 129.3571514, 36.4126526 ], [ 129.357272099999989, 36.4126394 ], [ 129.357434399999988, 36.412745 ], [ 129.3578025, 36.4126942 ], [ 129.3582189, 36.4117994 ], [ 129.3582762, 36.4115607 ], [ 129.3596244, 36.4087666 ], [ 129.3592811, 36.4079376 ], [ 129.3582511, 36.4078513 ], [ 129.3568993, 36.4088184 ], [ 129.3553758, 36.4095782 ], [ 129.356448699999987, 36.4079722 ], [ 129.358122400000013, 36.4064006 ], [ 129.35786490000001, 36.4054508 ], [ 129.3570066, 36.404501 ], [ 129.3576932, 36.4037756 ], [ 129.3585301, 36.4044491 ], [ 129.359066500000012, 36.4055199 ], [ 129.360075, 36.4057962 ], [ 129.3617916, 36.4050881 ], [ 129.3636799, 36.4048636 ], [ 129.365825699999988, 36.4043282 ], [ 129.3688297, 36.4032748 ], [ 129.3683577, 36.4020658 ], [ 129.368679500000013, 36.3996479 ], [ 129.3687654, 36.3982316 ], [ 129.3691087, 36.3966426 ], [ 129.369430599999987, 36.39495 ], [ 129.369301799999988, 36.3933436 ], [ 129.3686152, 36.3918236 ], [ 129.3684743, 36.3916701 ], [ 129.3686705, 36.3903136 ], [ 129.368574, 36.3901548 ], [ 129.3682569, 36.3902561 ], [ 129.367771800000014, 36.3906262 ], [ 129.3675498, 36.3909618 ], [ 129.3672498, 36.391223 ], [ 129.366156, 36.3921233 ], [ 129.3647995, 36.3932584 ], [ 129.364662, 36.3935467 ], [ 129.3644659, 36.3937283 ], [ 129.36449970000001, 36.3940092 ], [ 129.3639827, 36.394504 ], [ 129.3637129, 36.3942885 ], [ 129.363023, 36.3945401 ], [ 129.363100300000013, 36.3948615 ], [ 129.363008799999989, 36.3949606 ], [ 129.3627344, 36.3948583 ], [ 129.362452, 36.3949591 ], [ 129.3623751, 36.3948443 ], [ 129.3618191, 36.3951791 ], [ 129.3604827, 36.395969 ], [ 129.3591094, 36.3969017 ], [ 129.3580311, 36.3970529 ], [ 129.3579546, 36.3971936 ], [ 129.357488, 36.3974187 ], [ 129.357217100000014, 36.3976737 ], [ 129.3566739, 36.3977754 ], [ 129.3565558, 36.3979067 ], [ 129.356646899999987, 36.3981149 ], [ 129.3556686, 36.3983341 ], [ 129.3546591, 36.398928 ], [ 129.3546163, 36.3990529 ], [ 129.3548672, 36.3994721 ], [ 129.3549767, 36.3998714 ], [ 129.3551338, 36.4000125 ], [ 129.3551838, 36.4001977 ], [ 129.354924899999986, 36.4000163 ], [ 129.3548342, 36.3998453 ], [ 129.3547117, 36.3995182 ], [ 129.354447099999987, 36.3990024 ], [ 129.3532701, 36.3990052 ], [ 129.3528035, 36.3987055 ], [ 129.3525711, 36.3985845 ], [ 129.3522353, 36.3985338 ], [ 129.352414900000014, 36.3981937 ], [ 129.352667700000012, 36.3980172 ], [ 129.3528724, 36.39807 ], [ 129.3529159, 36.3981821 ], [ 129.353199100000012, 36.3981888 ], [ 129.3532126, 36.3983135 ], [ 129.3538249, 36.39836 ], [ 129.354064599999987, 36.3982804 ], [ 129.3545928, 36.3983373 ], [ 129.3552789, 36.3975976 ], [ 129.35528930000001, 36.3974458 ], [ 129.355503199999987, 36.3974012 ], [ 129.3558131, 36.3974071 ], [ 129.3560103, 36.3972285 ], [ 129.356189, 36.3971467 ], [ 129.356361600000014, 36.3970946 ], [ 129.3565618, 36.3970946 ], [ 129.356796, 36.3971343 ], [ 129.3570862, 36.3969879 ], [ 129.357247699999988, 36.396713 ], [ 129.3576995, 36.3965951 ], [ 129.3578949, 36.3964803 ], [ 129.357963899999987, 36.3963887 ], [ 129.3580935, 36.3961813 ], [ 129.35853370000001, 36.396062 ], [ 129.3587776, 36.3953159 ], [ 129.35897270000001, 36.3951326 ], [ 129.3591309, 36.3944836 ], [ 129.3611373, 36.3936498 ], [ 129.361317500000013, 36.3937277 ], [ 129.3615063, 36.3938081 ], [ 129.3617338, 36.3937244 ], [ 129.3622602, 36.3931991 ], [ 129.362402300000014, 36.392946 ], [ 129.3623682, 36.3928727 ], [ 129.362170099999986, 36.3927108 ], [ 129.3622427, 36.3926193 ], [ 129.362609, 36.3926646 ], [ 129.3627966, 36.3927551 ], [ 129.3629594, 36.392657 ], [ 129.3629453, 36.3925462 ], [ 129.36281790000001, 36.3924328 ], [ 129.362832200000014, 36.3921264 ], [ 129.3630164, 36.3920491 ], [ 129.363038, 36.3922192 ], [ 129.3633078, 36.3922917 ], [ 129.3637885, 36.3920975 ], [ 129.363990199999989, 36.391743 ], [ 129.3643815, 36.3914435 ], [ 129.3644765, 36.3910437 ], [ 129.36458970000001, 36.3909047 ], [ 129.3645311, 36.3904108 ], [ 129.3644098, 36.390262 ], [ 129.364412499999986, 36.3893513 ], [ 129.3641892, 36.3893069 ], [ 129.363967, 36.388908 ], [ 129.3643491, 36.3889536 ], [ 129.3646539, 36.3888709 ], [ 129.3647454, 36.3886943 ], [ 129.3646707, 36.3885746 ], [ 129.3646903, 36.3884521 ], [ 129.3645468, 36.3882926 ], [ 129.3645507, 36.3881273 ], [ 129.3651228, 36.3886623 ], [ 129.3659262, 36.3889306 ], [ 129.366818200000012, 36.3895129 ], [ 129.367021099999988, 36.3894001 ], [ 129.367232800000011, 36.389077 ], [ 129.3678199, 36.3887845 ], [ 129.3676543, 36.3883997 ], [ 129.3674239, 36.3882699 ], [ 129.3673571, 36.3881813 ], [ 129.3674336, 36.3881369 ], [ 129.3679788, 36.388253 ], [ 129.3681173, 36.3883866 ], [ 129.368363499999987, 36.3883627 ], [ 129.368502799999987, 36.3882665 ], [ 129.368593800000014, 36.3883221 ], [ 129.368816399999986, 36.388203 ], [ 129.3691315, 36.3881262 ], [ 129.369136200000014, 36.3879345 ], [ 129.3682504, 36.3875744 ], [ 129.368186, 36.3868834 ], [ 129.3695438, 36.3864039 ], [ 129.3696353, 36.3860166 ], [ 129.3696674, 36.3856989 ], [ 129.369679600000012, 36.3854299 ], [ 129.3696704, 36.3849361 ], [ 129.3696449, 36.3847638 ], [ 129.3695916, 36.3846018 ], [ 129.3694605, 36.3843606 ], [ 129.369205, 36.3840565 ], [ 129.3688409, 36.3837009 ], [ 129.3680991, 36.3831275 ], [ 129.3672661, 36.3826076 ], [ 129.3674165, 36.3824022 ], [ 129.3683063, 36.3829112 ], [ 129.3694294, 36.3836347 ], [ 129.369699200000014, 36.3837782 ], [ 129.3700537, 36.3839171 ], [ 129.3703715, 36.3840072 ], [ 129.3707279, 36.384075 ], [ 129.3710446, 36.3840923 ], [ 129.3713822, 36.3840805 ], [ 129.3716794, 36.3840249 ], [ 129.3719831, 36.3839295 ], [ 129.3722694, 36.3837847 ], [ 129.372546, 36.3835766 ], [ 129.3727954, 36.3833272 ], [ 129.3722452, 36.3819143 ], [ 129.371765, 36.3807937 ], [ 129.371628500000014, 36.3799744 ], [ 129.36995060000001, 36.3811963 ], [ 129.367697600000014, 36.382181 ], [ 129.3669415, 36.381986 ], [ 129.3700043, 36.3801857 ], [ 129.371392500000013, 36.3788513 ], [ 129.3709207, 36.3771951 ], [ 129.3714994, 36.3771175 ], [ 129.3729438, 36.3775536 ], [ 129.3732621, 36.377224 ], [ 129.371853499999986, 36.3767589 ], [ 129.3717336, 36.3763595 ], [ 129.3735719, 36.3768033 ], [ 129.3739632, 36.3758127 ], [ 129.374317499999989, 36.3759266 ], [ 129.3763775, 36.374242 ], [ 129.3771336, 36.3737611 ], [ 129.377417900000012, 36.3740591 ], [ 129.378120700000011, 36.373571 ], [ 129.3786413, 36.3727692 ], [ 129.378416, 36.3719961 ], [ 129.3774986, 36.3721818 ], [ 129.3758249, 36.373132 ], [ 129.374237099999988, 36.3733394 ], [ 129.3729496, 36.3738404 ], [ 129.3714569, 36.3753902 ], [ 129.371040599999986, 36.37542 ], [ 129.3699885, 36.3759654 ], [ 129.369430599999987, 36.3769329 ], [ 129.367392099999989, 36.378626 ], [ 129.366533800000013, 36.3798525 ], [ 129.365933, 36.38082 ], [ 129.366346, 36.3821847 ], [ 129.3647367, 36.382392 ], [ 129.364248300000014, 36.3819607 ], [ 129.3632508, 36.3820379 ], [ 129.3621349, 36.3815628 ], [ 129.3629101, 36.3803751 ], [ 129.363009799999986, 36.379846 ], [ 129.3609548, 36.3804399 ], [ 129.3610567, 36.3812124 ], [ 129.358798400000012, 36.3809207 ], [ 129.3580794, 36.3810273 ], [ 129.3565989, 36.3825475 ], [ 129.3555474, 36.3838949 ], [ 129.353745, 36.3850696 ], [ 129.3525005, 36.3866761 ], [ 129.3520452, 36.386807 ], [ 129.3512483, 36.3867285 ], [ 129.350841800000012, 36.3863226 ], [ 129.350018299999988, 36.3866353 ], [ 129.349596600000012, 36.3864461 ], [ 129.3494172, 36.3862385 ], [ 129.3492247, 36.3854636 ], [ 129.3491745, 36.3853114 ], [ 129.3497753, 36.3841022 ], [ 129.349160899999987, 36.3831836 ], [ 129.3487352, 36.3829039 ], [ 129.34857980000001, 36.3828734 ], [ 129.3480454, 36.3824322 ], [ 129.348659, 36.382507 ], [ 129.3489562, 36.3826302 ], [ 129.3495115, 36.3830861 ], [ 129.3503749, 36.3829244 ], [ 129.3508947, 36.3831365 ], [ 129.3517362, 36.3833165 ], [ 129.3523722, 36.3826995 ], [ 129.3527379, 36.3815825 ], [ 129.351736100000011, 36.3808671 ], [ 129.3515598, 36.3807475 ], [ 129.3493239, 36.381069 ], [ 129.3481673, 36.3811212 ], [ 129.3473386, 36.3803687 ], [ 129.3461643, 36.3807251 ], [ 129.341688, 36.3815962 ], [ 129.341492100000011, 36.3818854 ], [ 129.34095210000001, 36.3820729 ], [ 129.3408217, 36.381852 ], [ 129.3401086, 36.3821328 ], [ 129.338546400000013, 36.3817077 ], [ 129.3404062, 36.3809896 ], [ 129.344123599999989, 36.3799782 ], [ 129.3451853, 36.3794938 ], [ 129.346985600000011, 36.3791377 ], [ 129.3475769, 36.3786932 ], [ 129.350012600000014, 36.3763967 ], [ 129.3503455, 36.3760683 ], [ 129.3505472, 36.3750884 ], [ 129.351469400000013, 36.3751054 ], [ 129.3518784, 36.3753834 ], [ 129.3514969, 36.3765921 ], [ 129.352274599999987, 36.3776843 ], [ 129.3527565, 36.3785782 ], [ 129.355549200000013, 36.3794065 ], [ 129.35610410000001, 36.3795711 ], [ 129.357111300000014, 36.3790434 ], [ 129.3572292, 36.3788479 ], [ 129.3575041, 36.3792897 ], [ 129.357826, 36.3792882 ], [ 129.3581016, 36.379199 ], [ 129.3585626, 36.379191 ], [ 129.3589445, 36.3792168 ], [ 129.359220599999986, 36.3792632 ], [ 129.3595922, 36.3794395 ], [ 129.360126400000013, 36.3797992 ], [ 129.3602645, 36.3798271 ], [ 129.360391099999987, 36.3797572 ], [ 129.3602215, 36.3795599 ], [ 129.3604092, 36.3795633 ], [ 129.360784599999988, 36.3794862 ], [ 129.3610801, 36.3795416 ], [ 129.361202600000013, 36.3794638 ], [ 129.361307900000014, 36.3791301 ], [ 129.3615347, 36.3790912 ], [ 129.361910200000011, 36.3789768 ], [ 129.3627262, 36.3788632 ], [ 129.3639425, 36.377495 ], [ 129.3645007, 36.3773648 ], [ 129.3646613, 36.3767435 ], [ 129.3653802, 36.3767305 ], [ 129.3650747, 36.3754645 ], [ 129.365621800000014, 36.3747172 ], [ 129.3633739, 36.3733572 ], [ 129.364146299999987, 36.3726143 ], [ 129.3642644, 36.3718368 ], [ 129.364537899999988, 36.3718282 ], [ 129.3647042, 36.3728692 ], [ 129.366061699999989, 36.3738706 ], [ 129.3659434, 36.373219 ], [ 129.3663565, 36.3724977 ], [ 129.367016299999989, 36.3724977 ], [ 129.367096800000013, 36.3731758 ], [ 129.3681216, 36.3737022 ], [ 129.3703899, 36.3717257 ], [ 129.3700063, 36.3707769 ], [ 129.369189, 36.3705977 ], [ 129.369262, 36.370419 ], [ 129.370173, 36.3701211 ], [ 129.3703559, 36.3701804 ], [ 129.370882599999987, 36.3711804 ], [ 129.3710857, 36.3711659 ], [ 129.371486, 36.3714938 ], [ 129.371337, 36.3706787 ], [ 129.37172240000001, 36.3696603 ], [ 129.3718677, 36.3687723 ], [ 129.3723652, 36.36877 ], [ 129.3722175, 36.3699783 ], [ 129.3724746, 36.3699469 ], [ 129.372458099999989, 36.3697799 ], [ 129.372425, 36.3694169 ], [ 129.3725868, 36.3693905 ], [ 129.3727285, 36.369678 ], [ 129.372857900000014, 36.3700921 ], [ 129.3730674, 36.3701404 ], [ 129.373243, 36.3698991 ], [ 129.3733801, 36.3697958 ], [ 129.3735288, 36.3697541 ], [ 129.373732499999988, 36.3697804 ], [ 129.3740747, 36.3697761 ], [ 129.374215, 36.3697418 ], [ 129.3743036, 36.3696923 ], [ 129.3743787, 36.3695907 ], [ 129.3744409, 36.3694407 ], [ 129.374355, 36.3693011 ], [ 129.3743274, 36.3688915 ], [ 129.374506200000013, 36.3686927 ], [ 129.3747907, 36.3688888 ], [ 129.3749206, 36.3689248 ], [ 129.3753738, 36.368722 ], [ 129.3754802, 36.3686404 ], [ 129.3755396, 36.3685252 ], [ 129.375720300000012, 36.3684527 ], [ 129.3760522, 36.3684552 ], [ 129.3762309, 36.3684421 ], [ 129.3763942, 36.3683685 ], [ 129.37665770000001, 36.3681555 ], [ 129.3765883, 36.3679922 ], [ 129.3762125, 36.3678617 ], [ 129.3748593, 36.3677889 ], [ 129.3757129, 36.3673409 ], [ 129.375916, 36.3673579 ], [ 129.3760236, 36.367282 ], [ 129.3760282, 36.3671151 ], [ 129.3762302, 36.3670244 ], [ 129.376294, 36.3670765 ], [ 129.376532200000014, 36.3670145 ], [ 129.3766214, 36.3669168 ], [ 129.376755300000013, 36.3667315 ], [ 129.3765573, 36.3662494 ], [ 129.3766185, 36.3661547 ], [ 129.376683, 36.366152 ], [ 129.3764349, 36.3656594 ], [ 129.3761098, 36.3654298 ], [ 129.375754699999987, 36.3654208 ], [ 129.3757271, 36.3656102 ], [ 129.3755362, 36.3656681 ], [ 129.3751436, 36.3655573 ], [ 129.375126, 36.3653431 ], [ 129.3746334, 36.3655833 ], [ 129.3745542, 36.3657399 ], [ 129.3742422, 36.3657517 ], [ 129.374249, 36.3659001 ], [ 129.374086, 36.3659971 ], [ 129.3737107, 36.3660086 ], [ 129.3734824, 36.3653213 ], [ 129.373513300000013, 36.3649491 ], [ 129.3735824, 36.3648154 ], [ 129.3735246, 36.3645919 ], [ 129.3737315, 36.3643787 ], [ 129.373696700000011, 36.3641607 ], [ 129.3732606, 36.3641631 ], [ 129.3728448, 36.3644208 ], [ 129.3729071, 36.3649036 ], [ 129.3725813, 36.3653627 ], [ 129.372374799999989, 36.3652261 ], [ 129.3722634, 36.3648469 ], [ 129.371927199999988, 36.3649944 ], [ 129.371572, 36.3650289 ], [ 129.3715286, 36.3648268 ], [ 129.3717454, 36.3647949 ], [ 129.371821399999988, 36.3646963 ], [ 129.371839, 36.3643392 ], [ 129.3722299, 36.3646452 ], [ 129.3724417, 36.3643169 ], [ 129.3726811, 36.3643019 ], [ 129.3727774, 36.363398 ], [ 129.3732063, 36.3634125 ], [ 129.3734092, 36.3632989 ], [ 129.373635, 36.3632881 ], [ 129.37373980000001, 36.3630863 ], [ 129.3741499, 36.3631426 ], [ 129.3744973, 36.3627025 ], [ 129.374752300000011, 36.3627182 ], [ 129.3750384, 36.362546 ], [ 129.375344, 36.3624992 ], [ 129.3753992, 36.3622597 ], [ 129.3752886, 36.3621105 ], [ 129.3750423, 36.3620785 ], [ 129.374793, 36.3622065 ], [ 129.3745749, 36.3620872 ], [ 129.3741779, 36.3621512 ], [ 129.3739316, 36.3623806 ], [ 129.3735198, 36.3622924 ], [ 129.3728626, 36.362461 ], [ 129.3728552, 36.3622573 ], [ 129.37334340000001, 36.3620735 ], [ 129.3733111, 36.3618049 ], [ 129.3730266, 36.3616018 ], [ 129.373030699999987, 36.3614413 ], [ 129.37326250000001, 36.3614315 ], [ 129.3736241, 36.3617376 ], [ 129.3739544, 36.361731 ], [ 129.3742666, 36.3616132 ], [ 129.37411560000001, 36.3612072 ], [ 129.3742724, 36.3611679 ], [ 129.3743499, 36.3614233 ], [ 129.3745056, 36.3615379 ], [ 129.3750422, 36.3615313 ], [ 129.3752881, 36.3611745 ], [ 129.375144400000011, 36.360595 ], [ 129.3752973, 36.3602591 ], [ 129.3751867, 36.3599046 ], [ 129.3746883, 36.3596553 ], [ 129.3740976, 36.3596616 ], [ 129.3738998, 36.359704 ], [ 129.373915399999987, 36.3599324 ], [ 129.3736896, 36.3599256 ], [ 129.3736255, 36.3598142 ], [ 129.3730938, 36.3598206 ], [ 129.3730691, 36.3595485 ], [ 129.3736702, 36.3593397 ], [ 129.373629200000011, 36.3590586 ], [ 129.373746899999986, 36.3590424 ], [ 129.3740904, 36.3593715 ], [ 129.3750192, 36.3591834 ], [ 129.3754213, 36.3589819 ], [ 129.3756712, 36.3589303 ], [ 129.3758977, 36.3588128 ], [ 129.3759459, 36.3583383 ], [ 129.376275, 36.3581174 ], [ 129.376370400000013, 36.3587764 ], [ 129.3767067, 36.3587784 ], [ 129.3769618, 36.3588296 ], [ 129.3772625, 36.3587706 ], [ 129.3773315, 36.3586462 ], [ 129.377532699999989, 36.3585283 ], [ 129.3777512, 36.3581616 ], [ 129.3778605, 36.3577098 ], [ 129.377847800000012, 36.3574544 ], [ 129.3778235, 36.3571859 ], [ 129.3778045, 36.3565489 ], [ 129.3772626, 36.3559221 ], [ 129.3772411, 36.3548853 ], [ 129.3771982, 36.3532263 ], [ 129.376576, 36.3526041 ], [ 129.37505250000001, 36.3525523 ], [ 129.3742585, 36.3533818 ], [ 129.3739875, 36.3537858 ], [ 129.3733551, 36.3552496 ], [ 129.3727182, 36.3562649 ], [ 129.372729600000014, 36.3570189 ], [ 129.3724306, 36.3569928 ], [ 129.371410200000014, 36.3578495 ], [ 129.3713994, 36.3575594 ], [ 129.3723469, 36.3559259 ], [ 129.372127400000011, 36.3531386 ], [ 129.3714431, 36.3532151 ], [ 129.3713505, 36.3541061 ], [ 129.3705093, 36.3538071 ], [ 129.3698791, 36.3565211 ], [ 129.3692235, 36.3564356 ], [ 129.3693605, 36.3545742 ], [ 129.368336199999987, 36.3563369 ], [ 129.3683148, 36.3580995 ], [ 129.367435, 36.3588598 ], [ 129.3659544, 36.3586525 ], [ 129.363637, 36.3595683 ], [ 129.361341, 36.360104 ], [ 129.3584442, 36.3612272 ], [ 129.355247, 36.3644239 ], [ 129.354152699999986, 36.3671885 ], [ 129.354131200000012, 36.3672403 ], [ 129.3523717, 36.3686226 ], [ 129.3495393, 36.3709205 ], [ 129.3485584, 36.3713264 ], [ 129.3485064, 36.3715387 ], [ 129.3484569, 36.3716812 ], [ 129.3482941, 36.3718578 ], [ 129.3480817, 36.3718578 ], [ 129.347444700000011, 36.3718692 ], [ 129.3468784, 36.3717609 ], [ 129.346559899999988, 36.371778 ], [ 129.3459795, 36.3718749 ], [ 129.3452433, 36.3722853 ], [ 129.3446204, 36.372878 ], [ 129.3443939, 36.3730433 ], [ 129.343863, 36.3734081 ], [ 129.343795, 36.3736167 ], [ 129.344310299999989, 36.3739359 ], [ 129.344140399999986, 36.3744534 ], [ 129.344029, 36.3744729 ], [ 129.3437542, 36.3746389 ], [ 129.343560599999989, 36.3747206 ], [ 129.342501700000014, 36.3749577 ], [ 129.3423904, 36.375006 ], [ 129.342278099999987, 36.3751752 ], [ 129.3421037, 36.3752066 ], [ 129.341821399999986, 36.3754075 ], [ 129.3410929, 36.3756496 ], [ 129.340856300000013, 36.3757439 ], [ 129.3406158, 36.3759003 ], [ 129.340357399999988, 36.3759338 ], [ 129.3406555, 36.3756822 ], [ 129.3408782, 36.3755843 ], [ 129.3412199, 36.3753678 ], [ 129.341429, 36.3751998 ], [ 129.3414981, 36.3750889 ], [ 129.341702, 36.3749091 ], [ 129.3418112, 36.374715 ], [ 129.341993, 36.3745846 ], [ 129.342313499999989, 36.3742946 ], [ 129.3422689, 36.3742281 ], [ 129.3422383, 36.3741012 ], [ 129.3426575, 36.3739568 ], [ 129.34298050000001, 36.3737089 ], [ 129.3435729, 36.373425 ], [ 129.3442892, 36.3728909 ], [ 129.344534900000014, 36.3726931 ], [ 129.345269, 36.3718823 ], [ 129.3458506, 36.3714497 ], [ 129.3460296, 36.3713263 ], [ 129.3462616, 36.3712249 ], [ 129.3466153, 36.3711274 ], [ 129.3467004, 36.3708491 ], [ 129.3475202, 36.3708402 ], [ 129.3478953, 36.3706407 ], [ 129.3482846, 36.3703443 ], [ 129.3485748, 36.3700252 ], [ 129.3486456, 36.3697972 ], [ 129.3488417, 36.3693273 ], [ 129.3488846, 36.3690594 ], [ 129.3491421, 36.3689731 ], [ 129.349517600000013, 36.3690681 ], [ 129.3497965, 36.3689644 ], [ 129.350054, 36.3686534 ], [ 129.350054, 36.3684202 ], [ 129.349936, 36.3680746 ], [ 129.3501828, 36.3680141 ], [ 129.3505475, 36.3681696 ], [ 129.3508833, 36.3681833 ], [ 129.3522331, 36.3669394 ], [ 129.3530624, 36.365368 ], [ 129.3547699, 36.3630502 ], [ 129.3560221, 36.361793 ], [ 129.357014, 36.3606799 ], [ 129.3598273, 36.3593834 ], [ 129.361583599999989, 36.3588203 ], [ 129.3629496, 36.3581262 ], [ 129.365161199999989, 36.3557295 ], [ 129.36664110000001, 36.354708 ], [ 129.3673729, 36.3540401 ], [ 129.3684461, 36.3529923 ], [ 129.3687803, 36.352094 ], [ 129.3689761, 36.3518816 ], [ 129.3691856, 36.351425 ], [ 129.3696416, 36.3510975 ], [ 129.3702578, 36.3507004 ], [ 129.3707384, 36.3504225 ], [ 129.3711698, 36.3503927 ], [ 129.3717613, 36.3501743 ], [ 129.371983199999988, 36.3499957 ], [ 129.3718599, 36.349817 ], [ 129.3718599, 36.3495887 ], [ 129.3719709, 36.3489534 ], [ 129.3716997, 36.3488343 ], [ 129.370972599999988, 36.3488939 ], [ 129.3708001, 36.3487648 ], [ 129.3707508, 36.3485266 ], [ 129.3709849, 36.3483678 ], [ 129.37144090000001, 36.3483281 ], [ 129.3717522, 36.3483124 ], [ 129.371736700000014, 36.3479807 ], [ 129.3716258, 36.347534 ], [ 129.3716135, 36.3471866 ], [ 129.3718599, 36.3469483 ], [ 129.3719955, 36.3467895 ], [ 129.3726117, 36.3466406 ], [ 129.372698, 36.3468888 ], [ 129.372624, 36.347256 ], [ 129.3725378, 36.3476729 ], [ 129.372648700000013, 36.3480501 ], [ 129.3731417, 36.3481593 ], [ 129.37361, 36.3482387 ], [ 129.3738195, 36.3484571 ], [ 129.3739674, 36.3487946 ], [ 129.3742878, 36.3490527 ], [ 129.3749287, 36.3494696 ], [ 129.3754586, 36.3498766 ], [ 129.376013199999989, 36.3499758 ], [ 129.376654, 36.3499858 ], [ 129.377023799999989, 36.3502339 ], [ 129.3772826, 36.3504424 ], [ 129.3775784, 36.3504126 ], [ 129.3777016, 36.3502141 ], [ 129.377824800000013, 36.3497872 ], [ 129.378071299999988, 36.3494894 ], [ 129.378354800000011, 36.3491817 ], [ 129.378798499999988, 36.3487549 ], [ 129.3792052, 36.3482884 ], [ 129.379648800000012, 36.3478417 ], [ 129.3800802, 36.3474843 ], [ 129.3806224, 36.347127 ], [ 129.3807703, 36.3471766 ], [ 129.3809305, 36.3469086 ], [ 129.3811031, 36.3466009 ], [ 129.381214, 36.3460252 ], [ 129.3812756, 36.3457472 ], [ 129.3808936, 36.3457174 ], [ 129.3803883, 36.3458763 ], [ 129.3802157, 36.3462932 ], [ 129.3796735, 36.3466406 ], [ 129.3791559, 36.3472263 ], [ 129.378835400000014, 36.3475241 ], [ 129.3782315, 36.3477027 ], [ 129.3780344, 36.3476829 ], [ 129.377972699999987, 36.3473355 ], [ 129.378169899999989, 36.3470079 ], [ 129.3783918, 36.3465711 ], [ 129.3786752, 36.3461443 ], [ 129.378971, 36.3458763 ], [ 129.3791559, 36.3455884 ], [ 129.3792298, 36.3452211 ], [ 129.379032599999988, 36.3450226 ], [ 129.3787615, 36.3452906 ], [ 129.3782685, 36.3455189 ], [ 129.3777016, 36.3457075 ], [ 129.3770854, 36.3458068 ], [ 129.3769375, 36.3455983 ], [ 129.3768389, 36.3452509 ], [ 129.3770854, 36.3449829 ], [ 129.3776277, 36.3447248 ], [ 129.3780344, 36.3444865 ], [ 129.3781822, 36.3441689 ], [ 129.3784904, 36.343881 ], [ 129.379032599999988, 36.3435435 ], [ 129.3796735, 36.343067 ], [ 129.3796735, 36.3427593 ], [ 129.379648800000012, 36.3424019 ], [ 129.379365400000012, 36.3421736 ], [ 129.3790696, 36.341846 ], [ 129.3786752, 36.3414588 ], [ 129.3783671, 36.3414886 ], [ 129.3780837, 36.3413099 ], [ 129.377972699999987, 36.341161 ], [ 129.378071299999988, 36.3409227 ], [ 129.3782932, 36.3407341 ], [ 129.378699899999987, 36.3405058 ], [ 129.3789956, 36.3403569 ], [ 129.37921750000001, 36.3400094 ], [ 129.379464, 36.3395627 ], [ 129.3796365, 36.339255 ], [ 129.379927, 36.3385893 ], [ 129.3797581, 36.3385108 ], [ 129.3799823, 36.3383248 ], [ 129.3798337, 36.3379743 ], [ 129.3804869, 36.3372099 ], [ 129.3805855, 36.3368227 ], [ 129.3803143, 36.3360086 ], [ 129.3797228, 36.3348173 ], [ 129.37921750000001, 36.3341819 ], [ 129.378847799999988, 36.3339436 ], [ 129.3783425, 36.3340131 ], [ 129.3779111, 36.3341025 ], [ 129.3775537, 36.3338245 ], [ 129.3773319, 36.3333777 ], [ 129.37711, 36.333338 ], [ 129.3765431, 36.3335068 ], [ 129.3760748, 36.3335763 ], [ 129.375569500000012, 36.3339734 ], [ 129.3752491, 36.3344599 ], [ 129.3750273, 36.3349166 ], [ 129.3748424, 36.3346882 ], [ 129.3747438, 36.3344202 ], [ 129.3745466, 36.3340826 ], [ 129.37427550000001, 36.3339436 ], [ 129.3739304, 36.3339436 ], [ 129.3735237, 36.3339535 ], [ 129.37331420000001, 36.3339039 ], [ 129.3731047, 36.334023 ], [ 129.3728582, 36.3343507 ], [ 129.3730061, 36.3346981 ], [ 129.3731817, 36.3350084 ], [ 129.3729937, 36.3354551 ], [ 129.3730554, 36.3359193 ], [ 129.372833500000013, 36.3364057 ], [ 129.3723652, 36.3366142 ], [ 129.3721064, 36.3370014 ], [ 129.371746, 36.3368301 ], [ 129.371524099999988, 36.3368252 ], [ 129.3713701, 36.3366043 ], [ 129.3696694, 36.3370436 ], [ 129.3688467, 36.3370411 ], [ 129.3687573, 36.3371577 ], [ 129.368709599999988, 36.3373129 ], [ 129.3686473, 36.3406197 ], [ 129.3686601, 36.3407295 ], [ 129.368688, 36.3407896 ], [ 129.368725399999988, 36.3408438 ], [ 129.369008900000011, 36.341083 ], [ 129.3691129, 36.3412059 ], [ 129.3693896, 36.3419613 ], [ 129.3695294, 36.3422292 ], [ 129.3696046, 36.3424019 ], [ 129.3692102, 36.3423225 ], [ 129.3690377, 36.3421041 ], [ 129.3689884, 36.3418658 ], [ 129.3690377, 36.3416276 ], [ 129.3688282, 36.3413496 ], [ 129.368668, 36.341429 ], [ 129.3685817, 36.3416772 ], [ 129.3682736, 36.3419155 ], [ 129.3679778, 36.3421636 ], [ 129.367706700000014, 36.3424217 ], [ 129.3675465, 36.3426103 ], [ 129.3675834, 36.3428685 ], [ 129.3674479, 36.3429379 ], [ 129.367275299999989, 36.3428089 ], [ 129.3670042, 36.3425508 ], [ 129.3667331, 36.3425309 ], [ 129.366548200000011, 36.342799 ], [ 129.366597500000012, 36.3431464 ], [ 129.3664126, 36.3432953 ], [ 129.3660429, 36.3435137 ], [ 129.3655253, 36.3440994 ], [ 129.3652788, 36.344417 ], [ 129.3647119, 36.3448042 ], [ 129.3646133, 36.3452112 ], [ 129.3644038, 36.3453402 ], [ 129.3641327, 36.345499 ], [ 129.3640957, 36.3457472 ], [ 129.363861500000013, 36.3458961 ], [ 129.363726, 36.3460152 ], [ 129.363910800000014, 36.3462932 ], [ 129.363726, 36.3467796 ], [ 129.3636397, 36.346988 ], [ 129.3633686, 36.3468391 ], [ 129.363048099999986, 36.3466207 ], [ 129.3627524, 36.3467796 ], [ 129.3624812, 36.3470476 ], [ 129.3622717, 36.3475439 ], [ 129.362185399999987, 36.3478516 ], [ 129.362148499999989, 36.3482387 ], [ 129.362284, 36.3484472 ], [ 129.362395, 36.3489038 ], [ 129.3622594, 36.3491619 ], [ 129.3621817, 36.3494138 ], [ 129.3613019, 36.3505199 ], [ 129.3580006, 36.351415 ], [ 129.35612660000001, 36.3545538 ], [ 129.356033200000013, 36.3548622 ], [ 129.355725, 36.3550126 ], [ 129.3557203, 36.355148 ], [ 129.3552813, 36.355415 ], [ 129.355136499999986, 36.355479 ], [ 129.3549497, 36.3554715 ], [ 129.3546976, 36.3553549 ], [ 129.354487400000011, 36.3551894 ], [ 129.353958, 36.3550507 ], [ 129.3533152, 36.3551856 ], [ 129.3531705, 36.3552909 ], [ 129.3520259, 36.3559867 ], [ 129.3513618, 36.3563521 ], [ 129.3510546, 36.357036 ], [ 129.351007, 36.3575905 ], [ 129.3507239, 36.3582376 ], [ 129.3506027, 36.3588078 ], [ 129.350424, 36.3591726 ], [ 129.3504623, 36.3594706 ], [ 129.3501051, 36.3600203 ], [ 129.349282100000011, 36.3605648 ], [ 129.3490525, 36.360457 ], [ 129.349594700000011, 36.3597942 ], [ 129.3496968, 36.3593319 ], [ 129.3500094, 36.3588541 ], [ 129.3501561, 36.3583403 ], [ 129.35016250000001, 36.3578369 ], [ 129.3504815, 36.3574259 ], [ 129.3507303, 36.3572923 ], [ 129.350558, 36.3566655 ], [ 129.350475100000011, 36.3562493 ], [ 129.3506027, 36.3560952 ], [ 129.35038, 36.3560192 ], [ 129.3497108, 36.3555063 ], [ 129.348525200000012, 36.3550386 ], [ 129.3476332, 36.3553692 ], [ 129.3475058, 36.3563271 ], [ 129.3463165, 36.3562815 ], [ 129.3466704, 36.355164 ], [ 129.3466704, 36.3540465 ], [ 129.3456793, 36.3547307 ], [ 129.344659900000011, 36.3558139 ], [ 129.343923600000011, 36.356863 ], [ 129.3425412, 36.3594983 ], [ 129.3423804, 36.3598048 ], [ 129.3411486, 36.3603749 ], [ 129.3417574, 36.3590294 ], [ 129.3417715, 36.3572279 ], [ 129.3410211, 36.3570454 ], [ 129.3407685, 36.3566612 ], [ 129.3414525, 36.3565947 ], [ 129.341569600000014, 36.3563425 ], [ 129.3418408, 36.3561309 ], [ 129.3420992, 36.3562182 ], [ 129.342570099999989, 36.3561988 ], [ 129.3427479, 36.3561056 ], [ 129.3426967, 36.3560232 ], [ 129.3429888, 36.3557294 ], [ 129.3434373, 36.3556728 ], [ 129.3436331, 36.355445 ], [ 129.3437366, 36.3552917 ], [ 129.3438447, 36.3550388 ], [ 129.3439836, 36.3548925 ], [ 129.344403199999988, 36.3546298 ], [ 129.3445523, 36.3544964 ], [ 129.3447641, 36.3541155 ], [ 129.3449967, 36.3539839 ], [ 129.3451724, 36.3538796 ], [ 129.3453388, 36.3536959 ], [ 129.3453604, 36.3536205 ], [ 129.3451244, 36.353276 ], [ 129.344539700000013, 36.3529656 ], [ 129.3445183, 36.3524045 ], [ 129.342068899999987, 36.3521764 ], [ 129.3387841, 36.3534992 ], [ 129.3379912, 36.3539895 ], [ 129.3366886, 36.355278 ], [ 129.3358249, 36.3558139 ], [ 129.3353218, 36.3561678 ], [ 129.3348551, 36.3562196 ], [ 129.335839099999987, 36.3543088 ], [ 129.3363063, 36.3537614 ], [ 129.3368868, 36.3536588 ], [ 129.3373824, 36.3529404 ], [ 129.3383876, 36.3523475 ], [ 129.3398884, 36.3514352 ], [ 129.33966190000001, 36.3503177 ], [ 129.3384867, 36.3496221 ], [ 129.3371134, 36.3489721 ], [ 129.3351453, 36.3483448 ], [ 129.33426750000001, 36.3480255 ], [ 129.3337436, 36.3476492 ], [ 129.33446570000001, 36.3471132 ], [ 129.335966500000012, 36.3475694 ], [ 129.3372125, 36.3481852 ], [ 129.3376514, 36.3481624 ], [ 129.3373824, 36.3475922 ], [ 129.3379912, 36.3469878 ], [ 129.339492, 36.3487668 ], [ 129.341007, 36.3494738 ], [ 129.3431449, 36.350158 ], [ 129.343867, 36.3507054 ], [ 129.3455094, 36.3517089 ], [ 129.3469677, 36.3527124 ], [ 129.3486668, 36.352929 ], [ 129.3504791, 36.3537614 ], [ 129.3516967, 36.353636 ], [ 129.352145299999989, 36.3534925 ], [ 129.3531355, 36.3539852 ], [ 129.3533079, 36.353774 ], [ 129.3532461, 36.353523 ], [ 129.3537757, 36.3534975 ], [ 129.3541448, 36.3536153 ], [ 129.354586899999987, 36.3536886 ], [ 129.35487040000001, 36.3539182 ], [ 129.355103899999989, 36.3543055 ], [ 129.355197299999986, 36.354298 ], [ 129.3554588, 36.3540423 ], [ 129.3555662, 36.3537376 ], [ 129.356248, 36.3533465 ], [ 129.3566629, 36.353199 ], [ 129.3567964, 36.3530658 ], [ 129.3567214, 36.3529694 ], [ 129.3568318, 36.3528219 ], [ 129.3563632, 36.3524901 ], [ 129.3559933, 36.3526766 ], [ 129.3545143, 36.3519598 ], [ 129.3556113, 36.3515451 ], [ 129.3559195, 36.3510014 ], [ 129.355887700000011, 36.3503975 ], [ 129.355491199999989, 36.3496107 ], [ 129.3557744, 36.3488352 ], [ 129.3574026, 36.3479457 ], [ 129.3578982, 36.3472615 ], [ 129.3586628, 36.3467597 ], [ 129.3589459, 36.3454254 ], [ 129.3598379, 36.344821 ], [ 129.3606733, 36.3441652 ], [ 129.3611229, 36.3428082 ], [ 129.3625351, 36.3418617 ], [ 129.363321, 36.3413198 ], [ 129.3638023, 36.3397003 ], [ 129.3647793, 36.3390844 ], [ 129.363887299999988, 36.3386282 ], [ 129.3630944, 36.338115 ], [ 129.364382799999987, 36.3376816 ], [ 129.367342, 36.3365411 ], [ 129.367950799999988, 36.3362331 ], [ 129.3681066, 36.3354233 ], [ 129.3685313, 36.3347504 ], [ 129.3691543, 36.3354804 ], [ 129.369664, 36.3357769 ], [ 129.3703578, 36.3354804 ], [ 129.370612599999987, 36.3348873 ], [ 129.3700561, 36.3338658 ], [ 129.3696706, 36.3331605 ], [ 129.3695425, 36.3326898 ], [ 129.3692935, 36.3321975 ], [ 129.3691682, 36.3321109 ], [ 129.36869, 36.3320789 ], [ 129.3685256, 36.3320817 ], [ 129.3685854, 36.3322125 ], [ 129.3681473, 36.332724 ], [ 129.3677887, 36.3327351 ], [ 129.3675115, 36.332456 ], [ 129.3673651, 36.3322746 ], [ 129.3671937, 36.3322431 ], [ 129.3666733, 36.3322929 ], [ 129.3662771, 36.3321441 ], [ 129.365823400000011, 36.3320286 ], [ 129.365490200000011, 36.3319943 ], [ 129.3652138, 36.3320385 ], [ 129.364677699999987, 36.3321703 ], [ 129.3644544, 36.3321379 ], [ 129.3641313, 36.3322199 ], [ 129.3639332, 36.3323035 ], [ 129.3635495, 36.3321947 ], [ 129.3636903, 36.3316044 ], [ 129.36390080000001, 36.3312004 ], [ 129.364128, 36.3311294 ], [ 129.36445710000001, 36.3306976 ], [ 129.3645315, 36.3305237 ], [ 129.364521700000012, 36.3303328 ], [ 129.364427299999988, 36.3302374 ], [ 129.364251599999989, 36.3302336 ], [ 129.3640287, 36.3303039 ], [ 129.363722200000012, 36.3305586 ], [ 129.3635239, 36.3311335 ], [ 129.362851, 36.3310519 ], [ 129.3620769, 36.3310361 ], [ 129.3617361, 36.3309952 ], [ 129.3612028, 36.3310616 ], [ 129.3606465, 36.3309075 ], [ 129.360044, 36.330865 ], [ 129.359318, 36.3310484 ], [ 129.3586776, 36.3311303 ], [ 129.3581874, 36.3313511 ], [ 129.357485200000013, 36.3319812 ], [ 129.3569574, 36.3322065 ], [ 129.3571503, 36.3324517 ], [ 129.3570331, 36.3326028 ], [ 129.3568716, 36.3326977 ], [ 129.35668290000001, 36.333104 ], [ 129.3558166, 36.3331755 ], [ 129.3554054, 36.3333598 ], [ 129.3555067, 36.3334764 ], [ 129.3550856, 36.3337623 ], [ 129.3545724, 36.3338264 ], [ 129.3540543, 36.3344679 ], [ 129.3531041, 36.3352288 ], [ 129.352845, 36.3352975 ], [ 129.35237570000001, 36.3355939 ], [ 129.3515831, 36.3357767 ], [ 129.351271700000012, 36.3359137 ], [ 129.351339, 36.3360734 ], [ 129.351425799999987, 36.3360934 ], [ 129.3517239, 36.3359951 ], [ 129.3518518, 36.3363365 ], [ 129.3517915, 36.3364972 ], [ 129.3516505, 36.3365303 ], [ 129.3514136, 36.3366859 ], [ 129.351517, 36.3368183 ], [ 129.3514084, 36.3369465 ], [ 129.3510245, 36.3368195 ], [ 129.3508501, 36.3369805 ], [ 129.3503775, 36.3371953 ], [ 129.3497252, 36.3369454 ], [ 129.3492147, 36.3368816 ], [ 129.348847400000011, 36.3371388 ], [ 129.348581599999989, 36.3372352 ], [ 129.347472900000014, 36.3371557 ], [ 129.346916, 36.3374187 ], [ 129.346571399999988, 36.3378584 ], [ 129.346638500000012, 36.3380352 ], [ 129.3462687, 36.3382063 ], [ 129.3459412, 36.3388021 ], [ 129.345346299999989, 36.3388541 ], [ 129.34481980000001, 36.3388227 ], [ 129.344534399999986, 36.3392872 ], [ 129.344384600000012, 36.3396991 ], [ 129.3442106, 36.3398737 ], [ 129.3438228, 36.3399895 ], [ 129.343770400000011, 36.3397366 ], [ 129.3434576, 36.3396273 ], [ 129.3432446, 36.3396895 ], [ 129.3431168, 36.3399886 ], [ 129.342833500000012, 36.3404831 ], [ 129.342936, 36.3409014 ], [ 129.3428599, 36.3409766 ], [ 129.3428891, 36.3412593 ], [ 129.3429497, 36.3416487 ], [ 129.3425586, 36.3419596 ], [ 129.342246499999987, 36.3419561 ], [ 129.342019599999986, 36.3421254 ], [ 129.341912900000011, 36.3421592 ], [ 129.3417159, 36.3423046 ], [ 129.3415206, 36.3423702 ], [ 129.341508, 36.3420901 ], [ 129.3416681, 36.3419102 ], [ 129.3416774, 36.3417119 ], [ 129.342007599999988, 36.3414645 ], [ 129.342066499999987, 36.3410072 ], [ 129.3421597, 36.3408356 ], [ 129.342221, 36.3404131 ], [ 129.3418122, 36.3402934 ], [ 129.341413100000011, 36.3402678 ], [ 129.3408088, 36.3410461 ], [ 129.3390106, 36.3418102 ], [ 129.3371841, 36.3421638 ], [ 129.3356833, 36.3422094 ], [ 129.3344232, 36.3422094 ], [ 129.333853299999987, 36.3420383 ], [ 129.3336239, 36.3420371 ], [ 129.333463200000011, 36.3420906 ], [ 129.333110299999987, 36.3423996 ], [ 129.33302230000001, 36.3428506 ], [ 129.3328089, 36.3429937 ], [ 129.3325342, 36.3430176 ], [ 129.331920599999989, 36.3431521 ], [ 129.3312981, 36.3430862 ], [ 129.3310931, 36.3430465 ], [ 129.3308487, 36.3429471 ], [ 129.3305188, 36.3428369 ], [ 129.3302822, 36.3427949 ], [ 129.3299833, 36.3427951 ], [ 129.330084199999988, 36.3425225 ], [ 129.330558200000013, 36.3424554 ], [ 129.3310476, 36.3423569 ], [ 129.331746900000013, 36.342436 ], [ 129.3321271, 36.3424382 ], [ 129.3325088, 36.342477 ], [ 129.3327581, 36.3424586 ], [ 129.3330096, 36.3421781 ], [ 129.3332106, 36.3418513 ], [ 129.333995499999986, 36.3416699 ], [ 129.334241600000013, 36.3417176 ], [ 129.334755199999989, 36.3418644 ], [ 129.335039, 36.3417588 ], [ 129.3348484, 36.3415949 ], [ 129.3349337, 36.3415108 ], [ 129.3353169, 36.3416334 ], [ 129.3357859, 36.3416049 ], [ 129.3357187, 36.3414225 ], [ 129.3364425, 36.3413711 ], [ 129.3367274, 36.3411259 ], [ 129.3373894, 36.3412627 ], [ 129.3377796, 36.340947 ], [ 129.3382052, 36.3407567 ], [ 129.33870970000001, 36.3407011 ], [ 129.3388148, 36.3404791 ], [ 129.339468399999987, 36.3404709 ], [ 129.3396219, 36.3404088 ], [ 129.3394831, 36.3401366 ], [ 129.339899, 36.3399113 ], [ 129.3404998, 36.3395446 ], [ 129.3407148, 36.3395884 ], [ 129.3412228, 36.3395791 ], [ 129.3414812, 36.3395264 ], [ 129.3418494, 36.3395805 ], [ 129.3426077, 36.3393671 ], [ 129.3431324, 36.3393762 ], [ 129.3433819, 36.3392745 ], [ 129.3435766, 36.3391568 ], [ 129.344015399999989, 36.3387501 ], [ 129.3442066, 36.3386667 ], [ 129.3441996, 36.3383118 ], [ 129.344589500000012, 36.3376923 ], [ 129.3445123, 36.337509 ], [ 129.3446834, 36.3374674 ], [ 129.3449194, 36.3376407 ], [ 129.3449172, 36.3377993 ], [ 129.3452881, 36.3379511 ], [ 129.3457395, 36.337713 ], [ 129.3462462, 36.3374397 ], [ 129.3469547, 36.3369013 ], [ 129.3475963, 36.3366941 ], [ 129.3482118, 36.3368424 ], [ 129.348459, 36.3368376 ], [ 129.3487169, 36.3367525 ], [ 129.3492116, 36.3364441 ], [ 129.349399799999986, 36.3364179 ], [ 129.3495582, 36.3364429 ], [ 129.349753600000014, 36.3365226 ], [ 129.3498978, 36.3365677 ], [ 129.350081499999987, 36.3365687 ], [ 129.350313199999988, 36.3365457 ], [ 129.350499500000012, 36.3365098 ], [ 129.3506379, 36.3364578 ], [ 129.3507175, 36.3363588 ], [ 129.350848899999988, 36.3359048 ], [ 129.3510956, 36.33558 ], [ 129.3513611, 36.3355281 ], [ 129.3517281, 36.3355551 ], [ 129.3519312, 36.3355375 ], [ 129.3521766, 36.3354376 ], [ 129.3524823, 36.3352466 ], [ 129.352672500000011, 36.3345188 ], [ 129.3523363, 36.334132 ], [ 129.352511600000014, 36.3336609 ], [ 129.3527512, 36.3334135 ], [ 129.3528485, 36.3332167 ], [ 129.353190899999987, 36.3334584 ], [ 129.3535061, 36.3333758 ], [ 129.3536928, 36.3329574 ], [ 129.3539104, 36.3327574 ], [ 129.354616600000014, 36.3325262 ], [ 129.3547596, 36.3324014 ], [ 129.354762099999988, 36.3322014 ], [ 129.355267199999986, 36.3318917 ], [ 129.355470200000013, 36.3316812 ], [ 129.3553464, 36.331449 ], [ 129.355586499999987, 36.3310967 ], [ 129.3558267, 36.3311316 ], [ 129.3560358, 36.3309531 ], [ 129.3559364, 36.3308246 ], [ 129.356277299999988, 36.3306776 ], [ 129.356390299999987, 36.3305479 ], [ 129.3564126, 36.3303318 ], [ 129.3568664, 36.3303976 ], [ 129.3571969, 36.3306017 ], [ 129.3574394, 36.3305518 ], [ 129.3575812, 36.33021 ], [ 129.357414, 36.3298893 ], [ 129.356682799999987, 36.3294123 ], [ 129.3563146, 36.3293744 ], [ 129.355235, 36.3291344 ], [ 129.355253800000014, 36.3289223 ], [ 129.3547226, 36.3286104 ], [ 129.3552804, 36.3286955 ], [ 129.355355300000014, 36.3285286 ], [ 129.3560199, 36.328748 ], [ 129.3564266, 36.3289965 ], [ 129.3573366, 36.3294418 ], [ 129.3577402, 36.3294593 ], [ 129.3580111, 36.3293216 ], [ 129.3584133, 36.3290633 ], [ 129.358509700000013, 36.3289098 ], [ 129.3579554, 36.3284299 ], [ 129.357133, 36.328097 ], [ 129.3565609, 36.3279756 ], [ 129.3565116, 36.3278565 ], [ 129.356425300000012, 36.3278118 ], [ 129.356283600000012, 36.3278267 ], [ 129.3561049, 36.3277075 ], [ 129.3560556, 36.3275685 ], [ 129.3560556, 36.327221 ], [ 129.35613570000001, 36.3272806 ], [ 129.356141900000011, 36.32736 ], [ 129.356289800000013, 36.3275536 ], [ 129.356604, 36.3277224 ], [ 129.356744099999986, 36.3277337 ], [ 129.3574913, 36.3280049 ], [ 129.3582463, 36.3280607 ], [ 129.359288, 36.328778 ], [ 129.3594793, 36.3289938 ], [ 129.3597076, 36.3291402 ], [ 129.360263300000014, 36.3291102 ], [ 129.3602285, 36.3289309 ], [ 129.3603316, 36.3284433 ], [ 129.3604761, 36.3285801 ], [ 129.3605679, 36.3289232 ], [ 129.3607021, 36.3291428 ], [ 129.3609461, 36.3291551 ], [ 129.3607437, 36.3289414 ], [ 129.3608123, 36.3286781 ], [ 129.3607514, 36.3284835 ], [ 129.3609994, 36.3283741 ], [ 129.3613004, 36.3287971 ], [ 129.361268200000012, 36.3290012 ], [ 129.3614966, 36.3289772 ], [ 129.3615629, 36.3287981 ], [ 129.3607199, 36.3274965 ], [ 129.360676399999988, 36.32716 ], [ 129.3607193, 36.3266964 ], [ 129.3610004, 36.3267651 ], [ 129.3609284, 36.3271252 ], [ 129.361516099999989, 36.3282252 ], [ 129.361894799999988, 36.3286042 ], [ 129.3623986, 36.328932 ], [ 129.362935, 36.3291288 ], [ 129.3640284, 36.3298842 ], [ 129.364563800000013, 36.3300371 ], [ 129.3648431, 36.3303571 ], [ 129.3648406, 36.3305188 ], [ 129.3647868, 36.3306589 ], [ 129.364232, 36.3312665 ], [ 129.3641551, 36.3314338 ], [ 129.3641639, 36.3315979 ], [ 129.3650108, 36.3315988 ], [ 129.365301100000011, 36.3317282 ], [ 129.366482600000012, 36.3320216 ], [ 129.3672997, 36.3319163 ], [ 129.3677097, 36.3318052 ], [ 129.3677693, 36.3317129 ], [ 129.367795199999989, 36.331438 ], [ 129.3679591, 36.3314526 ], [ 129.3679881, 36.331715 ], [ 129.3681861, 36.3317507 ], [ 129.3686568, 36.33195 ], [ 129.368794900000012, 36.3319951 ], [ 129.3691646, 36.3319873 ], [ 129.3690727, 36.3314301 ], [ 129.3689076, 36.3311509 ], [ 129.3689511, 36.3305171 ], [ 129.3690566, 36.3303633 ], [ 129.3692398, 36.3303565 ], [ 129.3692791, 36.3305612 ], [ 129.369161600000012, 36.3310382 ], [ 129.369216099999989, 36.3314129 ], [ 129.3693419, 36.3315561 ], [ 129.3694116, 36.3319665 ], [ 129.369607, 36.3321099 ], [ 129.3697489, 36.3326174 ], [ 129.3701896, 36.3331362 ], [ 129.3702865, 36.3331956 ], [ 129.3704335, 36.3332166 ], [ 129.370830399999988, 36.3331834 ], [ 129.3709984, 36.3333051 ], [ 129.3713, 36.3329633 ], [ 129.3714574, 36.3330042 ], [ 129.371563400000014, 36.3331633 ], [ 129.3720476, 36.3330765 ], [ 129.3725832, 36.3327464 ], [ 129.3733746, 36.3326543 ], [ 129.373731600000013, 36.3325709 ], [ 129.3734604, 36.3322253 ], [ 129.373607600000014, 36.3319143 ], [ 129.373741, 36.3314651 ], [ 129.3736217, 36.3312496 ], [ 129.3737371, 36.3311384 ], [ 129.373871400000013, 36.331374 ], [ 129.374086299999988, 36.3320268 ], [ 129.3743445, 36.3321828 ], [ 129.3745653, 36.3320632 ], [ 129.3750437, 36.3322547 ], [ 129.375399499999986, 36.3322921 ], [ 129.3755855, 36.3322718 ], [ 129.376225799999986, 36.331851 ], [ 129.3762939, 36.3317266 ], [ 129.3765544, 36.3316409 ], [ 129.376723, 36.3317177 ], [ 129.376904, 36.3316825 ], [ 129.376876399999986, 36.3314705 ], [ 129.377168399999988, 36.3313083 ], [ 129.37737340000001, 36.3313137 ], [ 129.377492, 36.3311305 ], [ 129.3774574, 36.3309762 ], [ 129.377298, 36.3308062 ], [ 129.376945400000011, 36.3305886 ], [ 129.3766159, 36.329937 ], [ 129.3757239, 36.3291728 ], [ 129.3750868, 36.3281348 ], [ 129.3764066, 36.3286614 ], [ 129.377559600000012, 36.3288996 ], [ 129.37874690000001, 36.3289435 ], [ 129.3792067, 36.3280542 ], [ 129.379554, 36.3269077 ], [ 129.380263899999989, 36.324538 ], [ 129.3803944, 36.3236564 ], [ 129.380141400000014, 36.3234807 ], [ 129.3796883, 36.3243477 ], [ 129.3789662, 36.3242678 ], [ 129.3793202, 36.3231271 ], [ 129.379773300000011, 36.3224997 ], [ 129.3794618, 36.3214387 ], [ 129.3781592, 36.3214273 ], [ 129.376984, 36.321473 ], [ 129.373982399999989, 36.3211079 ], [ 129.3720285, 36.3203094 ], [ 129.371174, 36.3203549 ], [ 129.3712793, 36.3216191 ], [ 129.3706334, 36.3218251 ], [ 129.3703912, 36.3215068 ], [ 129.370639, 36.3207365 ], [ 129.3705062, 36.3205219 ], [ 129.368279300000012, 36.3210589 ], [ 129.3674475, 36.3217362 ], [ 129.3675582, 36.3222867 ], [ 129.3673236, 36.3227992 ], [ 129.3652497, 36.3230939 ], [ 129.3664269, 36.3207927 ], [ 129.3668307, 36.3195118 ], [ 129.366262299999988, 36.3186092 ], [ 129.3672435, 36.3179413 ], [ 129.36736350000001, 36.3167084 ], [ 129.368275899999986, 36.3154266 ], [ 129.3690517, 36.3157227 ], [ 129.3691461, 36.3163057 ], [ 129.369635499999987, 36.3199623 ], [ 129.370551400000011, 36.3197489 ], [ 129.3704923, 36.31926 ], [ 129.3707991, 36.3191642 ], [ 129.371653, 36.3192888 ], [ 129.3739541, 36.3196363 ], [ 129.3756814, 36.3201611 ], [ 129.3770548, 36.3200812 ], [ 129.3771681, 36.3193967 ], [ 129.3765168, 36.3179935 ], [ 129.376573400000012, 36.3169668 ], [ 129.3764885, 36.315324 ], [ 129.3768566, 36.3146395 ], [ 129.3776212, 36.3140462 ], [ 129.3776636, 36.3131791 ], [ 129.3763044, 36.3121637 ], [ 129.376361, 36.3112624 ], [ 129.3771822, 36.3110799 ], [ 129.3776636, 36.3109544 ], [ 129.3780176, 36.3102128 ], [ 129.3777911, 36.3089806 ], [ 129.376941499999987, 36.3080336 ], [ 129.37663, 36.3076114 ], [ 129.375214199999988, 36.3071208 ], [ 129.3741523, 36.3068926 ], [ 129.3729913, 36.3070866 ], [ 129.3714338, 36.3071664 ], [ 129.3704515, 36.3071642 ], [ 129.370461, 36.3075335 ], [ 129.3700172, 36.3077713 ], [ 129.3700902, 36.3080257 ], [ 129.3700418, 36.3084409 ], [ 129.3693146, 36.3088035 ], [ 129.3686175, 36.3082644 ], [ 129.367105900000013, 36.3086841 ], [ 129.3671196, 36.3082608 ], [ 129.3686037, 36.307831 ], [ 129.3685958, 36.3071995 ], [ 129.368189300000012, 36.3062599 ], [ 129.368383599999987, 36.3055725 ], [ 129.3695682, 36.3054963 ], [ 129.3698166, 36.3059496 ], [ 129.3698745, 36.3063853 ], [ 129.3703633, 36.3064041 ], [ 129.3704147, 36.306846 ], [ 129.372280499999988, 36.3068286 ], [ 129.3733311, 36.3058885 ], [ 129.375440700000013, 36.3056261 ], [ 129.3760354, 36.3052496 ], [ 129.3770831, 36.304816 ], [ 129.376849600000014, 36.3035722 ], [ 129.3762902, 36.3022829 ], [ 129.3754832, 36.3019292 ], [ 129.3752567, 36.3009935 ], [ 129.375610599999987, 36.3002746 ], [ 129.3752991, 36.2996014 ], [ 129.37527080000001, 36.2987341 ], [ 129.3764601, 36.2988825 ], [ 129.3767858, 36.2977756 ], [ 129.3764035, 36.2968399 ], [ 129.37507260000001, 36.2950141 ], [ 129.3755509, 36.2947348 ], [ 129.3762853, 36.2948389 ], [ 129.3767214, 36.2945042 ], [ 129.3771102, 36.2946089 ], [ 129.377093800000011, 36.2941434 ], [ 129.376987500000013, 36.2935254 ], [ 129.3761911, 36.2929371 ], [ 129.375143400000013, 36.2932452 ], [ 129.374902600000013, 36.2928687 ], [ 129.37473270000001, 36.2925149 ], [ 129.37477530000001, 36.2912482 ], [ 129.374477899999988, 36.2909971 ], [ 129.3734742, 36.2912808 ], [ 129.3718807, 36.2914528 ], [ 129.3722975, 36.2924236 ], [ 129.371476300000012, 36.2934278 ], [ 129.3713549, 36.2940826 ], [ 129.370117099999987, 36.2943065 ], [ 129.3709949, 36.2934507 ], [ 129.3711082, 36.2926062 ], [ 129.3708392, 36.2919899 ], [ 129.3697738, 36.2918985 ], [ 129.3697168, 36.2932371 ], [ 129.3692245, 36.2935299 ], [ 129.3691916, 36.2921697 ], [ 129.3684605, 36.2928002 ], [ 129.3677534, 36.2935568 ], [ 129.3681128, 36.294038 ], [ 129.3677566, 36.2941324 ], [ 129.3676882, 36.2942764 ], [ 129.3672432, 36.2943559 ], [ 129.367068100000012, 36.294114 ], [ 129.366851200000013, 36.2942365 ], [ 129.366601, 36.2948043 ], [ 129.3664474, 36.2948227 ], [ 129.3658321, 36.2942565 ], [ 129.3656234, 36.2942963 ], [ 129.36616570000001, 36.2947333 ], [ 129.3664183, 36.2950859 ], [ 129.366843499999987, 36.2960594 ], [ 129.3668807, 36.2964747 ], [ 129.367507, 36.297175 ], [ 129.36771920000001, 36.2973773 ], [ 129.367445, 36.2978492 ], [ 129.367386, 36.2981739 ], [ 129.3673516, 36.2985153 ], [ 129.3674232, 36.2987972 ], [ 129.3677116, 36.2989034 ], [ 129.367689500000012, 36.2991055 ], [ 129.367777, 36.2993208 ], [ 129.3679699, 36.299536 ], [ 129.3693183, 36.3001808 ], [ 129.3691988, 36.3004017 ], [ 129.3685413, 36.3012769 ], [ 129.368068599999987, 36.3013973 ], [ 129.3673736, 36.3012928 ], [ 129.366390200000012, 36.3010044 ], [ 129.3658088, 36.3004068 ], [ 129.365590700000013, 36.2996851 ], [ 129.3652497, 36.2989508 ], [ 129.3652845, 36.298604 ], [ 129.3642979, 36.3003431 ], [ 129.3634625, 36.3013016 ], [ 129.361650200000014, 36.3023513 ], [ 129.3609281, 36.3029105 ], [ 129.3596114, 36.3034353 ], [ 129.3586486, 36.3040058 ], [ 129.3568646, 36.3051469 ], [ 129.356128399999989, 36.3063221 ], [ 129.3553355, 36.307098 ], [ 129.3537356, 36.3086953 ], [ 129.3531834, 36.3107148 ], [ 129.3534382, 36.3122208 ], [ 129.352617, 36.3129966 ], [ 129.351356900000013, 36.3138294 ], [ 129.3508472, 36.3150274 ], [ 129.3503658, 36.3157005 ], [ 129.3495446, 36.3174574 ], [ 129.348794199999986, 36.3183358 ], [ 129.3482749, 36.3184383 ], [ 129.3481004, 36.3184727 ], [ 129.3486385, 36.3174231 ], [ 129.349657900000011, 36.3160998 ], [ 129.3495297, 36.3150184 ], [ 129.3500129, 36.3144902 ], [ 129.3501776, 36.3137345 ], [ 129.3506839, 36.3132279 ], [ 129.350856, 36.3129679 ], [ 129.351326699999987, 36.312045 ], [ 129.3514204, 36.3118244 ], [ 129.3514544, 36.3116212 ], [ 129.351345400000014, 36.3103563 ], [ 129.3512686, 36.3101418 ], [ 129.3512799, 36.309822 ], [ 129.3510671, 36.3098101 ], [ 129.350894399999987, 36.3096633 ], [ 129.3504168, 36.3095868 ], [ 129.350132300000013, 36.3097221 ], [ 129.3497993, 36.3095518 ], [ 129.349433800000014, 36.309825 ], [ 129.348971, 36.3096191 ], [ 129.3494081, 36.3091643 ], [ 129.3492688, 36.3090719 ], [ 129.3487809, 36.3091091 ], [ 129.348524, 36.3089329 ], [ 129.348879, 36.3086496 ], [ 129.348667799999987, 36.3085352 ], [ 129.3484887, 36.308343 ], [ 129.348277, 36.3078818 ], [ 129.3482884, 36.3076693 ], [ 129.347817099999986, 36.3075691 ], [ 129.3475932, 36.3078616 ], [ 129.3475551, 36.3083657 ], [ 129.34747010000001, 36.3085159 ], [ 129.347528899999986, 36.3089013 ], [ 129.3474998, 36.3090307 ], [ 129.347512099999989, 36.3091175 ], [ 129.3477792, 36.3096658 ], [ 129.3478062, 36.309784 ], [ 129.347678300000013, 36.3100005 ], [ 129.3476661, 36.3103759 ], [ 129.3477886, 36.3106133 ], [ 129.34754860000001, 36.3109407 ], [ 129.3473914, 36.3110918 ], [ 129.3473712, 36.3111853 ], [ 129.3474703, 36.3116454 ], [ 129.3473185, 36.3119564 ], [ 129.3471085, 36.3121698 ], [ 129.346619800000013, 36.3124772 ], [ 129.3465692, 36.3125873 ], [ 129.346426400000013, 36.3126169 ], [ 129.346123, 36.3127613 ], [ 129.3459954, 36.3129 ], [ 129.3459277, 36.3130516 ], [ 129.3458867, 36.3133044 ], [ 129.3459111, 36.3134439 ], [ 129.3459594, 36.3135371 ], [ 129.3463734, 36.3137479 ], [ 129.3463851, 36.3138495 ], [ 129.346657599999986, 36.313981 ], [ 129.346483299999989, 36.3146578 ], [ 129.3462887, 36.3145883 ], [ 129.3463673, 36.3147819 ], [ 129.346442, 36.3150111 ], [ 129.3464784, 36.3151907 ], [ 129.3464332, 36.3155792 ], [ 129.346563800000013, 36.3157349 ], [ 129.346287499999988, 36.316744 ], [ 129.3465343, 36.3167806 ], [ 129.346483400000011, 36.3169382 ], [ 129.346393799999987, 36.3171272 ], [ 129.346255899999989, 36.3173246 ], [ 129.346063500000014, 36.3174989 ], [ 129.34582180000001, 36.3176502 ], [ 129.3458387, 36.3178555 ], [ 129.3456391, 36.3178858 ], [ 129.3455846, 36.3177561 ], [ 129.3454797, 36.3178209 ], [ 129.345359, 36.3179376 ], [ 129.3451058, 36.3184901 ], [ 129.34493950000001, 36.318701 ], [ 129.3446864, 36.3189576 ], [ 129.3442661, 36.319297 ], [ 129.343046500000014, 36.3201591 ], [ 129.342768799999988, 36.3203448 ], [ 129.342590199999989, 36.3204237 ], [ 129.34232990000001, 36.3204833 ], [ 129.3414479, 36.3205627 ], [ 129.341012799999987, 36.3206471 ], [ 129.340307200000012, 36.3208531 ], [ 129.339771, 36.320986 ], [ 129.3396108, 36.3210527 ], [ 129.339481400000011, 36.3211244 ], [ 129.3393212, 36.3212258 ], [ 129.338908300000014, 36.3216426 ], [ 129.3386261, 36.3218742 ], [ 129.3380364, 36.322293 ], [ 129.337146, 36.3229756 ], [ 129.336948799999988, 36.3231866 ], [ 129.3367886, 36.3233766 ], [ 129.3366284, 36.3234895 ], [ 129.3351735, 36.3243482 ], [ 129.3334657, 36.325198 ], [ 129.3332548, 36.3260076 ], [ 129.33313960000001, 36.3261243 ], [ 129.3331268, 36.3265163 ], [ 129.3332119, 36.3268784 ], [ 129.3332509, 36.3271278 ], [ 129.33301560000001, 36.3272155 ], [ 129.3328631, 36.3273413 ], [ 129.332631099999986, 36.3277321 ], [ 129.3325678, 36.3280165 ], [ 129.3326423, 36.3285807 ], [ 129.3326956, 36.3287408 ], [ 129.333274, 36.3293421 ], [ 129.333717900000011, 36.3297536 ], [ 129.3342786, 36.330016 ], [ 129.3345019, 36.3304594 ], [ 129.334698800000012, 36.330502 ], [ 129.3351285, 36.3307165 ], [ 129.335456599999986, 36.3307696 ], [ 129.33592440000001, 36.3310223 ], [ 129.3360698, 36.3310375 ], [ 129.3361319, 36.3312361 ], [ 129.3362975, 36.3313697 ], [ 129.336097099999989, 36.331579 ], [ 129.3361597, 36.3317036 ], [ 129.335982199999989, 36.3321993 ], [ 129.335498800000011, 36.3325655 ], [ 129.3347374, 36.3333341 ], [ 129.3341833, 36.3331939 ], [ 129.3337707, 36.3329909 ], [ 129.333529, 36.332772 ], [ 129.3328462, 36.3318121 ], [ 129.333044699999988, 36.3314937 ], [ 129.3336046, 36.3312332 ], [ 129.3336237, 36.3309773 ], [ 129.3337278, 36.3309266 ], [ 129.3342561, 36.3304073 ], [ 129.3341448, 36.3301101 ], [ 129.3336713, 36.3299534 ], [ 129.333377, 36.329754 ], [ 129.3332274, 36.3294522 ], [ 129.3327348, 36.3289692 ], [ 129.3322823, 36.3283369 ], [ 129.3322761, 36.3280417 ], [ 129.3323983, 36.3280273 ], [ 129.33244160000001, 36.3276552 ], [ 129.3327382, 36.3271597 ], [ 129.332666100000012, 36.3269671 ], [ 129.3328263, 36.3268555 ], [ 129.3327169, 36.3264489 ], [ 129.33274560000001, 36.3259596 ], [ 129.331805800000012, 36.3258988 ], [ 129.329745800000012, 36.325801 ], [ 129.32952, 36.3251226 ], [ 129.3292581, 36.3245712 ], [ 129.3288937, 36.3243155 ], [ 129.328870200000011, 36.3240672 ], [ 129.3291429, 36.323825 ], [ 129.329183699999987, 36.3236168 ], [ 129.3275482, 36.3222892 ], [ 129.327338, 36.3221665 ], [ 129.327147, 36.3220922 ], [ 129.3269301, 36.3220596 ], [ 129.326619, 36.3220401 ], [ 129.3263733, 36.3220568 ], [ 129.3263382, 36.3223074 ], [ 129.326399, 36.3225242 ], [ 129.3262939, 36.3227537 ], [ 129.3261427, 36.3229137 ], [ 129.324259500000011, 36.3239826 ], [ 129.3222462, 36.3246977 ], [ 129.321350200000012, 36.3255098 ], [ 129.3212054, 36.325641 ], [ 129.3203273, 36.3269118 ], [ 129.3196361, 36.3277197 ], [ 129.3189162, 36.3281509 ], [ 129.318473899999987, 36.3286399 ], [ 129.3182225, 36.3288126 ], [ 129.3179466, 36.3289357 ], [ 129.3173445, 36.3290601 ], [ 129.3170034, 36.3292457 ], [ 129.316595400000011, 36.3292622 ], [ 129.3156376, 36.3298892 ], [ 129.315555100000012, 36.3297807 ], [ 129.3156731, 36.3294556 ], [ 129.315608200000014, 36.3293272 ], [ 129.3148502, 36.3294911 ], [ 129.314931300000012, 36.3296815 ], [ 129.3141843, 36.3298974 ], [ 129.31388050000001, 36.3301402 ], [ 129.313965700000011, 36.3308718 ], [ 129.3138386, 36.3308649 ], [ 129.3138075, 36.3310881 ], [ 129.313675100000012, 36.3311342 ], [ 129.3137434, 36.3316732 ], [ 129.3135546, 36.3317631 ], [ 129.31294, 36.3327883 ], [ 129.313028, 36.3331561 ], [ 129.3130356, 36.3334331 ], [ 129.3130002, 36.3336732 ], [ 129.312894, 36.3339337 ], [ 129.3125035, 36.3344967 ], [ 129.312332199999986, 36.3346969 ], [ 129.3117986, 36.3351039 ], [ 129.3117195, 36.3352036 ], [ 129.3121394, 36.3355907 ], [ 129.3115641, 36.3353862 ], [ 129.3112926, 36.335997 ], [ 129.311230200000011, 36.3361994 ], [ 129.3112083, 36.3363898 ], [ 129.31119910000001, 36.336796 ], [ 129.3111704, 36.3369417 ], [ 129.3111077, 36.3370707 ], [ 129.3109834, 36.33723 ], [ 129.3106098, 36.3375259 ], [ 129.3105098, 36.337636 ], [ 129.310435399999989, 36.3377692 ], [ 129.3103821, 36.337905 ], [ 129.3102026, 36.3389062 ], [ 129.3100499, 36.339363 ], [ 129.3100202, 36.3395177 ], [ 129.3100205, 36.3396905 ], [ 129.310046, 36.339854 ], [ 129.3097583, 36.3400156 ], [ 129.309686, 36.3401836 ], [ 129.3097055, 36.3402538 ], [ 129.309758, 36.340302 ], [ 129.3099626, 36.3404415 ], [ 129.3099985, 36.3406291 ], [ 129.3101469, 36.3408158 ], [ 129.3100969, 36.3409695 ], [ 129.309882, 36.3411761 ], [ 129.3010744, 36.3498793 ], [ 129.301400199999989, 36.3500669 ], [ 129.3009896, 36.3503748 ], [ 129.3007778, 36.3504683 ], [ 129.3005096, 36.3505337 ], [ 129.2997069, 36.3506481 ], [ 129.2994157, 36.3507086 ], [ 129.2991605, 36.350782 ], [ 129.298932400000012, 36.3508684 ], [ 129.298659500000014, 36.3509901 ], [ 129.2983782, 36.3511438 ], [ 129.2982161, 36.3512617 ], [ 129.29773, 36.3517159 ], [ 129.297851799999989, 36.3518307 ], [ 129.297885799999989, 36.3520264 ], [ 129.2977419, 36.3520983 ], [ 129.2974795, 36.3519917 ], [ 129.2973646, 36.3520989 ], [ 129.2972158, 36.3521798 ], [ 129.2964949, 36.3524039 ], [ 129.2953727, 36.3526844 ], [ 129.2948782, 36.3528439 ], [ 129.2943847, 36.3530484 ], [ 129.2942381, 36.3531323 ], [ 129.294138800000013, 36.3532122 ], [ 129.294068900000013, 36.3532987 ], [ 129.2939103, 36.3535846 ], [ 129.2937919, 36.3537173 ], [ 129.2936501, 36.3538078 ], [ 129.293471899999986, 36.3538768 ], [ 129.2935142, 36.3539566 ], [ 129.293497800000011, 36.3541132 ], [ 129.29333410000001, 36.3541505 ], [ 129.293051, 36.3540719 ], [ 129.2925239, 36.3544124 ], [ 129.292488600000013, 36.3544522 ], [ 129.2918717, 36.3546056 ], [ 129.2914523, 36.3546608 ], [ 129.291420499999987, 36.3549159 ], [ 129.291345299999989, 36.3551272 ], [ 129.2912567, 36.3558438 ], [ 129.2919072, 36.3568522 ], [ 129.291669899999988, 36.3572168 ], [ 129.291701100000012, 36.3577836 ], [ 129.2921901, 36.3580875 ], [ 129.2922441, 36.3582438 ], [ 129.2921561, 36.3588213 ], [ 129.2939405, 36.3597436 ], [ 129.2991218, 36.3594489 ], [ 129.301463500000011, 36.3595929 ], [ 129.3043216, 36.3603719 ], [ 129.304465599999986, 36.3601671 ], [ 129.3055376, 36.3605671 ], [ 129.3072096, 36.3609091 ], [ 129.3091374, 36.3621116 ], [ 129.3094309, 36.3617086 ], [ 129.3100107, 36.3617539 ], [ 129.310907, 36.3611901 ], [ 129.311562400000014, 36.3593799 ], [ 129.3117896, 36.3591895 ], [ 129.3118148, 36.358921 ], [ 129.3119618, 36.3588679 ], [ 129.3120808, 36.3592702 ], [ 129.3119566, 36.3593558 ], [ 129.312089899999989, 36.3598043 ], [ 129.3120346, 36.3610728 ], [ 129.3119788, 36.3620483 ], [ 129.3126058, 36.362415 ], [ 129.312959400000011, 36.3622711 ], [ 129.3129195, 36.3629026 ], [ 129.3127647, 36.3630605 ], [ 129.313189200000011, 36.363633 ], [ 129.313705700000014, 36.363681 ], [ 129.3140122, 36.3633801 ], [ 129.3145179, 36.3638152 ], [ 129.3144242, 36.3657739 ], [ 129.3142128, 36.3669263 ], [ 129.314375399999989, 36.3692047 ], [ 129.3136436, 36.3701213 ], [ 129.3119524, 36.3710903 ], [ 129.3120174, 36.372308 ], [ 129.3098871, 36.3745339 ], [ 129.305545200000012, 36.3762622 ], [ 129.304057300000011, 36.3774438 ], [ 129.3035343, 36.37823 ], [ 129.3034075, 36.3787503 ], [ 129.303236700000014, 36.3797211 ], [ 129.3030673, 36.3799641 ], [ 129.30326740000001, 36.3801194 ], [ 129.3034769, 36.3800793 ], [ 129.3040066, 36.3795727 ], [ 129.3038518, 36.3789582 ], [ 129.3040093, 36.3786766 ], [ 129.3045919, 36.378596 ], [ 129.3046529, 36.3787882 ], [ 129.3049872, 36.3791612 ], [ 129.3060331, 36.3808577 ], [ 129.3068136, 36.3815647 ], [ 129.3084073, 36.3827299 ], [ 129.3086896, 36.3848321 ], [ 129.3088664, 36.3851452 ], [ 129.3091983, 36.3852186 ], [ 129.3093303, 36.3851236 ], [ 129.3094619, 36.3849875 ], [ 129.3097101, 36.3846143 ], [ 129.3100538, 36.3838034 ], [ 129.3104807, 36.3833976 ], [ 129.3103913, 36.3830965 ], [ 129.31118810000001, 36.3818396 ], [ 129.311806, 36.3801638 ], [ 129.312814300000014, 36.3780952 ], [ 129.313887599999987, 36.3786058 ], [ 129.312942099999987, 36.380817 ], [ 129.3129291, 36.3815651 ], [ 129.312279100000012, 36.3823189 ], [ 129.312153, 36.382671 ], [ 129.3116899, 36.3828356 ], [ 129.311956, 36.38308 ], [ 129.312122100000011, 36.3830704 ], [ 129.3124057, 36.3832342 ], [ 129.3128748, 36.3830608 ], [ 129.313515599999988, 36.3838158 ], [ 129.3137672, 36.3840736 ], [ 129.314163, 36.3843904 ], [ 129.3142584, 36.3842192 ], [ 129.314042699999987, 36.3840653 ], [ 129.314124099999987, 36.3838557 ], [ 129.3142652, 36.3837646 ], [ 129.3141865, 36.3830941 ], [ 129.3149214, 36.3823786 ], [ 129.3148732, 36.3821511 ], [ 129.3150046, 36.3819442 ], [ 129.315313, 36.3819359 ], [ 129.315307600000011, 36.3820749 ], [ 129.3155435, 36.3821802 ], [ 129.315800700000011, 36.3818034 ], [ 129.3161488, 36.3815939 ], [ 129.3177091, 36.3811458 ], [ 129.3188312, 36.3816564 ], [ 129.3199368, 36.381948 ], [ 129.3207013, 36.3819706 ], [ 129.3221323, 36.3818135 ], [ 129.3223437, 36.3824419 ], [ 129.3217146, 36.3826346 ], [ 129.3211484, 36.3833001 ], [ 129.3207655, 36.3837923 ], [ 129.3207002, 36.3838604 ], [ 129.3208205, 36.3840106 ], [ 129.320440600000012, 36.3841391 ] ], [ [ 129.3756435, 36.3361873 ], [ 129.375766700000014, 36.3358498 ], [ 129.375816, 36.3356115 ], [ 129.375816, 36.3353435 ], [ 129.3760009, 36.3350655 ], [ 129.3762597, 36.3350456 ], [ 129.3763952, 36.3351449 ], [ 129.3763952, 36.3354129 ], [ 129.3765678, 36.3355817 ], [ 129.3769991, 36.3355222 ], [ 129.3772456, 36.3351945 ], [ 129.3775167, 36.3351548 ], [ 129.3778495, 36.3353137 ], [ 129.3779604, 36.3353534 ], [ 129.3783301, 36.3352243 ], [ 129.3786259, 36.335274 ], [ 129.3788108, 36.3355519 ], [ 129.3789094, 36.3358398 ], [ 129.3791805, 36.3362767 ], [ 129.3790696, 36.3364852 ], [ 129.379081899999989, 36.3367731 ], [ 129.3790203, 36.3371702 ], [ 129.3791189, 36.3374581 ], [ 129.3793407, 36.3376765 ], [ 129.37940230000001, 36.3379048 ], [ 129.3792421, 36.3381133 ], [ 129.379081899999989, 36.338431 ], [ 129.378798499999988, 36.3386692 ], [ 129.3782439, 36.3389968 ], [ 129.377824800000013, 36.3394734 ], [ 129.377492100000012, 36.3396223 ], [ 129.3769868, 36.3400491 ], [ 129.376826599999987, 36.3403172 ], [ 129.3769375, 36.3406249 ], [ 129.3770361, 36.3408334 ], [ 129.3771963, 36.3410617 ], [ 129.377393500000011, 36.3413496 ], [ 129.378084199999989, 36.3418119 ], [ 129.3779974, 36.3420842 ], [ 129.3778002, 36.3422728 ], [ 129.3773812, 36.3425111 ], [ 129.377060699999987, 36.3427692 ], [ 129.3767526, 36.3430174 ], [ 129.376629400000013, 36.3433549 ], [ 129.376777299999986, 36.3437321 ], [ 129.3771348, 36.3438033 ], [ 129.3775561, 36.3439173 ], [ 129.377541400000013, 36.3442681 ], [ 129.3772703, 36.3445262 ], [ 129.376974499999989, 36.3447645 ], [ 129.3765185, 36.3450226 ], [ 129.3763459, 36.3457174 ], [ 129.376247400000011, 36.3459954 ], [ 129.3761118, 36.3463527 ], [ 129.3761734, 36.3468391 ], [ 129.3760378, 36.3470377 ], [ 129.375779, 36.3471071 ], [ 129.3750889, 36.3471369 ], [ 129.3745343, 36.3471866 ], [ 129.374041299999988, 36.3470575 ], [ 129.3736223, 36.3467299 ], [ 129.3732895, 36.3462932 ], [ 129.372895199999988, 36.3460053 ], [ 129.371749, 36.3454693 ], [ 129.3715272, 36.3451913 ], [ 129.371120499999989, 36.3450325 ], [ 129.3707877, 36.3450027 ], [ 129.3704673, 36.3452807 ], [ 129.370344100000011, 36.3456281 ], [ 129.370344100000011, 36.3460549 ], [ 129.37024550000001, 36.3466108 ], [ 129.3700853, 36.3471667 ], [ 129.3699497, 36.3475836 ], [ 129.3697402, 36.3478119 ], [ 129.36958, 36.3480005 ], [ 129.3694937, 36.3482884 ], [ 129.36951830000001, 36.3485266 ], [ 129.3696416, 36.3488244 ], [ 129.3697032, 36.3495192 ], [ 129.369530700000013, 36.3498964 ], [ 129.3693581, 36.3501942 ], [ 129.369000699999987, 36.3501148 ], [ 129.368717299999986, 36.3498766 ], [ 129.3684954, 36.3493803 ], [ 129.3683352, 36.348884 ], [ 129.3683599, 36.3484968 ], [ 129.3681997, 36.3478814 ], [ 129.368138, 36.347266 ], [ 129.3681011, 36.3468094 ], [ 129.3678669, 36.3463924 ], [ 129.3675958, 36.3463627 ], [ 129.3673986, 36.3466704 ], [ 129.367176699999987, 36.3468888 ], [ 129.3669672, 36.3472263 ], [ 129.3666345, 36.3474843 ], [ 129.3664003, 36.3476531 ], [ 129.3659936, 36.3476035 ], [ 129.3652295, 36.3476233 ], [ 129.36502, 36.3479013 ], [ 129.3647612, 36.3477921 ], [ 129.364687300000014, 36.3473255 ], [ 129.3648105, 36.3470476 ], [ 129.3646996, 36.3466902 ], [ 129.364625600000011, 36.3463627 ], [ 129.3653281, 36.3459855 ], [ 129.3656116, 36.3456182 ], [ 129.3662278, 36.3451417 ], [ 129.36644960000001, 36.3447843 ], [ 129.3668317, 36.3445858 ], [ 129.36736160000001, 36.344427 ], [ 129.367793, 36.3443773 ], [ 129.3683352, 36.3443674 ], [ 129.3687419, 36.3441689 ], [ 129.3688775, 36.3439902 ], [ 129.3688405, 36.3435435 ], [ 129.368902100000014, 36.343206 ], [ 129.3691733, 36.3427394 ], [ 129.369543, 36.3427791 ], [ 129.3698388, 36.3426699 ], [ 129.370060599999988, 36.3424416 ], [ 129.3699374, 36.3420445 ], [ 129.369925, 36.3417467 ], [ 129.3702085, 36.3413695 ], [ 129.3701838, 36.341022 ], [ 129.369863400000014, 36.3406845 ], [ 129.369616900000011, 36.3403767 ], [ 129.3698511, 36.3397017 ], [ 129.369925, 36.3394535 ], [ 129.3698018, 36.3390366 ], [ 129.3697771, 36.3386692 ], [ 129.3700483, 36.3382721 ], [ 129.3700483, 36.3379842 ], [ 129.37024550000001, 36.337736 ], [ 129.370627500000012, 36.3376467 ], [ 129.37120680000001, 36.3374481 ], [ 129.372266599999989, 36.3374184 ], [ 129.37235290000001, 36.3376864 ], [ 129.3725871, 36.3375871 ], [ 129.3730061, 36.3374382 ], [ 129.373363500000011, 36.3371801 ], [ 129.373560700000013, 36.3372694 ], [ 129.373708599999986, 36.3375077 ], [ 129.3738195, 36.3376169 ], [ 129.3740043, 36.3372794 ], [ 129.374189199999989, 36.3369815 ], [ 129.3743617, 36.3368227 ], [ 129.374571300000014, 36.3365745 ], [ 129.3749287, 36.3364752 ], [ 129.3756435, 36.3361873 ] ] ] } },
{ "type": "Feature", "properties": { "natural": "wood", "name": null }, "geometry": { "type": "Polygon", "coordinates": [ [ [ 129.2358755, 36.3221918 ], [ 129.2363144, 36.32242 ], [ 129.2365126, 36.3226823 ], [ 129.2374328, 36.3230815 ], [ 129.238268, 36.3230929 ], [ 129.239202400000011, 36.3229332 ], [ 129.239931500000012, 36.3230286 ], [ 129.2407977, 36.3230432 ], [ 129.2416685, 36.3234558 ], [ 129.2419303, 36.3242777 ], [ 129.241650099999987, 36.3251055 ], [ 129.241266700000011, 36.3253647 ], [ 129.24083250000001, 36.3261258 ], [ 129.2407971, 36.3262367 ], [ 129.2407914, 36.3263429 ], [ 129.240826199999987, 36.3264823 ], [ 129.2408964, 36.3266354 ], [ 129.240987499999989, 36.3267699 ], [ 129.2411094, 36.3268857 ], [ 129.2412559, 36.3269716 ], [ 129.241511800000012, 36.327035 ], [ 129.2418611, 36.327046 ], [ 129.2421746, 36.3269646 ], [ 129.242368, 36.3267497 ], [ 129.2428664, 36.3264129 ], [ 129.2430204, 36.3260496 ], [ 129.242369700000012, 36.3259006 ], [ 129.2423633, 36.3253866 ], [ 129.24262490000001, 36.3251296 ], [ 129.2430842, 36.3251399 ], [ 129.2431544, 36.3259468 ], [ 129.243779499999988, 36.3260137 ], [ 129.243626400000011, 36.3263426 ], [ 129.243231900000012, 36.3264924 ], [ 129.2435116, 36.3267904 ], [ 129.245045299999987, 36.3264706 ], [ 129.245911400000011, 36.3257292 ], [ 129.246561, 36.3266304 ], [ 129.2480282, 36.3270005 ], [ 129.248717199999987, 36.3278536 ], [ 129.2493143, 36.3280692 ], [ 129.2511395, 36.328296 ], [ 129.252096099999989, 36.328282 ], [ 129.2525306, 36.3280619 ], [ 129.2525367, 36.3278364 ], [ 129.2527269, 36.3275048 ], [ 129.253154, 36.3272811 ], [ 129.2535633, 36.3272982 ], [ 129.2539559, 36.3274055 ], [ 129.254232800000011, 36.3275956 ], [ 129.2545496, 36.3277997 ], [ 129.2548012, 36.3281856 ], [ 129.254771, 36.3285053 ], [ 129.2545466, 36.3287447 ], [ 129.2545472, 36.3288917 ], [ 129.2548868, 36.3291664 ], [ 129.254797200000013, 36.3293793 ], [ 129.2548319, 36.3295574 ], [ 129.254991600000011, 36.32975 ], [ 129.2551679, 36.329955 ], [ 129.2554623, 36.3299623 ], [ 129.2558012, 36.3299375 ], [ 129.2565777, 36.3300517 ], [ 129.2569412, 36.330012 ], [ 129.2568919, 36.3297637 ], [ 129.257156900000012, 36.3292276 ], [ 129.2574588, 36.3289148 ], [ 129.2578471, 36.3288304 ], [ 129.2587159, 36.3288503 ], [ 129.2589562, 36.3285276 ], [ 129.2594862, 36.3278922 ], [ 129.2598621, 36.3275943 ], [ 129.2602503, 36.3274404 ], [ 129.26075560000001, 36.3275347 ], [ 129.2611808, 36.3278326 ], [ 129.2615382, 36.3280759 ], [ 129.261569, 36.3284631 ], [ 129.2620681, 36.3285971 ], [ 129.2626412, 36.3288056 ], [ 129.263503899999989, 36.3290439 ], [ 129.263781200000011, 36.3292077 ], [ 129.2639106, 36.3293864 ], [ 129.264409699999987, 36.3296545 ], [ 129.2649093, 36.3298034 ], [ 129.265037400000011, 36.3303878 ], [ 129.264906700000012, 36.3316218 ], [ 129.2652817, 36.3321671 ], [ 129.2653157, 36.3326339 ], [ 129.2654766, 36.333092 ], [ 129.265741600000013, 36.3335219 ], [ 129.2658907, 36.333567 ], [ 129.2660219, 36.3335937 ], [ 129.2661498, 36.3335911 ], [ 129.266254800000013, 36.3335644 ], [ 129.266383, 36.3335059 ], [ 129.266495600000013, 36.3334263 ], [ 129.2666466, 36.3332819 ], [ 129.2668214, 36.3330874 ], [ 129.2668803, 36.3329694 ], [ 129.2669133, 36.3328558 ], [ 129.266919300000012, 36.3327146 ], [ 129.2668956, 36.3326036 ], [ 129.266824, 36.3324196 ], [ 129.2668142, 36.3321947 ], [ 129.2664263, 36.3317615 ], [ 129.2662245, 36.3310582 ], [ 129.2663045, 36.3306105 ], [ 129.2668318, 36.3302624 ], [ 129.26679630000001, 36.3300064 ], [ 129.266946499999989, 36.3296866 ], [ 129.2670393, 36.3294382 ], [ 129.2663077, 36.3286572 ], [ 129.267602, 36.3270889 ], [ 129.2679584, 36.3268435 ], [ 129.2655674, 36.3243753 ], [ 129.2659036, 36.3195893 ], [ 129.2652717, 36.318851 ], [ 129.2649484, 36.3189017 ], [ 129.2645281, 36.3188265 ], [ 129.2643506, 36.3185631 ], [ 129.2641171, 36.3187437 ], [ 129.2636034, 36.3189318 ], [ 129.2629403, 36.3190372 ], [ 129.2626227, 36.3187888 ], [ 129.2618382, 36.3184577 ], [ 129.26153930000001, 36.3181943 ], [ 129.2612591, 36.318089 ], [ 129.260857499999986, 36.3180062 ], [ 129.2603718, 36.3176826 ], [ 129.259979499999986, 36.3173213 ], [ 129.259484500000013, 36.3166967 ], [ 129.259026799999987, 36.3161473 ], [ 129.2586906, 36.3157786 ], [ 129.2582983, 36.315756 ], [ 129.257691200000011, 36.3159667 ], [ 129.257046699999989, 36.3161549 ], [ 129.256206100000014, 36.3161925 ], [ 129.2554683, 36.3161172 ], [ 129.2550293, 36.3160495 ], [ 129.2546744, 36.3159291 ], [ 129.2542915, 36.3158162 ], [ 129.254095299999989, 36.3155979 ], [ 129.2539179, 36.3152442 ], [ 129.253675, 36.3150937 ], [ 129.253086599999989, 36.3147776 ], [ 129.252815700000014, 36.3145217 ], [ 129.252713, 36.3142583 ], [ 129.252227299999987, 36.3132273 ], [ 129.25197510000001, 36.312851 ], [ 129.2517416, 36.3123994 ], [ 129.2516202, 36.3120231 ], [ 129.2510318, 36.3109167 ], [ 129.250760899999989, 36.3103297 ], [ 129.2504994, 36.3097501 ], [ 129.250378, 36.3094265 ], [ 129.2502493, 36.3089177 ], [ 129.2496188, 36.3057514 ], [ 129.2482674, 36.3042288 ], [ 129.248373500000014, 36.3021011 ], [ 129.2460447, 36.3001786 ], [ 129.245804099999987, 36.2984444 ], [ 129.2454042, 36.2968056 ], [ 129.2461075, 36.296008 ], [ 129.24670660000001, 36.2956138 ], [ 129.2475757, 36.2955126 ], [ 129.2477485, 36.2957411 ], [ 129.2481168, 36.2958187 ], [ 129.2487353, 36.296138 ], [ 129.2486601, 36.2963769 ], [ 129.2490568, 36.2964734 ], [ 129.2492389, 36.2961645 ], [ 129.249472200000014, 36.2959773 ], [ 129.249690500000014, 36.2959951 ], [ 129.2508283, 36.2950505 ], [ 129.25075480000001, 36.2948764 ], [ 129.2510636, 36.294288 ], [ 129.2510676, 36.2938628 ], [ 129.2509303, 36.2936123 ], [ 129.2510811, 36.2931905 ], [ 129.2521333, 36.2926515 ], [ 129.2521427, 36.2925389 ], [ 129.2509511, 36.2929105 ], [ 129.2509045, 36.2927267 ], [ 129.2506689, 36.2925549 ], [ 129.2505394, 36.2928281 ], [ 129.2505028, 36.2930881 ], [ 129.2500796, 36.2930836 ], [ 129.250164500000011, 36.2925929 ], [ 129.2505751, 36.2920224 ], [ 129.2503203, 36.2918512 ], [ 129.2498248, 36.2919882 ], [ 129.249301, 36.2920224 ], [ 129.24855070000001, 36.2920224 ], [ 129.2479702, 36.2917942 ], [ 129.2476446, 36.2916459 ], [ 129.2470832, 36.2917042 ], [ 129.246840099999986, 36.2922754 ], [ 129.246399700000012, 36.2923624 ], [ 129.2453712, 36.2921888 ], [ 129.2432653, 36.2894821 ], [ 129.242151299999989, 36.2868015 ], [ 129.2415382, 36.2853459 ], [ 129.2386562, 36.2798479 ], [ 129.23716490000001, 36.2791425 ], [ 129.2369425, 36.2778505 ], [ 129.237739800000014, 36.2775929 ], [ 129.2374361, 36.2743934 ], [ 129.2378957, 36.2743711 ], [ 129.237891, 36.2741706 ], [ 129.237292700000012, 36.2734243 ], [ 129.2367566, 36.2725144 ], [ 129.235983299999987, 36.2721078 ], [ 129.234540399999986, 36.2718726 ], [ 129.23439590000001, 36.2715749 ], [ 129.234355599999986, 36.2712176 ], [ 129.2344354, 36.2699439 ], [ 129.2344615, 36.2698449 ], [ 129.234684499999986, 36.2697479 ], [ 129.2348402, 36.269825 ], [ 129.2349959, 36.269815 ], [ 129.2351234, 36.2696359 ], [ 129.235088, 36.268909 ], [ 129.2349747, 36.2685209 ], [ 129.235017199999987, 36.2680986 ], [ 129.2359252, 36.2676428 ], [ 129.236702, 36.2675089 ], [ 129.237254400000012, 36.2678722 ], [ 129.2378864, 36.2669623 ], [ 129.2379789, 36.2665427 ], [ 129.2382285, 36.2660628 ], [ 129.2385013, 36.266056 ], [ 129.2386486, 36.2657853 ], [ 129.238569399999989, 36.2651426 ], [ 129.238157300000012, 36.264713 ], [ 129.237369300000012, 36.2642965 ], [ 129.2368784, 36.264052 ], [ 129.2366053, 36.2637035 ], [ 129.236232199999989, 36.262751 ], [ 129.2360765, 36.2621882 ], [ 129.2360822, 36.2616746 ], [ 129.236175300000014, 36.2610102 ], [ 129.235948, 36.2603139 ], [ 129.2358843, 36.2599058 ], [ 129.2359586, 36.259686 ], [ 129.2358605, 36.2593035 ], [ 129.2355966, 36.2589599 ], [ 129.2345573, 36.2585846 ], [ 129.2340525, 36.2585538 ], [ 129.2333504, 36.2583192 ], [ 129.2327191, 36.2589977 ], [ 129.232351, 36.2594597 ], [ 129.2319044, 36.2593996 ], [ 129.231467400000014, 36.2590554 ], [ 129.2312197, 36.2586301 ], [ 129.2304268, 36.2580593 ], [ 129.229955499999988, 36.2574996 ], [ 129.228530400000011, 36.2570592 ], [ 129.2281759, 36.2569007 ], [ 129.2268487, 36.2566495 ], [ 129.226070099999987, 36.2564554 ], [ 129.225305, 36.2557722 ], [ 129.224738, 36.2550605 ], [ 129.2241967, 36.2548992 ], [ 129.2234671, 36.2548043 ], [ 129.2230788, 36.2549371 ], [ 129.2230906, 36.2552123 ], [ 129.222196200000013, 36.2554021 ], [ 129.2216314, 36.2551459 ], [ 129.221243, 36.2552408 ], [ 129.2211136, 36.2561328 ], [ 129.221078299999988, 36.2565503 ], [ 129.220595800000012, 36.2565693 ], [ 129.220372200000014, 36.2560379 ], [ 129.2201251, 36.2554211 ], [ 129.2197721, 36.2550225 ], [ 129.219372, 36.2550131 ], [ 129.2195485, 36.2554591 ], [ 129.2195485, 36.2557342 ], [ 129.2190425, 36.2558766 ], [ 129.218465900000012, 36.2560379 ], [ 129.218101100000013, 36.256427 ], [ 129.2175715, 36.257224 ], [ 129.2175598, 36.2575657 ], [ 129.217701, 36.2580875 ], [ 129.217677400000014, 36.2584861 ], [ 129.2174185, 36.2591883 ], [ 129.2172656, 36.2594255 ], [ 129.2173597, 36.259805 ], [ 129.2173362, 36.2603079 ], [ 129.217555800000014, 36.2606789 ], [ 129.2173517, 36.2606554 ], [ 129.2170615, 36.2606668 ], [ 129.21697660000001, 36.2605469 ], [ 129.2168917, 36.2599647 ], [ 129.2167076, 36.2597022 ], [ 129.216424499999988, 36.259491 ], [ 129.2159785, 36.2595367 ], [ 129.2156459, 36.2597821 ], [ 129.215384, 36.2599191 ], [ 129.214704399999988, 36.2599305 ], [ 129.2142656, 36.2600389 ], [ 129.2141028, 36.2603985 ], [ 129.2138479, 36.2606668 ], [ 129.2135931, 36.2604442 ], [ 129.2136851, 36.2601188 ], [ 129.2139612, 36.259394 ], [ 129.2140178, 36.2587091 ], [ 129.2136073, 36.2586748 ], [ 129.2132887, 36.2589145 ], [ 129.2128357, 36.2592227 ], [ 129.2131118, 36.2594339 ], [ 129.2133312, 36.2597079 ], [ 129.2132038, 36.259959 ], [ 129.212694199999987, 36.2604499 ], [ 129.2125384, 36.2607866 ], [ 129.2122411, 36.2613631 ], [ 129.211929700000013, 36.2620423 ], [ 129.2105972, 36.2618886 ], [ 129.2105848, 36.2615914 ], [ 129.2107264, 36.2611177 ], [ 129.2110803, 36.2605926 ], [ 129.2112219, 36.2602558 ], [ 129.2113139, 36.2596965 ], [ 129.21136340000001, 36.2592741 ], [ 129.2115192, 36.2588118 ], [ 129.2111794, 36.2586919 ], [ 129.210783, 36.2591771 ], [ 129.210514, 36.2597992 ], [ 129.2100256, 36.259862 ], [ 129.209947699999987, 36.2593768 ], [ 129.210061, 36.2588632 ], [ 129.2098203, 36.2585778 ], [ 129.209388600000011, 36.2585435 ], [ 129.2092116, 36.2581668 ], [ 129.2093602, 36.258007 ], [ 129.2099336, 36.2578415 ], [ 129.2104008, 36.2577559 ], [ 129.2108538, 36.2574134 ], [ 129.2110803, 36.2570024 ], [ 129.2114413, 36.2565686 ], [ 129.211866, 36.2561405 ], [ 129.211653899999988, 36.2556299 ], [ 129.2113665, 36.2558264 ], [ 129.211037800000014, 36.2556639 ], [ 129.2105459, 36.2558552 ], [ 129.210337, 36.2558666 ], [ 129.2101151, 36.2557849 ], [ 129.2100127, 36.2553671 ], [ 129.1998357, 36.2633611 ], [ 129.1992229, 36.2637011 ], [ 129.198581600000011, 36.2635936 ], [ 129.1982195, 36.2638881 ], [ 129.197566, 36.2640887 ], [ 129.1959641, 36.2649524 ], [ 129.195311, 36.2650934 ], [ 129.194707599999987, 36.2653375 ], [ 129.1941814, 36.2661437 ], [ 129.1939927, 36.2669065 ], [ 129.193786100000011, 36.2672897 ], [ 129.1933718, 36.2678976 ], [ 129.193269, 36.2683418 ], [ 129.1931663, 36.2689895 ], [ 129.192925, 36.2699943 ], [ 129.1926134, 36.2704791 ], [ 129.192811, 36.2705973 ], [ 129.1927756, 36.2710025 ], [ 129.1929101, 36.2714248 ], [ 129.192416900000012, 36.2720121 ], [ 129.192025199999989, 36.2729046 ], [ 129.1911567, 36.2737284 ], [ 129.1908671, 36.2743051 ], [ 129.191169, 36.2746827 ], [ 129.190813600000013, 36.2748803 ], [ 129.1870917, 36.2764402 ], [ 129.181274699999989, 36.2775231 ], [ 129.1744717, 36.2787253 ], [ 129.1711072, 36.2798678 ], [ 129.1618887, 36.2805931 ], [ 129.1576985, 36.2817554 ], [ 129.153915, 36.2814673 ], [ 129.1498727, 36.2789438 ], [ 129.146039800000011, 36.2759334 ], [ 129.1399886, 36.2798777 ], [ 129.1407774, 36.280901 ], [ 129.1406613, 36.280913 ], [ 129.1402243, 36.2807702 ], [ 129.139588800000013, 36.2805141 ], [ 129.1393299, 36.2801251 ], [ 129.1390946, 36.2799639 ], [ 129.1384826, 36.280201 ], [ 129.1374, 36.2801916 ], [ 129.136811599999987, 36.2800208 ], [ 129.1359879, 36.2800208 ], [ 129.1354584, 36.280239 ], [ 129.1341875, 36.2803528 ], [ 129.133728499999989, 36.280552 ], [ 129.133611, 36.2807284 ], [ 129.1338462, 36.2807323 ], [ 129.1343522, 36.2805615 ], [ 129.1345993, 36.2807323 ], [ 129.1345052, 36.2810833 ], [ 129.134152199999988, 36.281292 ], [ 129.1338601, 36.2812581 ], [ 129.1335559, 36.2810507 ], [ 129.1332486, 36.2809764 ], [ 129.1324576, 36.2812825 ], [ 129.131869200000011, 36.2814627 ], [ 129.1319398, 36.2817473 ], [ 129.1322693, 36.2820983 ], [ 129.132128099999989, 36.2824018 ], [ 129.1319045, 36.282601 ], [ 129.1314691, 36.2826959 ], [ 129.130869, 36.2825821 ], [ 129.1303747, 36.2827244 ], [ 129.1294216, 36.2833125 ], [ 129.12923330000001, 36.2837963 ], [ 129.129268599999989, 36.2844128 ], [ 129.129268599999989, 36.2853709 ], [ 129.1292215, 36.2858452 ], [ 129.1287979, 36.28631 ], [ 129.1279035, 36.287287 ], [ 129.1276329, 36.2876759 ], [ 129.1274917, 36.2881407 ], [ 129.1272328, 36.2889943 ], [ 129.126797399999987, 36.289535 ], [ 129.126409, 36.2900377 ], [ 129.1255147, 36.2912423 ], [ 129.125197, 36.2918683 ], [ 129.1259736, 36.2922287 ], [ 129.126738499999988, 36.2921718 ], [ 129.1274564, 36.29239 ], [ 129.1279624, 36.2925512 ], [ 129.1288567, 36.2924943 ], [ 129.129121199999986, 36.2927113 ], [ 129.1266292, 36.293557 ], [ 129.1265922, 36.294898 ], [ 129.124460199999987, 36.2972799 ], [ 129.1243246, 36.2998147 ], [ 129.124263, 36.3011158 ], [ 129.1185199, 36.3056647 ], [ 129.116199, 36.3050401 ], [ 129.115710799999988, 36.3062808 ], [ 129.1148901, 36.306337 ], [ 129.1145199, 36.3066483 ], [ 129.1145521, 36.3071195 ], [ 129.1135885, 36.3070548 ], [ 129.1131306, 36.3075993 ], [ 129.111011600000012, 36.3084639 ], [ 129.1115268, 36.3091541 ], [ 129.111312, 36.3112435 ], [ 129.112505700000014, 36.3121995 ], [ 129.113538299999988, 36.3132708 ], [ 129.1148579, 36.3122636 ], [ 129.1168116, 36.3116005 ], [ 129.1180229, 36.3118875 ], [ 129.1184735, 36.3129509 ], [ 129.1192996, 36.3128947 ], [ 129.1197281, 36.313179 ], [ 129.1195679, 36.3139019 ], [ 129.1202921, 36.3146194 ], [ 129.1203567, 36.3151568 ], [ 129.1194951, 36.3157157 ], [ 129.1196314, 36.315992 ], [ 129.119812, 36.3160882 ], [ 129.120052, 36.3161823 ], [ 129.1203234, 36.3162393 ], [ 129.1206491, 36.3162458 ], [ 129.1209117, 36.3162285 ], [ 129.1211602, 36.3161742 ], [ 129.1214943, 36.3160598 ], [ 129.1218666, 36.3158512 ], [ 129.1228583, 36.3152148 ], [ 129.12312750000001, 36.3150016 ], [ 129.1242545, 36.3140404 ], [ 129.1244659, 36.31379 ], [ 129.1249746, 36.313089 ], [ 129.1250432, 36.3129226 ], [ 129.1252467, 36.3119712 ], [ 129.125375100000014, 36.3116332 ], [ 129.1255549, 36.311348 ], [ 129.125785900000011, 36.3110698 ], [ 129.1268248, 36.3102498 ], [ 129.1272515, 36.310084 ], [ 129.128233599999987, 36.3099402 ], [ 129.12821120000001, 36.309566 ], [ 129.128478199999989, 36.3084769 ], [ 129.1295747, 36.3067373 ], [ 129.131657499999989, 36.3050787 ], [ 129.134430400000014, 36.3042047 ], [ 129.1348864, 36.3039663 ], [ 129.1355026, 36.3030923 ], [ 129.1368953, 36.301831 ], [ 129.1378935, 36.3007583 ], [ 129.1397298, 36.2998743 ], [ 129.142921800000011, 36.2978083 ], [ 129.1434271, 36.2971826 ], [ 129.1443391, 36.2965469 ], [ 129.1445363, 36.2961098 ], [ 129.144943, 36.295643 ], [ 129.1462124, 36.295196 ], [ 129.1464465, 36.2946993 ], [ 129.147444799999988, 36.2939742 ], [ 129.149367399999988, 36.2934179 ], [ 129.1501438, 36.293557 ], [ 129.1500575, 36.2930603 ], [ 129.1511051, 36.2928915 ], [ 129.152456, 36.293007 ], [ 129.1536562, 36.2930504 ], [ 129.1554678, 36.2927822 ], [ 129.1556157, 36.292365 ], [ 129.1573041, 36.2925041 ], [ 129.1584133, 36.2928517 ], [ 129.158795700000013, 36.2930216 ], [ 129.159239, 36.2933186 ], [ 129.1595457, 36.2934044 ], [ 129.160238099999987, 36.2933154 ], [ 129.16068580000001, 36.2931432 ], [ 129.1621352, 36.2920571 ], [ 129.162160699999987, 36.2917941 ], [ 129.16285, 36.2906564 ], [ 129.163084199999986, 36.29013 ], [ 129.1634539, 36.2895339 ], [ 129.1637867, 36.2890273 ], [ 129.163996200000014, 36.2887492 ], [ 129.1639715, 36.2882823 ], [ 129.1640825, 36.2878849 ], [ 129.1645631, 36.2879644 ], [ 129.164809600000012, 36.28863 ], [ 129.164674, 36.2894247 ], [ 129.1643659, 36.290418 ], [ 129.1637743, 36.2909048 ], [ 129.1629486, 36.2924147 ], [ 129.1622831, 36.2933186 ], [ 129.161420600000014, 36.2940799 ], [ 129.1619014, 36.2943146 ], [ 129.1622616, 36.2945007 ], [ 129.1625669, 36.294595 ], [ 129.163305900000012, 36.2947551 ], [ 129.1636449, 36.2948657 ], [ 129.164116799999988, 36.295087 ], [ 129.164255200000014, 36.2950124 ], [ 129.1646309, 36.2949601 ], [ 129.165395, 36.2945925 ], [ 129.1666582, 36.2954344 ], [ 129.168408199999988, 36.2959409 ], [ 129.170109, 36.2958118 ], [ 129.1717851, 36.2959807 ], [ 129.17319, 36.2955436 ], [ 129.1741883, 36.2961396 ], [ 129.1747799, 36.2960303 ], [ 129.175272799999988, 36.295037 ], [ 129.1754084, 36.2941828 ], [ 129.1758644, 36.2939543 ], [ 129.1763574, 36.2945901 ], [ 129.176801, 36.2945901 ], [ 129.17738030000001, 36.2939245 ], [ 129.1786497, 36.2933285 ], [ 129.180128599999989, 36.2928915 ], [ 129.1810036, 36.2927822 ], [ 129.1813487, 36.2926034 ], [ 129.1815731, 36.2922056 ], [ 129.1825221, 36.2918976 ], [ 129.18346840000001, 36.2916399 ], [ 129.184343399999989, 36.2912425 ], [ 129.184824099999986, 36.2909048 ], [ 129.1852677, 36.2905174 ], [ 129.1857484, 36.290279 ], [ 129.1860442, 36.2898816 ], [ 129.187030099999987, 36.2896333 ], [ 129.187646300000011, 36.289832 ], [ 129.18845970000001, 36.2896929 ], [ 129.189470300000011, 36.2894147 ], [ 129.190049499999986, 36.2893353 ], [ 129.1906904, 36.289375 ], [ 129.1913189, 36.2894147 ], [ 129.1922063, 36.2890273 ], [ 129.1930936, 36.2888485 ], [ 129.1937591, 36.2888882 ], [ 129.1946465, 36.2886598 ], [ 129.195238, 36.2884512 ], [ 129.195731, 36.2882624 ], [ 129.196433500000012, 36.2880141 ], [ 129.1976536, 36.287418 ], [ 129.198590200000012, 36.287418 ], [ 129.1991818, 36.2873783 ], [ 129.1994899, 36.2871299 ], [ 129.1998103, 36.2868518 ], [ 129.2000568, 36.2865041 ], [ 129.2003033, 36.2860471 ], [ 129.2009071, 36.2856001 ], [ 129.2013878, 36.2849841 ], [ 129.201967, 36.2846166 ], [ 129.202423, 36.2841894 ], [ 129.2027558, 36.2840006 ], [ 129.2030392, 36.2839708 ], [ 129.2034459, 36.2837125 ], [ 129.2040005, 36.2829675 ], [ 129.204542800000013, 36.2826495 ], [ 129.2049865, 36.2823118 ], [ 129.2053808, 36.2822224 ], [ 129.2059231, 36.2820733 ], [ 129.20649, 36.2818647 ], [ 129.2072171, 36.2814773 ], [ 129.2077348, 36.2813183 ], [ 129.20809220000001, 36.2812289 ], [ 129.2080305, 36.2809507 ], [ 129.208005899999989, 36.2808414 ], [ 129.2080674, 36.2805159 ], [ 129.208351, 36.2803149 ], [ 129.2102612, 36.2800864 ], [ 129.2108853, 36.2797903 ], [ 129.2109457, 36.2800533 ], [ 129.2111362, 36.2802255 ], [ 129.210594, 36.2805831 ], [ 129.211395, 36.2809209 ], [ 129.2124919, 36.2807917 ], [ 129.2126398, 36.2810401 ], [ 129.211493600000011, 36.2815468 ], [ 129.209583400000014, 36.2817157 ], [ 129.208819299999988, 36.2817952 ], [ 129.2076485, 36.2820137 ], [ 129.2071185, 36.2821329 ], [ 129.2077471, 36.2830767 ], [ 129.20713090000001, 36.2836231 ], [ 129.206108, 36.2832655 ], [ 129.20520830000001, 36.2840702 ], [ 129.204690699999986, 36.285014 ], [ 129.2044812, 36.2857491 ], [ 129.2038526, 36.285918 ], [ 129.2032611, 36.2863948 ], [ 129.2038896, 36.2867028 ], [ 129.2042717, 36.2869213 ], [ 129.205639600000012, 36.2869114 ], [ 129.206847399999987, 36.287269 ], [ 129.2061942, 36.2874876 ], [ 129.205997, 36.2879545 ], [ 129.204875500000014, 36.2881631 ], [ 129.2033227, 36.2883021 ], [ 129.202916, 36.2890273 ], [ 129.20246, 36.2897823 ], [ 129.2012522, 36.2901796 ], [ 129.2002909, 36.2900604 ], [ 129.2000198, 36.2903386 ], [ 129.2005374, 36.2908551 ], [ 129.2005744, 36.2916498 ], [ 129.2000198, 36.2918683 ], [ 129.1992804, 36.2919279 ], [ 129.198393, 36.2920372 ], [ 129.19743170000001, 36.2920372 ], [ 129.1969881, 36.292067 ], [ 129.197160599999989, 36.2928219 ], [ 129.1973085, 36.2932193 ], [ 129.1980356, 36.2943417 ], [ 129.198393, 36.2949774 ], [ 129.1980849, 36.2952059 ], [ 129.197530300000011, 36.2950867 ], [ 129.19719760000001, 36.2948086 ], [ 129.19724690000001, 36.2945007 ], [ 129.1969511, 36.2943119 ], [ 129.196618300000011, 36.2939146 ], [ 129.1962979, 36.2935471 ], [ 129.194892900000013, 36.2931199 ], [ 129.194079499999987, 36.2931994 ], [ 129.1937221, 36.2932987 ], [ 129.193414, 36.2929411 ], [ 129.1930197, 36.292663 ], [ 129.1922309, 36.2923253 ], [ 129.1919598, 36.2920273 ], [ 129.1911957, 36.2918783 ], [ 129.1906534, 36.2916697 ], [ 129.190715, 36.291322 ], [ 129.1906904, 36.2910339 ], [ 129.190148099999988, 36.2912326 ], [ 129.1896059, 36.2913021 ], [ 129.1886446, 36.2917094 ], [ 129.188016, 36.2921961 ], [ 129.1874491, 36.2926431 ], [ 129.1861304, 36.2933782 ], [ 129.1859949, 36.2935769 ], [ 129.185902, 36.2935576 ], [ 129.185776, 36.2935609 ], [ 129.185528, 36.2935642 ], [ 129.1852068, 36.2936952 ], [ 129.1849425, 36.2937968 ], [ 129.1847718, 36.2938525 ], [ 129.184840900000012, 36.2939017 ], [ 129.1850808, 36.2938623 ], [ 129.185341, 36.2937149 ], [ 129.1856865, 36.2935936 ], [ 129.185841, 36.2936395 ], [ 129.185987399999988, 36.2939508 ], [ 129.1860605, 36.2941081 ], [ 129.1858451, 36.2943047 ], [ 129.1858532, 36.2943538 ], [ 129.1858939, 36.2945111 ], [ 129.1858451, 36.2945472 ], [ 129.185593, 36.2945701 ], [ 129.1855524, 36.2943801 ], [ 129.1855646, 36.2942981 ], [ 129.1854873, 36.2943244 ], [ 129.185410100000013, 36.2944489 ], [ 129.1852434, 36.2945636 ], [ 129.185097, 36.29477 ], [ 129.184971, 36.294806 ], [ 129.1847555, 36.2946389 ], [ 129.1847067, 36.2945439 ], [ 129.184609200000011, 36.2943637 ], [ 129.1843978, 36.2941703 ], [ 129.1842311, 36.2941245 ], [ 129.1839099, 36.2941179 ], [ 129.1837351, 36.2941376 ], [ 129.1834221, 36.2942129 ], [ 129.1831334, 36.2942129 ], [ 129.182983, 36.2940032 ], [ 129.1828773, 36.2939639 ], [ 129.182775600000014, 36.2939836 ], [ 129.1828285, 36.294072 ], [ 129.182983, 36.2941736 ], [ 129.1830277, 36.2942686 ], [ 129.1831822, 36.2943932 ], [ 129.18349520000001, 36.2943604 ], [ 129.183792, 36.2943211 ], [ 129.1840319, 36.2943506 ], [ 129.184105100000011, 36.2944489 ], [ 129.184064400000011, 36.2945406 ], [ 129.183897699999989, 36.2946946 ], [ 129.183418, 36.2948322 ], [ 129.1831253, 36.294865 ], [ 129.1828813, 36.2948683 ], [ 129.1827269, 36.2950223 ], [ 129.1824911, 36.2952386 ], [ 129.1823772, 36.2952943 ], [ 129.182174, 36.2953958 ], [ 129.1819382, 36.2955695 ], [ 129.1818568, 36.2959267 ], [ 129.1819504, 36.2961134 ], [ 129.1821048, 36.2963166 ], [ 129.1823325, 36.2964738 ], [ 129.182263400000011, 36.2965623 ], [ 129.182080500000012, 36.296559 ], [ 129.1818284, 36.2965099 ], [ 129.1814625, 36.2963035 ], [ 129.1813975, 36.2963428 ], [ 129.18143, 36.2964542 ], [ 129.18142180000001, 36.2966213 ], [ 129.1812755, 36.2966999 ], [ 129.1810519, 36.2968605 ], [ 129.1809299, 36.2969359 ], [ 129.180767300000014, 36.2970047 ], [ 129.1806616, 36.2972045 ], [ 129.180812, 36.2973421 ], [ 129.180840499999988, 36.2974765 ], [ 129.1807063, 36.297565 ], [ 129.1804502, 36.2975486 ], [ 129.1801494, 36.2974732 ], [ 129.1799258, 36.2973749 ], [ 129.1796371, 36.2973094 ], [ 129.1794826, 36.297352 ], [ 129.179397200000011, 36.2974732 ], [ 129.1793769, 36.2976141 ], [ 129.179254899999989, 36.2976764 ], [ 129.179063899999989, 36.2977419 ], [ 129.1789378, 36.2978533 ], [ 129.1785801, 36.2980859 ], [ 129.178413400000011, 36.2982137 ], [ 129.178389, 36.2983349 ], [ 129.1783768, 36.2984595 ], [ 129.1787061, 36.2987216 ], [ 129.1788484, 36.2988264 ], [ 129.1792753, 36.2988657 ], [ 129.179950100000013, 36.2989509 ], [ 129.180271299999987, 36.298928 ], [ 129.180527399999988, 36.2989608 ], [ 129.1807795, 36.2989608 ], [ 129.1810519, 36.2989673 ], [ 129.181112899999988, 36.2990558 ], [ 129.181511300000011, 36.2991213 ], [ 129.1816861, 36.2990394 ], [ 129.1818853, 36.2990099 ], [ 129.182056100000011, 36.299023 ], [ 129.1822065, 36.2989542 ], [ 129.1823325, 36.2988232 ], [ 129.1824911, 36.2988068 ], [ 129.1827187, 36.2989214 ], [ 129.1829505, 36.2989771 ], [ 129.1831985, 36.2990296 ], [ 129.1834424, 36.2990984 ], [ 129.1837066, 36.2992196 ], [ 129.1837918, 36.2993727 ], [ 129.1838359, 36.2998852 ], [ 129.1831649, 36.3003359 ], [ 129.1858877, 36.3054792 ], [ 129.1861907, 36.3054246 ], [ 129.186278, 36.3051899 ], [ 129.186252599999989, 36.3046951 ], [ 129.185969199999988, 36.3043077 ], [ 129.1859507, 36.3040147 ], [ 129.1861506, 36.3038918 ], [ 129.1862783, 36.3039862 ], [ 129.1869192, 36.3045722 ], [ 129.1870055, 36.3050291 ], [ 129.1868206, 36.3054561 ], [ 129.186753, 36.3057334 ], [ 129.188092899999987, 36.3062609 ], [ 129.1882795, 36.306228 ], [ 129.188547199999988, 36.305972 ], [ 129.1896798, 36.3056647 ], [ 129.1905918, 36.3060322 ], [ 129.1923295, 36.3055852 ], [ 129.1926623, 36.3068863 ], [ 129.192403500000012, 36.3075914 ], [ 129.192021399999987, 36.3079887 ], [ 129.1921446, 36.3081476 ], [ 129.1927485, 36.3084753 ], [ 129.1931429, 36.3084554 ], [ 129.1935743, 36.3081774 ], [ 129.193697500000013, 36.3079291 ], [ 129.194091899999989, 36.3074722 ], [ 129.194708100000014, 36.3074623 ], [ 129.1958912, 36.3073034 ], [ 129.196113, 36.3075815 ], [ 129.196630699999986, 36.3076311 ], [ 129.197099, 36.3071941 ], [ 129.1974564, 36.3073531 ], [ 129.1975057, 36.3076411 ], [ 129.1970866, 36.3081575 ], [ 129.196630699999986, 36.308803 ], [ 129.1960884, 36.3092499 ], [ 129.195915899999989, 36.3097564 ], [ 129.196187, 36.3101636 ], [ 129.1971236, 36.3105112 ], [ 129.1987258, 36.3110673 ], [ 129.1987011, 36.3113851 ], [ 129.1986272, 36.3116235 ], [ 129.1991571, 36.311842 ], [ 129.2019301, 36.3119711 ], [ 129.2031625, 36.3121101 ], [ 129.2034706, 36.3124179 ], [ 129.20429630000001, 36.3128648 ], [ 129.20520830000001, 36.3130634 ], [ 129.205652, 36.312547 ], [ 129.2062312, 36.3120505 ], [ 129.2068844, 36.3115043 ], [ 129.207402, 36.3116831 ], [ 129.2078457, 36.3118717 ], [ 129.2083879, 36.3122193 ], [ 129.209336900000011, 36.313133 ], [ 129.2089425, 36.3133216 ], [ 129.2102735, 36.3134805 ], [ 129.2113704, 36.3128847 ], [ 129.2116662, 36.3131826 ], [ 129.211358100000012, 36.3136593 ], [ 129.210926699999987, 36.3141459 ], [ 129.2103598, 36.3150694 ], [ 129.2102119, 36.3156355 ], [ 129.2103845, 36.316271 ], [ 129.2113211, 36.3170059 ], [ 129.2115183, 36.3174726 ], [ 129.2115676, 36.3176414 ], [ 129.212307, 36.3177903 ], [ 129.2131451, 36.318118 ], [ 129.2141926, 36.3185053 ], [ 129.2150677, 36.318694 ], [ 129.215831799999989, 36.3186642 ], [ 129.2163617, 36.3187933 ], [ 129.2169999, 36.3184617 ], [ 129.2170332, 36.3179548 ], [ 129.2162681, 36.3178331 ], [ 129.216374, 36.3170417 ], [ 129.2170936, 36.3165074 ], [ 129.217985700000014, 36.3162313 ], [ 129.218638199999987, 36.3161906 ], [ 129.2194336, 36.316277 ], [ 129.2203247, 36.3165847 ], [ 129.220534500000014, 36.3167714 ], [ 129.220693399999988, 36.317173 ], [ 129.2203462, 36.3182843 ], [ 129.220666099999988, 36.3186347 ], [ 129.220963500000011, 36.3186924 ], [ 129.2218326, 36.318639 ], [ 129.2221614, 36.3185479 ], [ 129.2226417, 36.3181037 ], [ 129.2226796, 36.3177836 ], [ 129.2224778, 36.3169251 ], [ 129.2226559, 36.3164549 ], [ 129.2230525, 36.3161543 ], [ 129.2234812, 36.3160376 ], [ 129.2239344, 36.3160423 ], [ 129.2244216, 36.316178 ], [ 129.224839800000012, 36.3164248 ], [ 129.2248778, 36.3166008 ], [ 129.224477400000012, 36.3176582 ], [ 129.2245202, 36.3178571 ], [ 129.224960399999986, 36.3183099 ], [ 129.2251296, 36.3183833 ], [ 129.2253776, 36.3182742 ], [ 129.225578, 36.3178097 ], [ 129.2266294, 36.3171513 ], [ 129.2271445, 36.3169959 ], [ 129.2276684, 36.317112 ], [ 129.2291875, 36.3189009 ], [ 129.230612799999989, 36.3196308 ], [ 129.230975300000011, 36.3200674 ], [ 129.2329359, 36.3197931 ], [ 129.232841799999989, 36.3201294 ], [ 129.2334085, 36.3202904 ], [ 129.2332705, 36.3213913 ], [ 129.2338086, 36.3218383 ], [ 129.2337876, 36.3220421 ], [ 129.2335354, 36.3224725 ], [ 129.2339815, 36.3227694 ], [ 129.2353234, 36.3220778 ], [ 129.2358755, 36.3221918 ] ], [ [ 129.1957622, 36.2720322 ], [ 129.195660299999986, 36.2720495 ], [ 129.195687099999986, 36.2716862 ], [ 129.1962504, 36.2716732 ], [ 129.1966205, 36.2715867 ], [ 129.196754700000014, 36.271604 ], [ 129.196915600000011, 36.2716819 ], [ 129.1964811, 36.27179 ], [ 129.1961485, 36.2719414 ], [ 129.1957622, 36.2720322 ] ], [ [ 129.243922, 36.3257028 ], [ 129.2436693, 36.3256929 ], [ 129.2435707, 36.3255439 ], [ 129.2434906, 36.3252014 ], [ 129.2433859, 36.3248638 ], [ 129.243324199999989, 36.3245709 ], [ 129.243324199999989, 36.3242531 ], [ 129.2433058, 36.3240198 ], [ 129.243694, 36.3239404 ], [ 129.243922, 36.3240297 ], [ 129.243811, 36.3242234 ], [ 129.243946599999987, 36.3244219 ], [ 129.244094499999989, 36.3246851 ], [ 129.244267, 36.3248638 ], [ 129.2445751, 36.3247099 ], [ 129.244753800000012, 36.3248985 ], [ 129.2450619, 36.3249532 ], [ 129.2451236, 36.3250723 ], [ 129.2450435, 36.3252461 ], [ 129.2448894, 36.3254546 ], [ 129.2445751, 36.3254695 ], [ 129.2442486, 36.3255291 ], [ 129.243922, 36.3257028 ] ] ] } },
{ "type": "Feature", "properties": { "natural": "wood", "name": null }, "geometry": { "type": "MultiPolygon", "coordinates": [ [ [ [ 129.376133900000013, 36.278205 ], [ 129.3771854, 36.2761292 ], [ 129.3775287, 36.2749356 ], [ 129.3772533, 36.2738163 ], [ 129.3769427, 36.2738987 ], [ 129.376673399999987, 36.2735476 ], [ 129.376234399999987, 36.2734796 ], [ 129.3758392, 36.2730033 ], [ 129.3769144, 36.272658 ], [ 129.3755897, 36.2709755 ], [ 129.3750439, 36.2712677 ], [ 129.374811, 36.2710255 ], [ 129.3745767, 36.2709655 ], [ 129.374031, 36.2709528 ], [ 129.3738396, 36.2707471 ], [ 129.3739002, 36.2702027 ], [ 129.3727658, 36.2699005 ], [ 129.372406399999988, 36.2699538 ], [ 129.3722103, 36.2695996 ], [ 129.371883700000012, 36.2696855 ], [ 129.3707459, 36.2697599 ], [ 129.370294, 36.2698442 ], [ 129.3698472, 36.269813 ], [ 129.369712099999987, 36.2702899 ], [ 129.3691987, 36.2703753 ], [ 129.3681891, 36.2703464 ], [ 129.3659323, 36.2702187 ], [ 129.365621800000014, 36.2703391 ], [ 129.3652648, 36.2703769 ], [ 129.364923299999987, 36.2703573 ], [ 129.3647363, 36.2704622 ], [ 129.364751500000011, 36.2708078 ], [ 129.3646679, 36.271398 ], [ 129.364797, 36.271393 ], [ 129.3654469, 36.2716154 ], [ 129.365820899999989, 36.2718527 ], [ 129.3657258, 36.2720306 ], [ 129.3656645, 36.2722061 ], [ 129.3655235, 36.2734294 ], [ 129.365548, 36.2738396 ], [ 129.366639, 36.2741331 ], [ 129.3666308, 36.274297 ], [ 129.366208, 36.2744281 ], [ 129.3656226, 36.274415 ], [ 129.365086, 36.2743691 ], [ 129.364484299999987, 36.2742118 ], [ 129.363769600000012, 36.2738816 ], [ 129.3639197, 36.2735962 ], [ 129.363674800000013, 36.2735146 ], [ 129.3634599, 36.2733256 ], [ 129.364217700000012, 36.2719416 ], [ 129.3642566, 36.2717536 ], [ 129.363939499999987, 36.2718126 ], [ 129.3636305, 36.2722452 ], [ 129.363411, 36.2725009 ], [ 129.36298, 36.272632 ], [ 129.361906800000014, 36.272986 ], [ 129.3612319, 36.2732744 ], [ 129.3606871, 36.2734973 ], [ 129.359784600000012, 36.2738578 ], [ 129.3594431, 36.2740544 ], [ 129.3589634, 36.2745002 ], [ 129.3591504, 36.2746182 ], [ 129.3596545, 36.2747231 ], [ 129.360492, 36.2748017 ], [ 129.361175, 36.275077 ], [ 129.3620694, 36.275844 ], [ 129.362443399999989, 36.2761193 ], [ 129.3630451, 36.2767158 ], [ 129.363402900000011, 36.2772992 ], [ 129.3636712, 36.2774893 ], [ 129.3642729, 36.2774958 ], [ 129.3643542, 36.2772533 ], [ 129.3642485, 36.277037 ], [ 129.3640452, 36.2768141 ], [ 129.3638501, 36.2761717 ], [ 129.363866300000012, 36.2757063 ], [ 129.363841900000011, 36.2753786 ], [ 129.3640045, 36.2749984 ], [ 129.364159, 36.2750049 ], [ 129.3643542, 36.2752671 ], [ 129.364508699999988, 36.2754572 ], [ 129.3643054, 36.2760079 ], [ 129.3645656, 36.2766502 ], [ 129.3646469, 36.277096 ], [ 129.365037199999989, 36.2774958 ], [ 129.3654031, 36.2781185 ], [ 129.3656389, 36.2784135 ], [ 129.3660942, 36.2786822 ], [ 129.3664276, 36.2789116 ], [ 129.3667853, 36.2790034 ], [ 129.3672894, 36.2792722 ], [ 129.36743580000001, 36.2794819 ], [ 129.3681838, 36.2794622 ], [ 129.368557900000013, 36.2793836 ], [ 129.36848470000001, 36.2791673 ], [ 129.3682326, 36.2782431 ], [ 129.3682245, 36.2779088 ], [ 129.368468400000012, 36.2777056 ], [ 129.36900510000001, 36.2778629 ], [ 129.3691026, 36.2780202 ], [ 129.369127, 36.2785511 ], [ 129.3692734, 36.2792394 ], [ 129.3693303, 36.279495 ], [ 129.3697043, 36.2797506 ], [ 129.370086500000014, 36.2797834 ], [ 129.3707776, 36.279613 ], [ 129.3712167, 36.2795343 ], [ 129.3717615, 36.2795868 ], [ 129.3720786, 36.2796785 ], [ 129.3724851, 36.2794688 ], [ 129.37304610000001, 36.2793246 ], [ 129.3737291, 36.2791542 ], [ 129.3740788, 36.2789838 ], [ 129.3741298, 36.2788692 ], [ 129.3746534, 36.2787932 ], [ 129.376133900000013, 36.278205 ] ] ], [ [ [ 129.321144299999986, 36.2129342 ], [ 129.32001, 36.2131401 ], [ 129.3186837, 36.2131552 ], [ 129.3180112, 36.2128086 ], [ 129.3170399, 36.2129744 ], [ 129.3154147, 36.2129894 ], [ 129.3151532, 36.2139841 ], [ 129.31470490000001, 36.2145569 ], [ 129.3133973, 36.2145267 ], [ 129.3129396, 36.2145041 ], [ 129.3124259, 36.2151748 ], [ 129.310726, 36.2158982 ], [ 129.3101283, 36.2165462 ], [ 129.3094931, 36.2174806 ], [ 129.3091569, 36.2183095 ], [ 129.3084097, 36.2191986 ], [ 129.3076065, 36.2212482 ], [ 129.3067098, 36.2217756 ], [ 129.3061681, 36.2226195 ], [ 129.3057945, 36.2234032 ], [ 129.3063362, 36.2250156 ], [ 129.305906599999986, 36.2255581 ], [ 129.305431, 36.2257787 ], [ 129.305293299999988, 36.2254425 ], [ 129.3047584, 36.2239321 ], [ 129.3048703, 36.22289 ], [ 129.3052994, 36.2219206 ], [ 129.3048059, 36.2210551 ], [ 129.3052351, 36.2198952 ], [ 129.3055569, 36.2188912 ], [ 129.3057286, 36.2177486 ], [ 129.306586900000013, 36.2162944 ], [ 129.3071233, 36.2152038 ], [ 129.307059, 36.2141997 ], [ 129.308384, 36.2141863 ], [ 129.3080679, 36.2139456 ], [ 129.3083047, 36.2136984 ], [ 129.308567, 36.2138928 ], [ 129.309437, 36.2130202 ], [ 129.3095061, 36.2128825 ], [ 129.3094532, 36.2125971 ], [ 129.309583300000014, 36.2123577 ], [ 129.311242, 36.2130038 ], [ 129.312987, 36.2129561 ], [ 129.312686899999989, 36.2126475 ], [ 129.3130577, 36.2125366 ], [ 129.3135097, 36.2125399 ], [ 129.3142956, 36.2126324 ], [ 129.315288, 36.2123548 ], [ 129.315363100000013, 36.2120248 ], [ 129.3157396, 36.2118016 ], [ 129.3161483, 36.2113252 ], [ 129.3165526, 36.2110909 ], [ 129.3166962, 36.210934 ], [ 129.316774, 36.2105769 ], [ 129.3170279, 36.210465 ], [ 129.3173659, 36.2106508 ], [ 129.31751890000001, 36.2106456 ], [ 129.318516, 36.210281 ], [ 129.319053700000012, 36.209867 ], [ 129.3197921, 36.2097885 ], [ 129.3212691, 36.2092846 ], [ 129.3214558, 36.2090235 ], [ 129.321242500000011, 36.2064433 ], [ 129.321864799999986, 36.2063741 ], [ 129.323753, 36.2061663 ], [ 129.3246972, 36.2061317 ], [ 129.324718600000011, 36.204989 ], [ 129.325941699999987, 36.204331 ], [ 129.3243539, 36.20466 ], [ 129.321864799999986, 36.2051794 ], [ 129.32047, 36.2053699 ], [ 129.320534400000014, 36.2045907 ], [ 129.3225085, 36.2039328 ], [ 129.321864799999986, 36.203448 ], [ 129.3210923, 36.2032056 ], [ 129.3207275, 36.2019589 ], [ 129.3196117, 36.2016126 ], [ 129.319547300000011, 36.2015953 ], [ 129.3191182, 36.1996559 ], [ 129.3187749, 36.1988767 ], [ 129.3177449, 36.1985651 ], [ 129.3169939, 36.1977685 ], [ 129.3175089, 36.1968161 ], [ 129.3173801, 36.1960196 ], [ 129.3158995, 36.1962274 ], [ 129.3154918, 36.1956733 ], [ 129.313431900000012, 36.1960889 ], [ 129.313088599999986, 36.195933 ], [ 129.312532299999987, 36.1958294 ], [ 129.3116938, 36.1956733 ], [ 129.3108784, 36.1956559 ], [ 129.3091618, 36.1960023 ], [ 129.30802460000001, 36.1967296 ], [ 129.3068015, 36.1971105 ], [ 129.3059003, 36.1976993 ], [ 129.3051278, 36.1989287 ], [ 129.305042, 36.1993962 ], [ 129.3058805, 36.2011748 ], [ 129.3061933, 36.202215 ], [ 129.3061705, 36.2033835 ], [ 129.306065600000011, 36.2039871 ], [ 129.3054495, 36.2045617 ], [ 129.3057823, 36.2054391 ], [ 129.3055784, 36.2060278 ], [ 129.3055569, 36.2074129 ], [ 129.3049561, 36.209681 ], [ 129.304248, 36.2107891 ], [ 129.303325300000012, 36.2113258 ], [ 129.3018662, 36.211672 ], [ 129.3012225, 36.2118625 ], [ 129.3003856, 36.2123126 ], [ 129.300729, 36.2138534 ], [ 129.3003642, 36.215273 ], [ 129.3001711, 36.2158443 ], [ 129.2994897, 36.2158524 ], [ 129.29939250000001, 36.2120262 ], [ 129.2985832, 36.2109968 ], [ 129.299184, 36.21001 ], [ 129.2992913, 36.2088153 ], [ 129.299119600000012, 36.2076034 ], [ 129.2993342, 36.2063914 ], [ 129.2998921, 36.2056296 ], [ 129.299398599999989, 36.2052227 ], [ 129.2990981, 36.20524 ], [ 129.298518800000011, 36.2062356 ], [ 129.2971241, 36.2073264 ], [ 129.295772199999988, 36.2080189 ], [ 129.2940342, 36.2083825 ], [ 129.2933261, 36.2081574 ], [ 129.294699400000013, 36.207309 ], [ 129.295901, 36.2062183 ], [ 129.296866599999987, 36.2056123 ], [ 129.2971455, 36.2046773 ], [ 129.2978965, 36.2030497 ], [ 129.298068199999989, 36.202132 ], [ 129.2984974, 36.2009373 ], [ 129.298154, 36.2001927 ], [ 129.296973900000012, 36.200539 ], [ 129.2962229, 36.200539 ], [ 129.295852, 36.2004084 ], [ 129.2967102, 36.1998757 ], [ 129.2973968, 36.1993043 ], [ 129.300679800000012, 36.197867 ], [ 129.3011948, 36.1967069 ], [ 129.3011091, 36.1961862 ], [ 129.3006331, 36.196365 ], [ 129.2999035, 36.196681 ], [ 129.298836, 36.1970057 ], [ 129.298085, 36.1973001 ], [ 129.2973447, 36.1972958 ], [ 129.298026, 36.1967893 ], [ 129.298280799999986, 36.1963023 ], [ 129.297733599999987, 36.1964148 ], [ 129.2975592, 36.1964169 ], [ 129.2974117, 36.196378 ], [ 129.2970874, 36.1962401 ], [ 129.2594607, 36.2149146 ], [ 129.259933100000012, 36.2149544 ], [ 129.26095620000001, 36.2151853 ], [ 129.2602187, 36.2154932 ], [ 129.2604206, 36.2158222 ], [ 129.260895, 36.2160494 ], [ 129.260895, 36.216504 ], [ 129.26056890000001, 36.2169705 ], [ 129.2607023, 36.2174011 ], [ 129.26099880000001, 36.2178317 ], [ 129.2611767, 36.2183102 ], [ 129.2613546, 36.2188006 ], [ 129.2613874, 36.218894 ], [ 129.2609393, 36.2190123 ], [ 129.2601474, 36.2192879 ], [ 129.2597825, 36.2191251 ], [ 129.258982800000013, 36.2193255 ], [ 129.258843, 36.2197139 ], [ 129.2585791, 36.2202024 ], [ 129.2580822, 36.2204216 ], [ 129.2575776, 36.2205594 ], [ 129.256871100000012, 36.2208789 ], [ 129.256605900000011, 36.2210976 ], [ 129.254905400000013, 36.2210875 ], [ 129.2541707, 36.2211818 ], [ 129.253392600000012, 36.221076 ], [ 129.252775500000013, 36.2208861 ], [ 129.2520916, 36.2206781 ], [ 129.2514043, 36.2204477 ], [ 129.25095730000001, 36.2202368 ], [ 129.2505075, 36.2198765 ], [ 129.2501131, 36.2196954 ], [ 129.2499829, 36.2198771 ], [ 129.249330500000013, 36.2200685 ], [ 129.2484409, 36.2204752 ], [ 129.2475662, 36.2209297 ], [ 129.2460094, 36.2215277 ], [ 129.2446009, 36.2222334 ], [ 129.2431172, 36.2226776 ], [ 129.2429404, 36.2233338 ], [ 129.2426883, 36.2240754 ], [ 129.2422253, 36.2246975 ], [ 129.2418859, 36.2249059 ], [ 129.2411152, 36.2249976 ], [ 129.2407979, 36.2253528 ], [ 129.240415899999988, 36.2251495 ], [ 129.219073400000013, 36.2320107 ], [ 129.2191396, 36.2324681 ], [ 129.2193441, 36.2326271 ], [ 129.219719, 36.2330464 ], [ 129.2196319, 36.2331391 ], [ 129.2191721, 36.2330705 ], [ 129.2188315, 36.233407 ], [ 129.2181077, 36.2339222 ], [ 129.2179885, 36.2341969 ], [ 129.21796710000001, 36.234389 ], [ 129.2180529, 36.2346054 ], [ 129.2182407, 36.2347438 ], [ 129.2183972, 36.2348288 ], [ 129.2191721, 36.2346983 ], [ 129.2198874, 36.234609 ], [ 129.2203643, 36.2346983 ], [ 129.220219500000013, 36.2355569 ], [ 129.219861900000012, 36.2359965 ], [ 129.2202706, 36.23623 ], [ 129.220773, 36.2357904 ], [ 129.221318, 36.2353783 ], [ 129.221701200000012, 36.2352203 ], [ 129.2220418, 36.2350486 ], [ 129.2221696, 36.2351929 ], [ 129.2218375, 36.2354333 ], [ 129.221377600000011, 36.2359965 ], [ 129.2211222, 36.2363743 ], [ 129.220773, 36.237068 ], [ 129.2206793, 36.2373015 ], [ 129.2207219, 36.2375694 ], [ 129.220909299999988, 36.2380089 ], [ 129.2212925, 36.2384622 ], [ 129.2215224, 36.2388263 ], [ 129.2209518, 36.2391491 ], [ 129.220619699999986, 36.2393757 ], [ 129.2202025, 36.2397123 ], [ 129.2196064, 36.24009 ], [ 129.2190955, 36.2401106 ], [ 129.218695200000013, 36.2397878 ], [ 129.2184313, 36.2397809 ], [ 129.218533400000013, 36.2400351 ], [ 129.2182609, 36.2403922 ], [ 129.2179629, 36.2405708 ], [ 129.2179544, 36.2407699 ], [ 129.2176308, 36.2410241 ], [ 129.2174094, 36.2414705 ], [ 129.217469, 36.2416834 ], [ 129.2174946, 36.242171 ], [ 129.2176138, 36.2432012 ], [ 129.2181323, 36.2438753 ], [ 129.2176055, 36.2460157 ], [ 129.217442799999986, 36.2466901 ], [ 129.2175729, 36.2470705 ], [ 129.2180282, 36.2486442 ], [ 129.2180932, 36.2492082 ], [ 129.218077, 36.2498114 ], [ 129.2182884, 36.2503885 ], [ 129.218971399999987, 36.2506507 ], [ 129.220126, 36.2505458 ], [ 129.2211505, 36.2504016 ], [ 129.2218985, 36.2504016 ], [ 129.223004300000014, 36.2503229 ], [ 129.2238011, 36.2497065 ], [ 129.2249395, 36.2492737 ], [ 129.2262404, 36.2489852 ], [ 129.22665090000001, 36.2485057 ], [ 129.228024299999987, 36.2488073 ], [ 129.2272303, 36.2511261 ], [ 129.226307600000013, 36.2534448 ], [ 129.226103099999989, 36.2534188 ], [ 129.225232299999988, 36.2539218 ], [ 129.2259923, 36.2540498 ], [ 129.226473700000014, 36.2540727 ], [ 129.2272098, 36.2540955 ], [ 129.2276062, 36.2542667 ], [ 129.2277478, 36.2547006 ], [ 129.2281725, 36.2548946 ], [ 129.228611300000011, 36.2552599 ], [ 129.228908600000011, 36.2562189 ], [ 129.2287246, 36.2565499 ], [ 129.228384799999986, 36.2567326 ], [ 129.228530400000011, 36.2570592 ], [ 129.229955499999988, 36.2574996 ], [ 129.2296589, 36.2569837 ], [ 129.2298571, 36.2564015 ], [ 129.22999870000001, 36.2558878 ], [ 129.230749, 36.255317 ], [ 129.2314852, 36.2548832 ], [ 129.2321364, 36.2548147 ], [ 129.23280170000001, 36.2548832 ], [ 129.23290080000001, 36.2554198 ], [ 129.2324195, 36.2556481 ], [ 129.2328584, 36.2569266 ], [ 129.23290080000001, 36.2574632 ], [ 129.2327805, 36.2577628 ], [ 129.2331663, 36.258014 ], [ 129.2339237, 36.258365 ], [ 129.2346987, 36.2584335 ], [ 129.235665, 36.258716 ], [ 129.235955100000012, 36.2590956 ], [ 129.2360932, 36.259615 ], [ 129.2360587, 36.260117 ], [ 129.2363375, 36.2610017 ], [ 129.236238899999989, 36.2616442 ], [ 129.236264799999987, 36.2621701 ], [ 129.2364092, 36.2626851 ], [ 129.236693699999989, 36.2633827 ], [ 129.2369541, 36.2636151 ], [ 129.237215600000013, 36.264007 ], [ 129.2384157, 36.2646855 ], [ 129.2387904, 36.265029 ], [ 129.2389866, 36.2654868 ], [ 129.238941399999987, 36.2658542 ], [ 129.238283, 36.2666308 ], [ 129.2385069, 36.267474 ], [ 129.2373921, 36.2681188 ], [ 129.236617, 36.2677161 ], [ 129.2363996, 36.2677085 ], [ 129.236147100000011, 36.2677668 ], [ 129.236029699999989, 36.2678985 ], [ 129.2359304, 36.2680789 ], [ 129.235902, 36.2690948 ], [ 129.235862700000013, 36.2694205 ], [ 129.235681199999988, 36.269509 ], [ 129.235473, 36.2691944 ], [ 129.2352861, 36.2692451 ], [ 129.23538640000001, 36.269763 ], [ 129.2353278, 36.269963 ], [ 129.2351217, 36.2700949 ], [ 129.234744799999987, 36.2699879 ], [ 129.234628, 36.2700992 ], [ 129.2347332, 36.270244 ], [ 129.2345837, 36.2705486 ], [ 129.2345253, 36.2711521 ], [ 129.2345915, 36.271478 ], [ 129.2348878, 36.2716945 ], [ 129.235663100000011, 36.2719051 ], [ 129.236122599999987, 36.2719087 ], [ 129.2369267, 36.2723828 ], [ 129.2374246, 36.2731378 ], [ 129.2385224, 36.2746865 ], [ 129.2389403, 36.2759616 ], [ 129.2396938, 36.2774619 ], [ 129.240071699999987, 36.2787547 ], [ 129.2404462, 36.2787449 ], [ 129.241225, 36.2799934 ], [ 129.2422373, 36.281844 ], [ 129.2430282, 36.2826753 ], [ 129.2437098, 36.2833917 ], [ 129.2442838, 36.2847971 ], [ 129.2445467, 36.2868337 ], [ 129.2451046, 36.2876293 ], [ 129.245083099999988, 36.2887363 ], [ 129.245319099999989, 36.2896184 ], [ 129.2466066, 36.2907253 ], [ 129.2473745, 36.2910199 ], [ 129.2477293, 36.2909932 ], [ 129.2484159, 36.2911834 ], [ 129.249209799999988, 36.2911834 ], [ 129.2498536, 36.291071 ], [ 129.2504973, 36.2909067 ], [ 129.2509801, 36.290777 ], [ 129.2510981, 36.2909932 ], [ 129.25142, 36.2913304 ], [ 129.2521066, 36.2914947 ], [ 129.2526431, 36.2919271 ], [ 129.2528576, 36.2923854 ], [ 129.2525465, 36.2927919 ], [ 129.252160300000014, 36.2931205 ], [ 129.251355600000011, 36.2934491 ], [ 129.251246900000012, 36.2937432 ], [ 129.251484299999987, 36.2940714 ], [ 129.251431599999989, 36.2942553 ], [ 129.2512491, 36.2943542 ], [ 129.2509842, 36.2947982 ], [ 129.2510799, 36.2950309 ], [ 129.2510443, 36.2951449 ], [ 129.2501335, 36.295902 ], [ 129.2497955, 36.2963482 ], [ 129.2489416, 36.2970059 ], [ 129.248526199999986, 36.2972749 ], [ 129.247680300000013, 36.2978216 ], [ 129.248415099999988, 36.2983624 ], [ 129.24807770000001, 36.300259 ], [ 129.2492459, 36.3006695 ], [ 129.2498682, 36.3018454 ], [ 129.2511556, 36.3034018 ], [ 129.2518208, 36.3045085 ], [ 129.253022499999986, 36.3048543 ], [ 129.2520998, 36.3054942 ], [ 129.2520998, 36.3063069 ], [ 129.2511605, 36.3078139 ], [ 129.2515774, 36.3085765 ], [ 129.2517681, 36.309409 ], [ 129.2517358, 36.3094253 ], [ 129.252264700000012, 36.3098706 ], [ 129.252171299999986, 36.3104501 ], [ 129.2524888, 36.3115113 ], [ 129.2526756, 36.3118876 ], [ 129.2530492, 36.3122413 ], [ 129.2533388, 36.3127832 ], [ 129.2538151, 36.3131821 ], [ 129.2548052, 36.3134681 ], [ 129.255580400000014, 36.3136864 ], [ 129.256682500000011, 36.3136864 ], [ 129.25732690000001, 36.3137466 ], [ 129.2575137, 36.3139874 ], [ 129.2573176, 36.3144314 ], [ 129.256131399999987, 36.3149432 ], [ 129.2556084, 36.3148679 ], [ 129.2549172, 36.3147851 ], [ 129.255104, 36.3149206 ], [ 129.2557205, 36.3151313 ], [ 129.256094100000013, 36.3151614 ], [ 129.256551699999989, 36.3151464 ], [ 129.256645099999986, 36.3155904 ], [ 129.256514399999986, 36.315914 ], [ 129.2571121, 36.3158915 ], [ 129.2575698, 36.3157635 ], [ 129.2581769, 36.3155076 ], [ 129.25864390000001, 36.3155377 ], [ 129.2590362, 36.315771 ], [ 129.2596619, 36.3164258 ], [ 129.2601663, 36.3164935 ], [ 129.260343799999987, 36.3167644 ], [ 129.2608855, 36.3174794 ], [ 129.2613058, 36.3177729 ], [ 129.2617821, 36.3179159 ], [ 129.2621277, 36.3181717 ], [ 129.2626601, 36.3184502 ], [ 129.2630804, 36.3185255 ], [ 129.263388600000013, 36.3184728 ], [ 129.2635567, 36.3183298 ], [ 129.2638556, 36.3181642 ], [ 129.2640611, 36.3180739 ], [ 129.2646379, 36.3181105 ], [ 129.2640356, 36.3174068 ], [ 129.2638938, 36.3156457 ], [ 129.2653177, 36.3152463 ], [ 129.2663691, 36.3155921 ], [ 129.267570799999987, 36.3163356 ], [ 129.2680535, 36.3174187 ], [ 129.2679544, 36.3192095 ], [ 129.267699599999986, 36.320373 ], [ 129.267798699999986, 36.3236351 ], [ 129.269440800000012, 36.3248327 ], [ 129.268828500000012, 36.3277383 ], [ 129.2680662, 36.3303273 ], [ 129.270465, 36.3314838 ], [ 129.2707869, 36.3319505 ], [ 129.2743489, 36.334699 ], [ 129.276795099999987, 36.334699 ], [ 129.2780086, 36.3353129 ], [ 129.2790281, 36.3369199 ], [ 129.2793302, 36.3378857 ], [ 129.2789003, 36.3382528 ], [ 129.278212200000013, 36.3383447 ], [ 129.2778715, 36.338041 ], [ 129.2769544, 36.3387905 ], [ 129.2763821, 36.3383356 ], [ 129.2769404, 36.3378186 ], [ 129.2736495, 36.3363535 ], [ 129.2736143, 36.3372755 ], [ 129.273989199999988, 36.3385077 ], [ 129.2739688, 36.3400812 ], [ 129.274128100000013, 36.340632 ], [ 129.274045300000012, 36.3414828 ], [ 129.274850500000014, 36.3414215 ], [ 129.275386200000014, 36.341857 ], [ 129.276003, 36.3419096 ], [ 129.276212500000014, 36.3434045 ], [ 129.278158100000013, 36.3438508 ], [ 129.2787655, 36.3446239 ], [ 129.2790975, 36.3453487 ], [ 129.2792277, 36.345952 ], [ 129.2783618, 36.3474399 ], [ 129.2795221, 36.348853 ], [ 129.2794726, 36.3514672 ], [ 129.280425400000013, 36.3534642 ], [ 129.280752, 36.3530479 ], [ 129.281133, 36.3530385 ], [ 129.2814514, 36.3536763 ], [ 129.282653, 36.3558883 ], [ 129.284712899999988, 36.3566314 ], [ 129.2876741, 36.3564759 ], [ 129.2892191, 36.3575819 ], [ 129.2908069, 36.3578756 ], [ 129.2908332, 36.3575404 ], [ 129.290671800000013, 36.3568509 ], [ 129.290424, 36.3568803 ], [ 129.290245, 36.3565072 ], [ 129.2902678, 36.3560114 ], [ 129.289993, 36.356058 ], [ 129.2898659, 36.3556358 ], [ 129.2903196, 36.3541217 ], [ 129.290771299999989, 36.354167 ], [ 129.290848, 36.35396 ], [ 129.2915083, 36.3530913 ], [ 129.2916276, 36.3530445 ], [ 129.2919684, 36.3527752 ], [ 129.292006, 36.3528094 ], [ 129.292042, 36.3528453 ], [ 129.2921838, 36.3526328 ], [ 129.2920543, 36.3523664 ], [ 129.2919671, 36.3520739 ], [ 129.2919046, 36.3520026 ], [ 129.2920583, 36.3519337 ], [ 129.29263850000001, 36.3522429 ], [ 129.2927022, 36.3522419 ], [ 129.2927521, 36.3522147 ], [ 129.292828, 36.3521125 ], [ 129.2931678, 36.3519245 ], [ 129.293186600000013, 36.3518383 ], [ 129.293285700000013, 36.3517417 ], [ 129.2935938, 36.3517241 ], [ 129.293718399999989, 36.3517078 ], [ 129.2938256, 36.3516702 ], [ 129.2939572, 36.3515962 ], [ 129.294094199999989, 36.3515877 ], [ 129.2942151, 36.3515662 ], [ 129.2943342, 36.3515171 ], [ 129.2944401, 36.3514472 ], [ 129.2947677, 36.3513349 ], [ 129.2948207, 36.3512833 ], [ 129.2949194, 36.3510268 ], [ 129.2950231, 36.3510079 ], [ 129.295161799999988, 36.3510723 ], [ 129.2953042, 36.3510398 ], [ 129.2954623, 36.3509612 ], [ 129.295714, 36.3509087 ], [ 129.295809, 36.350872 ], [ 129.2958676, 36.3508189 ], [ 129.2959496, 36.3506737 ], [ 129.2965887, 36.3507746 ], [ 129.296825399999989, 36.3507561 ], [ 129.296981, 36.3507254 ], [ 129.2971143, 36.3506642 ], [ 129.2972029, 36.3505975 ], [ 129.29725160000001, 36.3505316 ], [ 129.297274499999986, 36.3504502 ], [ 129.2972713, 36.3503451 ], [ 129.297262499999988, 36.3502263 ], [ 129.2972974, 36.3499855 ], [ 129.297313800000012, 36.3497352 ], [ 129.2973014, 36.3495569 ], [ 129.2971569, 36.3489565 ], [ 129.2971301, 36.3488463 ], [ 129.297077300000012, 36.3486855 ], [ 129.2970454, 36.348234 ], [ 129.2970133, 36.3480215 ], [ 129.297069099999987, 36.3477522 ], [ 129.2975395, 36.3473931 ], [ 129.2977362, 36.3481964 ], [ 129.2978853, 36.3485087 ], [ 129.297802100000013, 36.3487348 ], [ 129.297984500000013, 36.3491505 ], [ 129.298124, 36.3494248 ], [ 129.29817220000001, 36.3499775 ], [ 129.2982715, 36.3500321 ], [ 129.298517800000013, 36.3501039 ], [ 129.2986971, 36.3501174 ], [ 129.2989858, 36.3500623 ], [ 129.299354099999988, 36.3499046 ], [ 129.2996454, 36.3498699 ], [ 129.2998471, 36.3498137 ], [ 129.3001754, 36.3497789 ], [ 129.300622800000014, 36.3498476 ], [ 129.3010744, 36.3498793 ], [ 129.309882, 36.3411761 ], [ 129.3097507, 36.3410221 ], [ 129.3098277, 36.3408723 ], [ 129.3097109, 36.3407406 ], [ 129.3096026, 36.3407292 ], [ 129.3094826, 36.3405704 ], [ 129.3093566, 36.340549 ], [ 129.3092854, 36.3404737 ], [ 129.309212300000013, 36.3404672 ], [ 129.309063900000012, 36.3402936 ], [ 129.309023200000013, 36.3402281 ], [ 129.308933, 36.340077 ], [ 129.3092374, 36.3395468 ], [ 129.3092799, 36.338452 ], [ 129.3096621, 36.3377222 ], [ 129.3098037, 36.3371064 ], [ 129.3102709, 36.3366959 ], [ 129.3105948, 36.336636 ], [ 129.3107123, 36.3350897 ], [ 129.3115161, 36.3342058 ], [ 129.3122184, 36.3328628 ], [ 129.3122162, 36.3327317 ], [ 129.3123846, 36.3321615 ], [ 129.312451, 36.3320364 ], [ 129.312555300000014, 36.331919 ], [ 129.3129413, 36.3306931 ], [ 129.313166, 36.3303563 ], [ 129.3132166, 36.330233 ], [ 129.3131994, 36.3301285 ], [ 129.3131519, 36.3300221 ], [ 129.31304320000001, 36.3299119 ], [ 129.3128921, 36.3298103 ], [ 129.3125401, 36.3296377 ], [ 129.312332199999986, 36.3295999 ], [ 129.3116253, 36.3301665 ], [ 129.3105464, 36.330115 ], [ 129.309582400000011, 36.3301441 ], [ 129.305005099999988, 36.3337875 ], [ 129.305766799999986, 36.3319206 ], [ 129.3069792, 36.3316613 ], [ 129.308213, 36.3300623 ], [ 129.307071799999989, 36.3290637 ], [ 129.3063989, 36.3287592 ], [ 129.304919500000011, 36.3278485 ], [ 129.3030765, 36.3277258 ], [ 129.3044908, 36.3271734 ], [ 129.3054354, 36.3273412 ], [ 129.3067251, 36.3277446 ], [ 129.307672599999989, 36.3268509 ], [ 129.30898160000001, 36.3269201 ], [ 129.3092828, 36.3289681 ], [ 129.3106321, 36.3289425 ], [ 129.311848199999986, 36.3287204 ], [ 129.31313560000001, 36.3287347 ], [ 129.314398399999988, 36.3288272 ], [ 129.3149932, 36.3286859 ], [ 129.3170313, 36.3278864 ], [ 129.318241300000011, 36.327659 ], [ 129.318830600000013, 36.326557 ], [ 129.32050430000001, 36.32469 ], [ 129.322457, 36.3230303 ], [ 129.3240663, 36.3227883 ], [ 129.3247247, 36.3220322 ], [ 129.3252396, 36.3215308 ], [ 129.3267914, 36.3213619 ], [ 129.3274305, 36.3214835 ], [ 129.3275223, 36.3217477 ], [ 129.3276899, 36.3219519 ], [ 129.328856699999989, 36.3222696 ], [ 129.329448899999988, 36.3226831 ], [ 129.3299399, 36.323468 ], [ 129.3300755, 36.3242539 ], [ 129.3303573, 36.3244336 ], [ 129.3305542, 36.3245077 ], [ 129.3308231, 36.3245512 ], [ 129.3320522, 36.3245081 ], [ 129.332331, 36.3244824 ], [ 129.3326275, 36.3244168 ], [ 129.334029500000014, 36.3239297 ], [ 129.3342548, 36.323879 ], [ 129.3344722, 36.3238768 ], [ 129.334808, 36.3239367 ], [ 129.335193299999986, 36.3238541 ], [ 129.3354827, 36.323757 ], [ 129.3366073, 36.3231929 ], [ 129.3370653, 36.3227227 ], [ 129.337867, 36.3221415 ], [ 129.338680399999987, 36.3214465 ], [ 129.339296600000011, 36.3208904 ], [ 129.341511, 36.3199772 ], [ 129.3424157, 36.3191695 ], [ 129.342572600000011, 36.3188914 ], [ 129.34283, 36.3178926 ], [ 129.3426486, 36.3176752 ], [ 129.3428951, 36.316897 ], [ 129.3436404, 36.3167894 ], [ 129.3435845, 36.3157033 ], [ 129.3435941, 36.3152579 ], [ 129.3435294, 36.314759 ], [ 129.343535, 36.3143696 ], [ 129.3435641, 36.3138513 ], [ 129.343622, 36.3136197 ], [ 129.343763700000011, 36.3132679 ], [ 129.3440348, 36.3130914 ], [ 129.3442013, 36.3131353 ], [ 129.344357300000013, 36.3131063 ], [ 129.3445518, 36.3129811 ], [ 129.3446839, 36.3128586 ], [ 129.344885799999986, 36.3128153 ], [ 129.345022199999988, 36.3127663 ], [ 129.3451109, 36.312706 ], [ 129.345149, 36.3126365 ], [ 129.3452135, 36.3120043 ], [ 129.345208500000012, 36.3118271 ], [ 129.345188799999988, 36.3117015 ], [ 129.345146199999988, 36.3116207 ], [ 129.3450578, 36.3115455 ], [ 129.3448962, 36.3114591 ], [ 129.344735899999989, 36.3113883 ], [ 129.344583, 36.3113501 ], [ 129.34441240000001, 36.311334 ], [ 129.3442669, 36.3113382 ], [ 129.3441359, 36.3113704 ], [ 129.344068600000014, 36.3114063 ], [ 129.3439591, 36.3115077 ], [ 129.3438782, 36.3116153 ], [ 129.3437236, 36.311969 ], [ 129.343658, 36.3124494 ], [ 129.3432865, 36.3125115 ], [ 129.3432152, 36.3126605 ], [ 129.342947400000014, 36.3127821 ], [ 129.342750099999989, 36.3129713 ], [ 129.3421165, 36.3133106 ], [ 129.3420291, 36.3132243 ], [ 129.3424196, 36.3128111 ], [ 129.342869, 36.3122376 ], [ 129.342924, 36.3117535 ], [ 129.3431311, 36.3116851 ], [ 129.3432946, 36.3113123 ], [ 129.343707, 36.3111407 ], [ 129.3439352, 36.3107525 ], [ 129.344202, 36.3107107 ], [ 129.3445317, 36.3107389 ], [ 129.3449473, 36.3106901 ], [ 129.3450528, 36.3106897 ], [ 129.345166799999987, 36.3107145 ], [ 129.345564200000013, 36.3108786 ], [ 129.3456543, 36.3108975 ], [ 129.345740799999987, 36.3108793 ], [ 129.345898799999986, 36.310793 ], [ 129.345964, 36.3107318 ], [ 129.34601, 36.3106275 ], [ 129.3460952, 36.3102138 ], [ 129.3457929, 36.3101692 ], [ 129.3455165, 36.3101385 ], [ 129.3450627, 36.3101401 ], [ 129.344851, 36.3101148 ], [ 129.344682400000011, 36.3100631 ], [ 129.344505199999986, 36.3099439 ], [ 129.3444237, 36.3098411 ], [ 129.3443638, 36.3097189 ], [ 129.344345299999986, 36.3095904 ], [ 129.3443555, 36.3094721 ], [ 129.344387899999987, 36.3093852 ], [ 129.3444628, 36.3093333 ], [ 129.3445712, 36.3093105 ], [ 129.344662699999986, 36.3093523 ], [ 129.3447392, 36.3094499 ], [ 129.3448381, 36.3095976 ], [ 129.3449458, 36.3097134 ], [ 129.3450201, 36.3097798 ], [ 129.3451274, 36.3098184 ], [ 129.3452408, 36.3098099 ], [ 129.3453608, 36.3097589 ], [ 129.3455799, 36.3097532 ], [ 129.3457544, 36.309753 ], [ 129.3459349, 36.3097182 ], [ 129.3461304, 36.3096401 ], [ 129.3461721, 36.3095964 ], [ 129.3461833, 36.3095417 ], [ 129.3461179, 36.3092401 ], [ 129.3461015, 36.3089649 ], [ 129.346109500000011, 36.308798 ], [ 129.346154, 36.3086295 ], [ 129.346243500000014, 36.3083805 ], [ 129.3462361, 36.3082183 ], [ 129.3462441, 36.3080479 ], [ 129.3465237, 36.3077428 ], [ 129.3464836, 36.3075034 ], [ 129.3467006, 36.30735 ], [ 129.34686880000001, 36.3069674 ], [ 129.347262199999989, 36.30689 ], [ 129.347697, 36.306941 ], [ 129.3489783, 36.3068315 ], [ 129.349168600000013, 36.3065524 ], [ 129.3494651, 36.3057909 ], [ 129.3504026, 36.3050758 ], [ 129.3503313, 36.3049328 ], [ 129.3501794, 36.3048575 ], [ 129.3496887, 36.3047596 ], [ 129.3497255, 36.3046165 ], [ 129.350443500000011, 36.3047594 ], [ 129.3507119, 36.3049022 ], [ 129.3511742, 36.3047286 ], [ 129.3515476, 36.3047125 ], [ 129.3520235, 36.3049814 ], [ 129.352190900000011, 36.3049397 ], [ 129.3521706, 36.3048564 ], [ 129.3515324, 36.3045165 ], [ 129.351358, 36.3042809 ], [ 129.3507855, 36.3038381 ], [ 129.35061, 36.3038092 ], [ 129.350062900000012, 36.3036462 ], [ 129.3498371, 36.3035159 ], [ 129.3495165, 36.3035488 ], [ 129.34950090000001, 36.3033135 ], [ 129.3492549, 36.3031968 ], [ 129.3488284, 36.3031213 ], [ 129.3488252, 36.3026167 ], [ 129.349397900000014, 36.3028568 ], [ 129.349777499999988, 36.3029457 ], [ 129.350172500000014, 36.3031008 ], [ 129.3502806, 36.3032155 ], [ 129.3506368, 36.3033694 ], [ 129.3508449, 36.3033688 ], [ 129.3509996, 36.303518 ], [ 129.351122299999986, 36.3035305 ], [ 129.351573, 36.3038564 ], [ 129.3517086, 36.3041998 ], [ 129.3522413, 36.3045327 ], [ 129.352578099999988, 36.3045586 ], [ 129.3528969, 36.3043773 ], [ 129.353095599999989, 36.3043984 ], [ 129.353352699999988, 36.304245 ], [ 129.353418799999986, 36.3039833 ], [ 129.3531772, 36.3036556 ], [ 129.3540966, 36.3032307 ], [ 129.3544836, 36.3027795 ], [ 129.3545197, 36.3026673 ], [ 129.3544799, 36.3025635 ], [ 129.354362900000012, 36.3024838 ], [ 129.3539048, 36.3025426 ], [ 129.3533247, 36.3024645 ], [ 129.3540513, 36.3022557 ], [ 129.3546825, 36.3022973 ], [ 129.354870799999986, 36.3021697 ], [ 129.354687, 36.3019973 ], [ 129.354006199999986, 36.3018393 ], [ 129.3537627, 36.3017038 ], [ 129.3538089, 36.3016059 ], [ 129.3548982, 36.3018581 ], [ 129.3552046, 36.3018393 ], [ 129.3554011, 36.301621 ], [ 129.3553709, 36.3014488 ], [ 129.355156599999987, 36.3013179 ], [ 129.3547903, 36.3012736 ], [ 129.3544204, 36.3013304 ], [ 129.3540346, 36.3012384 ], [ 129.35390240000001, 36.3010908 ], [ 129.3533133, 36.3007761 ], [ 129.3529063, 36.3007324 ], [ 129.3501588, 36.2994629 ], [ 129.3488285, 36.2998779 ], [ 129.3479916, 36.3002238 ], [ 129.3472406, 36.2997742 ], [ 129.34610330000001, 36.3004832 ], [ 129.3440219, 36.300587 ], [ 129.3443009, 36.2993764 ], [ 129.3469187, 36.2976989 ], [ 129.3459102, 36.2960041 ], [ 129.345075400000013, 36.2952598 ], [ 129.344577500000014, 36.2952185 ], [ 129.3437556, 36.2954895 ], [ 129.3433633, 36.2958734 ], [ 129.3424573, 36.2965359 ], [ 129.341644699999989, 36.2974467 ], [ 129.3410843, 36.2977478 ], [ 129.339375100000012, 36.2978081 ], [ 129.338749299999989, 36.2978005 ], [ 129.3381609, 36.2977403 ], [ 129.337871400000012, 36.2978382 ], [ 129.3375632, 36.2975069 ], [ 129.337869399999988, 36.2972485 ], [ 129.338349099999988, 36.2970978 ], [ 129.3390647, 36.2968422 ], [ 129.3392842, 36.2967439 ], [ 129.338902, 36.2963704 ], [ 129.3390728, 36.2960886 ], [ 129.3395363, 36.295892 ], [ 129.339959099999987, 36.2959706 ], [ 129.3407234, 36.2959903 ], [ 129.340910400000013, 36.2958723 ], [ 129.3412356, 36.2956036 ], [ 129.3406908, 36.2949417 ], [ 129.340926599999989, 36.294732 ], [ 129.3415771, 36.2948238 ], [ 129.341910500000012, 36.294909 ], [ 129.342439, 36.294909 ], [ 129.3429269, 36.294732 ], [ 129.3431301, 36.294365 ], [ 129.342991899999987, 36.2940832 ], [ 129.343439100000012, 36.2941422 ], [ 129.3436505, 36.2944109 ], [ 129.3441709, 36.2943716 ], [ 129.344471700000014, 36.2936769 ], [ 129.3447157, 36.2933296 ], [ 129.345089699999988, 36.2932116 ], [ 129.3453417, 36.2934017 ], [ 129.345520599999986, 36.2939981 ], [ 129.3456751, 36.294175 ], [ 129.3458296, 36.2939063 ], [ 129.346089799999987, 36.2938342 ], [ 129.3462118, 36.2939456 ], [ 129.3463012, 36.294483 ], [ 129.3471468, 36.2949745 ], [ 129.3472606, 36.295217 ], [ 129.3478379, 36.295892 ], [ 129.3478705, 36.2961672 ], [ 129.348016800000011, 36.2965866 ], [ 129.3485291, 36.2972682 ], [ 129.3489194, 36.2976876 ], [ 129.3493096, 36.2978121 ], [ 129.3499845, 36.298048 ], [ 129.3509358, 36.2982577 ], [ 129.351651299999986, 36.2982446 ], [ 129.3520254, 36.2982773 ], [ 129.3523587, 36.2985395 ], [ 129.352716500000014, 36.2988016 ], [ 129.3530255, 36.2989654 ], [ 129.353814199999988, 36.2990244 ], [ 129.3548305, 36.2990309 ], [ 129.3553509, 36.2990309 ], [ 129.3554566, 36.2988212 ], [ 129.3551802, 36.298415 ], [ 129.3549932, 36.2978121 ], [ 129.3548468, 36.2975762 ], [ 129.3548875, 36.2973075 ], [ 129.3553265, 36.2976024 ], [ 129.355838799999987, 36.298048 ], [ 129.355822499999988, 36.298546 ], [ 129.3561152, 36.2987164 ], [ 129.3564161, 36.2987754 ], [ 129.3564405, 36.2986443 ], [ 129.35623720000001, 36.2983298 ], [ 129.3566925, 36.2985198 ], [ 129.356912099999988, 36.2987885 ], [ 129.3571885, 36.2988081 ], [ 129.3580016, 36.2984346 ], [ 129.358831, 36.29793 ], [ 129.359440799999987, 36.2976417 ], [ 129.3595871, 36.2973206 ], [ 129.3601563, 36.296331 ], [ 129.3602945, 36.2960689 ], [ 129.36035960000001, 36.2954857 ], [ 129.3597335, 36.2951711 ], [ 129.3595221, 36.2952629 ], [ 129.3590993, 36.2954267 ], [ 129.358148, 36.2956167 ], [ 129.357855300000011, 36.295466 ], [ 129.3581073, 36.2952301 ], [ 129.358587, 36.2949942 ], [ 129.358879800000011, 36.2948238 ], [ 129.3586521, 36.2946337 ], [ 129.3580585, 36.2944175 ], [ 129.3576195, 36.2943585 ], [ 129.3569934, 36.2943585 ], [ 129.3565299, 36.2943454 ], [ 129.3564649, 36.2941291 ], [ 129.356798199999986, 36.2941291 ], [ 129.3574975, 36.2939456 ], [ 129.357961, 36.2936638 ], [ 129.3582374, 36.2934934 ], [ 129.358375599999988, 36.2936835 ], [ 129.358375599999988, 36.2939129 ], [ 129.358887900000013, 36.2942012 ], [ 129.3594977, 36.294483 ], [ 129.3600506, 36.2946403 ], [ 129.3605059, 36.2946141 ], [ 129.3606035, 36.2942471 ], [ 129.3606767, 36.2938801 ], [ 129.360871800000012, 36.2930871 ], [ 129.3608312, 36.2925366 ], [ 129.3606279, 36.2923269 ], [ 129.359871700000014, 36.2919337 ], [ 129.360075, 36.2916453 ], [ 129.360440899999986, 36.2914684 ], [ 129.360571, 36.2915929 ], [ 129.3608149, 36.2918813 ], [ 129.3610182, 36.2920123 ], [ 129.361416600000013, 36.2920451 ], [ 129.36184750000001, 36.2918157 ], [ 129.3623598, 36.2915208 ], [ 129.362969600000014, 36.2914159 ], [ 129.3633599, 36.2913504 ], [ 129.3638396, 36.2911538 ], [ 129.3642136, 36.2912652 ], [ 129.3646771, 36.2915863 ], [ 129.365108, 36.2914487 ], [ 129.365555300000011, 36.2910489 ], [ 129.3663067, 36.2904848 ], [ 129.3668116, 36.2903132 ], [ 129.366971, 36.2902231 ], [ 129.3671481, 36.2900431 ], [ 129.3671851, 36.2896984 ], [ 129.366988600000013, 36.2895314 ], [ 129.3671596, 36.2893391 ], [ 129.367503, 36.2895825 ], [ 129.3675022, 36.2897201 ], [ 129.367556, 36.2897683 ], [ 129.367758900000013, 36.2896296 ], [ 129.3680601, 36.2893519 ], [ 129.3682449, 36.2891284 ], [ 129.3682466, 36.2884274 ], [ 129.367661199999986, 36.2880801 ], [ 129.3674498, 36.2875426 ], [ 129.367214, 36.2874247 ], [ 129.3664253, 36.2872149 ], [ 129.365539, 36.2871691 ], [ 129.3651812, 36.2869266 ], [ 129.3646527, 36.2866644 ], [ 129.36389650000001, 36.2864612 ], [ 129.3635794, 36.2863629 ], [ 129.3632054, 36.2864022 ], [ 129.3627745, 36.2866906 ], [ 129.362872, 36.28692 ], [ 129.3627826, 36.2871363 ], [ 129.362457400000011, 36.2871428 ], [ 129.3622785, 36.286743 ], [ 129.361993899999987, 36.2867627 ], [ 129.3615874, 36.2868872 ], [ 129.3612459, 36.2874443 ], [ 129.360920599999986, 36.2878048 ], [ 129.3606523, 36.2882177 ], [ 129.3601563, 36.2885847 ], [ 129.3597172, 36.2890697 ], [ 129.359383900000012, 36.289286 ], [ 129.358879800000011, 36.2895285 ], [ 129.3585545, 36.2897972 ], [ 129.3580423, 36.2900921 ], [ 129.3579284, 36.289843 ], [ 129.358318700000012, 36.2895678 ], [ 129.3585464, 36.2893515 ], [ 129.358879800000011, 36.2891221 ], [ 129.3597091, 36.2884405 ], [ 129.359822900000012, 36.2881456 ], [ 129.360408400000011, 36.287346 ], [ 129.3608068, 36.2866841 ], [ 129.360871800000012, 36.286435 ], [ 129.3603775, 36.286431 ], [ 129.3595221, 36.286258 ], [ 129.3592619, 36.2862711 ], [ 129.358920399999988, 36.2864284 ], [ 129.3585708, 36.2864284 ], [ 129.358416299999988, 36.2862318 ], [ 129.3586927, 36.2860549 ], [ 129.3587546, 36.2859168 ], [ 129.358708, 36.2857953 ], [ 129.358570899999989, 36.2857268 ], [ 129.358159, 36.2856617 ], [ 129.3566252, 36.2851971 ], [ 129.356198400000011, 36.2849172 ], [ 129.3559433, 36.284572 ], [ 129.355737800000014, 36.2845031 ], [ 129.3549093, 36.2846196 ], [ 129.3545499, 36.2845556 ], [ 129.354313499999989, 36.284749 ], [ 129.3540821, 36.28486 ], [ 129.353877399999988, 36.2848606 ], [ 129.3537785, 36.2849351 ], [ 129.3536317, 36.2849038 ], [ 129.3532858, 36.2849481 ], [ 129.352348400000011, 36.2852212 ], [ 129.3523514, 36.2853279 ], [ 129.3518185, 36.2854382 ], [ 129.351795399999986, 36.2855314 ], [ 129.3515033, 36.2857045 ], [ 129.351157300000011, 36.2858538 ], [ 129.3510728, 36.2860739 ], [ 129.3503191, 36.2865777 ], [ 129.3499674, 36.2867387 ], [ 129.349476900000013, 36.2870857 ], [ 129.3490157, 36.2873875 ], [ 129.349001500000014, 36.2875421 ], [ 129.3490581, 36.2876679 ], [ 129.3489095, 36.2877079 ], [ 129.348856399999988, 36.287939 ], [ 129.3487015, 36.2881024 ], [ 129.3487407, 36.2882045 ], [ 129.348027699999989, 36.2888661 ], [ 129.3477627, 36.2895692 ], [ 129.3475756, 36.2895192 ], [ 129.347788900000012, 36.288786 ], [ 129.3485609, 36.2880375 ], [ 129.3487184, 36.2878221 ], [ 129.3488245, 36.2875312 ], [ 129.3487891, 36.2873268 ], [ 129.3479007, 36.2875589 ], [ 129.347734800000012, 36.2875658 ], [ 129.3475775, 36.2878546 ], [ 129.3475272, 36.2878306 ], [ 129.3476011, 36.2875676 ], [ 129.346594, 36.2869796 ], [ 129.3458944, 36.2870206 ], [ 129.345809800000012, 36.2868597 ], [ 129.3462773, 36.2868129 ], [ 129.34629910000001, 36.2867478 ], [ 129.3465847, 36.28671 ], [ 129.346773500000012, 36.2867769 ], [ 129.347745800000013, 36.2873388 ], [ 129.3482138, 36.287267 ], [ 129.348590699999988, 36.287095 ], [ 129.3489444, 36.2870534 ], [ 129.349396899999988, 36.286611 ], [ 129.3497324, 36.2864262 ], [ 129.3496884, 36.2863019 ], [ 129.349735, 36.2862016 ], [ 129.3499626, 36.2862579 ], [ 129.3506749, 36.2857412 ], [ 129.3510449, 36.2856322 ], [ 129.3514783, 36.2854573 ], [ 129.3517114, 36.2852766 ], [ 129.352021799999989, 36.2851891 ], [ 129.3521624, 36.2849801 ], [ 129.352479, 36.2848645 ], [ 129.3528997, 36.284776 ], [ 129.353083, 36.2847074 ], [ 129.353315, 36.2847184 ], [ 129.353906200000011, 36.2846387 ], [ 129.3541267, 36.2845658 ], [ 129.3542847, 36.2844658 ], [ 129.354542, 36.2842462 ], [ 129.355199199999987, 36.2843032 ], [ 129.3553954, 36.2843006 ], [ 129.355787600000014, 36.2841986 ], [ 129.3557242, 36.2838981 ], [ 129.355603, 36.2837937 ], [ 129.3551802, 36.2836953 ], [ 129.354285800000014, 36.2834069 ], [ 129.353863, 36.283053 ], [ 129.3536109, 36.283053 ], [ 129.3529767, 36.2833414 ], [ 129.3523587, 36.2834659 ], [ 129.3518465, 36.2834594 ], [ 129.3512529, 36.2833611 ], [ 129.350708200000014, 36.2834135 ], [ 129.3503748, 36.2836888 ], [ 129.3499195, 36.2837805 ], [ 129.3492446, 36.2837609 ], [ 129.3487893, 36.2836429 ], [ 129.3484099, 36.2833656 ], [ 129.3482933, 36.2828236 ], [ 129.3478461, 36.2824303 ], [ 129.3475046, 36.2822272 ], [ 129.347089899999986, 36.2819125 ], [ 129.3467809, 36.281552 ], [ 129.3466671, 36.2807589 ], [ 129.346569499999987, 36.2805099 ], [ 129.3462849, 36.2804574 ], [ 129.345740299999989, 36.2804867 ], [ 129.345496200000014, 36.2806279 ], [ 129.3451393, 36.2807856 ], [ 129.345040899999987, 36.2808835 ], [ 129.3446181, 36.2809621 ], [ 129.3443771, 36.2809797 ], [ 129.3443742, 36.2811588 ], [ 129.343917, 36.2812962 ], [ 129.3433833, 36.2814387 ], [ 129.342909600000013, 36.2814646 ], [ 129.3425691, 36.2816569 ], [ 129.341959300000013, 36.2817552 ], [ 129.3411218, 36.2819453 ], [ 129.3406583, 36.2819648 ], [ 129.3401217, 36.2816502 ], [ 129.339894, 36.2814013 ], [ 129.3397883, 36.2811784 ], [ 129.3401705, 36.2809752 ], [ 129.3406339, 36.2808114 ], [ 129.3409998, 36.28089 ], [ 129.3412519, 36.2809425 ], [ 129.3415609, 36.2809228 ], [ 129.3417346, 36.2810595 ], [ 129.3421219, 36.2808442 ], [ 129.34240650000001, 36.2807458 ], [ 129.342748699999987, 36.2807855 ], [ 129.343266, 36.2806439 ], [ 129.343511299999989, 36.2802721 ], [ 129.343500799999987, 36.2800668 ], [ 129.343539600000014, 36.2798213 ], [ 129.3438794, 36.2800495 ], [ 129.3441733, 36.2799663 ], [ 129.3443416, 36.2799003 ], [ 129.344594300000011, 36.2798156 ], [ 129.344992100000013, 36.2797692 ], [ 129.3453027, 36.2797199 ], [ 129.3455775, 36.2795791 ], [ 129.3456182, 36.2794152 ], [ 129.3458459, 36.2794808 ], [ 129.346073499999989, 36.2796643 ], [ 129.3468053, 36.2800117 ], [ 129.347537100000011, 36.280051 ], [ 129.347716, 36.2802149 ], [ 129.3477648, 36.2810801 ], [ 129.3477892, 36.2813554 ], [ 129.3479762, 36.2815652 ], [ 129.3483258, 36.282214 ], [ 129.3488543, 36.2824828 ], [ 129.3490088, 36.2826335 ], [ 129.349683700000014, 36.2826335 ], [ 129.3504398, 36.2825745 ], [ 129.350944, 36.28245 ], [ 129.3515456, 36.2823845 ], [ 129.35244, 36.2823714 ], [ 129.352936, 36.2822534 ], [ 129.3534158, 36.2822665 ], [ 129.353863, 36.2822665 ], [ 129.354334599999987, 36.282332 ], [ 129.3551802, 36.2824828 ], [ 129.3555542, 36.2826729 ], [ 129.355724900000013, 36.2828498 ], [ 129.355765600000012, 36.2832103 ], [ 129.3564649, 36.2837937 ], [ 129.3567169, 36.2840493 ], [ 129.3567332, 36.2842787 ], [ 129.356863299999986, 36.2844491 ], [ 129.357221, 36.2844753 ], [ 129.3577577, 36.2842393 ], [ 129.358318700000012, 36.2840689 ], [ 129.3586683, 36.2842066 ], [ 129.3590098, 36.284436 ], [ 129.3591237, 36.2846457 ], [ 129.3594814, 36.2845081 ], [ 129.359701, 36.2842918 ], [ 129.3597091, 36.2840427 ], [ 129.3596359, 36.2838526 ], [ 129.359457, 36.2836495 ], [ 129.359871700000014, 36.2835249 ], [ 129.3602864, 36.2834332 ], [ 129.360489699999988, 36.2831382 ], [ 129.36031890000001, 36.2829154 ], [ 129.3598555, 36.2829612 ], [ 129.359579, 36.2828695 ], [ 129.359343200000012, 36.2824828 ], [ 129.359944899999988, 36.2821354 ], [ 129.3601807, 36.2822468 ], [ 129.360489699999988, 36.2825352 ], [ 129.3607743, 36.2824762 ], [ 129.3608393, 36.282332 ], [ 129.360920599999986, 36.2821354 ], [ 129.3612052, 36.2819977 ], [ 129.3618313, 36.281788 ], [ 129.3622785, 36.281788 ], [ 129.3627826, 36.2814865 ], [ 129.362945200000013, 36.2812047 ], [ 129.3627745, 36.2809163 ], [ 129.3625956, 36.2805951 ], [ 129.3622622, 36.2799134 ], [ 129.361961400000013, 36.2794021 ], [ 129.3623517, 36.2792776 ], [ 129.3627338, 36.279448 ], [ 129.362920800000012, 36.2797954 ], [ 129.3631686, 36.2794708 ], [ 129.3639375, 36.2795684 ], [ 129.364631300000013, 36.2798563 ], [ 129.3648153, 36.2803722 ], [ 129.3650999, 36.2801428 ], [ 129.365449500000011, 36.2800248 ], [ 129.365620299999989, 36.28011 ], [ 129.3657341, 36.2800248 ], [ 129.3651975, 36.2792252 ], [ 129.365083700000014, 36.2791334 ], [ 129.3647666, 36.2792973 ], [ 129.364498200000014, 36.2793563 ], [ 129.3642624, 36.2793038 ], [ 129.3644818, 36.2790186 ], [ 129.3650963, 36.2787894 ], [ 129.364789300000012, 36.2784029 ], [ 129.364342599999986, 36.2784623 ], [ 129.3638676, 36.2781941 ], [ 129.3637177, 36.2780322 ], [ 129.3632542, 36.2779142 ], [ 129.362920800000012, 36.2777176 ], [ 129.3628151, 36.2773767 ], [ 129.362538699999988, 36.276754 ], [ 129.362018299999988, 36.2762755 ], [ 129.3617012, 36.2760526 ], [ 129.360823, 36.2755151 ], [ 129.360432800000012, 36.2751939 ], [ 129.359969299999989, 36.2750497 ], [ 129.35927, 36.2749973 ], [ 129.3585708, 36.2747482 ], [ 129.358343100000013, 36.2748924 ], [ 129.3583025, 36.2751808 ], [ 129.3581073, 36.2752267 ], [ 129.3577577, 36.275089 ], [ 129.3576438, 36.2747678 ], [ 129.3569771, 36.2746433 ], [ 129.3565218, 36.2746957 ], [ 129.3556192, 36.2746892 ], [ 129.354773599999987, 36.2745319 ], [ 129.3543671, 36.2748072 ], [ 129.3539443, 36.275148 ], [ 129.3536272, 36.2754561 ], [ 129.35364340000001, 36.2757118 ], [ 129.3533751, 36.2758166 ], [ 129.353236900000013, 36.2756134 ], [ 129.3534076, 36.2751808 ], [ 129.353016, 36.2751858 ], [ 129.352938200000011, 36.2752297 ], [ 129.350899700000014, 36.2757487 ], [ 129.348475, 36.2756103 ], [ 129.3455031, 36.2762244 ], [ 129.3436825, 36.2764379 ], [ 129.3424745, 36.276281 ], [ 129.3421866, 36.2762413 ], [ 129.3419223, 36.2761367 ], [ 129.3411982, 36.2756139 ], [ 129.337917800000014, 36.2763368 ], [ 129.337617599999987, 36.2767107 ], [ 129.336973699999987, 36.2772709 ], [ 129.3360757, 36.2775416 ], [ 129.3358562, 36.277688 ], [ 129.3356575, 36.2779308 ], [ 129.335339, 36.2780235 ], [ 129.3349605, 36.2783923 ], [ 129.3345903, 36.2785076 ], [ 129.3343844, 36.2789044 ], [ 129.3340364, 36.2791469 ], [ 129.3331492, 36.2792173 ], [ 129.333407200000011, 36.2786418 ], [ 129.333709700000014, 36.278341 ], [ 129.3341845, 36.2781358 ], [ 129.33468830000001, 36.2780513 ], [ 129.33491380000001, 36.2774093 ], [ 129.33551460000001, 36.276579 ], [ 129.3368664, 36.2757314 ], [ 129.3369951, 36.2751259 ], [ 129.3348494, 36.2751086 ], [ 129.3339052, 36.2761638 ], [ 129.332038399999988, 36.2758871 ], [ 129.3301502, 36.2763368 ], [ 129.3277254, 36.2758871 ], [ 129.325751200000013, 36.276277 ], [ 129.3253411, 36.2766058 ], [ 129.3246283, 36.2767979 ], [ 129.324438, 36.2766462 ], [ 129.3240821, 36.2765286 ], [ 129.3237546, 36.2762359 ], [ 129.323513, 36.2759061 ], [ 129.3232762, 36.2758055 ], [ 129.3229986, 36.2752768 ], [ 129.3228669, 36.2751874 ], [ 129.3226915, 36.2752235 ], [ 129.3226108, 36.275324 ], [ 129.322469500000011, 36.2753874 ], [ 129.3223285, 36.2756616 ], [ 129.3218018, 36.2756124 ], [ 129.3215266, 36.2754493 ], [ 129.3214423, 36.2751337 ], [ 129.320760299999989, 36.2752578 ], [ 129.320597, 36.2755873 ], [ 129.3201717, 36.2757807 ], [ 129.319811, 36.2756051 ], [ 129.3188676, 36.2756162 ], [ 129.3179278, 36.2761471 ], [ 129.3177718, 36.2763365 ], [ 129.3177945, 36.276541 ], [ 129.3179362, 36.2770589 ], [ 129.3175161, 36.2774856 ], [ 129.316547500000013, 36.2775701 ], [ 129.3162647, 36.2774785 ], [ 129.3157204, 36.2774566 ], [ 129.31543640000001, 36.2772785 ], [ 129.3153319, 36.2770152 ], [ 129.31515490000001, 36.2767957 ], [ 129.314954300000011, 36.2766335 ], [ 129.314848399999988, 36.2765023 ], [ 129.314734499999986, 36.276465 ], [ 129.314519100000012, 36.2765087 ], [ 129.3143154, 36.2766113 ], [ 129.313598, 36.2767423 ], [ 129.3129271, 36.2771817 ], [ 129.3124852, 36.2771698 ], [ 129.3119955, 36.2770187 ], [ 129.311798, 36.2769175 ], [ 129.3116756, 36.2769695 ], [ 129.3113803, 36.2771388 ], [ 129.311129, 36.276753 ], [ 129.3113339, 36.2765773 ], [ 129.3117981, 36.2765372 ], [ 129.3120865, 36.2765524 ], [ 129.312458099999986, 36.2766706 ], [ 129.312783, 36.2766468 ], [ 129.313018199999988, 36.2765512 ], [ 129.3131923, 36.2764175 ], [ 129.313462, 36.2762551 ], [ 129.3138711, 36.276131 ], [ 129.3142746, 36.2760451 ], [ 129.3145968, 36.2760169 ], [ 129.3150444, 36.2758946 ], [ 129.315358800000013, 36.2758791 ], [ 129.315634499999987, 36.2758799 ], [ 129.3157831, 36.2759197 ], [ 129.3160091, 36.2760852 ], [ 129.3163256, 36.2763266 ], [ 129.317307699999986, 36.2764781 ], [ 129.3174816, 36.2758537 ], [ 129.3182678, 36.2755317 ], [ 129.320232299999986, 36.2750092 ], [ 129.322807399999988, 36.274051 ], [ 129.3247984, 36.273601 ], [ 129.3252397, 36.2726274 ], [ 129.3264843, 36.2722814 ], [ 129.3279005, 36.2719873 ], [ 129.3288661, 36.2722122 ], [ 129.329939, 36.2716413 ], [ 129.3313552, 36.2710704 ], [ 129.3328357, 36.2707936 ], [ 129.3345094, 36.2708109 ], [ 129.3353892, 36.2712261 ], [ 129.3374921, 36.2703784 ], [ 129.3384791, 36.2707417 ], [ 129.3386722, 36.2718835 ], [ 129.3408609, 36.2725755 ], [ 129.3426634, 36.272835 ], [ 129.343629, 36.2727831 ], [ 129.3451739, 36.2722468 ], [ 129.3462897, 36.27197 ], [ 129.3481136, 36.2720392 ], [ 129.3499804, 36.2715375 ], [ 129.3517185, 36.2719008 ], [ 129.3531347, 36.2723333 ], [ 129.3539072, 36.2720046 ], [ 129.354658199999989, 36.2712434 ], [ 129.3554521, 36.2701535 ], [ 129.356289, 36.2691847 ], [ 129.3568257, 36.2686133 ], [ 129.3575473, 36.2683402 ], [ 129.357665200000014, 36.2680424 ], [ 129.357388899999989, 36.2678642 ], [ 129.356511500000011, 36.2675492 ], [ 129.355717199999987, 36.2678111 ], [ 129.3543363, 36.2686311 ], [ 129.353091799999987, 36.2690117 ], [ 129.354229, 36.2679045 ], [ 129.3557955, 36.2663648 ], [ 129.3568469, 36.2664167 ], [ 129.3582845, 36.2664167 ], [ 129.3582845, 36.2656554 ], [ 129.3576837, 36.2650326 ], [ 129.356932699999987, 36.2651191 ], [ 129.3566323, 36.2642886 ], [ 129.3575121, 36.2641329 ], [ 129.357791, 36.2634236 ], [ 129.358005600000013, 36.262074 ], [ 129.357276, 36.2616588 ], [ 129.3560529, 36.2623855 ], [ 129.3551953, 36.2622217 ], [ 129.3548743, 36.262288 ], [ 129.354590699999989, 36.2621395 ], [ 129.3545509, 36.2614858 ], [ 129.3551732, 36.2596518 ], [ 129.356289, 36.2588212 ], [ 129.356525, 36.2578523 ], [ 129.3548299, 36.2576274 ], [ 129.3539716, 36.2573678 ], [ 129.3529845, 36.2575755 ], [ 129.353671100000014, 36.2563123 ], [ 129.3538428, 36.2553607 ], [ 129.3519331, 36.254807 ], [ 129.3497499, 36.25382 ], [ 129.3482424, 36.255551 ], [ 129.3473841, 36.2563989 ], [ 129.347148, 36.2570737 ], [ 129.3461824, 36.2576447 ], [ 129.3444658, 36.2581118 ], [ 129.3432856, 36.2594787 ], [ 129.3395305, 36.2608802 ], [ 129.3376423, 36.2606034 ], [ 129.33702, 36.2601535 ], [ 129.338286, 36.259721 ], [ 129.3396807, 36.2595479 ], [ 129.338801, 36.2592538 ], [ 129.3361617, 36.2595652 ], [ 129.3321491, 36.2606553 ], [ 129.330175, 36.2607937 ], [ 129.3279005, 36.262472 ], [ 129.3270851, 36.2632678 ], [ 129.3254758, 36.264081 ], [ 129.3251539, 36.2647558 ], [ 129.324853499999989, 36.2659149 ], [ 129.3244029, 36.2667627 ], [ 129.3230174, 36.2668367 ], [ 129.3213437, 36.2657121 ], [ 129.3226526, 36.2621827 ], [ 129.323362800000012, 36.2620069 ], [ 129.3246502, 36.2614705 ], [ 129.3243927, 36.2606227 ], [ 129.323598800000013, 36.2601037 ], [ 129.3241782, 36.2592905 ], [ 129.3259806, 36.2583215 ], [ 129.3285555, 36.2568854 ], [ 129.327439700000014, 36.258806 ], [ 129.326238100000012, 36.2605881 ], [ 129.3268818, 36.2612283 ], [ 129.3294138, 36.2602421 ], [ 129.3337697, 36.2592905 ], [ 129.3356795, 36.2587541 ], [ 129.3379969, 36.2580793 ], [ 129.3418378, 36.2585811 ], [ 129.3428678, 36.2578717 ], [ 129.3445844, 36.2569027 ], [ 129.346923299999986, 36.2559164 ], [ 129.3481035, 36.254238 ], [ 129.3488759, 36.2533209 ], [ 129.3474824, 36.2531642 ], [ 129.3457493, 36.252658 ], [ 129.3435759, 36.2525595 ], [ 129.3424386, 36.2531306 ], [ 129.3401105, 36.253416 ], [ 129.340066900000011, 36.2531267 ], [ 129.3393347, 36.2526249 ], [ 129.3393925, 36.2524249 ], [ 129.339348699999988, 36.2524038 ], [ 129.339627, 36.2523394 ], [ 129.3399355, 36.252149 ], [ 129.3405262, 36.2520751 ], [ 129.3409628, 36.2520885 ], [ 129.341263199999986, 36.2519868 ], [ 129.3414697, 36.2517381 ], [ 129.3423436, 36.2521885 ], [ 129.3425614, 36.2522504 ], [ 129.3427653, 36.2522986 ], [ 129.34294, 36.2523685 ], [ 129.345592900000014, 36.2516597 ], [ 129.347567, 36.251902 ], [ 129.3489564, 36.2520881 ], [ 129.349346, 36.2521466 ], [ 129.3498674, 36.2520412 ], [ 129.3500549, 36.2518476 ], [ 129.349943200000013, 36.2513877 ], [ 129.3498152, 36.2511967 ], [ 129.349869899999987, 36.2510396 ], [ 129.3501046, 36.2510495 ], [ 129.3504456, 36.2515102 ], [ 129.3507665, 36.2516685 ], [ 129.351398499999988, 36.2514886 ], [ 129.3515966, 36.2513232 ], [ 129.35148430000001, 36.2508963 ], [ 129.3515749, 36.2504241 ], [ 129.3528111, 36.2504585 ], [ 129.3533559, 36.2504275 ], [ 129.3534129, 36.2505857 ], [ 129.354258499999986, 36.2508353 ], [ 129.3545431, 36.250829 ], [ 129.355209300000013, 36.2504446 ], [ 129.3555446, 36.2504173 ], [ 129.3558016, 36.2503545 ], [ 129.3560529, 36.2501208 ], [ 129.3562612, 36.2502047 ], [ 129.3564063, 36.2504751 ], [ 129.356661800000012, 36.2505119 ], [ 129.3571948, 36.2500821 ], [ 129.3575002, 36.2497113 ], [ 129.3573791, 36.2494812 ], [ 129.3567303, 36.2498603 ], [ 129.3565084, 36.2498699 ], [ 129.3564222, 36.2497516 ], [ 129.3562824, 36.2497804 ], [ 129.35496950000001, 36.2484088 ], [ 129.3559368, 36.2477812 ], [ 129.355748799999986, 36.2475233 ], [ 129.3562669, 36.2471604 ], [ 129.3567344, 36.2477388 ], [ 129.3571782, 36.2483102 ], [ 129.3573026, 36.2483467 ], [ 129.3574056, 36.2483316 ], [ 129.3574516, 36.2481984 ], [ 129.3572672, 36.2476895 ], [ 129.3570367, 36.2475766 ], [ 129.3568512, 36.2473817 ], [ 129.3566347, 36.2472739 ], [ 129.356673300000011, 36.2470581 ], [ 129.3566813, 36.2468706 ], [ 129.356856, 36.2467781 ], [ 129.3569621, 36.2468387 ], [ 129.3570193, 36.2471017 ], [ 129.357413799999989, 36.2473087 ], [ 129.3578803, 36.2475473 ], [ 129.358037200000012, 36.2477501 ], [ 129.358274200000011, 36.2478351 ], [ 129.3588887, 36.2486513 ], [ 129.3594602, 36.2492122 ], [ 129.3600442, 36.2494245 ], [ 129.360436099999987, 36.2495235 ], [ 129.3605598, 36.2494192 ], [ 129.359644300000014, 36.2490926 ], [ 129.35901530000001, 36.2485337 ], [ 129.3588005, 36.2481472 ], [ 129.3585252, 36.2478333 ], [ 129.358373, 36.2476447 ], [ 129.3580445, 36.2473814 ], [ 129.357826499999987, 36.2472941 ], [ 129.357255400000014, 36.2469451 ], [ 129.3569718, 36.2464696 ], [ 129.356835499999988, 36.2462856 ], [ 129.356135599999988, 36.2456469 ], [ 129.355606, 36.245563 ], [ 129.355506100000014, 36.2454606 ], [ 129.3552494, 36.2455641 ], [ 129.355012499999987, 36.2455089 ], [ 129.3548557, 36.2452999 ], [ 129.354867399999989, 36.2450788 ], [ 129.353833900000012, 36.2450891 ], [ 129.3524823, 36.2455818 ], [ 129.3520638, 36.2454393 ], [ 129.3517149, 36.2453969 ], [ 129.351374600000014, 36.2456859 ], [ 129.351060100000012, 36.2458901 ], [ 129.3507644, 36.2459444 ], [ 129.350229899999988, 36.2460202 ], [ 129.3502423, 36.2461128 ], [ 129.3508851, 36.2465406 ], [ 129.351569, 36.2468126 ], [ 129.3522374, 36.2468713 ], [ 129.353062200000011, 36.2473036 ], [ 129.3535733, 36.2473943 ], [ 129.3538289, 36.2477309 ], [ 129.3536805, 36.2478904 ], [ 129.353238299999987, 36.2479112 ], [ 129.3534711, 36.2480303 ], [ 129.353725200000014, 36.2480456 ], [ 129.3539365, 36.2484477 ], [ 129.3544324, 36.2484454 ], [ 129.3546311, 36.2490328 ], [ 129.3550448, 36.2491585 ], [ 129.355221699999987, 36.249082 ], [ 129.3554698, 36.2492568 ], [ 129.3553564, 36.2498381 ], [ 129.355585, 36.249958 ], [ 129.3556619, 36.2501297 ], [ 129.3554733, 36.2502655 ], [ 129.3549567, 36.2502241 ], [ 129.355093900000014, 36.2498684 ], [ 129.3542951, 36.2500291 ], [ 129.353689300000013, 36.2500489 ], [ 129.3530389, 36.2501376 ], [ 129.3524617, 36.2502429 ], [ 129.3516975, 36.2502634 ], [ 129.3512997, 36.2501683 ], [ 129.3508142, 36.250155 ], [ 129.350615800000014, 36.2502268 ], [ 129.3501641, 36.250188 ], [ 129.3494479, 36.2504514 ], [ 129.3493407, 36.2505389 ], [ 129.3491507, 36.2507991 ], [ 129.3488032, 36.2508867 ], [ 129.3485775, 36.250794 ], [ 129.348329299999989, 36.2501825 ], [ 129.3482883, 36.2498707 ], [ 129.3481323, 36.2496367 ], [ 129.348411, 36.2492515 ], [ 129.3486761, 36.2491064 ], [ 129.3489257, 36.2491377 ], [ 129.3492771, 36.2491159 ], [ 129.3494747, 36.2490175 ], [ 129.349566, 36.2488574 ], [ 129.349373, 36.2486651 ], [ 129.348961300000013, 36.2487337 ], [ 129.348637, 36.2486571 ], [ 129.3482902, 36.2487027 ], [ 129.34817240000001, 36.2484447 ], [ 129.3482363, 36.2480798 ], [ 129.348234600000012, 36.2477558 ], [ 129.3480634, 36.2476305 ], [ 129.3475732, 36.2476533 ], [ 129.3472952, 36.2482107 ], [ 129.3467997, 36.248257 ], [ 129.3462657, 36.2486778 ], [ 129.3460605, 36.2487939 ], [ 129.345436299999989, 36.2490416 ], [ 129.3442249, 36.2496216 ], [ 129.3439342, 36.2498225 ], [ 129.343728700000014, 36.2497423 ], [ 129.3434526, 36.2494228 ], [ 129.343414, 36.2489868 ], [ 129.3430612, 36.2482998 ], [ 129.343199700000014, 36.2482079 ], [ 129.3432178, 36.247885 ], [ 129.343489, 36.2477285 ], [ 129.3438433, 36.2480639 ], [ 129.3441637, 36.2483149 ], [ 129.3442377, 36.2483447 ], [ 129.3443239, 36.2483348 ], [ 129.3444472, 36.2482229 ], [ 129.344696699999986, 36.2481285 ], [ 129.344976800000012, 36.2479996 ], [ 129.3450798, 36.2479997 ], [ 129.3455183, 36.2476643 ], [ 129.345772399999987, 36.2471354 ], [ 129.3454367, 36.2464355 ], [ 129.3452474, 36.2464338 ], [ 129.3448918, 36.2465879 ], [ 129.3448051, 36.2467109 ], [ 129.3446961, 36.2470954 ], [ 129.3445968, 36.2472648 ], [ 129.344398399999989, 36.2473404 ], [ 129.3442787, 36.2474915 ], [ 129.3441286, 36.2475726 ], [ 129.343998, 36.2473918 ], [ 129.344346800000011, 36.2469391 ], [ 129.344391300000012, 36.2468386 ], [ 129.3443746, 36.2467464 ], [ 129.344142299999987, 36.2464754 ], [ 129.3440411, 36.2464203 ], [ 129.3438266, 36.2463697 ], [ 129.3437055, 36.2464325 ], [ 129.3435436, 36.2463147 ], [ 129.3436738, 36.2457464 ], [ 129.343653100000012, 36.245357 ], [ 129.343482200000011, 36.244926 ], [ 129.3435102, 36.2444816 ], [ 129.343212599999987, 36.2440158 ], [ 129.3424991, 36.2434805 ], [ 129.3425337, 36.2434005 ], [ 129.342516, 36.2433579 ], [ 129.3426469, 36.2431981 ], [ 129.3426007, 36.2430673 ], [ 129.3427177, 36.2429698 ], [ 129.342520400000012, 36.24273 ], [ 129.3423291, 36.2426729 ], [ 129.3422361, 36.2424443 ], [ 129.342764, 36.2423002 ], [ 129.3430372, 36.2423847 ], [ 129.3431348, 36.2424567 ], [ 129.3431438, 36.2427642 ], [ 129.34328690000001, 36.2430124 ], [ 129.343512, 36.2432397 ], [ 129.3439172, 36.2433981 ], [ 129.3449153, 36.2439938 ], [ 129.3450817, 36.2439944 ], [ 129.3453867, 36.2439624 ], [ 129.34585770000001, 36.2440801 ], [ 129.3458851, 36.2439096 ], [ 129.3455392, 36.2438022 ], [ 129.3452973, 36.2436371 ], [ 129.3450324, 36.2435886 ], [ 129.344983, 36.2434965 ], [ 129.3446687, 36.2434415 ], [ 129.3442801, 36.2432413 ], [ 129.3439774, 36.243144 ], [ 129.34369430000001, 36.2428035 ], [ 129.343584099999987, 36.2426692 ], [ 129.3436021, 36.2424393 ], [ 129.3435754, 36.2423002 ], [ 129.343336, 36.2420468 ], [ 129.3432517, 36.2418531 ], [ 129.3435326, 36.2416711 ], [ 129.3436571, 36.2414126 ], [ 129.343784699999986, 36.2411565 ], [ 129.343775, 36.2407339 ], [ 129.343720600000012, 36.2397579 ], [ 129.343740200000013, 36.2394031 ], [ 129.3435282, 36.2394417 ], [ 129.3432577, 36.2394728 ], [ 129.343104899999986, 36.2393809 ], [ 129.3430582, 36.2391127 ], [ 129.343150400000013, 36.2375247 ], [ 129.3415589, 36.2375297 ], [ 129.3406924, 36.2377536 ], [ 129.3401855, 36.2378845 ], [ 129.3377126, 36.2371446 ], [ 129.335851100000014, 36.2384383 ], [ 129.3338341, 36.2388537 ], [ 129.332031699999987, 36.2396498 ], [ 129.3298215, 36.2409997 ], [ 129.328221500000012, 36.2413256 ], [ 129.3283409, 36.2409085 ], [ 129.327877699999988, 36.2408715 ], [ 129.3267648, 36.2414638 ], [ 129.326208799999989, 36.24181 ], [ 129.326006299999989, 36.2418579 ], [ 129.3258076, 36.241876 ], [ 129.324858299999988, 36.241932 ], [ 129.324539499999986, 36.2419782 ], [ 129.324283799999989, 36.2420482 ], [ 129.323472, 36.2423302 ], [ 129.321816399999989, 36.2433198 ], [ 129.3216945, 36.2434185 ], [ 129.321678600000013, 36.2435946 ], [ 129.3217419, 36.2437054 ], [ 129.3216012, 36.2439246 ], [ 129.3212694, 36.2441254 ], [ 129.321197399999988, 36.2442961 ], [ 129.320686099999989, 36.2447862 ], [ 129.321359699999988, 36.2453635 ], [ 129.3207802, 36.2464666 ], [ 129.321066800000011, 36.2505177 ], [ 129.3207664, 36.252127 ], [ 129.3205283, 36.2528219 ], [ 129.3190027, 36.2536423 ], [ 129.317021, 36.2534393 ], [ 129.316486, 36.2523607 ], [ 129.315872, 36.2505723 ], [ 129.3160222, 36.2494995 ], [ 129.3174813, 36.2477344 ], [ 129.3177388, 36.2443252 ], [ 129.3191335, 36.2432869 ], [ 129.3200832, 36.2430184 ], [ 129.320830300000011, 36.2422501 ], [ 129.321652300000011, 36.24109 ], [ 129.3230159, 36.2403969 ], [ 129.3243098, 36.2399771 ], [ 129.3239873, 36.2387095 ], [ 129.3262475, 36.2364344 ], [ 129.3261168, 36.2355003 ], [ 129.3251267, 36.2350483 ], [ 129.325052, 36.2341141 ], [ 129.326378299999988, 36.2339785 ], [ 129.3280221, 36.234777 ], [ 129.3297781, 36.2340086 ], [ 129.3311043, 36.2332552 ], [ 129.333289900000011, 36.2322306 ], [ 129.3336448, 36.231206 ], [ 129.332422400000013, 36.2306042 ], [ 129.3327454, 36.2300428 ], [ 129.333099800000014, 36.2302767 ], [ 129.3338003, 36.2305856 ], [ 129.3345381, 36.2307287 ], [ 129.334837, 36.2307739 ], [ 129.3353507, 36.2306835 ], [ 129.3359671, 36.2305705 ], [ 129.3371066, 36.2305404 ], [ 129.3375643, 36.2305102 ], [ 129.3377324, 36.2303219 ], [ 129.3378538, 36.2296061 ], [ 129.338134, 36.2295157 ], [ 129.3386103, 36.2299226 ], [ 129.3396658, 36.2293876 ], [ 129.3400207, 36.2292972 ], [ 129.3404223, 36.229365 ], [ 129.3407492, 36.2292897 ], [ 129.340992, 36.2288452 ], [ 129.340992, 36.2285739 ], [ 129.3412255, 36.2283931 ], [ 129.3416272, 36.2284082 ], [ 129.34201010000001, 36.2283856 ], [ 129.3424211, 36.2281822 ], [ 129.3430911, 36.2281264 ], [ 129.3440345, 36.227692 ], [ 129.344447800000012, 36.2275643 ], [ 129.3451203, 36.2273835 ], [ 129.345578, 36.2272404 ], [ 129.3461384, 36.227278 ], [ 129.3466708, 36.227165 ], [ 129.347632800000014, 36.226841 ], [ 129.348034399999989, 36.2265623 ], [ 129.34838, 36.2262232 ], [ 129.3491459, 36.2261177 ], [ 129.350687, 36.2258088 ], [ 129.351172600000012, 36.2256807 ], [ 129.351901199999986, 36.2255752 ], [ 129.3524989, 36.2255074 ], [ 129.3529192, 36.225417 ], [ 129.3531807, 36.2252588 ], [ 129.3532461, 36.2251081 ], [ 129.353078, 36.2244149 ], [ 129.3527978, 36.2237745 ], [ 129.352639, 36.223571 ], [ 129.3522374, 36.2234731 ], [ 129.3518358, 36.2234731 ], [ 129.3515089, 36.2236012 ], [ 129.3515089, 36.2238046 ], [ 129.351499499999989, 36.2240005 ], [ 129.3512287, 36.2240759 ], [ 129.3509018, 36.2240382 ], [ 129.3507056, 36.2239628 ], [ 129.3502947, 36.2239026 ], [ 129.350051799999989, 36.2237519 ], [ 129.3499678, 36.223571 ], [ 129.3498744, 36.2231943 ], [ 129.3500612, 36.2230135 ], [ 129.3508271, 36.2226593 ], [ 129.3513221, 36.2225162 ], [ 129.351807799999989, 36.2226443 ], [ 129.3522561, 36.2228326 ], [ 129.3524242, 36.2230059 ], [ 129.3527231, 36.2231491 ], [ 129.3530313, 36.2233375 ], [ 129.353573, 36.2239628 ], [ 129.3537878, 36.224332 ], [ 129.3538719, 36.2247012 ], [ 129.354012, 36.2249951 ], [ 129.354479, 36.2251156 ], [ 129.355366299999986, 36.2251458 ], [ 129.3561228, 36.225191 ], [ 129.3565618, 36.2251835 ], [ 129.356739299999987, 36.2249876 ], [ 129.356832700000012, 36.2247238 ], [ 129.3567019, 36.223993 ], [ 129.356347, 36.2220791 ], [ 129.356281599999988, 36.2216044 ], [ 129.356150899999989, 36.2212578 ], [ 129.3558893, 36.2207455 ], [ 129.355403700000011, 36.2196679 ], [ 129.3550487, 36.2196303 ], [ 129.3549553, 36.219781 ], [ 129.3549367, 36.2204817 ], [ 129.354525700000011, 36.2211222 ], [ 129.3543482, 36.2213483 ], [ 129.35404, 36.2213935 ], [ 129.3538159, 36.2211674 ], [ 129.353881199999989, 36.2206249 ], [ 129.3536104, 36.2206626 ], [ 129.3531901, 36.2212428 ], [ 129.3528538, 36.2215216 ], [ 129.3526297, 36.2216346 ], [ 129.3521347, 36.2215366 ], [ 129.352125300000012, 36.2213257 ], [ 129.3522934, 36.2210619 ], [ 129.352909899999986, 36.2206701 ], [ 129.353040600000014, 36.2204516 ], [ 129.3533956, 36.2198337 ], [ 129.3534703, 36.2196303 ], [ 129.353573, 36.2192837 ], [ 129.3536104, 36.2191254 ], [ 129.3530967, 36.2191631 ], [ 129.352835199999987, 36.219133 ], [ 129.3525736, 36.2189295 ], [ 129.3526577, 36.2188165 ], [ 129.3533022, 36.2187487 ], [ 129.3536197, 36.2187336 ], [ 129.353825199999989, 36.2185829 ], [ 129.353899899999988, 36.2183719 ], [ 129.3539279, 36.2181232 ], [ 129.353984, 36.2172793 ], [ 129.3538005, 36.2170678 ], [ 129.3533854, 36.2164413 ], [ 129.3529005, 36.2162394 ], [ 129.352414900000014, 36.2159907 ], [ 129.352106600000013, 36.21584 ], [ 129.351733, 36.2156064 ], [ 129.351443499999988, 36.2158023 ], [ 129.351191300000011, 36.2161942 ], [ 129.3508644, 36.2166614 ], [ 129.3506403, 36.2170155 ], [ 129.3507617, 36.2172039 ], [ 129.350602900000013, 36.2177013 ], [ 129.3503881, 36.2180554 ], [ 129.3503787, 36.2182965 ], [ 129.3504068, 36.2192234 ], [ 129.3506309, 36.2196679 ], [ 129.3506309, 36.2199844 ], [ 129.3506309, 36.2202934 ], [ 129.350602900000013, 36.2210318 ], [ 129.3502947, 36.2212654 ], [ 129.3500051, 36.2212428 ], [ 129.3500985, 36.2210469 ], [ 129.350175799999988, 36.220785 ], [ 129.3498277, 36.2204215 ], [ 129.349809, 36.2202783 ], [ 129.350014499999986, 36.2201427 ], [ 129.350145199999986, 36.2199091 ], [ 129.3499678, 36.2197659 ], [ 129.3496409, 36.2197056 ], [ 129.3490338, 36.2198639 ], [ 129.348183799999987, 36.2203913 ], [ 129.348071800000014, 36.220655 ], [ 129.3478102, 36.2207153 ], [ 129.347558099999986, 36.220542 ], [ 129.3476048, 36.2203687 ], [ 129.348146500000013, 36.2198036 ], [ 129.3484267, 36.2194419 ], [ 129.34867890000001, 36.2188617 ], [ 129.348903, 36.2185452 ], [ 129.348912399999989, 36.2181609 ], [ 129.3492393, 36.2178143 ], [ 129.3494541, 36.2170758 ], [ 129.3497156, 36.2166538 ], [ 129.3497716, 36.21636 ], [ 129.35022, 36.215953 ], [ 129.350276, 36.215629 ], [ 129.349668900000012, 36.2155461 ], [ 129.3490898, 36.2155763 ], [ 129.3481932, 36.2156592 ], [ 129.3479223, 36.21584 ], [ 129.347688799999986, 36.2162846 ], [ 129.347474, 36.2164429 ], [ 129.347268500000013, 36.2163826 ], [ 129.347156399999989, 36.2160811 ], [ 129.3472405, 36.2158928 ], [ 129.3475487, 36.2157119 ], [ 129.347782200000012, 36.2155009 ], [ 129.348473399999989, 36.2152146 ], [ 129.3490151, 36.2150865 ], [ 129.349304600000011, 36.2150412 ], [ 129.349781, 36.214981 ], [ 129.3500799, 36.2149659 ], [ 129.350145199999986, 36.2148001 ], [ 129.350145199999986, 36.2146193 ], [ 129.3494354, 36.2142199 ], [ 129.3489684, 36.2139486 ], [ 129.348492099999987, 36.2138808 ], [ 129.347997, 36.2139335 ], [ 129.3469136, 36.2140616 ], [ 129.346315800000013, 36.214461 ], [ 129.345652699999988, 36.215192 ], [ 129.345111, 36.2157722 ], [ 129.345111, 36.2161038 ], [ 129.3451297, 36.2169251 ], [ 129.345307100000014, 36.2171135 ], [ 129.3458862, 36.2175279 ], [ 129.346278500000011, 36.2179349 ], [ 129.3461197, 36.2181534 ], [ 129.3458582, 36.2181006 ], [ 129.3455033, 36.2178369 ], [ 129.3451203, 36.2175882 ], [ 129.3446533, 36.2175506 ], [ 129.344391800000011, 36.2177465 ], [ 129.343934100000013, 36.2183267 ], [ 129.343513800000011, 36.2187863 ], [ 129.3433551, 36.2194796 ], [ 129.3431869, 36.2194871 ], [ 129.3430749, 36.2196604 ], [ 129.342430400000012, 36.2200899 ], [ 129.3422156, 36.2203235 ], [ 129.3419447, 36.2202708 ], [ 129.3417859, 36.2200221 ], [ 129.3419074, 36.2197885 ], [ 129.342430400000012, 36.2191254 ], [ 129.342744399999987, 36.2185336 ], [ 129.34292880000001, 36.2182766 ], [ 129.343750699999987, 36.2173875 ], [ 129.3433537, 36.2172462 ], [ 129.343479800000011, 36.2169457 ], [ 129.3420858, 36.2161875 ], [ 129.3430596, 36.2149403 ], [ 129.343867499999988, 36.2154263 ], [ 129.344091600000013, 36.2151692 ], [ 129.343596600000012, 36.2148654 ], [ 129.3434145, 36.2143582 ], [ 129.3430409, 36.2139965 ], [ 129.3423123, 36.2144938 ], [ 129.3420882, 36.2152775 ], [ 129.3413036, 36.2164983 ], [ 129.340799299999986, 36.2160612 ], [ 129.3410795, 36.2153077 ], [ 129.3410795, 36.2143431 ], [ 129.3405004, 36.2141622 ], [ 129.3392862, 36.2144637 ], [ 129.338595, 36.2150665 ], [ 129.3372127, 36.2160461 ], [ 129.3366149, 36.216875 ], [ 129.3358864, 36.2176286 ], [ 129.335064499999987, 36.2185027 ], [ 129.333925, 36.2189698 ], [ 129.333159099999989, 36.2200549 ], [ 129.3326735, 36.2208838 ], [ 129.3310109, 36.2219537 ], [ 129.3307628, 36.2221536 ], [ 129.3305139, 36.2223541 ], [ 129.327848100000011, 36.2230814 ], [ 129.3277584, 36.2226526 ], [ 129.328433100000012, 36.2219839 ], [ 129.3297033, 36.2212605 ], [ 129.331123, 36.2204769 ], [ 129.3323746, 36.2191205 ], [ 129.333271200000013, 36.2182766 ], [ 129.3343173, 36.2173573 ], [ 129.335923799999989, 36.2152323 ], [ 129.337081899999987, 36.214524 ], [ 129.3379225, 36.2139814 ], [ 129.3393983, 36.2123537 ], [ 129.3387071, 36.212218 ], [ 129.3372127, 36.2127003 ], [ 129.335998499999988, 36.212836 ], [ 129.3348777, 36.212836 ], [ 129.334205200000014, 36.2130922 ], [ 129.333709, 36.2131768 ], [ 129.33354270000001, 36.2132763 ], [ 129.3335159, 36.2135057 ], [ 129.3334247, 36.2136875 ], [ 129.3333174, 36.2136962 ], [ 129.3330116, 36.2135663 ], [ 129.3329043, 36.2134754 ], [ 129.332625400000012, 36.2134711 ], [ 129.3321587, 36.2135793 ], [ 129.3317939, 36.2137524 ], [ 129.331659800000011, 36.2139775 ], [ 129.331659800000011, 36.2141982 ], [ 129.3316168, 36.2144839 ], [ 129.3316008, 36.214644 ], [ 129.3313594, 36.2147392 ], [ 129.331236, 36.2148691 ], [ 129.3309892, 36.2149123 ], [ 129.3308927, 36.2148561 ], [ 129.3309195, 36.2146916 ], [ 129.331016, 36.2144752 ], [ 129.331177, 36.2142804 ], [ 129.331214499999987, 36.2141333 ], [ 129.3309409, 36.2139861 ], [ 129.3307532, 36.2140208 ], [ 129.3302811, 36.2141593 ], [ 129.330029, 36.2144536 ], [ 129.3295569, 36.2148301 ], [ 129.329208200000011, 36.2150855 ], [ 129.328864900000013, 36.2153711 ], [ 129.328575199999989, 36.2158039 ], [ 129.328366, 36.2161891 ], [ 129.3281461, 36.2164574 ], [ 129.327980700000012, 36.216788 ], [ 129.327368299999989, 36.2172066 ], [ 129.3269108, 36.217233 ], [ 129.3265921, 36.2169937 ], [ 129.326013, 36.2172499 ], [ 129.325704800000011, 36.217589 ], [ 129.3254806, 36.2179431 ], [ 129.3253877, 36.2183937 ], [ 129.3253126, 36.2187313 ], [ 129.3247881, 36.2199135 ], [ 129.3243967, 36.2204476 ], [ 129.3242273, 36.2205503 ], [ 129.3241544, 36.2208425 ], [ 129.3239748, 36.2206246 ], [ 129.3239032, 36.2205745 ], [ 129.3237968, 36.2205493 ], [ 129.3236908, 36.2205698 ], [ 129.323241, 36.2209908 ], [ 129.3224236, 36.2216287 ], [ 129.3223807, 36.2216877 ], [ 129.3223607, 36.2217985 ], [ 129.322209500000014, 36.2219072 ], [ 129.3221326, 36.2218881 ], [ 129.321910300000013, 36.2221219 ], [ 129.3216525, 36.2222398 ], [ 129.3215778, 36.2223066 ], [ 129.3215827, 36.2224806 ], [ 129.3213341, 36.2224287 ], [ 129.3210034, 36.2224682 ], [ 129.3207129, 36.2226563 ], [ 129.3207065, 36.2227204 ], [ 129.3205322, 36.2227076 ], [ 129.3198217, 36.2230394 ], [ 129.3197223, 36.2231132 ], [ 129.3196442, 36.2231869 ], [ 129.3194284, 36.2231475 ], [ 129.319062300000013, 36.2232295 ], [ 129.3189299, 36.2232271 ], [ 129.318658, 36.2235164 ], [ 129.318257, 36.2239284 ], [ 129.3180266, 36.2241163 ], [ 129.317804099999989, 36.224353 ], [ 129.3176705, 36.224616 ], [ 129.317129200000011, 36.2248288 ], [ 129.316542, 36.2251723 ], [ 129.315113700000012, 36.2253161 ], [ 129.314946, 36.2253681 ], [ 129.31482410000001, 36.2254845 ], [ 129.3147008, 36.2257596 ], [ 129.314534, 36.2259348 ], [ 129.3138607, 36.2262578 ], [ 129.31348890000001, 36.2263573 ], [ 129.312656299999986, 36.2262689 ], [ 129.312341300000014, 36.2267557 ], [ 129.3119367, 36.2269943 ], [ 129.3117076, 36.2270396 ], [ 129.311757, 36.2273904 ], [ 129.3115441, 36.2274967 ], [ 129.311511700000011, 36.2277698 ], [ 129.310201400000011, 36.2280869 ], [ 129.3095477, 36.2287801 ], [ 129.3097905, 36.229654 ], [ 129.310817899999989, 36.2312663 ], [ 129.3101828, 36.2327881 ], [ 129.3097344, 36.2337073 ], [ 129.3096597, 36.2338127 ], [ 129.309158599999989, 36.2344191 ], [ 129.3084097, 36.2342976 ], [ 129.3082976, 36.2331525 ], [ 129.3085591, 36.2318868 ], [ 129.3080735, 36.2302143 ], [ 129.308708599999989, 36.2276526 ], [ 129.309754700000013, 36.2268239 ], [ 129.311063499999989, 36.2263313 ], [ 129.311948, 36.225697 ], [ 129.3131474, 36.2254836 ], [ 129.31443680000001, 36.2247218 ], [ 129.3145575, 36.2246789 ], [ 129.3146677, 36.2246789 ], [ 129.3148688, 36.2247114 ], [ 129.3149848, 36.2247093 ], [ 129.315113, 36.2246647 ], [ 129.3152232, 36.2245993 ], [ 129.3154739, 36.2243731 ], [ 129.3157519, 36.2241888 ], [ 129.316468, 36.2237362 ], [ 129.3166922, 36.2236193 ], [ 129.3172446, 36.2234451 ], [ 129.317338299999989, 36.2234041 ], [ 129.3178337, 36.2227649 ], [ 129.319386, 36.2213344 ], [ 129.3204557, 36.2203607 ], [ 129.3204883, 36.220289 ], [ 129.3204989, 36.2201934 ], [ 129.320406600000013, 36.2199257 ], [ 129.3204931, 36.2198567 ], [ 129.320744600000012, 36.2198165 ], [ 129.320831700000014, 36.2197728 ], [ 129.3208804, 36.2196982 ], [ 129.3210574, 36.2192521 ], [ 129.321288900000013, 36.2191254 ], [ 129.3214284, 36.2190187 ], [ 129.3215845, 36.2188921 ], [ 129.321688, 36.2187657 ], [ 129.3219255, 36.2182552 ], [ 129.322249, 36.2181692 ], [ 129.3225759, 36.2182295 ], [ 129.323239, 36.2182144 ], [ 129.3235099, 36.2181089 ], [ 129.323379100000011, 36.2178979 ], [ 129.3229962, 36.2178678 ], [ 129.322426400000012, 36.2178527 ], [ 129.322183599999988, 36.2175438 ], [ 129.3224638, 36.2173177 ], [ 129.3230709, 36.2170841 ], [ 129.3238368, 36.2167526 ], [ 129.324145, 36.2167676 ], [ 129.3246307, 36.2169409 ], [ 129.3246213, 36.2171369 ], [ 129.324584, 36.2174157 ], [ 129.3246307, 36.2174986 ], [ 129.3247241, 36.2174533 ], [ 129.3248455, 36.2171595 ], [ 129.3248922, 36.2168731 ], [ 129.3252004, 36.2162175 ], [ 129.325247100000013, 36.2158182 ], [ 129.3252565, 36.2154037 ], [ 129.3253872, 36.2148687 ], [ 129.3255834, 36.2145522 ], [ 129.3259103, 36.2143337 ], [ 129.3260037, 36.214085 ], [ 129.3267228, 36.2137459 ], [ 129.3270497, 36.2137383 ], [ 129.3274233, 36.2134595 ], [ 129.3275821, 36.2131129 ], [ 129.3276018, 36.212759 ], [ 129.3274514, 36.2125854 ], [ 129.327115099999986, 36.2122839 ], [ 129.3268788, 36.2122246 ], [ 129.3267504, 36.2121413 ], [ 129.3265968, 36.2122713 ], [ 129.3266337, 36.2124458 ], [ 129.3267415, 36.212623 ], [ 129.32678820000001, 36.2128642 ], [ 129.3270927, 36.2131633 ], [ 129.327115099999986, 36.2133616 ], [ 129.3269276, 36.2133731 ], [ 129.3266481, 36.2133239 ], [ 129.3261531, 36.2133013 ], [ 129.3257648, 36.2132222 ], [ 129.325218400000011, 36.2129129 ], [ 129.3250263, 36.2130149 ], [ 129.3246987, 36.2128839 ], [ 129.3229054, 36.212477 ], [ 129.321448299999986, 36.2126579 ], [ 129.3213117, 36.2127037 ], [ 129.321144299999986, 36.2129342 ] ], [ [ 129.3244398, 36.2159656 ], [ 129.3243219, 36.2159656 ], [ 129.3241756, 36.2159656 ], [ 129.3239764, 36.2159131 ], [ 129.323895099999987, 36.2157917 ], [ 129.3238503, 36.2156113 ], [ 129.3238747, 36.2152407 ], [ 129.3239154, 36.2151161 ], [ 129.324029200000012, 36.2149914 ], [ 129.324053600000013, 36.2148307 ], [ 129.3242122, 36.2145781 ], [ 129.3242, 36.2143879 ], [ 129.3241878, 36.2142304 ], [ 129.3242691, 36.2141583 ], [ 129.3244317, 36.2141583 ], [ 129.324647199999987, 36.2142108 ], [ 129.3248911, 36.2141386 ], [ 129.3250375, 36.2140664 ], [ 129.325131, 36.2141812 ], [ 129.3253464, 36.2142304 ], [ 129.3255335, 36.2142468 ], [ 129.32552530000001, 36.2143715 ], [ 129.3253464, 36.214506 ], [ 129.3252204, 36.2146896 ], [ 129.325094400000012, 36.2148372 ], [ 129.3247366, 36.21508 ], [ 129.3247285, 36.2151685 ], [ 129.3248261, 36.2152669 ], [ 129.324944, 36.2153719 ], [ 129.324854499999987, 36.2154834 ], [ 129.324696, 36.2156474 ], [ 129.3245618, 36.2158508 ], [ 129.3244398, 36.2159656 ] ], [ [ 129.343486899999988, 36.2208717 ], [ 129.34392170000001, 36.2222121 ], [ 129.34392170000001, 36.2229386 ], [ 129.3441546, 36.2239908 ], [ 129.3439683, 36.2242664 ], [ 129.3435646, 36.2245044 ], [ 129.3428348, 36.2245921 ], [ 129.3417479, 36.2246547 ], [ 129.3414218, 36.2245044 ], [ 129.3406454, 36.2245044 ], [ 129.3399001, 36.2246171 ], [ 129.3360803, 36.2257946 ], [ 129.335412600000012, 36.2261203 ], [ 129.334776, 36.2259449 ], [ 129.3349313, 36.2255315 ], [ 129.3344344, 36.225519 ], [ 129.3340773, 36.2259199 ], [ 129.3335649, 36.2260201 ], [ 129.3329282, 36.2266965 ], [ 129.3339531, 36.2272977 ], [ 129.3349002, 36.2277987 ], [ 129.335692099999989, 36.228187 ], [ 129.335366099999987, 36.2284751 ], [ 129.334869200000014, 36.2287256 ], [ 129.3338133, 36.2290262 ], [ 129.3328661, 36.229402 ], [ 129.3317792, 36.2286004 ], [ 129.330971799999986, 36.2287507 ], [ 129.330443800000012, 36.2287131 ], [ 129.3307078, 36.2280117 ], [ 129.3306457, 36.2278112 ], [ 129.3301333, 36.2277236 ], [ 129.329714, 36.2282246 ], [ 129.3288445, 36.2287507 ], [ 129.3282079, 36.2290137 ], [ 129.3278197, 36.2289636 ], [ 129.327897299999989, 36.2285878 ], [ 129.3284563, 36.2283874 ], [ 129.3292016, 36.227711 ], [ 129.3296209, 36.2268593 ], [ 129.3319655, 36.2250931 ], [ 129.3326022, 36.223853 ], [ 129.3324469, 36.2231641 ], [ 129.3334717, 36.2215607 ], [ 129.334263600000014, 36.2210972 ], [ 129.334729399999986, 36.2214229 ], [ 129.334651799999989, 36.2221996 ], [ 129.335443700000013, 36.2237278 ], [ 129.3361114, 36.2237403 ], [ 129.335940599999986, 36.2231766 ], [ 129.3360648, 36.2229637 ], [ 129.33626670000001, 36.22121 ], [ 129.3366083, 36.2199322 ], [ 129.3369343, 36.2182912 ], [ 129.3374312, 36.2181158 ], [ 129.3379281, 36.217502 ], [ 129.3394032, 36.2165624 ], [ 129.3408628, 36.2179279 ], [ 129.3419342, 36.2176774 ], [ 129.34227580000001, 36.2178527 ], [ 129.34227580000001, 36.2183538 ], [ 129.341872099999989, 36.2190553 ], [ 129.3392014, 36.2223624 ], [ 129.3398846, 36.2229386 ], [ 129.3408939, 36.2217611 ], [ 129.3422292, 36.220759 ], [ 129.3427882, 36.2207715 ], [ 129.343486899999988, 36.2208717 ] ], [ [ 129.2183972, 36.2341214 ], [ 129.2190679, 36.2337609 ], [ 129.2198023, 36.2335581 ], [ 129.2200918, 36.233565 ], [ 129.220338700000013, 36.2339771 ], [ 129.220338700000013, 36.2341557 ], [ 129.219981100000012, 36.2342725 ], [ 129.219623399999989, 36.2341832 ], [ 129.2192828, 36.2343137 ], [ 129.2188145, 36.2344098 ], [ 129.2183962, 36.2342765 ], [ 129.2183972, 36.2341214 ] ], [ [ 129.3363966, 36.2976446 ], [ 129.336225, 36.2978434 ], [ 129.3357744, 36.2978694 ], [ 129.3352808, 36.2979213 ], [ 129.3346156, 36.2979732 ], [ 129.3338646, 36.2980769 ], [ 129.3333067, 36.2981893 ], [ 129.332882899999987, 36.298319 ], [ 129.33251820000001, 36.2987513 ], [ 129.332282099999986, 36.2991318 ], [ 129.33181, 36.3004201 ], [ 129.3316169, 36.3009044 ], [ 129.3314024, 36.3013886 ], [ 129.3311019, 36.3016825 ], [ 129.3307801, 36.302037 ], [ 129.330350900000013, 36.3024261 ], [ 129.3297823, 36.3025126 ], [ 129.3292888, 36.3028844 ], [ 129.3289562, 36.3032648 ], [ 129.3284519, 36.3037923 ], [ 129.3280657, 36.3042159 ], [ 129.32754, 36.3047347 ], [ 129.3267782, 36.3050632 ], [ 129.326145200000013, 36.3053053 ], [ 129.3255551, 36.3054523 ], [ 129.3246217, 36.3059624 ], [ 129.3241175, 36.3062737 ], [ 129.3237205, 36.3065677 ], [ 129.3224545, 36.3068357 ], [ 129.3219932, 36.3069048 ], [ 129.321392300000014, 36.3071729 ], [ 129.3211349, 36.3070951 ], [ 129.3209847, 36.3067838 ], [ 129.320609100000013, 36.3066973 ], [ 129.3202014, 36.3069394 ], [ 129.319793800000014, 36.3069221 ], [ 129.319268, 36.3067146 ], [ 129.318538499999988, 36.3069913 ], [ 129.3179591, 36.3074495 ], [ 129.3176909, 36.3079423 ], [ 129.31729390000001, 36.3081326 ], [ 129.3168004, 36.3082017 ], [ 129.3162854, 36.3084957 ], [ 129.3157275, 36.3086599 ], [ 129.315298399999989, 36.3086686 ], [ 129.315201800000011, 36.3084265 ], [ 129.3154271, 36.3081326 ], [ 129.3157812, 36.3078818 ], [ 129.316349800000012, 36.3077003 ], [ 129.316950600000013, 36.3074322 ], [ 129.3172296, 36.307242 ], [ 129.31765870000001, 36.3069567 ], [ 129.317991299999989, 36.30668 ], [ 129.3184526, 36.306438 ], [ 129.3190105, 36.3063515 ], [ 129.3200727, 36.3061699 ], [ 129.320448199999987, 36.3062391 ], [ 129.321231399999988, 36.3061959 ], [ 129.321843, 36.3061094 ], [ 129.322669100000013, 36.3060921 ], [ 129.3232055, 36.3060748 ], [ 129.3234737, 36.3058155 ], [ 129.3235918, 36.3054264 ], [ 129.32392440000001, 36.3050114 ], [ 129.3240638, 36.3047606 ], [ 129.3234094, 36.3042851 ], [ 129.3229588, 36.3040603 ], [ 129.322282800000011, 36.3038528 ], [ 129.3216391, 36.3036453 ], [ 129.3212529, 36.3034896 ], [ 129.3209525, 36.3034205 ], [ 129.320394599999986, 36.3036799 ], [ 129.319783, 36.3038441 ], [ 129.319246600000014, 36.3040776 ], [ 129.318699400000014, 36.3040949 ], [ 129.3171652, 36.3042073 ], [ 129.316264, 36.3042073 ], [ 129.31547, 36.3042073 ], [ 129.315019400000011, 36.304043 ], [ 129.3145795, 36.3038182 ], [ 129.314440100000013, 36.3035069 ], [ 129.3147083, 36.3034205 ], [ 129.315480799999989, 36.3034464 ], [ 129.3163927, 36.3034464 ], [ 129.3171223, 36.3034378 ], [ 129.317916200000013, 36.3027806 ], [ 129.3182166, 36.3025558 ], [ 129.318956899999989, 36.3023137 ], [ 129.3194933, 36.3022446 ], [ 129.320062, 36.3021149 ], [ 129.3210383, 36.3018814 ], [ 129.3217249, 36.3019246 ], [ 129.3221756, 36.3019765 ], [ 129.322905100000014, 36.3018382 ], [ 129.3230553, 36.3020457 ], [ 129.323109, 36.3023915 ], [ 129.323463, 36.302746 ], [ 129.324074599999989, 36.303187 ], [ 129.3245037, 36.3034637 ], [ 129.3250294, 36.3036453 ], [ 129.325962800000013, 36.3035502 ], [ 129.3266602, 36.3033167 ], [ 129.3269177, 36.3029968 ], [ 129.326821099999989, 36.3027893 ], [ 129.3271537, 36.3025731 ], [ 129.3275078, 36.3025645 ], [ 129.32794770000001, 36.3024088 ], [ 129.3283875, 36.3021408 ], [ 129.3289776, 36.3018122 ], [ 129.3293102, 36.3015788 ], [ 129.3294497, 36.3013194 ], [ 129.3300291, 36.3004807 ], [ 129.33019, 36.3000483 ], [ 129.330350900000013, 36.2995382 ], [ 129.330608399999988, 36.299322 ], [ 129.330587, 36.2989848 ], [ 129.3305977, 36.2986822 ], [ 129.3308874, 36.2983882 ], [ 129.331756399999989, 36.297999 ], [ 129.3321319, 36.2979472 ], [ 129.332625400000012, 36.2975581 ], [ 129.333017, 36.2973462 ], [ 129.3336715, 36.2972814 ], [ 129.334347400000013, 36.2972165 ], [ 129.3351628, 36.297169 ], [ 129.335860200000013, 36.2971344 ], [ 129.3363966, 36.2976446 ] ], [ [ 129.2810303, 36.3528006 ], [ 129.2806176, 36.3527466 ], [ 129.2806176, 36.352568 ], [ 129.280767200000014, 36.3522439 ], [ 129.281061200000011, 36.3518368 ], [ 129.2812418, 36.3518119 ], [ 129.281293299999987, 36.3518451 ], [ 129.2812882, 36.3519116 ], [ 129.2811386, 36.3526926 ], [ 129.281107600000013, 36.3527632 ], [ 129.2810303, 36.3528006 ] ] ] ] } },
{ "type": "Feature", "properties": { "natural": "wood", "name": null }, "geometry": { "type": "Polygon", "coordinates": [ [ [ 129.225268699999987, 36.3186172 ], [ 129.2250345, 36.3185932 ], [ 129.2247629, 36.3185211 ], [ 129.2245713, 36.3184319 ], [ 129.2241632, 36.3180937 ], [ 129.2240066, 36.317904 ], [ 129.2239319, 36.3177142 ], [ 129.2238539, 36.3173834 ], [ 129.2237805, 36.317189 ], [ 129.223695, 36.3170172 ], [ 129.2236077, 36.3169331 ], [ 129.223500300000012, 36.3168864 ], [ 129.2233582, 36.3168565 ], [ 129.2232477, 36.316849 ], [ 129.2231649, 36.3168696 ], [ 129.2231143, 36.3169037 ], [ 129.223084199999988, 36.3169541 ], [ 129.2230339, 36.3171792 ], [ 129.223034500000011, 36.3172959 ], [ 129.223047799999989, 36.3174033 ], [ 129.2230927, 36.3175383 ], [ 129.2232526, 36.31794 ], [ 129.223252, 36.31824 ], [ 129.2232258, 36.318422 ], [ 129.223082799999986, 36.3189259 ], [ 129.2229848, 36.3190452 ], [ 129.2224879, 36.3194669 ], [ 129.222291500000011, 36.3195595 ], [ 129.2220433, 36.3196254 ], [ 129.221781600000014, 36.319656 ], [ 129.221537500000011, 36.3196565 ], [ 129.2208785, 36.3195678 ], [ 129.22030620000001, 36.3194119 ], [ 129.220064, 36.3193006 ], [ 129.219826500000011, 36.3190924 ], [ 129.2194873, 36.3186202 ], [ 129.219362600000011, 36.3183872 ], [ 129.2193322, 36.3182327 ], [ 129.2187879, 36.3182867 ], [ 129.2183876, 36.3179861 ], [ 129.2182632, 36.3180666 ], [ 129.2179377, 36.3178333 ], [ 129.2179825, 36.3173393 ], [ 129.218089, 36.317137 ], [ 129.21775310000001, 36.3170464 ], [ 129.2176078, 36.3170235 ], [ 129.217523199999988, 36.3170329 ], [ 129.217450899999989, 36.3170808 ], [ 129.217389, 36.31716 ], [ 129.217348500000014, 36.3172704 ], [ 129.217326899999989, 36.317443 ], [ 129.217306900000011, 36.3181668 ], [ 129.2171969, 36.3186866 ], [ 129.217125399999986, 36.3188675 ], [ 129.217036, 36.3189942 ], [ 129.2168991, 36.3190817 ], [ 129.2160565, 36.3193196 ], [ 129.2157808, 36.3193289 ], [ 129.2154907, 36.3192834 ], [ 129.2150676, 36.3191463 ], [ 129.2148507, 36.3191049 ], [ 129.2143944, 36.3190842 ], [ 129.2141364, 36.3190923 ], [ 129.2133699, 36.3191793 ], [ 129.2127396, 36.3191835 ], [ 129.212733500000013, 36.3196121 ], [ 129.211687399999988, 36.319883 ], [ 129.210809399999988, 36.3203797 ], [ 129.210678699999988, 36.3213881 ], [ 129.2101369, 36.3245787 ], [ 129.211127, 36.3281304 ], [ 129.210809399999988, 36.3302072 ], [ 129.210846800000013, 36.3316067 ], [ 129.2125093, 36.333247 ], [ 129.2121357, 36.333864 ], [ 129.211836799999986, 36.3343907 ], [ 129.214321899999987, 36.3369376 ], [ 129.2145456, 36.3372989 ], [ 129.214618800000011, 36.3377574 ], [ 129.2147977, 36.3381045 ], [ 129.215171700000013, 36.3384124 ], [ 129.2155457, 36.3387464 ], [ 129.215171700000013, 36.3391197 ], [ 129.2155214, 36.3394079 ], [ 129.2159523, 36.3395062 ], [ 129.216212500000012, 36.3398402 ], [ 129.2162044, 36.3405803 ], [ 129.216814199999988, 36.341399 ], [ 129.2165377, 36.3418378 ], [ 129.2163588, 36.3423421 ], [ 129.2166126, 36.3436372 ], [ 129.2166664, 36.3438184 ], [ 129.216764500000011, 36.3441777 ], [ 129.221296599999988, 36.3534704 ], [ 129.24133710000001, 36.3607077 ], [ 129.2410794, 36.3605595 ], [ 129.2406824, 36.3600999 ], [ 129.240498300000013, 36.3597693 ], [ 129.240647, 36.3596154 ], [ 129.2408806, 36.359604 ], [ 129.2410363, 36.3594159 ], [ 129.2412133, 36.3592904 ], [ 129.2413194, 36.3593988 ], [ 129.2413336, 36.3595356 ], [ 129.241255700000011, 36.3597294 ], [ 129.241291100000012, 36.3600201 ], [ 129.241496399999988, 36.3602424 ], [ 129.241822, 36.3602253 ], [ 129.241991899999988, 36.3602481 ], [ 129.2422113, 36.3604476 ], [ 129.2424307, 36.3605673 ], [ 129.2428554, 36.3605559 ], [ 129.2430678, 36.3606015 ], [ 129.2435208, 36.3606471 ], [ 129.244101199999989, 36.3604077 ], [ 129.2443207, 36.3604248 ], [ 129.2445189, 36.3604932 ], [ 129.2446463, 36.3606357 ], [ 129.2448607, 36.3608203 ], [ 129.245414, 36.3607646 ], [ 129.24586930000001, 36.3605289 ], [ 129.246519799999987, 36.3607384 ], [ 129.2470727, 36.3614194 ], [ 129.248048399999988, 36.3618777 ], [ 129.247772, 36.3626765 ], [ 129.2485038, 36.3632266 ], [ 129.248211, 36.3637504 ], [ 129.248536300000012, 36.3646408 ], [ 129.249121699999989, 36.3652825 ], [ 129.249658399999987, 36.3667884 ], [ 129.249203, 36.3679014 ], [ 129.2497885, 36.3683074 ], [ 129.250520200000011, 36.3688704 ], [ 129.2511544, 36.3710964 ], [ 129.2514309, 36.3719868 ], [ 129.251691099999988, 36.372995 ], [ 129.2534148, 36.3733616 ], [ 129.254293, 36.3740425 ], [ 129.25443580000001, 36.3743281 ], [ 129.2548199, 36.3742163 ], [ 129.254966, 36.3741396 ], [ 129.255081100000012, 36.3740122 ], [ 129.2554776, 36.373861 ], [ 129.2557018, 36.3734946 ], [ 129.2558711, 36.3734165 ], [ 129.2562403, 36.3733349 ], [ 129.2560648, 36.3736134 ], [ 129.255761, 36.3737323 ], [ 129.2557084, 36.3739196 ], [ 129.2553433, 36.3740716 ], [ 129.255304, 36.3742709 ], [ 129.2552052, 36.3744478 ], [ 129.255042, 36.3745167 ], [ 129.2560981, 36.376216 ], [ 129.2563582, 36.3775776 ], [ 129.2566835, 36.379175 ], [ 129.2563745, 36.3800653 ], [ 129.2571226, 36.3825528 ], [ 129.25673230000001, 36.3835739 ], [ 129.2569599, 36.384582 ], [ 129.2573502, 36.3862577 ], [ 129.2573502, 36.3873836 ], [ 129.2579031, 36.3891378 ], [ 129.2580495, 36.3903945 ], [ 129.2580495, 36.3912978 ], [ 129.258342199999987, 36.3918606 ], [ 129.2585048, 36.392921 ], [ 129.258797499999986, 36.3942038 ], [ 129.258929599999988, 36.3941901 ], [ 129.2587542, 36.3957036 ], [ 129.259312099999988, 36.3967399 ], [ 129.2614793, 36.397759 ], [ 129.266157099999987, 36.3999006 ], [ 129.2679381, 36.4008678 ], [ 129.269247, 36.4019731 ], [ 129.2698478, 36.4030957 ], [ 129.2713928, 36.4039074 ], [ 129.2749547, 36.4063943 ], [ 129.276134899999988, 36.4076032 ], [ 129.278752700000013, 36.4108325 ], [ 129.2790317, 36.4118686 ], [ 129.279503799999986, 36.4135048 ], [ 129.2798893, 36.4138023 ], [ 129.2809775, 36.4141775 ], [ 129.28227960000001, 36.4154071 ], [ 129.2828029, 36.4162381 ], [ 129.282837699999988, 36.4163971 ], [ 129.283235600000012, 36.4166575 ], [ 129.2839258, 36.4168574 ], [ 129.284427599999987, 36.4166992 ], [ 129.2854144, 36.4168414 ], [ 129.28635460000001, 36.4169232 ], [ 129.2875106, 36.4174463 ], [ 129.2877842, 36.4176439 ], [ 129.28775060000001, 36.4178495 ], [ 129.2879117, 36.4180408 ], [ 129.2888849, 36.4184576 ], [ 129.2894889, 36.4186087 ], [ 129.2908751, 36.4188965 ], [ 129.2911139, 36.4189236 ], [ 129.291095399999989, 36.4186443 ], [ 129.291865, 36.4186236 ], [ 129.2923012, 36.4184329 ], [ 129.292222400000014, 36.4182215 ], [ 129.292349300000012, 36.4180538 ], [ 129.2925868, 36.4179933 ], [ 129.2929724, 36.4177742 ], [ 129.2929148, 36.4169799 ], [ 129.2931958, 36.4153469 ], [ 129.2934114, 36.415172 ], [ 129.293889299999989, 36.4151455 ], [ 129.2939577, 36.4150248 ], [ 129.2940347, 36.4146478 ], [ 129.2941443, 36.4138763 ], [ 129.294373, 36.4134757 ], [ 129.2948769, 36.4122986 ], [ 129.295560200000011, 36.4113366 ], [ 129.295585100000011, 36.4110699 ], [ 129.295690799999988, 36.4107545 ], [ 129.2955939, 36.4105219 ], [ 129.2956897, 36.4102598 ], [ 129.295876600000014, 36.4099809 ], [ 129.2964346, 36.4095866 ], [ 129.297288, 36.4089948 ], [ 129.2974625, 36.4088642 ], [ 129.2970501, 36.4085321 ], [ 129.29683510000001, 36.4084746 ], [ 129.2964053, 36.4082617 ], [ 129.2959827, 36.4083494 ], [ 129.2960002, 36.4080851 ], [ 129.295848299999989, 36.4078068 ], [ 129.2956182, 36.4075474 ], [ 129.29518010000001, 36.4073548 ], [ 129.2935647, 36.4069578 ], [ 129.293157900000011, 36.4069816 ], [ 129.293423600000011, 36.4066746 ], [ 129.294085700000011, 36.406632 ], [ 129.29456, 36.4066746 ], [ 129.2944158, 36.4062711 ], [ 129.294828, 36.4063436 ], [ 129.295035899999988, 36.4067142 ], [ 129.295386400000012, 36.4069592 ], [ 129.2959859, 36.4074684 ], [ 129.2962985, 36.4075508 ], [ 129.2966341, 36.407911 ], [ 129.2970871, 36.4080037 ], [ 129.297731199999987, 36.4085578 ], [ 129.297912599999989, 36.4083353 ], [ 129.2980919, 36.4080044 ], [ 129.2982276, 36.4076823 ], [ 129.2984299, 36.4070484 ], [ 129.298470900000012, 36.4064865 ], [ 129.2985622, 36.406301 ], [ 129.2988729, 36.4059104 ], [ 129.299076500000012, 36.4057817 ], [ 129.2996048, 36.4055965 ], [ 129.29979130000001, 36.4054826 ], [ 129.2999491, 36.4053287 ], [ 129.3000999, 36.4051407 ], [ 129.3002007, 36.4049419 ], [ 129.3003608, 36.4042956 ], [ 129.30024130000001, 36.404143 ], [ 129.2999629, 36.4040891 ], [ 129.2996911, 36.4036579 ], [ 129.299441, 36.4037177 ], [ 129.2993124, 36.4035938 ], [ 129.2993097, 36.4035095 ], [ 129.2990926, 36.4032788 ], [ 129.29878690000001, 36.4032429 ], [ 129.2984277, 36.4034158 ], [ 129.2979636, 36.4030953 ], [ 129.297511899999989, 36.4030736 ], [ 129.2973834, 36.4028994 ], [ 129.2972021, 36.4028519 ], [ 129.2970344, 36.4026769 ], [ 129.296799600000014, 36.4027109 ], [ 129.296568900000011, 36.4028581 ], [ 129.296545900000012, 36.4029912 ], [ 129.2964297, 36.4030801 ], [ 129.2962915, 36.4029262 ], [ 129.2963425, 36.4028293 ], [ 129.2960291, 36.4025801 ], [ 129.2957893, 36.4025398 ], [ 129.2955245, 36.4024799 ], [ 129.2949965, 36.4022493 ], [ 129.294307300000014, 36.4020819 ], [ 129.2939935, 36.4018395 ], [ 129.2941879, 36.401629 ], [ 129.293712, 36.4015907 ], [ 129.2934711, 36.4014704 ], [ 129.2932166, 36.4014491 ], [ 129.293053500000013, 36.4016359 ], [ 129.2928516, 36.4016411 ], [ 129.292655200000013, 36.4014756 ], [ 129.292631199999988, 36.4013415 ], [ 129.2922455, 36.4013727 ], [ 129.2920111, 36.4016989 ], [ 129.2916816, 36.4015771 ], [ 129.2915274, 36.4017527 ], [ 129.291276900000014, 36.4016496 ], [ 129.291272, 36.4014357 ], [ 129.290767, 36.4013572 ], [ 129.2906207, 36.401701 ], [ 129.2903364, 36.4017299 ], [ 129.290299800000014, 36.4013772 ], [ 129.2902709, 36.4012407 ], [ 129.2900792, 36.4012068 ], [ 129.290298, 36.4007227 ], [ 129.2901349, 36.4005861 ], [ 129.2898721, 36.4005213 ], [ 129.2898145, 36.4001375 ], [ 129.290485100000012, 36.400156 ], [ 129.2906797, 36.4004153 ], [ 129.2913993, 36.4006528 ], [ 129.291514799999987, 36.4004441 ], [ 129.2918326, 36.4005438 ], [ 129.2920406, 36.4005381 ], [ 129.2920302, 36.4001578 ], [ 129.2924285, 36.3993181 ], [ 129.2931514, 36.3994823 ], [ 129.2935558, 36.3997433 ], [ 129.2936048, 36.400157 ], [ 129.293784, 36.4005317 ], [ 129.2943085, 36.4009399 ], [ 129.2945349, 36.4010274 ], [ 129.295471, 36.4007945 ], [ 129.2959372, 36.4008621 ], [ 129.2956824, 36.4013639 ], [ 129.2959081, 36.4015325 ], [ 129.2963226, 36.4016515 ], [ 129.2966216, 36.4016563 ], [ 129.2970906, 36.4017573 ], [ 129.2971043, 36.4018501 ], [ 129.29792040000001, 36.4020308 ], [ 129.2986433, 36.4024411 ], [ 129.2988676, 36.4023701 ], [ 129.2989852, 36.4022383 ], [ 129.2993124, 36.4015063 ], [ 129.299239199999988, 36.4012816 ], [ 129.299298, 36.4006882 ], [ 129.2997958, 36.4003543 ], [ 129.299933, 36.4006626 ], [ 129.2999041, 36.4009295 ], [ 129.2995271, 36.4014215 ], [ 129.2998403, 36.4014523 ], [ 129.3002818, 36.4009781 ], [ 129.3006183, 36.400257 ], [ 129.3009339, 36.4003375 ], [ 129.3023776, 36.3967227 ], [ 129.3028712, 36.3957382 ], [ 129.30351490000001, 36.3952891 ], [ 129.304351700000012, 36.39522 ], [ 129.3049311, 36.39294 ], [ 129.3049311, 36.39218 ], [ 129.3038153, 36.3913164 ], [ 129.3036007, 36.3901418 ], [ 129.303193, 36.3883454 ], [ 129.3031081, 36.3880515 ], [ 129.301004299999988, 36.3878617 ], [ 129.2990302, 36.388069 ], [ 129.2950606, 36.3884835 ], [ 129.2917775, 36.3895027 ], [ 129.2916059, 36.3905391 ], [ 129.2913484, 36.3905909 ], [ 129.289846399999988, 36.3903664 ], [ 129.287657700000011, 36.39142 ], [ 129.2850827, 36.3917655 ], [ 129.283215899999988, 36.3923182 ], [ 129.282014299999986, 36.3924564 ], [ 129.2825073, 36.3917428 ], [ 129.2836294, 36.3911014 ], [ 129.286637899999988, 36.3887058 ], [ 129.2877274, 36.3881821 ], [ 129.2882803, 36.3886796 ], [ 129.2895813, 36.388025 ], [ 129.292183200000011, 36.3876192 ], [ 129.297452, 36.3869908 ], [ 129.3001352, 36.3871348 ], [ 129.3029127, 36.3874212 ], [ 129.3024718, 36.3866443 ], [ 129.3023918, 36.3863973 ], [ 129.3021611, 36.3862909 ], [ 129.302138500000012, 36.3852917 ], [ 129.3019376, 36.3848547 ], [ 129.301448, 36.3842868 ], [ 129.3011218, 36.3841174 ], [ 129.300525599999986, 36.3834477 ], [ 129.3003056, 36.3829758 ], [ 129.2998268, 36.3828376 ], [ 129.299708, 36.382837 ], [ 129.2992673, 36.383045 ], [ 129.2991276, 36.3831737 ], [ 129.2988406, 36.3833524 ], [ 129.2987651, 36.3834714 ], [ 129.298625500000014, 36.3836173 ], [ 129.2984966, 36.3836729 ], [ 129.2982793, 36.3836813 ], [ 129.2979856, 36.3836056 ], [ 129.2975253, 36.3833906 ], [ 129.2972368, 36.3832879 ], [ 129.297029400000014, 36.3832614 ], [ 129.2966629, 36.3834859 ], [ 129.2961819, 36.3834923 ], [ 129.2959892, 36.3835436 ], [ 129.295737300000013, 36.3835412 ], [ 129.2954236, 36.3836285 ], [ 129.295146, 36.3835448 ], [ 129.2949509, 36.3836087 ], [ 129.2947622, 36.3831311 ], [ 129.2946249, 36.3830909 ], [ 129.294516, 36.3825482 ], [ 129.2944147, 36.38251 ], [ 129.294441, 36.382234 ], [ 129.2943802, 36.3821729 ], [ 129.2944515, 36.3818174 ], [ 129.2943129, 36.3815343 ], [ 129.294101899999987, 36.3812564 ], [ 129.2940831, 36.3811224 ], [ 129.2937224, 36.3810306 ], [ 129.2934582, 36.3811577 ], [ 129.2931179, 36.3814103 ], [ 129.292905100000013, 36.3814722 ], [ 129.2927248, 36.3816471 ], [ 129.292624600000011, 36.3815937 ], [ 129.2929323, 36.3811471 ], [ 129.292251099999987, 36.3805814 ], [ 129.291882500000014, 36.3805113 ], [ 129.29195390000001, 36.380325 ], [ 129.2917653, 36.3800924 ], [ 129.291554, 36.3800008 ], [ 129.2913897, 36.3795731 ], [ 129.29094090000001, 36.3793348 ], [ 129.2906549, 36.3789676 ], [ 129.290222300000011, 36.3787394 ], [ 129.2899325, 36.3781775 ], [ 129.2897738, 36.3776488 ], [ 129.2895909, 36.3776928 ], [ 129.289357700000011, 36.3770177 ], [ 129.2893277, 36.3768502 ], [ 129.2889396, 36.376637 ], [ 129.288526100000013, 36.3766218 ], [ 129.288299099999989, 36.3766731 ], [ 129.2881487, 36.3768399 ], [ 129.286860499999989, 36.3772543 ], [ 129.286781499999989, 36.3771342 ], [ 129.2858171, 36.3774905 ], [ 129.2857167, 36.3777648 ], [ 129.285354399999989, 36.3779101 ], [ 129.2853201, 36.3780123 ], [ 129.28519940000001, 36.3780768 ], [ 129.2851124, 36.3779505 ], [ 129.2848452, 36.3780217 ], [ 129.2843576, 36.3779713 ], [ 129.2839404, 36.3781296 ], [ 129.28381060000001, 36.3788062 ], [ 129.283820600000013, 36.3796408 ], [ 129.2839176, 36.3799592 ], [ 129.2838894, 36.3803223 ], [ 129.2837098, 36.3803605 ], [ 129.283643, 36.3806946 ], [ 129.2833181, 36.3808987 ], [ 129.2831563, 36.3809158 ], [ 129.2830141, 36.3814616 ], [ 129.2825566, 36.3819315 ], [ 129.2824673, 36.3816975 ], [ 129.282810399999988, 36.381254 ], [ 129.283085199999988, 36.3803617 ], [ 129.283278200000012, 36.3795737 ], [ 129.283374900000013, 36.3782537 ], [ 129.2835221, 36.3781829 ], [ 129.2834943, 36.3780785 ], [ 129.2832058, 36.378079 ], [ 129.2828659, 36.3780484 ], [ 129.282662, 36.3781324 ], [ 129.2820427, 36.378034 ], [ 129.2811517, 36.3774091 ], [ 129.280572799999987, 36.3775506 ], [ 129.2803026, 36.3775375 ], [ 129.2801776, 36.3776009 ], [ 129.2799314, 36.3775654 ], [ 129.2797295, 36.3776349 ], [ 129.2793848, 36.377597 ], [ 129.2789998, 36.377679 ], [ 129.2788524, 36.3779031 ], [ 129.2788271, 36.3780667 ], [ 129.2787128, 36.378282 ], [ 129.2785527, 36.3787257 ], [ 129.2782589, 36.3785142 ], [ 129.2784502, 36.3783206 ], [ 129.2782632, 36.3781017 ], [ 129.2777163, 36.3781152 ], [ 129.2769219, 36.378634 ], [ 129.27648, 36.3785998 ], [ 129.276219700000013, 36.3784772 ], [ 129.2761036, 36.3785621 ], [ 129.2761046, 36.3786737 ], [ 129.276048800000012, 36.3788892 ], [ 129.2758385, 36.378861 ], [ 129.275808399999988, 36.3787302 ], [ 129.2755788, 36.3787275 ], [ 129.2752222, 36.3788974 ], [ 129.2747676, 36.3789737 ], [ 129.2742935, 36.379014 ], [ 129.2739188, 36.3790241 ], [ 129.2738056, 36.3791214 ], [ 129.27360680000001, 36.3791507 ], [ 129.273349200000013, 36.3791415 ], [ 129.2732028, 36.3792191 ], [ 129.2730081, 36.379258 ], [ 129.2727954, 36.3793638 ], [ 129.272825899999987, 36.3795614 ], [ 129.2724911, 36.3796417 ], [ 129.271747, 36.3800533 ], [ 129.2714887, 36.3799606 ], [ 129.2716059, 36.3797772 ], [ 129.271727700000014, 36.3797473 ], [ 129.271735299999989, 36.3794241 ], [ 129.2718899, 36.3793823 ], [ 129.2720382, 36.3794499 ], [ 129.2724254, 36.3792866 ], [ 129.2725077, 36.3791155 ], [ 129.272982, 36.3790161 ], [ 129.2731636, 36.3788864 ], [ 129.2732676, 36.3788775 ], [ 129.273175900000012, 36.3787412 ], [ 129.273057599999987, 36.3787767 ], [ 129.2729529, 36.3788679 ], [ 129.2726645, 36.378907 ], [ 129.272354, 36.3790354 ], [ 129.2722291, 36.3789737 ], [ 129.2719822, 36.3790481 ], [ 129.2717495, 36.3789902 ], [ 129.2715661, 36.3791491 ], [ 129.2713134, 36.3792459 ], [ 129.270712800000013, 36.3792504 ], [ 129.2704339, 36.3793024 ], [ 129.270297199999987, 36.3791642 ], [ 129.2703522, 36.3788382 ], [ 129.2697364, 36.3790197 ], [ 129.2688867, 36.3790694 ], [ 129.2687343, 36.3786656 ], [ 129.2691925, 36.3786096 ], [ 129.2698031, 36.3784199 ], [ 129.2697368, 36.3781442 ], [ 129.269963600000011, 36.3781758 ], [ 129.2703797, 36.3781396 ], [ 129.270552, 36.3783653 ], [ 129.270873, 36.3783202 ], [ 129.270883199999986, 36.378133 ], [ 129.27115040000001, 36.3779833 ], [ 129.2712395, 36.3781288 ], [ 129.271509, 36.3785276 ], [ 129.271667, 36.3784357 ], [ 129.2720062, 36.3786525 ], [ 129.2721745, 36.3786236 ], [ 129.27206, 36.3781977 ], [ 129.2722976, 36.3781534 ], [ 129.2727999, 36.3784969 ], [ 129.2729747, 36.3784526 ], [ 129.2729113, 36.3783209 ], [ 129.2730153, 36.3783036 ], [ 129.27313190000001, 36.3783208 ], [ 129.2732311, 36.3782473 ], [ 129.273327599999988, 36.3783291 ], [ 129.273525, 36.3782862 ], [ 129.273694400000011, 36.3783863 ], [ 129.2742379, 36.3782121 ], [ 129.2750426, 36.3780898 ], [ 129.2754506, 36.3779444 ], [ 129.2756496, 36.3781115 ], [ 129.2760452, 36.3780048 ], [ 129.2760556, 36.3778806 ], [ 129.2766717, 36.3776107 ], [ 129.276642399999986, 36.3774112 ], [ 129.2767408, 36.3772695 ], [ 129.2768678, 36.3773793 ], [ 129.277354300000013, 36.3775616 ], [ 129.2774573, 36.37749 ], [ 129.2777681, 36.377567 ], [ 129.2779822, 36.3774347 ], [ 129.278286400000013, 36.3773736 ], [ 129.278189200000014, 36.3771992 ], [ 129.2782738, 36.3770752 ], [ 129.278896800000012, 36.3768801 ], [ 129.2788472, 36.3765759 ], [ 129.27902180000001, 36.3762523 ], [ 129.279190699999987, 36.376229 ], [ 129.2791746, 36.3765317 ], [ 129.2792091, 36.3766695 ], [ 129.27946080000001, 36.3768871 ], [ 129.2797515, 36.3768541 ], [ 129.2798522, 36.3767879 ], [ 129.2801666, 36.3767564 ], [ 129.280508200000014, 36.3769569 ], [ 129.2807709, 36.3770353 ], [ 129.281049, 36.377063 ], [ 129.2813998, 36.3771663 ], [ 129.281613099999987, 36.3770452 ], [ 129.282086099999987, 36.3772055 ], [ 129.2831627, 36.3771037 ], [ 129.2837466, 36.3769569 ], [ 129.284598, 36.376937 ], [ 129.284906400000011, 36.37673 ], [ 129.2851341, 36.3766821 ], [ 129.2851556, 36.3763953 ], [ 129.2853963, 36.3763202 ], [ 129.2855918, 36.3765313 ], [ 129.2860164, 36.3765137 ], [ 129.2863653, 36.3763514 ], [ 129.286746, 36.3762755 ], [ 129.2873854, 36.3760125 ], [ 129.2879882, 36.3759511 ], [ 129.2882098, 36.3760509 ], [ 129.2883807, 36.3760375 ], [ 129.2887306, 36.376109 ], [ 129.2889199, 36.3761047 ], [ 129.2892905, 36.3760175 ], [ 129.2898528, 36.3760985 ], [ 129.290009700000013, 36.3762016 ], [ 129.2904369, 36.376727 ], [ 129.2906966, 36.3769457 ], [ 129.2907045, 36.3770671 ], [ 129.2907697, 36.3772406 ], [ 129.290939900000012, 36.3774972 ], [ 129.291577600000011, 36.378206 ], [ 129.2918115, 36.3787245 ], [ 129.2919526, 36.3789477 ], [ 129.2926263, 36.3796718 ], [ 129.2927475, 36.37982 ], [ 129.2929866, 36.3798608 ], [ 129.293186, 36.379934 ], [ 129.2936033, 36.3802737 ], [ 129.2940997, 36.3805854 ], [ 129.294403100000011, 36.3808842 ], [ 129.295246600000013, 36.3815688 ], [ 129.295363900000012, 36.3817022 ], [ 129.295456800000011, 36.381979 ], [ 129.295396, 36.3822895 ], [ 129.295391599999988, 36.3824243 ], [ 129.295489300000014, 36.3825594 ], [ 129.295550600000013, 36.3827909 ], [ 129.2956624, 36.3828218 ], [ 129.29635, 36.3829028 ], [ 129.2970116, 36.3829933 ], [ 129.297165400000011, 36.3830276 ], [ 129.2975501, 36.383225 ], [ 129.2982089, 36.3835354 ], [ 129.2982873, 36.3835299 ], [ 129.2984851, 36.3833835 ], [ 129.2985803, 36.3831944 ], [ 129.2993899, 36.3825966 ], [ 129.299613599999986, 36.3825549 ], [ 129.300101, 36.3825504 ], [ 129.2997775, 36.3818196 ], [ 129.2992896, 36.3785203 ], [ 129.2992896, 36.3770539 ], [ 129.2997449, 36.3743306 ], [ 129.300395400000014, 36.3729295 ], [ 129.30036290000001, 36.3720392 ], [ 129.3034039, 36.3712274 ], [ 129.3052414, 36.3706905 ], [ 129.3063147, 36.3703239 ], [ 129.3074856, 36.369224 ], [ 129.308152299999989, 36.3676395 ], [ 129.306705, 36.3656099 ], [ 129.3047373, 36.3645099 ], [ 129.30182640000001, 36.3637242 ], [ 129.2996148, 36.3630432 ], [ 129.2981838, 36.3632266 ], [ 129.29403640000001, 36.3641159 ], [ 129.290215499999988, 36.3644444 ], [ 129.2874184, 36.363698 ], [ 129.2837781, 36.3619702 ], [ 129.2820448, 36.3612049 ], [ 129.2793038, 36.3614587 ], [ 129.2775149, 36.363292 ], [ 129.2730104, 36.3672074 ], [ 129.27154680000001, 36.3672336 ], [ 129.2704573, 36.3661598 ], [ 129.27104270000001, 36.3652956 ], [ 129.2722298, 36.3643789 ], [ 129.273791, 36.3643265 ], [ 129.276246500000013, 36.3629646 ], [ 129.2775149, 36.3616551 ], [ 129.2782305, 36.3605027 ], [ 129.277954, 36.3592586 ], [ 129.2765233, 36.3587043 ], [ 129.275807500000013, 36.3583812 ], [ 129.2746041, 36.3572287 ], [ 129.2739861, 36.3560107 ], [ 129.274701599999986, 36.3549761 ], [ 129.273725899999988, 36.354426 ], [ 129.2734495, 36.3535354 ], [ 129.273140500000011, 36.3528544 ], [ 129.2735633, 36.3520293 ], [ 129.275254499999988, 36.3505362 ], [ 129.2744162, 36.3500587 ], [ 129.2744869, 36.3494555 ], [ 129.2750919, 36.3489121 ], [ 129.274717900000013, 36.3462401 ], [ 129.2749618, 36.3452971 ], [ 129.2748603, 36.3443401 ], [ 129.2741813, 36.3440134 ], [ 129.2725551, 36.3444326 ], [ 129.271059, 36.344223 ], [ 129.2703272, 36.3427036 ], [ 129.270659599999988, 36.3418749 ], [ 129.27077220000001, 36.341794 ], [ 129.270604100000014, 36.3402291 ], [ 129.2715567, 36.3392812 ], [ 129.270753500000012, 36.3388749 ], [ 129.2699503, 36.337942 ], [ 129.2694497, 36.3367519 ], [ 129.2701184, 36.335113 ], [ 129.2714944, 36.3342719 ], [ 129.2708063, 36.3336172 ], [ 129.270401, 36.333129 ], [ 129.2702194, 36.3330613 ], [ 129.2700312, 36.3328592 ], [ 129.2695414, 36.333024 ], [ 129.2693171, 36.3328575 ], [ 129.269338, 36.3323239 ], [ 129.2691725, 36.3320907 ], [ 129.269006499999989, 36.3320664 ], [ 129.2686636, 36.3317165 ], [ 129.268699, 36.331594 ], [ 129.268205, 36.331422 ], [ 129.267883, 36.3312713 ], [ 129.2674543, 36.3311163 ], [ 129.267430499999989, 36.3312082 ], [ 129.2672125, 36.3311945 ], [ 129.266911099999987, 36.3312702 ], [ 129.2668308, 36.3311443 ], [ 129.266648800000013, 36.3311885 ], [ 129.266705800000011, 36.331397 ], [ 129.2668282, 36.3316384 ], [ 129.267040400000013, 36.3319774 ], [ 129.267024, 36.3321126 ], [ 129.2673005, 36.3320289 ], [ 129.2676224, 36.3324179 ], [ 129.2679657, 36.3327809 ], [ 129.2681481, 36.3334637 ], [ 129.267601, 36.3337057 ], [ 129.2667856, 36.3339563 ], [ 129.2663671, 36.3342156 ], [ 129.2658806, 36.3345213 ], [ 129.265728599999989, 36.3347368 ], [ 129.2646282, 36.3345167 ], [ 129.263914, 36.3340891 ], [ 129.2637794, 36.3328016 ], [ 129.2634932, 36.3330018 ], [ 129.263526899999988, 36.3322621 ], [ 129.2632921, 36.3320415 ], [ 129.2630615, 36.3316972 ], [ 129.262948099999988, 36.331413 ], [ 129.262893, 36.3302052 ], [ 129.262678099999988, 36.3299673 ], [ 129.2622345, 36.3297389 ], [ 129.261723, 36.3295106 ], [ 129.261285500000014, 36.3290538 ], [ 129.2611253, 36.3289397 ], [ 129.260854200000011, 36.3290985 ], [ 129.261094500000013, 36.3293467 ], [ 129.2612732, 36.3295503 ], [ 129.26098970000001, 36.3298332 ], [ 129.260712399999989, 36.3299573 ], [ 129.2613619, 36.3299754 ], [ 129.2616303, 36.3299382 ], [ 129.261995500000012, 36.3299704 ], [ 129.2619942, 36.3300916 ], [ 129.2618106, 36.3309182 ], [ 129.2617519, 36.3310953 ], [ 129.2614623, 36.3314324 ], [ 129.26084, 36.3316139 ], [ 129.260174799999987, 36.3314238 ], [ 129.25967940000001, 36.331068 ], [ 129.259845500000011, 36.3306413 ], [ 129.2593305, 36.3303391 ], [ 129.2593944, 36.3301721 ], [ 129.259186, 36.3301175 ], [ 129.2589715, 36.3300828 ], [ 129.25879, 36.3301376 ], [ 129.258294400000011, 36.330398 ], [ 129.2581802, 36.3304855 ], [ 129.258067899999986, 36.330607 ], [ 129.257928099999987, 36.3307596 ], [ 129.2578532, 36.3309093 ], [ 129.2577326, 36.3310136 ], [ 129.2575598, 36.3310888 ], [ 129.2573468, 36.3311292 ], [ 129.257152499999989, 36.3311325 ], [ 129.2568234, 36.3310916 ], [ 129.2569585, 36.3313571 ], [ 129.2568499, 36.3314602 ], [ 129.2566866, 36.3314947 ], [ 129.2561797, 36.3314921 ], [ 129.256232, 36.33127 ], [ 129.256099, 36.3310145 ], [ 129.2557496, 36.3309038 ], [ 129.2554149, 36.330381 ], [ 129.255003499999987, 36.330136 ], [ 129.2546891, 36.3298213 ], [ 129.2545666, 36.3292297 ], [ 129.2543133, 36.328913 ], [ 129.2543077, 36.3286499 ], [ 129.25448, 36.32836 ], [ 129.2544819, 36.3280958 ], [ 129.254187300000012, 36.3279452 ], [ 129.2537366, 36.3280129 ], [ 129.2532613, 36.3282257 ], [ 129.2531098, 36.3284367 ], [ 129.2529985, 36.3287472 ], [ 129.2531916, 36.3292221 ], [ 129.2534499, 36.3292965 ], [ 129.2535083, 36.3294881 ], [ 129.25338, 36.3298457 ], [ 129.2528576, 36.3301003 ], [ 129.2531022, 36.3304836 ], [ 129.2534905, 36.3308608 ], [ 129.2524367, 36.3308261 ], [ 129.2517651, 36.3306821 ], [ 129.2513152, 36.3305878 ], [ 129.2506066, 36.3306871 ], [ 129.2503539, 36.3309502 ], [ 129.2500748, 36.3312456 ], [ 129.2489693, 36.3315856 ], [ 129.2476196, 36.330954 ], [ 129.2472141, 36.3307639 ], [ 129.2469238, 36.3311916 ], [ 129.2469365, 36.3316067 ], [ 129.246638100000013, 36.3316051 ], [ 129.2456723, 36.3311397 ], [ 129.2451633, 36.331502 ], [ 129.2453222, 36.3326402 ], [ 129.244620200000014, 36.3334427 ], [ 129.2434994, 36.3343907 ], [ 129.242472, 36.3356246 ], [ 129.241799500000013, 36.3358202 ], [ 129.2419676, 36.334481 ], [ 129.242826900000011, 36.3333674 ], [ 129.2429764, 36.3317873 ], [ 129.243929, 36.3306888 ], [ 129.245745699999986, 36.3305843 ], [ 129.2472497, 36.3301393 ], [ 129.248132, 36.329214 ], [ 129.2473632, 36.3283092 ], [ 129.245274, 36.3280762 ], [ 129.244099, 36.3274775 ], [ 129.243166, 36.3275894 ], [ 129.2428559, 36.3281348 ], [ 129.2422518, 36.328191 ], [ 129.241192, 36.32814 ], [ 129.240531299999986, 36.3278287 ], [ 129.2402366, 36.3263471 ], [ 129.240506900000014, 36.3259109 ], [ 129.2403857, 36.3258235 ], [ 129.2400604, 36.326101 ], [ 129.24009860000001, 36.3255254 ], [ 129.2403155, 36.3252119 ], [ 129.2403474, 36.32496 ], [ 129.240270900000013, 36.3247339 ], [ 129.239786, 36.3246002 ], [ 129.2399328, 36.3242199 ], [ 129.240562899999986, 36.3240203 ], [ 129.240532300000012, 36.323802 ], [ 129.2404663, 36.3237058 ], [ 129.2403701, 36.3236357 ], [ 129.2402394, 36.3235944 ], [ 129.239605899999987, 36.3234579 ], [ 129.2393481, 36.3234261 ], [ 129.239097500000014, 36.3234168 ], [ 129.2388377, 36.3234289 ], [ 129.238589600000012, 36.3234574 ], [ 129.2378859, 36.3235682 ], [ 129.237731599999989, 36.3235762 ], [ 129.237597099999988, 36.323555 ], [ 129.2367236, 36.3233025 ], [ 129.236468800000011, 36.323191 ], [ 129.2362301, 36.3230587 ], [ 129.2360946, 36.3229608 ], [ 129.235908, 36.3227713 ], [ 129.2357714, 36.3226811 ], [ 129.235621, 36.3226058 ], [ 129.2354899, 36.32257 ], [ 129.235377199999988, 36.3225614 ], [ 129.2352367, 36.3225696 ], [ 129.235066, 36.322608 ], [ 129.2348346, 36.3226739 ], [ 129.234602099999989, 36.3227793 ], [ 129.2343967, 36.3229049 ], [ 129.2340117, 36.3231673 ], [ 129.2338112, 36.3232535 ], [ 129.233655, 36.3232837 ], [ 129.2334962, 36.3232838 ], [ 129.2333486, 36.3232417 ], [ 129.233226800000011, 36.3231735 ], [ 129.2331499, 36.3230707 ], [ 129.2331035, 36.3229463 ], [ 129.2330864, 36.322779 ], [ 129.2330935, 36.3226001 ], [ 129.232754300000011, 36.3226101 ], [ 129.2327864, 36.3221462 ], [ 129.2326223, 36.3220434 ], [ 129.2325349, 36.3217923 ], [ 129.232605799999988, 36.3216474 ], [ 129.2318855, 36.3216012 ], [ 129.231594, 36.3215471 ], [ 129.2314402, 36.3214836 ], [ 129.231308500000011, 36.3213808 ], [ 129.231001, 36.3210463 ], [ 129.2305364, 36.3207149 ], [ 129.230370599999986, 36.3207543 ], [ 129.229917699999987, 36.3210543 ], [ 129.229803299999986, 36.3210429 ], [ 129.2296647, 36.320794 ], [ 129.229478300000011, 36.320585 ], [ 129.2295466, 36.3203894 ], [ 129.229387300000013, 36.3200359 ], [ 129.2294561, 36.3198987 ], [ 129.2296814, 36.320069 ], [ 129.229886099999987, 36.3205183 ], [ 129.2301407, 36.3203804 ], [ 129.2301261, 36.3201488 ], [ 129.2303661, 36.3201344 ], [ 129.2303016, 36.31996 ], [ 129.2298563, 36.3196165 ], [ 129.229554799999988, 36.3194159 ], [ 129.2290748, 36.3191893 ], [ 129.2288202, 36.3190081 ], [ 129.2276668, 36.3178079 ], [ 129.2270911, 36.3178722 ], [ 129.22684670000001, 36.3179458 ], [ 129.2267286, 36.3182104 ], [ 129.2261768, 36.318187 ], [ 129.226203700000013, 36.3177525 ], [ 129.225974900000011, 36.3178865 ], [ 129.2258242, 36.3180097 ], [ 129.2257143, 36.318125 ], [ 129.2256593, 36.3182459 ], [ 129.2255681, 36.3184993 ], [ 129.2254063, 36.3185891 ], [ 129.225268699999987, 36.3186172 ] ], [ [ 129.2253971, 36.3192057 ], [ 129.225602400000014, 36.3189968 ], [ 129.2260934, 36.319133 ], [ 129.2264917, 36.3194377 ], [ 129.2265858, 36.3198713 ], [ 129.2267822, 36.3199708 ], [ 129.226957, 36.3199683 ], [ 129.227605399999987, 36.3196248 ], [ 129.227715100000012, 36.3193998 ], [ 129.2280638, 36.3193792 ], [ 129.228411200000011, 36.3195198 ], [ 129.228402, 36.319832 ], [ 129.2284814, 36.3199684 ], [ 129.228224, 36.320346 ], [ 129.228064, 36.3205295 ], [ 129.2278848, 36.3205709 ], [ 129.2277896, 36.320649 ], [ 129.2276358, 36.3206867 ], [ 129.2273525, 36.3205833 ], [ 129.2269921, 36.3210431 ], [ 129.226077800000013, 36.3208145 ], [ 129.226295099999987, 36.3203933 ], [ 129.22566, 36.319597 ], [ 129.2253971, 36.3192057 ] ], [ [ 129.270825699999989, 36.3592562 ], [ 129.270884700000011, 36.3591222 ], [ 129.270951700000012, 36.3590056 ], [ 129.2710429, 36.3589451 ], [ 129.2712012, 36.3588652 ], [ 129.2713755, 36.3588998 ], [ 129.2714399, 36.3590056 ], [ 129.2714506, 36.3591784 ], [ 129.27124950000001, 36.3592929 ], [ 129.2710188, 36.3593598 ], [ 129.270825699999989, 36.3592562 ] ], [ [ 129.290087699999987, 36.3706082 ], [ 129.289966, 36.3710462 ], [ 129.2907184, 36.3712303 ], [ 129.290894900000012, 36.3713723 ], [ 129.2908333, 36.3716799 ], [ 129.2905375, 36.3716452 ], [ 129.290137, 36.3718189 ], [ 129.289527, 36.3718089 ], [ 129.28849790000001, 36.3715609 ], [ 129.2884178, 36.3713177 ], [ 129.2881959, 36.371283 ], [ 129.2876413, 36.3713723 ], [ 129.2873394, 36.371288 ], [ 129.2869882, 36.3711838 ], [ 129.2867355, 36.3712036 ], [ 129.2864089, 36.3713773 ], [ 129.285965299999987, 36.3713723 ], [ 129.2856448, 36.3713277 ], [ 129.2852813, 36.3714021 ], [ 129.284967, 36.3713773 ], [ 129.284806800000013, 36.3714765 ], [ 129.2845048, 36.3712979 ], [ 129.2844124, 36.3711292 ], [ 129.2842522, 36.371149 ], [ 129.284092, 36.3710052 ], [ 129.2840735, 36.3707868 ], [ 129.2842584, 36.370643 ], [ 129.2849855, 36.3706727 ], [ 129.2854723, 36.3707918 ], [ 129.2856941, 36.3706926 ], [ 129.286033, 36.3704891 ], [ 129.2862117, 36.3710548 ], [ 129.2866123, 36.3709754 ], [ 129.2875489, 36.3709605 ], [ 129.2877646, 36.3710647 ], [ 129.288122, 36.37102 ], [ 129.2883069, 36.3709109 ], [ 129.288836800000013, 36.370901 ], [ 129.2890648, 36.3709407 ], [ 129.2893606, 36.3709407 ], [ 129.289527, 36.370891 ], [ 129.28955160000001, 36.3705388 ], [ 129.2896748, 36.3702807 ], [ 129.2897241, 36.3699781 ], [ 129.289896700000014, 36.3701071 ], [ 129.290087699999987, 36.3706082 ] ], [ [ 129.2852881, 36.3757676 ], [ 129.2854638, 36.375843 ], [ 129.285463, 36.3760501 ], [ 129.285354899999987, 36.376058 ], [ 129.285104499999989, 36.3759424 ], [ 129.2848708, 36.3758725 ], [ 129.2846404, 36.375687 ], [ 129.2845936, 36.3754316 ], [ 129.2845469, 36.3752945 ], [ 129.284550200000012, 36.3752031 ], [ 129.284443399999986, 36.3749907 ], [ 129.284580299999988, 36.3744584 ], [ 129.284697200000011, 36.3744503 ], [ 129.2847973, 36.374117 ], [ 129.284974299999988, 36.3741224 ], [ 129.285111199999989, 36.374445 ], [ 129.2853349, 36.3747004 ], [ 129.2855386, 36.3747138 ], [ 129.2857957, 36.3747541 ], [ 129.2860394, 36.3748993 ], [ 129.2862431, 36.3752434 ], [ 129.2865903, 36.375238 ], [ 129.2867105, 36.375324 ], [ 129.2867606, 36.3754827 ], [ 129.2867539, 36.3755714 ], [ 129.2865536, 36.3756063 ], [ 129.2864, 36.3754934 ], [ 129.2860861, 36.3756063 ], [ 129.2859726, 36.3755337 ], [ 129.28586580000001, 36.3755418 ], [ 129.2857055, 36.3756144 ], [ 129.285238099999987, 36.3753052 ], [ 129.2852447, 36.3755714 ], [ 129.2852881, 36.3757676 ] ] ] } },
{ "type": "Feature", "properties": { "natural": "wood", "name": null }, "geometry": { "type": "Polygon", "coordinates": [ [ [ 129.2534123, 36.4330921 ], [ 129.2539727, 36.4334829 ], [ 129.2535244, 36.4338436 ], [ 129.2523569, 36.43461 ], [ 129.2519833, 36.4349031 ], [ 129.2513108, 36.435369 ], [ 129.2492934, 36.4363984 ], [ 129.248462100000012, 36.4367441 ], [ 129.247416, 36.4375331 ], [ 129.2473506, 36.4379538 ], [ 129.2466688, 36.4382845 ], [ 129.2463606, 36.4386451 ], [ 129.245893599999988, 36.4392312 ], [ 129.2453332, 36.4394266 ], [ 129.2446514, 36.4395844 ], [ 129.2443245, 36.4395243 ], [ 129.2443245, 36.4389532 ], [ 129.2440536, 36.4388104 ], [ 129.2430258, 36.4387865 ], [ 129.2428782, 36.4389752 ], [ 129.242511799999988, 36.4388986 ], [ 129.2421237, 36.4388298 ], [ 129.242017299999986, 36.4391163 ], [ 129.241936399999986, 36.439398 ], [ 129.2417812, 36.4396132 ], [ 129.2427719, 36.4414881 ], [ 129.2428396, 36.4414916 ], [ 129.243041799999986, 36.4412802 ], [ 129.243112200000013, 36.4412003 ], [ 129.243297899999988, 36.441237 ], [ 129.243181099999987, 36.441401 ], [ 129.2430924, 36.4415823 ], [ 129.243065300000012, 36.4417765 ], [ 129.24288390000001, 36.4420757 ], [ 129.244284, 36.4434182 ], [ 129.244594299999989, 36.4432831 ], [ 129.2447832, 36.4432948 ], [ 129.2451921, 36.4431908 ], [ 129.245285700000011, 36.4434164 ], [ 129.2458426, 36.443423 ], [ 129.2468021, 36.443665 ], [ 129.2473266, 36.4440607 ], [ 129.247688399999987, 36.4445954 ], [ 129.247936399999986, 36.4446756 ], [ 129.248162, 36.4446936 ], [ 129.248721, 36.4449503 ], [ 129.2490584, 36.4450059 ], [ 129.2497252, 36.445225 ], [ 129.2504275, 36.4451496 ], [ 129.2515862, 36.4446922 ], [ 129.252455200000014, 36.4445973 ], [ 129.2533135, 36.4442779 ], [ 129.254386399999987, 36.4441226 ], [ 129.2550194, 36.4443729 ], [ 129.2554271, 36.4450115 ], [ 129.2554333, 36.4453469 ], [ 129.25543780000001, 36.4455898 ], [ 129.2548263, 36.4462025 ], [ 129.2545259, 36.4472813 ], [ 129.2546332, 36.4476007 ], [ 129.2548477, 36.4477733 ], [ 129.2566287, 36.44792 ], [ 129.258828099999988, 36.4474626 ], [ 129.260124600000012, 36.4472493 ], [ 129.2606125, 36.446955 ], [ 129.2609459, 36.4466999 ], [ 129.2608971, 36.4463598 ], [ 129.2604905, 36.4458889 ], [ 129.260084, 36.4456992 ], [ 129.259401, 36.445673 ], [ 129.2587505, 36.445503 ], [ 129.258620400000012, 36.4453394 ], [ 129.259075700000011, 36.4450974 ], [ 129.259726199999989, 36.4449208 ], [ 129.2605637, 36.4448881 ], [ 129.261206, 36.4450843 ], [ 129.2614175, 36.4455749 ], [ 129.2615394, 36.4463598 ], [ 129.2614093, 36.4467784 ], [ 129.262214300000011, 36.4469354 ], [ 129.2626452, 36.4473736 ], [ 129.263263200000011, 36.4477006 ], [ 129.2639136, 36.4477922 ], [ 129.2644015, 36.4476614 ], [ 129.2649463, 36.4477856 ], [ 129.265426, 36.4480472 ], [ 129.2665399, 36.4483808 ], [ 129.267377399999987, 36.4486097 ], [ 129.2680442, 36.4484658 ], [ 129.267800200000011, 36.4480211 ], [ 129.2671904, 36.4471839 ], [ 129.2662798, 36.4468242 ], [ 129.2660033, 36.4465168 ], [ 129.2655154, 36.4458954 ], [ 129.2660602, 36.4454114 ], [ 129.2667676, 36.4458431 ], [ 129.2671335, 36.4463075 ], [ 129.267304200000012, 36.4466934 ], [ 129.2676132, 36.4472493 ], [ 129.2682068, 36.447851 ], [ 129.268719, 36.4481846 ], [ 129.2688817, 36.4477071 ], [ 129.269491499999987, 36.4471904 ], [ 129.2696704, 36.4467718 ], [ 129.2695765, 36.4465989 ], [ 129.269614, 36.4457623 ], [ 129.269646599999987, 36.4448858 ], [ 129.2702645, 36.4440879 ], [ 129.2710126, 36.4434076 ], [ 129.271532900000011, 36.443146 ], [ 129.2715167, 36.4425965 ], [ 129.272720099999987, 36.4422956 ], [ 129.2742812, 36.4428843 ], [ 129.2753545, 36.4436562 ], [ 129.2759911, 36.4454816 ], [ 129.2761949, 36.4459517 ], [ 129.276439, 36.4465922 ], [ 129.2764013, 36.4469497 ], [ 129.2764209, 36.4474256 ], [ 129.276659200000012, 36.448441 ], [ 129.278243, 36.4479136 ], [ 129.2784076, 36.447594 ], [ 129.277960799999988, 36.4474807 ], [ 129.2776311, 36.4462594 ], [ 129.2781353, 36.445239 ], [ 129.2774197, 36.4444803 ], [ 129.2765741, 36.4437477 ], [ 129.2758586, 36.4428974 ], [ 129.276769300000012, 36.442832 ], [ 129.277728700000011, 36.4435253 ], [ 129.2786069, 36.4437346 ], [ 129.279338599999988, 36.4438655 ], [ 129.280233, 36.4437346 ], [ 129.2817779, 36.4427535 ], [ 129.2842741, 36.4425311 ], [ 129.285445, 36.4421975 ], [ 129.2869248, 36.4420536 ], [ 129.2882013, 36.4415369 ], [ 129.2873883, 36.4410659 ], [ 129.2855669, 36.4413145 ], [ 129.284932700000013, 36.4408174 ], [ 129.284932700000013, 36.4398754 ], [ 129.285518200000013, 36.4386457 ], [ 129.2848677, 36.4377692 ], [ 129.2858597, 36.4369449 ], [ 129.28496530000001, 36.436317 ], [ 129.2838432, 36.4348124 ], [ 129.282312499999989, 36.4336944 ], [ 129.2813389, 36.4337134 ], [ 129.2808858, 36.4336205 ], [ 129.2821566, 36.4332129 ], [ 129.283291100000014, 36.433445 ], [ 129.2833326, 36.4331705 ], [ 129.2844742, 36.4322644 ], [ 129.2847616, 36.4323849 ], [ 129.286193200000014, 36.4319344 ], [ 129.285562, 36.4307063 ], [ 129.2862619, 36.4301128 ], [ 129.2873228, 36.4303933 ], [ 129.287528900000012, 36.4298563 ], [ 129.288103799999988, 36.4295135 ], [ 129.2891371, 36.4300015 ], [ 129.2903805, 36.4317378 ], [ 129.2905431, 36.4327191 ], [ 129.291112199999986, 36.4347862 ], [ 129.2915188, 36.4355712 ], [ 129.292657100000014, 36.4355581 ], [ 129.2937629, 36.4358721 ], [ 129.2954542, 36.4363039 ], [ 129.2964624, 36.4369449 ], [ 129.2969177, 36.4377561 ], [ 129.297291800000011, 36.4381747 ], [ 129.297356799999989, 36.4374683 ], [ 129.297926, 36.4362908 ], [ 129.2975032, 36.4354404 ], [ 129.2985114, 36.4334125 ], [ 129.298901699999988, 36.4323658 ], [ 129.299340699999988, 36.4312537 ], [ 129.299812300000013, 36.4292911 ], [ 129.3007555, 36.4287285 ], [ 129.3019914, 36.4282705 ], [ 129.3021378, 36.4279434 ], [ 129.3006742, 36.4272761 ], [ 129.299926199999987, 36.4263602 ], [ 129.297844700000013, 36.4246853 ], [ 129.297373099999987, 36.4235731 ], [ 129.296706300000011, 36.4230104 ], [ 129.2945598, 36.4213486 ], [ 129.293746700000014, 36.4206551 ], [ 129.2928197, 36.4203148 ], [ 129.291730199999989, 36.4202233 ], [ 129.2899089, 36.4203803 ], [ 129.287307, 36.4194774 ], [ 129.2861524, 36.4190063 ], [ 129.2840383, 36.4190979 ], [ 129.2831439, 36.4198569 ], [ 129.2810949, 36.421414 ], [ 129.2795988, 36.4217935 ], [ 129.2785743, 36.4217281 ], [ 129.2773791, 36.4218033 ], [ 129.2770701, 36.4217002 ], [ 129.2771067, 36.421508 ], [ 129.2767591, 36.4213989 ], [ 129.276504, 36.4214719 ], [ 129.2762571, 36.4220192 ], [ 129.2758505, 36.422734 ], [ 129.2753018, 36.423148 ], [ 129.2743677, 36.4236871 ], [ 129.273979700000012, 36.4237465 ], [ 129.272262399999988, 36.4241894 ], [ 129.2709466, 36.4240114 ], [ 129.2706629, 36.4241082 ], [ 129.2704962, 36.4243297 ], [ 129.2704525, 36.4246087 ], [ 129.2705619, 36.4248751 ], [ 129.2708749, 36.425269 ], [ 129.2708886, 36.42552 ], [ 129.270625599999988, 36.426022 ], [ 129.270391499999988, 36.426286 ], [ 129.269481899999988, 36.4268639 ], [ 129.2692183, 36.4273712 ], [ 129.2689854, 36.4278165 ], [ 129.2686572, 36.4285869 ], [ 129.2685716, 36.4289374 ], [ 129.2682772, 36.429389 ], [ 129.2679502, 36.4297931 ], [ 129.2676252, 36.4299952 ], [ 129.2672475, 36.430047 ], [ 129.2670267, 36.4302315 ], [ 129.266852, 36.4302467 ], [ 129.266690899999986, 36.4301257 ], [ 129.266416, 36.4301235 ], [ 129.2656384, 36.4302013 ], [ 129.265072300000014, 36.4299905 ], [ 129.264936799999987, 36.4299101 ], [ 129.26484640000001, 36.4297997 ], [ 129.264814800000011, 36.4296736 ], [ 129.2648378, 36.4295604 ], [ 129.2649702, 36.4294667 ], [ 129.2658864, 36.429134 ], [ 129.266007800000011, 36.4290685 ], [ 129.2660701, 36.428969 ], [ 129.2660519, 36.4288743 ], [ 129.265968, 36.428789 ], [ 129.2657814, 36.4287069 ], [ 129.265489, 36.4286438 ], [ 129.2652075, 36.4286122 ], [ 129.264868400000012, 36.4286314 ], [ 129.264091400000012, 36.4288051 ], [ 129.263986, 36.4289005 ], [ 129.263922, 36.4292742 ], [ 129.263763399999988, 36.4294079 ], [ 129.263343, 36.4293597 ], [ 129.2630828, 36.4291542 ], [ 129.2624908, 36.4286885 ], [ 129.261949, 36.4285232 ], [ 129.261052400000011, 36.4293799 ], [ 129.2608282, 36.4297255 ], [ 129.2606414, 36.4302441 ], [ 129.2602118, 36.4304394 ], [ 129.260025, 36.4299735 ], [ 129.2601558, 36.4296729 ], [ 129.260351899999989, 36.4292747 ], [ 129.2606321, 36.4290417 ], [ 129.2603145, 36.4290191 ], [ 129.25967940000001, 36.429192 ], [ 129.2591284, 36.4295226 ], [ 129.258334499999989, 36.430199 ], [ 129.2580356, 36.4298683 ], [ 129.257475199999988, 36.429981 ], [ 129.2568868, 36.4301614 ], [ 129.255700600000011, 36.4303643 ], [ 129.2551775, 36.4303868 ], [ 129.2542062, 36.4306273 ], [ 129.253645799999987, 36.4308002 ], [ 129.2531553, 36.4308262 ], [ 129.2531208, 36.4308916 ], [ 129.2530222, 36.4310106 ], [ 129.252806600000014, 36.4311395 ], [ 129.2511666, 36.4332863 ], [ 129.253147399999989, 36.4325832 ], [ 129.25342280000001, 36.4327408 ], [ 129.25356450000001, 36.432959 ], [ 129.2534123, 36.4330921 ] ] ] } },
{ "type": "Feature", "properties": { "natural": "wood", "name": null }, "geometry": { "type": "MultiPolygon", "coordinates": [ [ [ [ 129.193909100000013, 36.6387889 ], [ 129.1961265, 36.6394614 ], [ 129.196345, 36.6396175 ], [ 129.1972644, 36.6402742 ], [ 129.197661, 36.6409454 ], [ 129.1980177, 36.6417381 ], [ 129.199374, 36.6429063 ], [ 129.199590199999989, 36.6430196 ], [ 129.2006757, 36.6445472 ], [ 129.2011144, 36.6446387 ], [ 129.201607599999988, 36.6449458 ], [ 129.201911599999988, 36.6451658 ], [ 129.2024231, 36.6455941 ], [ 129.2028901, 36.6457725 ], [ 129.2029939, 36.6464268 ], [ 129.2032385, 36.6467777 ], [ 129.2034164, 36.6474141 ], [ 129.2035721, 36.6477115 ], [ 129.2040614, 36.6480208 ], [ 129.204498699999988, 36.6481159 ], [ 129.2049806, 36.6481576 ], [ 129.205633, 36.6482944 ], [ 129.2060555, 36.6483063 ], [ 129.2062334, 36.6481873 ], [ 129.205951700000014, 36.6475925 ], [ 129.2054106, 36.6475033 ], [ 129.2049954, 36.6475093 ], [ 129.204787900000014, 36.6473903 ], [ 129.204713700000013, 36.6465636 ], [ 129.2045803, 36.64629 ], [ 129.2048323, 36.645951 ], [ 129.2050696, 36.6461472 ], [ 129.20515850000001, 36.6465755 ], [ 129.20567, 36.6464744 ], [ 129.2062779, 36.6468669 ], [ 129.2070785, 36.646974 ], [ 129.2071675, 36.6474022 ], [ 129.2068191, 36.6477115 ], [ 129.2068932, 36.6483301 ], [ 129.20708590000001, 36.6485263 ], [ 129.2078866, 36.6485085 ], [ 129.207908800000013, 36.6488237 ], [ 129.207679, 36.6491627 ], [ 129.2073232, 36.6494304 ], [ 129.206989600000014, 36.6495196 ], [ 129.2069673, 36.649698 ], [ 129.2073083, 36.6497634 ], [ 129.207923599999987, 36.6497159 ], [ 129.2087415, 36.6496279 ], [ 129.2087613, 36.6498229 ], [ 129.20878350000001, 36.6502155 ], [ 129.2088799, 36.6505604 ], [ 129.2085778, 36.6509619 ], [ 129.209388, 36.651764 ], [ 129.210029, 36.6515774 ], [ 129.2110668, 36.6514763 ], [ 129.2114004, 36.6516012 ], [ 129.2117414, 36.6516666 ], [ 129.212371499999989, 36.6517499 ], [ 129.212527200000011, 36.6520413 ], [ 129.2127256, 36.6521122 ], [ 129.212726800000013, 36.6528689 ], [ 129.211527, 36.6529166 ], [ 129.2114306, 36.6522582 ], [ 129.2100417, 36.652616 ], [ 129.209408200000013, 36.6528277 ], [ 129.2104679, 36.6600189 ], [ 129.2110716, 36.659964 ], [ 129.2117245, 36.6599816 ], [ 129.21161810000001, 36.6602284 ], [ 129.2113928, 36.6604014 ], [ 129.2113445, 36.6604766 ], [ 129.211309699999987, 36.6610139 ], [ 129.211232200000012, 36.6612456 ], [ 129.211083699999989, 36.66137 ], [ 129.2109103, 36.6614236 ], [ 129.2107387, 36.6616435 ], [ 129.210437, 36.6619465 ], [ 129.2131048, 36.6754976 ], [ 129.2140168, 36.6762898 ], [ 129.213933200000014, 36.6766404 ], [ 129.2140958, 36.6769071 ], [ 129.214281699999987, 36.6768777 ], [ 129.2145194, 36.6770812 ], [ 129.2145174, 36.6772085 ], [ 129.214456399999989, 36.6773383 ], [ 129.2151857, 36.6778796 ], [ 129.215225800000013, 36.6789307 ], [ 129.2155385, 36.6792694 ], [ 129.2155696, 36.67969 ], [ 129.2232884, 36.6852635 ], [ 129.2233438, 36.6852018 ], [ 129.22378710000001, 36.6853884 ], [ 129.224198, 36.6854154 ], [ 129.224274799999989, 36.6852373 ], [ 129.2237896, 36.6848786 ], [ 129.223939300000012, 36.6847713 ], [ 129.2242594, 36.6847756 ], [ 129.2250397, 36.6848442 ], [ 129.225135, 36.6846651 ], [ 129.2251405, 36.6841796 ], [ 129.22496670000001, 36.6837669 ], [ 129.224573600000014, 36.6834673 ], [ 129.2246053, 36.6829633 ], [ 129.225079099999988, 36.682609 ], [ 129.225345800000014, 36.682547 ], [ 129.225650800000011, 36.6826153 ], [ 129.2258651, 36.6827069 ], [ 129.2259496, 36.6828519 ], [ 129.2261724, 36.6830421 ], [ 129.2261758, 36.6832323 ], [ 129.2262842, 36.6834239 ], [ 129.226375600000011, 36.6838461 ], [ 129.226582400000012, 36.6841085 ], [ 129.2266557, 36.6843143 ], [ 129.2267243, 36.6844002 ], [ 129.2268028, 36.6844389 ], [ 129.226900199999989, 36.6844351 ], [ 129.2269861, 36.6843991 ], [ 129.227036199999986, 36.6843272 ], [ 129.2271336, 36.6841468 ], [ 129.2271788, 36.6840069 ], [ 129.2271926, 36.6838645 ], [ 129.2271682, 36.6832954 ], [ 129.2271361, 36.6826109 ], [ 129.227062100000012, 36.6821847 ], [ 129.2271244, 36.6816899 ], [ 129.2270957, 36.6815059 ], [ 129.227083099999987, 36.681062 ], [ 129.2271654, 36.6808551 ], [ 129.227434499999987, 36.6805344 ], [ 129.2277327, 36.6803869 ], [ 129.228050700000011, 36.6803325 ], [ 129.2284726, 36.6804129 ], [ 129.2295024, 36.6807499 ], [ 129.2299502, 36.6809636 ], [ 129.2301184, 36.6807912 ], [ 129.230460099999988, 36.6809222 ], [ 129.230663099999987, 36.6809103 ], [ 129.2312957, 36.681128 ], [ 129.231294600000012, 36.6812782 ], [ 129.2314792, 36.6812565 ], [ 129.231689499999987, 36.681093 ], [ 129.2321134, 36.680346 ], [ 129.2321081, 36.6796462 ], [ 129.231900200000013, 36.6787994 ], [ 129.231724, 36.6782595 ], [ 129.231488500000012, 36.6780016 ], [ 129.2316697, 36.6775954 ], [ 129.2315223, 36.6772608 ], [ 129.2316401, 36.6769586 ], [ 129.2319943, 36.6765978 ], [ 129.2322829, 36.6763515 ], [ 129.2325566, 36.6761796 ], [ 129.232892, 36.6760141 ], [ 129.233223900000013, 36.6759125 ], [ 129.233792200000011, 36.6758832 ], [ 129.2339718, 36.675776 ], [ 129.2342898, 36.6757695 ], [ 129.2344565, 36.6757351 ], [ 129.2346312, 36.6757429 ], [ 129.2346809, 36.6758565 ], [ 129.2355717, 36.6757112 ], [ 129.2365728, 36.6756236 ], [ 129.2372224, 36.6755971 ], [ 129.2369473, 36.6762596 ], [ 129.2349494, 36.6762102 ], [ 129.2344986, 36.6763093 ], [ 129.2343584, 36.6763914 ], [ 129.233905099999987, 36.6765293 ], [ 129.234283, 36.676626 ], [ 129.234434599999986, 36.6767062 ], [ 129.2345712, 36.6768624 ], [ 129.234824800000013, 36.6770915 ], [ 129.234608, 36.677514 ], [ 129.2341577, 36.6772361 ], [ 129.2342098, 36.6771746 ], [ 129.234011900000013, 36.6770973 ], [ 129.2335439, 36.6769758 ], [ 129.2333404, 36.6770494 ], [ 129.2331801, 36.6770418 ], [ 129.233028100000013, 36.6771396 ], [ 129.2328408, 36.6775938 ], [ 129.2328836, 36.6784038 ], [ 129.232654599999989, 36.6790235 ], [ 129.2327062, 36.6796649 ], [ 129.2326713, 36.6801395 ], [ 129.2325265, 36.6808179 ], [ 129.2323925, 36.6812209 ], [ 129.232210400000014, 36.6814736 ], [ 129.231889, 36.6817296 ], [ 129.2313934, 36.681888 ], [ 129.2308421, 36.6819596 ], [ 129.2303833, 36.6819007 ], [ 129.229630899999989, 36.6815903 ], [ 129.2284824, 36.6810812 ], [ 129.2282883, 36.6811988 ], [ 129.2281506, 36.6817393 ], [ 129.2279752, 36.6822404 ], [ 129.2281069, 36.6831153 ], [ 129.2284406, 36.6834727 ], [ 129.2284781, 36.6841624 ], [ 129.228132, 36.6845654 ], [ 129.2277842, 36.6847242 ], [ 129.2276757, 36.6848717 ], [ 129.2275153, 36.6849469 ], [ 129.227348400000011, 36.6849391 ], [ 129.227284200000014, 36.6847951 ], [ 129.2271747, 36.6848882 ], [ 129.2266937, 36.685102 ], [ 129.2263484, 36.6850511 ], [ 129.22610370000001, 36.6848697 ], [ 129.2259293, 36.6844986 ], [ 129.2257095, 36.6838255 ], [ 129.225537, 36.683397 ], [ 129.225467900000012, 36.6832977 ], [ 129.2252193, 36.6830767 ], [ 129.2251595, 36.6830555 ], [ 129.225087699999989, 36.6830677 ], [ 129.2250468, 36.6830949 ], [ 129.2250352, 36.6831413 ], [ 129.2250723, 36.6832115 ], [ 129.2254165, 36.6837806 ], [ 129.2255328, 36.6841366 ], [ 129.2255999, 36.6842697 ], [ 129.2258612, 36.6851034 ], [ 129.22589880000001, 36.6852665 ], [ 129.22588, 36.6854203 ], [ 129.225808, 36.6856038 ], [ 129.2252818, 36.6863016 ], [ 129.2259061, 36.6865633 ], [ 129.2264044, 36.6864274 ], [ 129.2273789, 36.6868647 ], [ 129.227524, 36.686979 ], [ 129.2275902, 36.6871799 ], [ 129.2272868, 36.6883522 ], [ 129.2271389, 36.6884878 ], [ 129.226990199999989, 36.6886076 ], [ 129.2266162, 36.6888457 ], [ 129.22616210000001, 36.6891343 ], [ 129.2259628, 36.6894014 ], [ 129.2261775, 36.6895941 ], [ 129.2267486, 36.6896677 ], [ 129.226919400000014, 36.6897324 ], [ 129.2269995, 36.6899107 ], [ 129.227000800000013, 36.690111 ], [ 129.2269222, 36.6903536 ], [ 129.2266498, 36.6905766 ], [ 129.226371199999988, 36.6906835 ], [ 129.226017399999989, 36.6907045 ], [ 129.2255932, 36.6905589 ], [ 129.2251331, 36.6902082 ], [ 129.2247673, 36.6897639 ], [ 129.2244981, 36.6892409 ], [ 129.2243346, 36.6884131 ], [ 129.2239178, 36.6880421 ], [ 129.2238643, 36.687854 ], [ 129.2237101, 36.6877928 ], [ 129.2234728, 36.6877919 ], [ 129.2232155, 36.6879496 ], [ 129.223203899999987, 36.68811 ], [ 129.2232166, 36.6883087 ], [ 129.2233277, 36.6883834 ], [ 129.223512699999986, 36.6881122 ], [ 129.223721899999987, 36.6880641 ], [ 129.223652499999986, 36.6883031 ], [ 129.223434, 36.6887689 ], [ 129.2231563, 36.6888759 ], [ 129.2228383, 36.6895091 ], [ 129.22279, 36.6898745 ], [ 129.22248, 36.690134 ], [ 129.2214272, 36.6904229 ], [ 129.2211895, 36.6905831 ], [ 129.221157299999987, 36.6906622 ], [ 129.221166, 36.6907389 ], [ 129.221277500000014, 36.690829 ], [ 129.2220126, 36.6911821 ], [ 129.2221281, 36.6912814 ], [ 129.2221767, 36.6913553 ], [ 129.2221667, 36.6914514 ], [ 129.222055399999988, 36.6916179 ], [ 129.2217685, 36.6918002 ], [ 129.2215755, 36.691881 ], [ 129.2213987, 36.691892 ], [ 129.2210076, 36.6917764 ], [ 129.2207832, 36.691627 ], [ 129.220576, 36.6912592 ], [ 129.219979099999989, 36.6906656 ], [ 129.2197722, 36.6903532 ], [ 129.21963980000001, 36.6902766 ], [ 129.2194797, 36.6902378 ], [ 129.2193321, 36.6902491 ], [ 129.2191901, 36.690308 ], [ 129.2191406, 36.690399 ], [ 129.219143800000012, 36.6905093 ], [ 129.2192229, 36.6906538 ], [ 129.2196028, 36.6911452 ], [ 129.21966230000001, 36.6913549 ], [ 129.2196518, 36.6915718 ], [ 129.219464499999987, 36.6917734 ], [ 129.2189468, 36.6919778 ], [ 129.2184014, 36.6918808 ], [ 129.2179045, 36.6915727 ], [ 129.2173947, 36.6910628 ], [ 129.2170025, 36.6905953 ], [ 129.216708899999986, 36.6904267 ], [ 129.2166209, 36.6904453 ], [ 129.2165435, 36.6905368 ], [ 129.2165219, 36.6906523 ], [ 129.216606, 36.690884 ], [ 129.2166908, 36.6911166 ], [ 129.2169184, 36.6920029 ], [ 129.216811400000012, 36.6922661 ], [ 129.2166736, 36.6924527 ], [ 129.2161021, 36.6926185 ], [ 129.216212399999989, 36.6927842 ], [ 129.2167574, 36.6932351 ], [ 129.216967399999987, 36.6935662 ], [ 129.2170399, 36.6940056 ], [ 129.2173486, 36.6948055 ], [ 129.2174058, 36.6948283 ], [ 129.2179061, 36.6944942 ], [ 129.2179367, 36.6946531 ], [ 129.2176014, 36.6950467 ], [ 129.2173745, 36.6951901 ], [ 129.2171646, 36.6952422 ], [ 129.2169318, 36.6951965 ], [ 129.2166695, 36.6950267 ], [ 129.2164458, 36.6946807 ], [ 129.2163562, 36.694282 ], [ 129.2163372, 36.6933991 ], [ 129.2162179, 36.6931327 ], [ 129.2157977, 36.692723 ], [ 129.2155835, 36.6926805 ], [ 129.2153721, 36.6927586 ], [ 129.21455370000001, 36.6925695 ], [ 129.21447520000001, 36.692977 ], [ 129.2143786, 36.6932734 ], [ 129.2137813, 36.6937625 ], [ 129.2135198, 36.6943092 ], [ 129.211625700000013, 36.6944063 ], [ 129.2117374, 36.6951023 ], [ 129.211199099999988, 36.6955748 ], [ 129.2100427, 36.6955804 ], [ 129.209464200000014, 36.6954303 ], [ 129.209101299999986, 36.695268 ], [ 129.2084003, 36.6944195 ], [ 129.2082863, 36.6941133 ], [ 129.207787700000011, 36.6940897 ], [ 129.2076264, 36.694291 ], [ 129.2076932, 36.6947789 ], [ 129.2076294, 36.6950086 ], [ 129.207501900000011, 36.6951764 ], [ 129.2072839, 36.6952699 ], [ 129.2070573, 36.6953086 ], [ 129.206789, 36.6952874 ], [ 129.2065359, 36.6952053 ], [ 129.20624, 36.6949491 ], [ 129.2057069, 36.6943298 ], [ 129.2053493, 36.6943708 ], [ 129.2051394, 36.694433 ], [ 129.2049389, 36.6945278 ], [ 129.2043351, 36.6949837 ], [ 129.202937600000013, 36.6957323 ], [ 129.2025167, 36.69613 ], [ 129.202902, 36.6964162 ], [ 129.2033859, 36.6959119 ], [ 129.2041705, 36.6958894 ], [ 129.2047215, 36.6950806 ], [ 129.205758300000014, 36.6949233 ], [ 129.205917, 36.6954026 ], [ 129.2065428, 36.6958145 ], [ 129.2065241, 36.6961815 ], [ 129.2061412, 36.6964735 ], [ 129.2051698, 36.6964061 ], [ 129.2045534, 36.6963013 ], [ 129.2045254, 36.6966832 ], [ 129.2055341, 36.6968405 ], [ 129.20649610000001, 36.6979713 ], [ 129.2069818, 36.6987427 ], [ 129.2080652, 36.6983383 ], [ 129.208933800000011, 36.6983457 ], [ 129.2095129, 36.6986228 ], [ 129.210503, 36.6997386 ], [ 129.2108672, 36.7003677 ], [ 129.2108672, 36.7011016 ], [ 129.210232100000013, 36.7020002 ], [ 129.209426900000011, 36.7023768 ], [ 129.2104282, 36.7028988 ], [ 129.211240800000013, 36.7034454 ], [ 129.211450899999988, 36.7042167 ], [ 129.21089520000001, 36.70528 ], [ 129.2104096, 36.705939 ], [ 129.2091673, 36.7064332 ], [ 129.20843880000001, 36.7071221 ], [ 129.207813, 36.7079307 ], [ 129.2085042, 36.7083725 ], [ 129.2082987, 36.7088293 ], [ 129.2076916, 36.7096978 ], [ 129.2070285, 36.7107162 ], [ 129.2069071, 36.7112178 ], [ 129.2076543, 36.7113975 ], [ 129.208214700000013, 36.7125805 ], [ 129.207906400000013, 36.7128351 ], [ 129.2081399, 36.7132244 ], [ 129.2089152, 36.7131196 ], [ 129.208728400000012, 36.7136737 ], [ 129.209158, 36.7141229 ], [ 129.209723200000013, 36.7148716 ], [ 129.2106617, 36.7156128 ], [ 129.21097, 36.7161893 ], [ 129.211465, 36.7170354 ], [ 129.2121468, 36.7173723 ], [ 129.212016, 36.7180611 ], [ 129.2114743, 36.7184354 ], [ 129.2110304, 36.7189754 ], [ 129.21221220000001, 36.7186975 ], [ 129.2130621, 36.7183605 ], [ 129.215051499999987, 36.7194386 ], [ 129.21554660000001, 36.7202472 ], [ 129.2156213, 36.7213702 ], [ 129.2154099, 36.7224086 ], [ 129.216499199999987, 36.7232043 ], [ 129.2179563, 36.7237883 ], [ 129.2198243, 36.7242375 ], [ 129.2230056, 36.7246534 ], [ 129.22437, 36.7246875 ], [ 129.2253442, 36.7249561 ], [ 129.2274177, 36.7248064 ], [ 129.2291643, 36.7245444 ], [ 129.2304532, 36.7238781 ], [ 129.232367900000014, 36.7238781 ], [ 129.233759600000013, 36.7238706 ], [ 129.2356743, 36.7240728 ], [ 129.238102700000013, 36.7239605 ], [ 129.2398586, 36.7231445 ], [ 129.2403629, 36.7229348 ], [ 129.240732400000013, 36.7230122 ], [ 129.2409317, 36.7231392 ], [ 129.3154212, 36.7044415 ], [ 129.315454499999987, 36.7043843 ], [ 129.3157654, 36.7043061 ], [ 129.3174138, 36.7043893 ], [ 129.3179845, 36.7045794 ], [ 129.3185431, 36.7045749 ], [ 129.3188685, 36.7048179 ], [ 129.319185, 36.7050587 ], [ 129.319523, 36.7052136 ], [ 129.3199361, 36.7053297 ], [ 129.3202257, 36.7054802 ], [ 129.3204725, 36.705592 ], [ 129.3207193, 36.7056221 ], [ 129.3212718, 36.7055619 ], [ 129.3219102, 36.7057512 ], [ 129.322366100000011, 36.7057555 ], [ 129.322618299999988, 36.7056565 ], [ 129.3231064, 36.7054114 ], [ 129.32327810000001, 36.7055146 ], [ 129.323514100000011, 36.7057383 ], [ 129.3238145, 36.7061081 ], [ 129.323980799999987, 36.7061855 ], [ 129.324426100000011, 36.7060092 ], [ 129.3247265, 36.705992 ], [ 129.3247801, 36.7061597 ], [ 129.3249572, 36.7061984 ], [ 129.3262392, 36.7058802 ], [ 129.328169, 36.7060135 ], [ 129.3295853, 36.7064641 ], [ 129.331036399999988, 36.7071564 ], [ 129.3316816, 36.7060097 ], [ 129.3323713, 36.7047884 ], [ 129.3347355, 36.7022914 ], [ 129.3355805, 36.7013757 ], [ 129.3358395, 36.7013244 ], [ 129.3359477, 36.7005151 ], [ 129.3358035, 36.7001586 ], [ 129.335370899999987, 36.7000527 ], [ 129.3350465, 36.6997925 ], [ 129.335022400000014, 36.699542 ], [ 129.335611199999988, 36.6996673 ], [ 129.336103900000012, 36.6998118 ], [ 129.336464400000011, 36.6998407 ], [ 129.3368369, 36.6996095 ], [ 129.3374737, 36.6991663 ], [ 129.338148600000011, 36.6987257 ], [ 129.3388401, 36.6985544 ], [ 129.3394447, 36.6987572 ], [ 129.3397095, 36.6986813 ], [ 129.339778200000012, 36.698334 ], [ 129.3397913, 36.6980213 ], [ 129.3396174, 36.6976919 ], [ 129.3393146, 36.6972519 ], [ 129.339064, 36.6970972 ], [ 129.33829320000001, 36.6972063 ], [ 129.3372023, 36.6972234 ], [ 129.3366308, 36.6967863 ], [ 129.3362105, 36.6968374 ], [ 129.3359968, 36.6968998 ], [ 129.335606899999988, 36.6967636 ], [ 129.335829499999988, 36.6966586 ], [ 129.33610010000001, 36.6966458 ], [ 129.336490199999986, 36.6965032 ], [ 129.3361756, 36.6959694 ], [ 129.3356042, 36.6956372 ], [ 129.3357078, 36.6955222 ], [ 129.336464, 36.6958477 ], [ 129.336725199999989, 36.6960616 ], [ 129.3368169, 36.696475 ], [ 129.3371742, 36.6967357 ], [ 129.3379545, 36.6965169 ], [ 129.3382279, 36.6966261 ], [ 129.3383015, 36.6969038 ], [ 129.338487, 36.6970256 ], [ 129.3391566, 36.6968992 ], [ 129.3386973, 36.6959982 ], [ 129.337941, 36.6958289 ], [ 129.337655399999989, 36.6956342 ], [ 129.3376465, 36.6953022 ], [ 129.3378013, 36.695068 ], [ 129.3380061, 36.6949169 ], [ 129.3382006, 36.6946796 ], [ 129.3382695, 36.6944162 ], [ 129.33823670000001, 36.6941398 ], [ 129.338303, 36.6939883 ], [ 129.338929400000012, 36.6937328 ], [ 129.3391206, 36.6935455 ], [ 129.3400974, 36.6928304 ], [ 129.340318599999989, 36.6926118 ], [ 129.3404504, 36.6924061 ], [ 129.3405203, 36.6921998 ], [ 129.3405019, 36.6920341 ], [ 129.3403879, 36.6917931 ], [ 129.340106, 36.6914527 ], [ 129.3397526, 36.691244 ], [ 129.3395732, 36.6911762 ], [ 129.3391938, 36.691138 ], [ 129.3386401, 36.6912289 ], [ 129.3379349, 36.6910765 ], [ 129.3365901, 36.6909517 ], [ 129.333363, 36.6922272 ], [ 129.3329084, 36.6919626 ], [ 129.3322545, 36.6920452 ], [ 129.33125720000001, 36.6920837 ], [ 129.3304641, 36.6921415 ], [ 129.329659, 36.6921994 ], [ 129.3290943, 36.6921415 ], [ 129.32889, 36.6917658 ], [ 129.328601600000013, 36.6912647 ], [ 129.328361300000012, 36.691072 ], [ 129.3277244, 36.6911587 ], [ 129.327376, 36.6913996 ], [ 129.3272919, 36.6917754 ], [ 129.3270636, 36.6921126 ], [ 129.3264988, 36.6921994 ], [ 129.325453399999986, 36.6919199 ], [ 129.325116900000012, 36.6915345 ], [ 129.3250689, 36.6911973 ], [ 129.3253092, 36.6907926 ], [ 129.3257658, 36.6903975 ], [ 129.3262825, 36.6903975 ], [ 129.3268833, 36.690754 ], [ 129.3272438, 36.6909179 ], [ 129.3280729, 36.6907059 ], [ 129.3285656, 36.6907059 ], [ 129.3292385, 36.6910046 ], [ 129.3297792, 36.6908022 ], [ 129.3305843, 36.6907444 ], [ 129.331233200000014, 36.6909468 ], [ 129.3315576, 36.6910817 ], [ 129.3314134, 36.6908119 ], [ 129.331725799999987, 36.6905517 ], [ 129.3323627, 36.6903879 ], [ 129.333348, 36.6902723 ], [ 129.33336, 36.6901181 ], [ 129.33336, 36.6897809 ], [ 129.3336725, 36.6895689 ], [ 129.3339729, 36.6896074 ], [ 129.3342489, 36.6898511 ], [ 129.3350797, 36.6892506 ], [ 129.335938, 36.68796 ], [ 129.33470410000001, 36.6867599 ], [ 129.3312065, 36.6815631 ], [ 129.328427799999986, 36.6798121 ], [ 129.327698199999986, 36.6800444 ], [ 129.3276124, 36.6820234 ], [ 129.3251448, 36.681989 ], [ 129.325659699999989, 36.6796831 ], [ 129.3233423, 36.6792356 ], [ 129.322183599999988, 36.6802854 ], [ 129.320230900000013, 36.679924 ], [ 129.319758900000011, 36.6792356 ], [ 129.321218, 36.6783408 ], [ 129.3237929, 36.6776352 ], [ 129.325295, 36.6778417 ], [ 129.3254452, 36.6762584 ], [ 129.3274193, 36.6765854 ], [ 129.327784, 36.6778073 ], [ 129.3286424, 36.6788312 ], [ 129.3317323, 36.6792614 ], [ 129.331667900000014, 36.6766457 ], [ 129.332687099999987, 36.6755227 ], [ 129.3334358, 36.674675 ], [ 129.333497599999987, 36.6736051 ], [ 129.3331914, 36.6708114 ], [ 129.3332068, 36.6705361 ], [ 129.3333302, 36.6699015 ], [ 129.333423, 36.6555582 ], [ 129.3330111, 36.6555943 ], [ 129.3318931, 36.6558554 ], [ 129.3280751, 36.6550405 ], [ 129.325466299999988, 36.6519295 ], [ 129.3253724, 36.6483255 ], [ 129.3245011, 36.6476739 ], [ 129.32431840000001, 36.646657 ], [ 129.325603, 36.6451112 ], [ 129.325718200000011, 36.6434462 ], [ 129.3246895, 36.6421078 ], [ 129.3249291, 36.6416644 ], [ 129.3244726, 36.6411012 ], [ 129.3228896, 36.6403005 ], [ 129.3219978, 36.6400067 ], [ 129.321448299999986, 36.63975 ], [ 129.3214288, 36.6376785 ], [ 129.3214189, 36.6374517 ], [ 129.320237, 36.6369489 ], [ 129.3181998, 36.6354782 ], [ 129.3174153, 36.6348637 ], [ 129.3162198, 36.6354183 ], [ 129.314762699999989, 36.6351635 ], [ 129.313791400000014, 36.6348487 ], [ 129.312913400000014, 36.6339043 ], [ 129.312297, 36.6329 ], [ 129.311363, 36.6315508 ], [ 129.310896, 36.6322704 ], [ 129.3106718, 36.6338144 ], [ 129.310822, 36.6353358 ], [ 129.3112079, 36.635917 ], [ 129.31125, 36.6360821 ], [ 129.3106808, 36.6362545 ], [ 129.3106817, 36.6364793 ], [ 129.3106905, 36.6380714 ], [ 129.3103712, 36.6381899 ], [ 129.310173, 36.6384853 ], [ 129.3101447, 36.6387522 ], [ 129.3101234, 36.6390078 ], [ 129.3105835, 36.639201 ], [ 129.311086100000011, 36.6394054 ], [ 129.311185200000011, 36.6395645 ], [ 129.3109162, 36.6399052 ], [ 129.3102721, 36.6397916 ], [ 129.3097271, 36.6397689 ], [ 129.3095289, 36.6395417 ], [ 129.3093944, 36.6392691 ], [ 129.3093661, 36.6391555 ], [ 129.3091325, 36.6391896 ], [ 129.3091325, 36.6394679 ], [ 129.3091891, 36.6397916 ], [ 129.3091466, 36.6402517 ], [ 129.3091608, 36.6405641 ], [ 129.309182, 36.6407799 ], [ 129.3089626, 36.6410525 ], [ 129.308729, 36.6415012 ], [ 129.308679500000011, 36.6416773 ], [ 129.3085662, 36.6420181 ], [ 129.3087148, 36.642268 ], [ 129.3091396, 36.6424384 ], [ 129.309571299999988, 36.6428757 ], [ 129.30972, 36.6429381 ], [ 129.3104137, 36.643171 ], [ 129.31055520000001, 36.6433811 ], [ 129.310958699999986, 36.6436765 ], [ 129.3113622, 36.6437787 ], [ 129.31217620000001, 36.6440229 ], [ 129.3125867, 36.6441763 ], [ 129.3128274, 36.6442842 ], [ 129.3128557, 36.6443978 ], [ 129.3127, 36.6445341 ], [ 129.3124168, 36.6445341 ], [ 129.3120275, 36.6443864 ], [ 129.311525, 36.6441876 ], [ 129.3107322, 36.6439434 ], [ 129.3102509, 36.6439321 ], [ 129.309359, 36.6438866 ], [ 129.3092811, 36.6441706 ], [ 129.308998, 36.6448067 ], [ 129.3088918, 36.6450111 ], [ 129.308729, 36.6453292 ], [ 129.3088069, 36.6457494 ], [ 129.308821, 36.6461584 ], [ 129.309274, 36.6466752 ], [ 129.30972, 36.6469478 ], [ 129.3101093, 36.6471068 ], [ 129.31045610000001, 36.6469762 ], [ 129.310895, 36.6466581 ], [ 129.3113055, 36.6463458 ], [ 129.311709, 36.6462322 ], [ 129.311914300000012, 36.6463458 ], [ 129.311893, 36.6464537 ], [ 129.311588699999987, 36.6466354 ], [ 129.3111994, 36.6468171 ], [ 129.3108738, 36.6470102 ], [ 129.3107393, 36.6474759 ], [ 129.311079, 36.6476293 ], [ 129.3121266, 36.6478735 ], [ 129.3128203, 36.6479473 ], [ 129.313004400000011, 36.6480722 ], [ 129.313103500000011, 36.6482994 ], [ 129.3130327, 36.6485947 ], [ 129.3128486, 36.6488276 ], [ 129.3125513, 36.6487537 ], [ 129.3122328, 36.6486061 ], [ 129.3119568, 36.6483676 ], [ 129.311433, 36.6481688 ], [ 129.3111711, 36.6480495 ], [ 129.3106826, 36.6479814 ], [ 129.3098403, 36.6477031 ], [ 129.3092599, 36.6475838 ], [ 129.308778600000011, 36.6477712 ], [ 129.3087644, 36.6480438 ], [ 129.3088564, 36.6487537 ], [ 129.3088564, 36.6490263 ], [ 129.3088493, 36.6497419 ], [ 129.3088635, 36.6501224 ], [ 129.3087361, 36.6504404 ], [ 129.3083114, 36.651048 ], [ 129.3082901, 36.6513433 ], [ 129.3083114, 36.6516954 ], [ 129.308254799999986, 36.6525075 ], [ 129.3080707, 36.652763 ], [ 129.307688500000012, 36.6532457 ], [ 129.3075823, 36.6534729 ], [ 129.3078371, 36.6535921 ], [ 129.3081981, 36.65416 ], [ 129.3083114, 36.6544155 ], [ 129.3081415, 36.6547619 ], [ 129.3078371, 36.6547108 ], [ 129.3076743, 36.6545689 ], [ 129.3069382, 36.6546484 ], [ 129.306803699999989, 36.6548755 ], [ 129.3068391, 36.6552219 ], [ 129.3070466, 36.6556386 ], [ 129.3069008, 36.6559326 ], [ 129.306888500000014, 36.656076 ], [ 129.3068762, 36.6562886 ], [ 129.3069008, 36.6565654 ], [ 129.3068762, 36.6568768 ], [ 129.306839200000013, 36.657559 ], [ 129.306839200000013, 36.6578853 ], [ 129.3068639, 36.6580978 ], [ 129.306993299999988, 36.6583302 ], [ 129.3072089, 36.6588097 ], [ 129.3072089, 36.6589876 ], [ 129.3070117, 36.6591359 ], [ 129.306691300000011, 36.6592447 ], [ 129.306124399999987, 36.6591359 ], [ 129.3057423, 36.6590717 ], [ 129.3052802, 36.6591063 ], [ 129.3046517, 36.6592892 ], [ 129.304164899999989, 36.659388 ], [ 129.304060099999987, 36.6592397 ], [ 129.3042388, 36.6589431 ], [ 129.3044237, 36.6587602 ], [ 129.3046085, 36.658261 ], [ 129.3048057, 36.6579396 ], [ 129.3050892, 36.6574849 ], [ 129.3054774, 36.6571883 ], [ 129.305680700000011, 36.6569164 ], [ 129.3059519, 36.6562391 ], [ 129.3062415, 36.6559475 ], [ 129.3064263, 36.655636 ], [ 129.3064202, 36.6552158 ], [ 129.3063277, 36.6550131 ], [ 129.306186, 36.6543952 ], [ 129.3061922, 36.6541283 ], [ 129.3063093, 36.6537031 ], [ 129.3066667, 36.6534411 ], [ 129.3069131, 36.6532335 ], [ 129.3069686, 36.6530011 ], [ 129.3071658, 36.6524425 ], [ 129.3072397, 36.6521063 ], [ 129.307098, 36.6517108 ], [ 129.306993299999988, 36.651602 ], [ 129.3070179, 36.6514834 ], [ 129.3074862, 36.6513104 ], [ 129.307609500000012, 36.6511571 ], [ 129.307603300000011, 36.6508901 ], [ 129.307609500000012, 36.6503463 ], [ 129.3074431, 36.6501684 ], [ 129.307326, 36.6497234 ], [ 129.3071535, 36.6492636 ], [ 129.307061, 36.648962 ], [ 129.307085699999988, 36.6486555 ], [ 129.307030200000014, 36.6482056 ], [ 129.30687, 36.6479584 ], [ 129.306605, 36.6477557 ], [ 129.306266099999988, 36.6475975 ], [ 129.3060998, 36.6475777 ], [ 129.3057916, 36.6477063 ], [ 129.3057608, 36.6478249 ], [ 129.3057978, 36.6480721 ], [ 129.3057732, 36.6483193 ], [ 129.3057423, 36.6485616 ], [ 129.3056191, 36.6488038 ], [ 129.3054774, 36.6490461 ], [ 129.3053418, 36.6492587 ], [ 129.3051015, 36.6492191 ], [ 129.305021399999987, 36.6490115 ], [ 129.3048858, 36.6487791 ], [ 129.304725600000012, 36.6487495 ], [ 129.3047133, 36.6486654 ], [ 129.3048981, 36.6485319 ], [ 129.3050029, 36.6482699 ], [ 129.3051385, 36.6479584 ], [ 129.3053172, 36.647647 ], [ 129.305576, 36.6475777 ], [ 129.3060012, 36.64738 ], [ 129.3061922, 36.6472069 ], [ 129.3061614, 36.6470932 ], [ 129.305995, 36.6470339 ], [ 129.3056746, 36.6470191 ], [ 129.305354099999988, 36.6470388 ], [ 129.3048119, 36.6471031 ], [ 129.3045716, 36.6473009 ], [ 129.3043251, 36.6475876 ], [ 129.3042758, 36.6478101 ], [ 129.3042141, 36.6480474 ], [ 129.304164899999989, 36.6482996 ], [ 129.3039923, 36.6484429 ], [ 129.3037766, 36.6484182 ], [ 129.3036349, 36.6482205 ], [ 129.303561, 36.6479436 ], [ 129.3033946, 36.64782 ], [ 129.3031789, 36.6477063 ], [ 129.3029756, 36.6477804 ], [ 129.3022608, 36.6480276 ], [ 129.301847900000013, 36.6481859 ], [ 129.3016939, 36.6485171 ], [ 129.3015706, 36.6488731 ], [ 129.3014782, 36.6491499 ], [ 129.301126900000014, 36.649496 ], [ 129.3007141, 36.6496443 ], [ 129.3002519, 36.6498569 ], [ 129.2994817, 36.6500151 ], [ 129.299068799999986, 36.6499607 ], [ 129.298680600000012, 36.649847 ], [ 129.29851020000001, 36.6497267 ], [ 129.2987699, 36.649255 ], [ 129.2985415, 36.649299 ], [ 129.2979906, 36.6495102 ], [ 129.2972248, 36.6495555 ], [ 129.2969645, 36.6495265 ], [ 129.295785599999988, 36.6488205 ], [ 129.2954187, 36.6488315 ], [ 129.2946253, 36.6491413 ], [ 129.294084, 36.6494691 ], [ 129.2937155, 36.6497333 ], [ 129.2930719, 36.6501948 ], [ 129.2928804, 36.6503391 ], [ 129.2925937, 36.6503174 ], [ 129.292198500000012, 36.6503504 ], [ 129.2917112, 36.650446 ], [ 129.2915088, 36.6504707 ], [ 129.291112199999986, 36.6505716 ], [ 129.290833600000013, 36.6507068 ], [ 129.2903736, 36.6508074 ], [ 129.289945499999988, 36.6510138 ], [ 129.2892704, 36.6511194 ], [ 129.2887771, 36.6512857 ], [ 129.2882309, 36.6515232 ], [ 129.28797320000001, 36.65167 ], [ 129.2874912, 36.6519495 ], [ 129.287176, 36.6522948 ], [ 129.2871883, 36.6524902 ], [ 129.2873401, 36.6525731 ], [ 129.2872319, 36.6526628 ], [ 129.2873017, 36.6528752 ], [ 129.2867703, 36.6540518 ], [ 129.2869432, 36.6544697 ], [ 129.286238200000014, 36.6550173 ], [ 129.2861203, 36.6552948 ], [ 129.285732200000012, 36.655513 ], [ 129.2856558, 36.6557012 ], [ 129.2857668, 36.6559244 ], [ 129.2856394, 36.6562839 ], [ 129.285136599999987, 36.6564277 ], [ 129.2852226, 36.6561735 ], [ 129.2849445, 36.6561018 ], [ 129.2839923, 36.6563334 ], [ 129.283153700000014, 36.6567366 ], [ 129.2822683, 36.6569868 ], [ 129.2825781, 36.6563433 ], [ 129.2831491, 36.6559435 ], [ 129.283949400000012, 36.6559005 ], [ 129.284061, 36.6555784 ], [ 129.2842598, 36.6555736 ], [ 129.285067199999986, 36.6550806 ], [ 129.285081600000012, 36.6547675 ], [ 129.285266299999989, 36.6546353 ], [ 129.2853845, 36.6543895 ], [ 129.285567, 36.654315 ], [ 129.285556899999989, 36.654007 ], [ 129.2855722, 36.6537375 ], [ 129.2856593, 36.6537095 ], [ 129.285656499999988, 36.6535854 ], [ 129.2857147, 36.6534621 ], [ 129.2857066, 36.6533608 ], [ 129.285768499999989, 36.6530616 ], [ 129.285693900000012, 36.6529687 ], [ 129.285757100000012, 36.6528623 ], [ 129.2858765, 36.6527403 ], [ 129.286023300000011, 36.6526952 ], [ 129.2862601, 36.6527241 ], [ 129.2867972, 36.6523051 ], [ 129.286903, 36.6516554 ], [ 129.287191799999988, 36.651266 ], [ 129.287554300000011, 36.650935 ], [ 129.287925300000012, 36.6507102 ], [ 129.288814699999989, 36.6503901 ], [ 129.2892722, 36.650013 ], [ 129.2897367, 36.6495393 ], [ 129.2910646, 36.649069 ], [ 129.2914458, 36.6487222 ], [ 129.2918138, 36.6487586 ], [ 129.292056800000012, 36.6486928 ], [ 129.292653699999988, 36.6486898 ], [ 129.2928492, 36.6488718 ], [ 129.2932578, 36.6488942 ], [ 129.2937851, 36.6489232 ], [ 129.2943922, 36.6486043 ], [ 129.2950562, 36.6485121 ], [ 129.2956369, 36.6482975 ], [ 129.29587380000001, 36.648273 ], [ 129.2963356, 36.6485949 ], [ 129.2966428, 36.6489088 ], [ 129.2972178, 36.6492952 ], [ 129.2974817, 36.6491698 ], [ 129.2977573, 36.6491737 ], [ 129.2982991, 36.6490395 ], [ 129.299101799999988, 36.6490701 ], [ 129.2994711, 36.6488877 ], [ 129.3000227, 36.6482302 ], [ 129.3000671, 36.6481018 ], [ 129.3005354, 36.6474986 ], [ 129.300766399999986, 36.6471723 ], [ 129.3008697, 36.6469248 ], [ 129.3010061, 36.6463592 ], [ 129.302327600000012, 36.6459006 ], [ 129.3026998, 36.644572 ], [ 129.3033493, 36.6421034 ], [ 129.305239699999987, 36.6394229 ], [ 129.305348, 36.6377417 ], [ 129.3064688, 36.6342191 ], [ 129.307216, 36.6323004 ], [ 129.30813710000001, 36.6307375 ], [ 129.3081908, 36.630159 ], [ 129.3083738, 36.6298254 ], [ 129.3084364, 36.6292317 ], [ 129.3084451, 36.6290376 ], [ 129.3083804, 36.6287937 ], [ 129.308308, 36.6286371 ], [ 129.3081732, 36.6284822 ], [ 129.3078758, 36.6282589 ], [ 129.307395500000013, 36.6280844 ], [ 129.3072077, 36.628054 ], [ 129.3069844, 36.6280784 ], [ 129.3067687, 36.6281319 ], [ 129.3057945, 36.6284266 ], [ 129.3051346, 36.6286714 ], [ 129.304790700000012, 36.6288369 ], [ 129.304427299999986, 36.6290583 ], [ 129.3040681, 36.6293133 ], [ 129.303627299999988, 36.6296897 ], [ 129.3034791, 36.6298842 ], [ 129.3033868, 36.630076 ], [ 129.303280199999989, 36.6305174 ], [ 129.3032053, 36.6307045 ], [ 129.303099300000014, 36.6308816 ], [ 129.3020409, 36.6319406 ], [ 129.3017499, 36.6320945 ], [ 129.3017893, 36.6322456 ], [ 129.301648699999987, 36.6322841 ], [ 129.3015662, 36.6326495 ], [ 129.3016499, 36.6333956 ], [ 129.3017683, 36.6335167 ], [ 129.3018028, 36.6338072 ], [ 129.3017202, 36.6340977 ], [ 129.3021253, 36.634879 ], [ 129.3024895, 36.6354013 ], [ 129.3023327, 36.6354968 ], [ 129.3019109, 36.6351373 ], [ 129.3016534, 36.6349754 ], [ 129.3013374, 36.6350904 ], [ 129.300830100000013, 36.6354034 ], [ 129.30086, 36.6355773 ], [ 129.3008533, 36.6356568 ], [ 129.3005234, 36.6357534 ], [ 129.3004101, 36.6359036 ], [ 129.2999283, 36.6360282 ], [ 129.2997058, 36.6366023 ], [ 129.2994453, 36.636925 ], [ 129.2992361, 36.637028 ], [ 129.299088399999988, 36.63726 ], [ 129.2989345, 36.6371359 ], [ 129.2987378, 36.6375644 ], [ 129.2984678, 36.6370716 ], [ 129.299209499999989, 36.6364121 ], [ 129.2992677, 36.636217 ], [ 129.300261299999988, 36.635044 ], [ 129.300707100000011, 36.6344043 ], [ 129.3009774, 36.6340383 ], [ 129.3010357, 36.6338652 ], [ 129.30107430000001, 36.633228 ], [ 129.301042, 36.632744 ], [ 129.3011315, 36.6323794 ], [ 129.3010578, 36.6322089 ], [ 129.30023460000001, 36.6323616 ], [ 129.2997627, 36.6329 ], [ 129.298268299999989, 36.6336045 ], [ 129.2970167, 36.6339193 ], [ 129.292589600000014, 36.635853 ], [ 129.2902919, 36.6360928 ], [ 129.2886294, 36.6365275 ], [ 129.28696690000001, 36.6377117 ], [ 129.285211, 36.6381464 ], [ 129.2841649, 36.6397952 ], [ 129.2828199, 36.6408444 ], [ 129.281026700000012, 36.6403497 ], [ 129.2801861, 36.6384911 ], [ 129.27862540000001, 36.6383359 ], [ 129.2734613, 36.6382813 ], [ 129.271537200000012, 36.6382813 ], [ 129.269277, 36.6380864 ], [ 129.2681935, 36.6381614 ], [ 129.2654849, 36.6387309 ], [ 129.264275199999986, 36.6391736 ], [ 129.263369399999988, 36.6396433 ], [ 129.2625327, 36.6404039 ], [ 129.2624233, 36.6403173 ], [ 129.2621318, 36.6405659 ], [ 129.2615638, 36.6409973 ], [ 129.2612857, 36.6411647 ], [ 129.2610124, 36.6413643 ], [ 129.2599667, 36.642368 ], [ 129.2598825, 36.6424862 ], [ 129.259759, 36.6427949 ], [ 129.259051699999986, 36.6438382 ], [ 129.2588953, 36.6441417 ], [ 129.258754, 36.6445295 ], [ 129.2586428, 36.6446911 ], [ 129.2585129, 36.6448564 ], [ 129.2580897, 36.6452714 ], [ 129.257566700000012, 36.6457201 ], [ 129.2573869, 36.6463079 ], [ 129.257244500000013, 36.6463224 ], [ 129.2567191, 36.6463299 ], [ 129.2565942, 36.6462475 ], [ 129.2557314, 36.6463206 ], [ 129.2553624, 36.6463871 ], [ 129.255126600000011, 36.6464503 ], [ 129.2549433, 36.646525 ], [ 129.2548511, 36.6466034 ], [ 129.254502, 36.6469725 ], [ 129.2544354, 36.6470943 ], [ 129.2543992, 36.6472104 ], [ 129.254396, 36.6473153 ], [ 129.2544411, 36.647439 ], [ 129.2546707, 36.6477724 ], [ 129.254694300000011, 36.6479148 ], [ 129.2546571, 36.648149 ], [ 129.2545988, 36.6482361 ], [ 129.2539334, 36.6485349 ], [ 129.2536483, 36.6485363 ], [ 129.2532233, 36.648734 ], [ 129.252964100000014, 36.6489185 ], [ 129.2527868, 36.6490868 ], [ 129.252681700000011, 36.6492463 ], [ 129.252606899999989, 36.6497011 ], [ 129.252492499999988, 36.6499956 ], [ 129.2524481, 36.650168 ], [ 129.252410700000013, 36.6503947 ], [ 129.2523337, 36.6505465 ], [ 129.251901800000013, 36.6510467 ], [ 129.2518646, 36.6513505 ], [ 129.2529667, 36.6527368 ], [ 129.2535085, 36.6532988 ], [ 129.2540875, 36.6538608 ], [ 129.254788, 36.6543328 ], [ 129.2537793, 36.6545277 ], [ 129.2535178, 36.6554418 ], [ 129.2532189, 36.6558914 ], [ 129.2529294, 36.6574799 ], [ 129.2525838, 36.6581092 ], [ 129.2523596, 36.6582816 ], [ 129.252023400000013, 36.6585288 ], [ 129.2515377, 36.6587986 ], [ 129.2515353, 36.6587147 ], [ 129.251211500000011, 36.6584547 ], [ 129.250975399999987, 36.6581663 ], [ 129.250954, 36.6578909 ], [ 129.2508145, 36.6576198 ], [ 129.2501279, 36.6576026 ], [ 129.249929400000013, 36.6577704 ], [ 129.249328600000013, 36.6582954 ], [ 129.248990600000013, 36.6583083 ], [ 129.2486848, 36.6582481 ], [ 129.2484488, 36.6583686 ], [ 129.2481162, 36.6582825 ], [ 129.2479124, 36.6579684 ], [ 129.247815800000012, 36.6576112 ], [ 129.2479124, 36.6572884 ], [ 129.2484112, 36.6571077 ], [ 129.2489262, 36.6571292 ], [ 129.249635, 36.6570912 ], [ 129.2501662, 36.6572675 ], [ 129.250238599999989, 36.6570331 ], [ 129.2503285, 36.6567899 ], [ 129.2514582, 36.6569226 ], [ 129.2513509, 36.6565655 ], [ 129.251469, 36.6563761 ], [ 129.251731799999988, 36.6562341 ], [ 129.252052, 36.6563168 ], [ 129.25239160000001, 36.6559156 ], [ 129.2524292, 36.6556789 ], [ 129.2526277, 36.6553906 ], [ 129.2526545, 36.6551281 ], [ 129.252676, 36.6546547 ], [ 129.2526545, 36.6542415 ], [ 129.2526062, 36.6538327 ], [ 129.252515, 36.6532173 ], [ 129.2524507, 36.6528127 ], [ 129.2522146, 36.6526277 ], [ 129.2518498, 36.6524254 ], [ 129.251522599999987, 36.6522188 ], [ 129.251420700000011, 36.6519132 ], [ 129.2516353, 36.65181 ], [ 129.2517265, 36.6515431 ], [ 129.2517157, 36.6513538 ], [ 129.2515012, 36.6512849 ], [ 129.2512973, 36.6515259 ], [ 129.2511417, 36.6517669 ], [ 129.2509969, 36.6520208 ], [ 129.250739399999986, 36.6521284 ], [ 129.250605299999989, 36.6524986 ], [ 129.2502566, 36.6526191 ], [ 129.249902600000013, 36.6527439 ], [ 129.2496612, 36.6529418 ], [ 129.2492803, 36.6530451 ], [ 129.2492159, 36.6529289 ], [ 129.2494788, 36.6527611 ], [ 129.249806, 36.6525201 ], [ 129.2500474, 36.6523479 ], [ 129.25021910000001, 36.6522016 ], [ 129.250481900000011, 36.6519046 ], [ 129.2507287, 36.651711 ], [ 129.251082700000012, 36.6514786 ], [ 129.2513241, 36.651371 ], [ 129.2512936, 36.6512537 ], [ 129.2513097, 36.6511619 ], [ 129.2512405, 36.6510156 ], [ 129.2510323, 36.6508181 ], [ 129.250921799999986, 36.6507813 ], [ 129.2505677, 36.6507813 ], [ 129.2504505, 36.650784 ], [ 129.250374599999986, 36.6507857 ], [ 129.250101, 36.6508717 ], [ 129.249865, 36.6509363 ], [ 129.249232, 36.651074 ], [ 129.248700899999989, 36.6512289 ], [ 129.2483791, 36.6512806 ], [ 129.2479566, 36.6513405 ], [ 129.2474124, 36.651569 ], [ 129.2467268, 36.6520768 ], [ 129.2462172, 36.6522748 ], [ 129.2459383, 36.652576 ], [ 129.2456808, 36.6524684 ], [ 129.245493, 36.6526104 ], [ 129.245380399999988, 36.6529203 ], [ 129.2452892, 36.6535056 ], [ 129.245128200000011, 36.6537165 ], [ 129.2448654, 36.6539532 ], [ 129.244677599999989, 36.6539188 ], [ 129.2443826, 36.65388 ], [ 129.244548900000012, 36.6541727 ], [ 129.2444845, 36.6543836 ], [ 129.243932, 36.6547149 ], [ 129.2435672, 36.6547838 ], [ 129.243218500000012, 36.6547838 ], [ 129.242955599999988, 36.6550033 ], [ 129.2427142, 36.6550721 ], [ 129.2423173, 36.6551281 ], [ 129.2428591, 36.6558554 ], [ 129.2427518, 36.6560017 ], [ 129.2425158, 36.6561911 ], [ 129.242087199999986, 36.6568022 ], [ 129.2422062, 36.6572574 ], [ 129.2426104, 36.6577387 ], [ 129.2427137, 36.6581506 ], [ 129.243089199999986, 36.6581335 ], [ 129.243317600000012, 36.6584369 ], [ 129.243034099999988, 36.6590862 ], [ 129.242765600000013, 36.6592514 ], [ 129.2421258, 36.6596518 ], [ 129.241412, 36.6597031 ], [ 129.2408491, 36.6600605 ], [ 129.2401639, 36.6597728 ], [ 129.240261299999986, 36.6587225 ], [ 129.240442800000011, 36.6579522 ], [ 129.241357, 36.6568452 ], [ 129.2410084, 36.6568021 ], [ 129.240370899999988, 36.6568975 ], [ 129.240275, 36.6561635 ], [ 129.2417126, 36.6554233 ], [ 129.241669699999989, 36.6550445 ], [ 129.2426997, 36.6538912 ], [ 129.2440944, 36.652273 ], [ 129.2445021, 36.6522041 ], [ 129.245381900000012, 36.6515327 ], [ 129.246004199999987, 36.6516705 ], [ 129.246948300000014, 36.6512917 ], [ 129.2481928, 36.6507925 ], [ 129.2492872, 36.6506203 ], [ 129.250818, 36.6503315 ], [ 129.251677699999988, 36.6494046 ], [ 129.251936300000011, 36.6489199 ], [ 129.252799399999986, 36.6482463 ], [ 129.2529781, 36.6479462 ], [ 129.2532047, 36.6477457 ], [ 129.253214, 36.6476446 ], [ 129.2532366, 36.6475476 ], [ 129.2534466, 36.6473771 ], [ 129.253465299999988, 36.6472141 ], [ 129.2536241, 36.6469406 ], [ 129.253812, 36.6467543 ], [ 129.2552608, 36.6460914 ], [ 129.2562543, 36.6459082 ], [ 129.2569476, 36.6450209 ], [ 129.25875, 36.6421284 ], [ 129.2603732, 36.6396901 ], [ 129.2586431, 36.6390459 ], [ 129.2575364, 36.6387187 ], [ 129.2572702, 36.6383622 ], [ 129.2570478, 36.637903 ], [ 129.2567087, 36.6377769 ], [ 129.2562563, 36.6378531 ], [ 129.2558702, 36.6378859 ], [ 129.2555859, 36.6379439 ], [ 129.2552311, 36.6381907 ], [ 129.2546037, 36.6383344 ], [ 129.2542349, 36.6384189 ], [ 129.2536977, 36.6383908 ], [ 129.2532598, 36.6383842 ], [ 129.252824800000013, 36.6382625 ], [ 129.2522452, 36.6380813 ], [ 129.252054500000014, 36.6377733 ], [ 129.2518117, 36.6376367 ], [ 129.2516341, 36.6374667 ], [ 129.2516173, 36.63717 ], [ 129.2513423, 36.6369436 ], [ 129.251135, 36.636756 ], [ 129.251368, 36.636444 ], [ 129.251718, 36.6367255 ], [ 129.2521841, 36.6369537 ], [ 129.2528984, 36.6370932 ], [ 129.253739, 36.6372518 ], [ 129.2543502, 36.6374759 ], [ 129.2551272, 36.637339 ], [ 129.2570167, 36.6371041 ], [ 129.2583372, 36.6372711 ], [ 129.2589749, 36.6374063 ], [ 129.2601666, 36.6372992 ], [ 129.2608492, 36.6376374 ], [ 129.2621763, 36.637894 ], [ 129.262921299999988, 36.6376071 ], [ 129.262987, 36.6375575 ], [ 129.262770499999988, 36.6373141 ], [ 129.262770499999988, 36.6370234 ], [ 129.262991, 36.6367183 ], [ 129.2633854, 36.6367357 ], [ 129.2637282, 36.6369975 ], [ 129.263940600000012, 36.6371199 ], [ 129.264816700000011, 36.6369644 ], [ 129.2655275, 36.6370407 ], [ 129.2665326, 36.6371429 ], [ 129.2675721, 36.6367611 ], [ 129.2681596, 36.6367249 ], [ 129.268428699999987, 36.6365975 ], [ 129.2680029, 36.6364404 ], [ 129.267723499999988, 36.6361006 ], [ 129.2680866, 36.6360191 ], [ 129.268706400000013, 36.6359644 ], [ 129.26901190000001, 36.6361617 ], [ 129.269317300000012, 36.636359 ], [ 129.269837200000012, 36.6362376 ], [ 129.2705416, 36.6358338 ], [ 129.271673099999987, 36.6357532 ], [ 129.2723176, 36.6353683 ], [ 129.2727018, 36.6353562 ], [ 129.2733246, 36.6357307 ], [ 129.274869, 36.636073 ], [ 129.27627, 36.6360705 ], [ 129.2774133, 36.6360417 ], [ 129.2781438, 36.6356455 ], [ 129.2792532, 36.6351964 ], [ 129.2798493, 36.6352043 ], [ 129.280494800000014, 36.6351434 ], [ 129.2814933, 36.6351512 ], [ 129.282224899999989, 36.6350732 ], [ 129.2830916, 36.6349721 ], [ 129.28325190000001, 36.6348785 ], [ 129.2831171, 36.6346106 ], [ 129.2818733, 36.634546 ], [ 129.2814208, 36.6343914 ], [ 129.2815335, 36.6341803 ], [ 129.282083300000011, 36.6336968 ], [ 129.2829142, 36.6326068 ], [ 129.283474899999987, 36.6328085 ], [ 129.2840002, 36.6331871 ], [ 129.2844911, 36.6331011 ], [ 129.2851588, 36.6330935 ], [ 129.2857712, 36.633397 ], [ 129.2863874, 36.6335224 ], [ 129.287056400000012, 36.6336578 ], [ 129.2876751, 36.6334641 ], [ 129.2886073, 36.6329811 ], [ 129.289223099999987, 36.6328205 ], [ 129.289997699999986, 36.6325884 ], [ 129.291221, 36.6323658 ], [ 129.2922685, 36.63248 ], [ 129.2935555, 36.6323913 ], [ 129.294211100000012, 36.6322067 ], [ 129.2949706, 36.631763 ], [ 129.2954412, 36.6312757 ], [ 129.296242, 36.6310122 ], [ 129.2965505, 36.6307751 ], [ 129.296832099999989, 36.6304475 ], [ 129.297186399999987, 36.6301096 ], [ 129.29702180000001, 36.6295686 ], [ 129.2966955, 36.6289714 ], [ 129.2960053, 36.6285572 ], [ 129.2953997, 36.6282501 ], [ 129.295166599999988, 36.6278616 ], [ 129.294875100000013, 36.6279837 ], [ 129.2946358, 36.6281658 ], [ 129.2944014, 36.6279369 ], [ 129.294052599999986, 36.6276271 ], [ 129.293540400000012, 36.6273004 ], [ 129.2933228, 36.627166 ], [ 129.2927793, 36.6271338 ], [ 129.291923700000012, 36.6273529 ], [ 129.2917956, 36.6275089 ], [ 129.291485099999989, 36.6272537 ], [ 129.2906982, 36.6269576 ], [ 129.2898806, 36.6269191 ], [ 129.2889836, 36.62645 ], [ 129.2882912, 36.6266994 ], [ 129.2877207, 36.6267398 ], [ 129.287407699999989, 36.626611 ], [ 129.2871002, 36.6266789 ], [ 129.2864314, 36.6270099 ], [ 129.2857291, 36.6266546 ], [ 129.2853752, 36.6269489 ], [ 129.285062, 36.6271036 ], [ 129.2850718, 36.6273057 ], [ 129.2848674, 36.627452 ], [ 129.2839525, 36.6274132 ], [ 129.283049799999986, 36.6271442 ], [ 129.2827412, 36.627012 ], [ 129.282509800000014, 36.6271103 ], [ 129.281991799999986, 36.626561 ], [ 129.2818542, 36.6266336 ], [ 129.281447500000013, 36.6263621 ], [ 129.280718400000012, 36.6263404 ], [ 129.2803195, 36.6262769 ], [ 129.279890099999989, 36.6261231 ], [ 129.279495700000012, 36.6262162 ], [ 129.27910270000001, 36.6261552 ], [ 129.2788931, 36.6263929 ], [ 129.2782841, 36.6264686 ], [ 129.2779162, 36.6264356 ], [ 129.2776644, 36.6266334 ], [ 129.2775949, 36.6262351 ], [ 129.2774447, 36.6262555 ], [ 129.2770277, 36.626435 ], [ 129.2768681, 36.6266316 ], [ 129.275647, 36.6268247 ], [ 129.2754362, 36.626805 ], [ 129.275804599999987, 36.6262256 ], [ 129.276634800000011, 36.6260606 ], [ 129.2767642, 36.625733 ], [ 129.277098099999989, 36.6255816 ], [ 129.2776586, 36.6255111 ], [ 129.2776906, 36.6252452 ], [ 129.2774005, 36.6247135 ], [ 129.277641100000011, 36.6243562 ], [ 129.278347700000012, 36.6254339 ], [ 129.278803, 36.625497 ], [ 129.279112700000013, 36.6258255 ], [ 129.2795894, 36.6259047 ], [ 129.2796265, 36.6255627 ], [ 129.28040870000001, 36.6256235 ], [ 129.2811879, 36.6255568 ], [ 129.281378499999988, 36.6260562 ], [ 129.282022500000011, 36.6261034 ], [ 129.2827398, 36.6265069 ], [ 129.283044100000012, 36.6267981 ], [ 129.2837465, 36.6270118 ], [ 129.284641599999986, 36.6268794 ], [ 129.285335, 36.6263233 ], [ 129.285514799999987, 36.6263306 ], [ 129.2863626, 36.6266868 ], [ 129.2871896, 36.6264239 ], [ 129.28758830000001, 36.6264306 ], [ 129.2879173, 36.6265304 ], [ 129.288880799999987, 36.6262601 ], [ 129.2898993, 36.6266642 ], [ 129.2903375, 36.6267191 ], [ 129.2910397, 36.6265922 ], [ 129.29138660000001, 36.626707 ], [ 129.291623499999986, 36.6267787 ], [ 129.292000800000011, 36.6266896 ], [ 129.2923128, 36.6267945 ], [ 129.292600599999986, 36.6268413 ], [ 129.2929349, 36.6267713 ], [ 129.293347899999986, 36.626624 ], [ 129.294059, 36.6266286 ], [ 129.294832500000012, 36.626841 ], [ 129.2953923, 36.6265983 ], [ 129.2960482, 36.6263971 ], [ 129.2964001, 36.6263518 ], [ 129.2964687, 36.6260974 ], [ 129.2962925, 36.6259867 ], [ 129.2960487, 36.6256553 ], [ 129.295914, 36.6252831 ], [ 129.2959195, 36.6249872 ], [ 129.2958394, 36.6245617 ], [ 129.295823899999988, 36.6242074 ], [ 129.296109, 36.6240843 ], [ 129.29665940000001, 36.6238787 ], [ 129.296887700000013, 36.6239695 ], [ 129.297256299999987, 36.6242038 ], [ 129.297245800000013, 36.6244507 ], [ 129.2973996, 36.6244909 ], [ 129.297625, 36.6244381 ], [ 129.298169, 36.6243278 ], [ 129.2984342, 36.6244004 ], [ 129.2986459, 36.624617 ], [ 129.298836099999988, 36.6247976 ], [ 129.2982854, 36.6251702 ], [ 129.29804870000001, 36.625548 ], [ 129.298151600000011, 36.6258708 ], [ 129.2983145, 36.6261434 ], [ 129.298687, 36.6262359 ], [ 129.29889750000001, 36.6265573 ], [ 129.2989201, 36.626692 ], [ 129.2991251, 36.6265371 ], [ 129.2995113, 36.6263671 ], [ 129.2996863, 36.6266175 ], [ 129.2997193, 36.6268564 ], [ 129.299738600000012, 36.6271842 ], [ 129.2997018, 36.6274005 ], [ 129.2997222, 36.6274748 ], [ 129.300054, 36.6274223 ], [ 129.300285300000013, 36.6272168 ], [ 129.3006182, 36.6267659 ], [ 129.3010031, 36.626434 ], [ 129.3014551, 36.6258679 ], [ 129.301871, 36.6261271 ], [ 129.3017453, 36.6264865 ], [ 129.301593700000012, 36.6268942 ], [ 129.300776, 36.6275854 ], [ 129.300465300000013, 36.6280624 ], [ 129.300556300000011, 36.6282094 ], [ 129.3009448, 36.6282765 ], [ 129.3013029, 36.6284432 ], [ 129.3015005, 36.6291235 ], [ 129.3018935, 36.6295002 ], [ 129.3023641, 36.6297049 ], [ 129.3029774, 36.6293941 ], [ 129.3035406, 36.6290819 ], [ 129.304135800000012, 36.6285453 ], [ 129.3051265, 36.6279752 ], [ 129.3061208, 36.6276847 ], [ 129.3068619, 36.6275663 ], [ 129.3077164, 36.6274924 ], [ 129.3088761, 36.627759 ], [ 129.3097165, 36.6282875 ], [ 129.3099458, 36.6286475 ], [ 129.3101081, 36.6289186 ], [ 129.3104817, 36.6289106 ], [ 129.3105764, 36.6285419 ], [ 129.3106746, 36.6280541 ], [ 129.310345500000011, 36.6274008 ], [ 129.310368899999986, 36.6269339 ], [ 129.3104449, 36.62641 ], [ 129.3111841, 36.6251616 ], [ 129.3115019, 36.62463 ], [ 129.3116114, 36.6242131 ], [ 129.3118877, 36.6241063 ], [ 129.3119662, 36.6235533 ], [ 129.3117868, 36.6232441 ], [ 129.3117095, 36.6228616 ], [ 129.3121836, 36.6225298 ], [ 129.3121796, 36.6220506 ], [ 129.312061199999988, 36.6214458 ], [ 129.3123237, 36.6212365 ], [ 129.3126417, 36.6212293 ], [ 129.3130957, 36.6210082 ], [ 129.313479, 36.6205677 ], [ 129.3139246, 36.6203172 ], [ 129.314486100000011, 36.6198103 ], [ 129.3147271, 36.6187704 ], [ 129.3148175, 36.6178692 ], [ 129.3154572, 36.616327 ], [ 129.3153945, 36.6157995 ], [ 129.3147763, 36.6149208 ], [ 129.3151408, 36.6136632 ], [ 129.3155213, 36.6123239 ], [ 129.3153417, 36.6115554 ], [ 129.314604300000013, 36.6108041 ], [ 129.3126962, 36.6104722 ], [ 129.3110853, 36.6097706 ], [ 129.3074589, 36.6093916 ], [ 129.3088426, 36.6082056 ], [ 129.310173, 36.6084123 ], [ 129.3130697, 36.6084295 ], [ 129.314099700000014, 36.6084984 ], [ 129.3150224, 36.6078955 ], [ 129.3158163, 36.6069998 ], [ 129.315773400000012, 36.6062419 ], [ 129.315237, 36.6054496 ], [ 129.3171252, 36.6057768 ], [ 129.3181338, 36.6047605 ], [ 129.318756, 36.6033997 ], [ 129.318683099999987, 36.6014451 ], [ 129.3192496, 36.6003334 ], [ 129.3207516, 36.5997822 ], [ 129.3220992, 36.5998859 ], [ 129.3224167, 36.599534 ], [ 129.3214562, 36.5992355 ], [ 129.3206739, 36.5985391 ], [ 129.3206894, 36.5979359 ], [ 129.3211038, 36.5976767 ], [ 129.321141, 36.5973617 ], [ 129.3206658, 36.5968881 ], [ 129.3191208, 36.5973877 ], [ 129.3171252, 36.5971809 ], [ 129.316631699999988, 36.5979045 ], [ 129.313992399999989, 36.5994549 ], [ 129.311774500000013, 36.5992358 ], [ 129.3088113, 36.5978411 ], [ 129.3068552, 36.5977418 ], [ 129.3055857, 36.5975251 ], [ 129.3055453, 36.5977719 ], [ 129.3038876, 36.5974532 ], [ 129.3032594, 36.5976529 ], [ 129.3030219, 36.5982333 ], [ 129.302724500000011, 36.5986206 ], [ 129.3016385, 36.597957 ], [ 129.302922099999989, 36.5974196 ], [ 129.3031077, 36.596978 ], [ 129.3038387, 36.5965768 ], [ 129.305874100000011, 36.5968993 ], [ 129.306131099999988, 36.596391 ], [ 129.307337600000011, 36.5963638 ], [ 129.310262200000011, 36.5970933 ], [ 129.3126953, 36.5968078 ], [ 129.3142341, 36.5969599 ], [ 129.3148636, 36.5963325 ], [ 129.315444, 36.5965147 ], [ 129.316775400000012, 36.5965195 ], [ 129.31852330000001, 36.5961244 ], [ 129.318908, 36.5955421 ], [ 129.3189724, 36.5954256 ], [ 129.318911, 36.595266 ], [ 129.3184764, 36.5949154 ], [ 129.3170443, 36.5943802 ], [ 129.3164822, 36.5945206 ], [ 129.315876300000014, 36.5943778 ], [ 129.3152277, 36.5938821 ], [ 129.3135222, 36.5942317 ], [ 129.312790799999988, 36.5930291 ], [ 129.312061199999988, 36.5899624 ], [ 129.3121042, 36.5895144 ], [ 129.3122758, 36.5879466 ], [ 129.3117394, 36.5855517 ], [ 129.3113531, 36.5844834 ], [ 129.311095599999987, 36.5833462 ], [ 129.311396, 36.581761 ], [ 129.3112888, 36.5810029 ], [ 129.3111171, 36.5801758 ], [ 129.3111171, 36.5786077 ], [ 129.3126859, 36.5778603 ], [ 129.3128882, 36.5773021 ], [ 129.3127699, 36.5768141 ], [ 129.3107372, 36.5764512 ], [ 129.309271700000011, 36.5754199 ], [ 129.3081774, 36.5752131 ], [ 129.3066968, 36.5756439 ], [ 129.3053879, 36.5767467 ], [ 129.3045296, 36.5774015 ], [ 129.304024700000014, 36.5776371 ], [ 129.30277190000001, 36.5776073 ], [ 129.301381, 36.5778986 ], [ 129.300804199999988, 36.5777866 ], [ 129.299923, 36.5768846 ], [ 129.2991685, 36.5768666 ], [ 129.2992295, 36.5749546 ], [ 129.2983927, 36.5747478 ], [ 129.2975559, 36.575351 ], [ 129.2960967, 36.5761953 ], [ 129.2952813, 36.5770052 ], [ 129.2936506, 36.5767812 ], [ 129.2931125, 36.5767023 ], [ 129.291626, 36.5774304 ], [ 129.290691900000013, 36.5775179 ], [ 129.2892553, 36.5781905 ], [ 129.2887605, 36.5781805 ], [ 129.288036, 36.578011 ], [ 129.2877729, 36.5780232 ], [ 129.2875593, 36.5780992 ], [ 129.2865928, 36.5790527 ], [ 129.2863534, 36.5791861 ], [ 129.2859053, 36.5793692 ], [ 129.285710099999989, 36.5795213 ], [ 129.2856028, 36.5798278 ], [ 129.2859287, 36.5805885 ], [ 129.2857684, 36.5809335 ], [ 129.2858393, 36.5810392 ], [ 129.2853409, 36.5819402 ], [ 129.284635400000013, 36.5823423 ], [ 129.2843741, 36.582515 ], [ 129.2839348, 36.5828934 ], [ 129.2833489, 36.5832194 ], [ 129.283164699999986, 36.5838891 ], [ 129.2823117, 36.5840261 ], [ 129.2818312, 36.5840609 ], [ 129.2812283, 36.5843464 ], [ 129.2806506, 36.5843943 ], [ 129.28003720000001, 36.584162 ], [ 129.2788713, 36.5848728 ], [ 129.2782743, 36.5851334 ], [ 129.2780553, 36.5850993 ], [ 129.27770240000001, 36.5852257 ], [ 129.2774709, 36.5853278 ], [ 129.277007, 36.585317 ], [ 129.2765583, 36.5855432 ], [ 129.2766105, 36.5858766 ], [ 129.276514600000013, 36.5862849 ], [ 129.276226799999989, 36.5863715 ], [ 129.275997600000011, 36.5861275 ], [ 129.2762806, 36.585753 ], [ 129.2762874, 36.5854144 ], [ 129.275038099999989, 36.5852521 ], [ 129.2747508, 36.585289 ], [ 129.2731585, 36.5851301 ], [ 129.274029899999988, 36.5848993 ], [ 129.274683, 36.5847513 ], [ 129.2754989, 36.5846944 ], [ 129.275431200000014, 36.5849462 ], [ 129.2761896, 36.584656 ], [ 129.2772148, 36.584564 ], [ 129.2777932, 36.5847633 ], [ 129.278310299999987, 36.5848039 ], [ 129.27856460000001, 36.5846661 ], [ 129.278985299999988, 36.5843495 ], [ 129.2794006, 36.5841019 ], [ 129.2798958, 36.5839771 ], [ 129.2822305, 36.5834797 ], [ 129.2826215, 36.5834934 ], [ 129.2827218, 36.5832576 ], [ 129.2829389, 36.5827415 ], [ 129.283391599999987, 36.58262 ], [ 129.28352, 36.5824455 ], [ 129.2838614, 36.5822772 ], [ 129.284285399999987, 36.5822472 ], [ 129.2843173, 36.5820927 ], [ 129.2844984, 36.5816947 ], [ 129.2846941, 36.5816657 ], [ 129.2848668, 36.5814456 ], [ 129.2852677, 36.5812776 ], [ 129.2854872, 36.5809886 ], [ 129.2854849, 36.5808975 ], [ 129.2853184, 36.5808402 ], [ 129.285201, 36.5802111 ], [ 129.2851627, 36.5798473 ], [ 129.28528080000001, 36.5794854 ], [ 129.285876300000012, 36.5790079 ], [ 129.2863235, 36.5789484 ], [ 129.2865841, 36.5788293 ], [ 129.2874134, 36.5780268 ], [ 129.2875838, 36.5779265 ], [ 129.287944900000014, 36.5779064 ], [ 129.2884454, 36.5779949 ], [ 129.2888758, 36.5780121 ], [ 129.290080100000011, 36.5775765 ], [ 129.2916866, 36.5765167 ], [ 129.2924927, 36.5763701 ], [ 129.2927301, 36.5762925 ], [ 129.2930384, 36.5760739 ], [ 129.2932851, 36.5757207 ], [ 129.29324, 36.5755889 ], [ 129.2932408, 36.5754304 ], [ 129.2933059, 36.5748325 ], [ 129.2932985, 36.5746178 ], [ 129.2932707, 36.57442 ], [ 129.293216, 36.574233 ], [ 129.2931285, 36.5740049 ], [ 129.2930552, 36.573865 ], [ 129.2929569, 36.5737477 ], [ 129.2928139, 36.5736674 ], [ 129.292686, 36.5736295 ], [ 129.292538900000011, 36.5736213 ], [ 129.2924332, 36.5736366 ], [ 129.2915497, 36.5740245 ], [ 129.291358300000013, 36.574524 ], [ 129.2912178, 36.5745669 ], [ 129.2911709, 36.5746703 ], [ 129.290090600000013, 36.574834 ], [ 129.289123, 36.5751442 ], [ 129.2873849, 36.5751786 ], [ 129.2860272, 36.5754002 ], [ 129.2857225, 36.5751745 ], [ 129.2855992, 36.5752736 ], [ 129.2854514, 36.5753466 ], [ 129.2853213, 36.5753835 ], [ 129.2845692, 36.5754983 ], [ 129.2842439, 36.5755263 ], [ 129.283778399999989, 36.5755054 ], [ 129.2834881, 36.5756147 ], [ 129.283092900000014, 36.5755877 ], [ 129.2826717, 36.5754502 ], [ 129.2817393, 36.5753865 ], [ 129.281183700000014, 36.5753922 ], [ 129.2811682, 36.5755028 ], [ 129.2795915, 36.5755743 ], [ 129.278791, 36.5756614 ], [ 129.2780962, 36.5759053 ], [ 129.2779239, 36.5761059 ], [ 129.277776, 36.5767375 ], [ 129.2777568, 36.5770428 ], [ 129.277857899999987, 36.5773986 ], [ 129.2780712, 36.5777152 ], [ 129.2776217, 36.5775911 ], [ 129.276699, 36.5771948 ], [ 129.2766389, 36.5770603 ], [ 129.271216, 36.5785684 ], [ 129.270723299999986, 36.5788752 ], [ 129.2705751, 36.5790551 ], [ 129.2701108, 36.5798829 ], [ 129.2698537, 36.5801198 ], [ 129.269270299999988, 36.5806285 ], [ 129.2688483, 36.5808113 ], [ 129.2666423, 36.5812316 ], [ 129.2667212, 36.5814509 ], [ 129.2650475, 36.5815198 ], [ 129.2641463, 36.5816404 ], [ 129.26376, 36.5819678 ], [ 129.2628958, 36.5822203 ], [ 129.2624974, 36.5824032 ], [ 129.261977, 36.5825142 ], [ 129.261416, 36.5825011 ], [ 129.2607818, 36.5827884 ], [ 129.260131300000012, 36.583043 ], [ 129.259659699999986, 36.5832585 ], [ 129.2593833, 36.5835653 ], [ 129.2589442, 36.5840746 ], [ 129.258610800000014, 36.5845186 ], [ 129.2585458, 36.5849234 ], [ 129.258375, 36.5852629 ], [ 129.2575454, 36.5858095 ], [ 129.2573166, 36.5860269 ], [ 129.2568823, 36.5861619 ], [ 129.2567329, 36.5863569 ], [ 129.2568636, 36.5865219 ], [ 129.256662799999987, 36.5866719 ], [ 129.256317200000012, 36.5868594 ], [ 129.256018399999988, 36.5869906 ], [ 129.255752199999989, 36.5871706 ], [ 129.2557195, 36.5874331 ], [ 129.2557895, 36.5876319 ], [ 129.2558876, 36.5879131 ], [ 129.256149099999988, 36.5880893 ], [ 129.2562378, 36.5883181 ], [ 129.255967, 36.5882843 ], [ 129.2556774, 36.5881081 ], [ 129.2552758, 36.5887193 ], [ 129.254911600000014, 36.5887418 ], [ 129.254757500000011, 36.5890118 ], [ 129.2545613, 36.5892967 ], [ 129.254281099999986, 36.5894317 ], [ 129.2537768, 36.5898517 ], [ 129.253421800000012, 36.5900767 ], [ 129.2530342, 36.5902829 ], [ 129.252754, 36.5904779 ], [ 129.2525439, 36.5903616 ], [ 129.25274, 36.5898517 ], [ 129.252856799999989, 36.589533 ], [ 129.2525159, 36.589278 ], [ 129.2521236, 36.589098 ], [ 129.2518854, 36.5889405 ], [ 129.2515679, 36.588828 ], [ 129.2513581, 36.5888031 ], [ 129.2513348, 36.588589 ], [ 129.2512087, 36.5884425 ], [ 129.2508721, 36.5884296 ], [ 129.2496256, 36.5881819 ], [ 129.2494599, 36.5881754 ], [ 129.2493164, 36.5882207 ], [ 129.249196399999988, 36.588267 ], [ 129.2490951, 36.5883434 ], [ 129.2487639, 36.5887354 ], [ 129.2486787, 36.5888775 ], [ 129.2486281, 36.5890412 ], [ 129.2486097, 36.5892328 ], [ 129.2486204, 36.5896334 ], [ 129.2489127, 36.5903032 ], [ 129.2491005, 36.5912185 ], [ 129.2489382, 36.5914199 ], [ 129.2489852, 36.5916815 ], [ 129.2484773, 36.5926002 ], [ 129.247045, 36.5932949 ], [ 129.2468878, 36.5933501 ], [ 129.2458221, 36.5939504 ], [ 129.2448048, 36.5946612 ], [ 129.244601100000011, 36.5948419 ], [ 129.24442, 36.5950335 ], [ 129.2442929, 36.5951995 ], [ 129.243771400000014, 36.5960737 ], [ 129.243584199999987, 36.596456 ], [ 129.2431953, 36.5970664 ], [ 129.24322810000001, 36.5973341 ], [ 129.243173, 36.597445 ], [ 129.2428459, 36.5977438 ], [ 129.2427108, 36.5982253 ], [ 129.2425757, 36.5983151 ], [ 129.2425515, 36.5987236 ], [ 129.242584599999986, 36.5990451 ], [ 129.2428156, 36.5994567 ], [ 129.2424389, 36.6001901 ], [ 129.2428859, 36.6005383 ], [ 129.242944599999987, 36.6010561 ], [ 129.2428932, 36.6012489 ], [ 129.2428955, 36.6014785 ], [ 129.2428821, 36.6015878 ], [ 129.242839800000013, 36.60219 ], [ 129.2428233, 36.6025957 ], [ 129.242795300000012, 36.6028001 ], [ 129.2428818, 36.6031446 ], [ 129.2358767, 36.6174442 ], [ 129.2361803, 36.6175023 ], [ 129.236283, 36.617596 ], [ 129.2366738, 36.6175757 ], [ 129.2372689, 36.617875 ], [ 129.2378401, 36.6180661 ], [ 129.2384907, 36.6183399 ], [ 129.2388954, 36.6185564 ], [ 129.2396914, 36.6187625 ], [ 129.2403712, 36.6189385 ], [ 129.24099, 36.6190404 ], [ 129.2417041, 36.6193779 ], [ 129.2422436, 36.6196454 ], [ 129.242807, 36.6194798 ], [ 129.2436004, 36.6196072 ], [ 129.2440526, 36.61983 ], [ 129.244433500000014, 36.6200529 ], [ 129.244639799999987, 36.6203968 ], [ 129.2454014, 36.6205178 ], [ 129.2468375, 36.6205687 ], [ 129.247624, 36.6203152 ], [ 129.2481588, 36.6200261 ], [ 129.249043199999988, 36.619951 ], [ 129.2502175, 36.6194862 ], [ 129.2506698, 36.6190659 ], [ 129.250526900000011, 36.618722 ], [ 129.2509871, 36.6188175 ], [ 129.2512648, 36.6189067 ], [ 129.2515029, 36.6191168 ], [ 129.251852, 36.6193524 ], [ 129.2516853, 36.6195944 ], [ 129.2512807, 36.6199638 ], [ 129.250979199999989, 36.620365 ], [ 129.250995100000011, 36.6206006 ], [ 129.25136, 36.6209253 ], [ 129.250979199999989, 36.6210973 ], [ 129.250511100000011, 36.6208426 ], [ 129.2502651, 36.6206388 ], [ 129.2499636, 36.6206897 ], [ 129.249416200000013, 36.6206706 ], [ 129.2487021, 36.6209253 ], [ 129.247924500000011, 36.6208999 ], [ 129.2474485, 36.6210336 ], [ 129.246298, 36.6212756 ], [ 129.24580610000001, 36.6212819 ], [ 129.2448302, 36.6212055 ], [ 129.244211299999989, 36.6210463 ], [ 129.2434972, 36.6208362 ], [ 129.2434338, 36.6214602 ], [ 129.243227499999989, 36.6212692 ], [ 129.2430132, 36.6209699 ], [ 129.2426959, 36.6203458 ], [ 129.2423388, 36.6200784 ], [ 129.2418707, 36.6198364 ], [ 129.241124899999988, 36.6196772 ], [ 129.240601199999986, 36.6193397 ], [ 129.2397602, 36.6194798 ], [ 129.2389192, 36.6191423 ], [ 129.238760500000012, 36.6187602 ], [ 129.238459, 36.6188557 ], [ 129.238038499999988, 36.6188876 ], [ 129.2378401, 36.6183972 ], [ 129.2373244, 36.6183144 ], [ 129.2367055, 36.6182189 ], [ 129.2358788, 36.6182037 ], [ 129.2357697, 36.6180299 ], [ 129.235475900000012, 36.618026 ], [ 129.222075100000012, 36.6239039 ], [ 129.222342700000013, 36.6240726 ], [ 129.222232600000012, 36.6241568 ], [ 129.2221477, 36.6242657 ], [ 129.222088500000012, 36.6244024 ], [ 129.22208, 36.6245304 ], [ 129.2220819, 36.6249233 ], [ 129.2219888, 36.6255928 ], [ 129.221988900000014, 36.6257213 ], [ 129.222025800000011, 36.6258178 ], [ 129.222109, 36.6259068 ], [ 129.222252200000014, 36.6259637 ], [ 129.2224071, 36.6259575 ], [ 129.2228361, 36.6258598 ], [ 129.2231812, 36.6258474 ], [ 129.2234277, 36.625892 ], [ 129.22362480000001, 36.6260156 ], [ 129.2237173, 36.6261417 ], [ 129.223771199999987, 36.6262962 ], [ 129.2237427, 36.6264477 ], [ 129.2236217, 36.6266214 ], [ 129.2232613, 36.6269292 ], [ 129.22288850000001, 36.6272074 ], [ 129.222756, 36.6273558 ], [ 129.222675900000013, 36.6274992 ], [ 129.222654299999988, 36.6275907 ], [ 129.222679, 36.6276723 ], [ 129.2231073, 36.6282979 ], [ 129.2231797, 36.6284648 ], [ 129.223209700000012, 36.6286249 ], [ 129.223200100000014, 36.6287865 ], [ 129.2231521, 36.6289446 ], [ 129.2230304, 36.6291169 ], [ 129.222872700000011, 36.6292492 ], [ 129.22263190000001, 36.6293808 ], [ 129.2222385, 36.629536 ], [ 129.2220874, 36.629638 ], [ 129.2219826, 36.629753 ], [ 129.221921, 36.6299001 ], [ 129.2219149, 36.6300398 ], [ 129.2221337, 36.6306419 ], [ 129.2221583, 36.630946 ], [ 129.2221059, 36.6311339 ], [ 129.221995, 36.6313143 ], [ 129.2218502, 36.6314627 ], [ 129.2215976, 36.6316779 ], [ 129.221431200000012, 36.6318632 ], [ 129.221330599999987, 36.6320351 ], [ 129.22128330000001, 36.6322149 ], [ 129.2212793, 36.632558 ], [ 129.2211667, 36.6327444 ], [ 129.220961, 36.6328713 ], [ 129.220505, 36.6333228 ], [ 129.220819299999988, 36.6335271 ], [ 129.221075, 36.6340444 ], [ 129.220742699999988, 36.6342598 ], [ 129.2205089, 36.6346904 ], [ 129.2201331, 36.6345109 ], [ 129.219874299999987, 36.6350417 ], [ 129.21948, 36.6351324 ], [ 129.218692299999987, 36.634534 ], [ 129.2183143, 36.6344864 ], [ 129.218304100000012, 36.6343761 ], [ 129.2180093, 36.634269 ], [ 129.2177608, 36.6341348 ], [ 129.2175115, 36.6339514 ], [ 129.2173618, 36.6337556 ], [ 129.2171688, 36.6334107 ], [ 129.2165008, 36.6320758 ], [ 129.216295300000013, 36.6316812 ], [ 129.2160648, 36.631098 ], [ 129.2159648, 36.6309246 ], [ 129.2158571, 36.6308186 ], [ 129.2157129, 36.6307296 ], [ 129.2155196, 36.6306778 ], [ 129.214437, 36.6306197 ], [ 129.2139621, 36.6306325 ], [ 129.21384470000001, 36.6306721 ], [ 129.2137627, 36.6307481 ], [ 129.213461200000012, 36.63127 ], [ 129.213300800000013, 36.631459 ], [ 129.213068, 36.6315655 ], [ 129.212841, 36.6315759 ], [ 129.2126257, 36.6315451 ], [ 129.2117129, 36.6311532 ], [ 129.2115249, 36.6311002 ], [ 129.2113826, 36.6310866 ], [ 129.211228299999988, 36.6311056 ], [ 129.211092799999989, 36.6311763 ], [ 129.2109922, 36.6312903 ], [ 129.2109657, 36.6313931 ], [ 129.2110465, 36.6319715 ], [ 129.2110482, 36.6321292 ], [ 129.210982, 36.6322855 ], [ 129.2108862, 36.6324784 ], [ 129.2106287, 36.6326754 ], [ 129.210422200000011, 36.6327502 ], [ 129.21015, 36.6327876 ], [ 129.209869, 36.6327869 ], [ 129.2096239, 36.632707 ], [ 129.209091, 36.6324625 ], [ 129.209126700000013, 36.6330058 ], [ 129.207968, 36.6334621 ], [ 129.207732, 36.634237 ], [ 129.206594700000011, 36.6343661 ], [ 129.2051356, 36.6338711 ], [ 129.2048245, 36.6340347 ], [ 129.205049800000012, 36.6346546 ], [ 129.205157, 36.6348612 ], [ 129.204899, 36.6350998 ], [ 129.203554, 36.6349424 ], [ 129.2009482, 36.6334884 ], [ 129.1990361, 36.6331954 ], [ 129.1982381, 36.6333843 ], [ 129.197692100000012, 36.6339479 ], [ 129.1975764, 36.6349499 ], [ 129.1966248, 36.6351853 ], [ 129.195463499999988, 36.6357317 ], [ 129.1947523, 36.6356752 ], [ 129.194210199999986, 36.6356501 ], [ 129.1940567, 36.636019 ], [ 129.193986700000011, 36.6366032 ], [ 129.193569599999989, 36.6369557 ], [ 129.1939339, 36.6379027 ], [ 129.1939768, 36.6385627 ], [ 129.193909100000013, 36.6387889 ] ], [ [ 129.2754064, 36.6035124 ], [ 129.2755728, 36.6032107 ], [ 129.2758193, 36.6029732 ], [ 129.2755235, 36.6028545 ], [ 129.2747717, 36.6027556 ], [ 129.2749689, 36.6024291 ], [ 129.2755358, 36.6021619 ], [ 129.275757700000014, 36.6019839 ], [ 129.276706600000011, 36.600668 ], [ 129.277667900000012, 36.5995104 ], [ 129.2781979, 36.5988475 ], [ 129.2784936, 36.598422 ], [ 129.2788017, 36.5981054 ], [ 129.2788634, 36.5977888 ], [ 129.2792208, 36.5975414 ], [ 129.2796028, 36.5972842 ], [ 129.2801081, 36.5971061 ], [ 129.2803423, 36.5971951 ], [ 129.2807736, 36.597482 ], [ 129.2813036, 36.5973633 ], [ 129.2814761, 36.5973633 ], [ 129.2819691, 36.5977789 ], [ 129.281648600000011, 36.5980559 ], [ 129.2811433, 36.5983626 ], [ 129.280896899999988, 36.5985902 ], [ 129.28040390000001, 36.5988277 ], [ 129.2799602, 36.5995796 ], [ 129.2787524, 36.6003514 ], [ 129.2783211, 36.6005987 ], [ 129.277766500000013, 36.6008955 ], [ 129.2773475, 36.6011429 ], [ 129.2772242, 36.601509 ], [ 129.2772119, 36.6020135 ], [ 129.2771257, 36.6025874 ], [ 129.276854500000013, 36.6030623 ], [ 129.276645, 36.6033492 ], [ 129.2768299, 36.6037944 ], [ 129.276620400000013, 36.6038043 ], [ 129.2764971, 36.6035372 ], [ 129.2762999, 36.6035075 ], [ 129.276041099999986, 36.6036064 ], [ 129.2758193, 36.6037054 ], [ 129.2755851, 36.6037153 ], [ 129.2754064, 36.6035124 ] ], [ [ 129.2653314, 36.6072076 ], [ 129.266539200000011, 36.6064261 ], [ 129.266970500000014, 36.6062678 ], [ 129.2675128, 36.606248 ], [ 129.267981099999986, 36.6062974 ], [ 129.2684494, 36.6061589 ], [ 129.2686836, 36.6060006 ], [ 129.2692875, 36.6059413 ], [ 129.2695463, 36.6057929 ], [ 129.269854400000014, 36.6054763 ], [ 129.2705569, 36.6050905 ], [ 129.27138260000001, 36.6047442 ], [ 129.27234390000001, 36.6043583 ], [ 129.2726889, 36.6040813 ], [ 129.272775200000012, 36.6039527 ], [ 129.2724178, 36.6038241 ], [ 129.272159, 36.6037054 ], [ 129.27174, 36.6036262 ], [ 129.2709882, 36.603646 ], [ 129.270100899999989, 36.6036163 ], [ 129.2692012, 36.6035965 ], [ 129.2674142, 36.6036658 ], [ 129.266255699999988, 36.6038241 ], [ 129.265343699999988, 36.6039626 ], [ 129.2646289, 36.6040319 ], [ 129.2639757, 36.6042891 ], [ 129.2636676, 36.6042099 ], [ 129.264062, 36.6037449 ], [ 129.265158899999989, 36.6034679 ], [ 129.2660339, 36.6033195 ], [ 129.2669952, 36.6030326 ], [ 129.267833200000013, 36.6028248 ], [ 129.26831390000001, 36.6028644 ], [ 129.269004, 36.6027061 ], [ 129.2706924, 36.6027853 ], [ 129.271863200000013, 36.602904 ], [ 129.272923100000014, 36.6031513 ], [ 129.2737981, 36.6034185 ], [ 129.274414299999989, 36.603557 ], [ 129.275042899999988, 36.6034481 ], [ 129.274821, 36.6043583 ], [ 129.2744636, 36.6047145 ], [ 129.2743774, 36.6054763 ], [ 129.2741925, 36.6052092 ], [ 129.2738104, 36.6049618 ], [ 129.2731942, 36.6050707 ], [ 129.2728985, 36.6054268 ], [ 129.2725164, 36.605407 ], [ 129.2722946, 36.605506 ], [ 129.2718016, 36.605595 ], [ 129.271321, 36.6058621 ], [ 129.271049799999986, 36.606149 ], [ 129.2707417, 36.6065844 ], [ 129.2705815, 36.6061194 ], [ 129.270039200000014, 36.6063271 ], [ 129.26946, 36.6065052 ], [ 129.2686589, 36.6067525 ], [ 129.267833200000013, 36.6069801 ], [ 129.267019800000014, 36.60699 ], [ 129.2665268, 36.607267 ], [ 129.266268, 36.6072472 ], [ 129.265812, 36.6071681 ], [ 129.265467, 36.6072076 ], [ 129.2653314, 36.6072076 ] ], [ [ 129.2665633, 36.7017152 ], [ 129.265895699999987, 36.7022789 ], [ 129.266429, 36.7036421 ], [ 129.2667688, 36.7044479 ], [ 129.2662875, 36.7055034 ], [ 129.265913399999988, 36.7062193 ], [ 129.2657972, 36.7062192 ], [ 129.2616208, 36.7093235 ], [ 129.2615367, 36.7093286 ], [ 129.262034699999987, 36.708299 ], [ 129.2622922, 36.7078002 ], [ 129.2622652, 36.7075713 ], [ 129.2626108, 36.7071295 ], [ 129.263722300000012, 36.7066952 ], [ 129.2643947, 36.7061411 ], [ 129.2638997, 36.7057068 ], [ 129.264090399999986, 36.7054162 ], [ 129.2644695, 36.7048382 ], [ 129.2647403, 36.7038048 ], [ 129.2648718, 36.7012358 ], [ 129.266334, 36.701308 ], [ 129.2665633, 36.7017152 ] ] ], [ [ [ 129.332583699999986, 36.7067178 ], [ 129.3318825, 36.7067993 ], [ 129.3316121, 36.7073266 ], [ 129.332524799999987, 36.7072458 ], [ 129.3337871, 36.7076931 ], [ 129.334595, 36.707998 ], [ 129.3364425, 36.7079104 ], [ 129.3375443, 36.7079166 ], [ 129.3375902, 36.7077283 ], [ 129.3363483, 36.7073834 ], [ 129.3363358, 36.7058776 ], [ 129.3366891, 36.7050154 ], [ 129.3372129, 36.7040847 ], [ 129.3386428, 36.7037556 ], [ 129.340301899999986, 36.7040552 ], [ 129.3408751, 36.7050697 ], [ 129.340810800000014, 36.7053962 ], [ 129.340917600000012, 36.7055924 ], [ 129.3410244, 36.7057886 ], [ 129.341386199999988, 36.7055345 ], [ 129.341683100000012, 36.7055271 ], [ 129.34187270000001, 36.7049792 ], [ 129.342136900000014, 36.7045193 ], [ 129.342612699999989, 36.7039054 ], [ 129.3429679, 36.703573 ], [ 129.343232, 36.7033772 ], [ 129.343618099999986, 36.7032139 ], [ 129.3444447, 36.7029414 ], [ 129.344617, 36.7027884 ], [ 129.344731599999989, 36.7025523 ], [ 129.344773, 36.7023258 ], [ 129.34468480000001, 36.7020477 ], [ 129.3441128, 36.7011763 ], [ 129.343583099999989, 36.7009796 ], [ 129.342635, 36.7005888 ], [ 129.3408796, 36.7000213 ], [ 129.3397187, 36.6998624 ], [ 129.338583699999987, 36.6994678 ], [ 129.3384871, 36.6992201 ], [ 129.3381226, 36.699465 ], [ 129.3378102, 36.6997636 ], [ 129.3372695, 36.6998889 ], [ 129.336716700000011, 36.7000719 ], [ 129.3365125, 36.700438 ], [ 129.336320199999989, 36.701228 ], [ 129.3362721, 36.7014978 ], [ 129.336080399999986, 36.7018601 ], [ 129.3356274, 36.7030518 ], [ 129.333801200000011, 36.7057872 ], [ 129.332583699999986, 36.7067178 ] ] ], [ [ [ 129.2067913, 36.7381548 ], [ 129.2068554, 36.737958 ], [ 129.2068487, 36.7377924 ], [ 129.20701170000001, 36.737745 ], [ 129.2072206, 36.7377582 ], [ 129.207203, 36.7374708 ], [ 129.2067787, 36.7374385 ], [ 129.2060016, 36.7376893 ], [ 129.205456199999986, 36.7377684 ], [ 129.2052359, 36.7378357 ], [ 129.2050432, 36.7378796 ], [ 129.204827599999987, 36.7380242 ], [ 129.2047432, 36.7381546 ], [ 129.2047302, 36.7383472 ], [ 129.2049447, 36.7384092 ], [ 129.2054589, 36.7384594 ], [ 129.2053963, 36.7389102 ], [ 129.205238900000012, 36.7392358 ], [ 129.204888399999987, 36.7394806 ], [ 129.2046488, 36.7393685 ], [ 129.2044163, 36.739428 ], [ 129.204358899999988, 36.7397705 ], [ 129.20477, 36.7404382 ], [ 129.204916200000014, 36.7404669 ], [ 129.2053267, 36.7404556 ], [ 129.2056433, 36.7401491 ], [ 129.2059662, 36.740096 ], [ 129.2067975, 36.7398828 ], [ 129.2076448, 36.7396455 ], [ 129.2080842, 36.7394031 ], [ 129.2084802, 36.7393396 ], [ 129.2089805, 36.7393951 ], [ 129.209755699999988, 36.73942 ], [ 129.210791199999989, 36.7394442 ], [ 129.2110384, 36.7397934 ], [ 129.2115863, 36.7397438 ], [ 129.2120081, 36.7398972 ], [ 129.2122976, 36.7399758 ], [ 129.2123676, 36.740002 ], [ 129.212400300000013, 36.7400581 ], [ 129.212335, 36.7401629 ], [ 129.2122369, 36.740234 ], [ 129.2121061, 36.7402378 ], [ 129.211793199999988, 36.7402265 ], [ 129.209985, 36.7413201 ], [ 129.2121281, 36.743168 ], [ 129.2130387, 36.7434259 ], [ 129.2130435, 36.7437771 ], [ 129.2125963, 36.7438032 ], [ 129.2121247, 36.7438944 ], [ 129.2114743, 36.743953 ], [ 129.2105473, 36.7443961 ], [ 129.2101571, 36.7446567 ], [ 129.2100595, 36.7449303 ], [ 129.2104254, 36.7449043 ], [ 129.2105392, 36.7453278 ], [ 129.210303399999987, 36.7455167 ], [ 129.2099457, 36.7462073 ], [ 129.2099457, 36.746709 ], [ 129.2105311, 36.7466504 ], [ 129.2111084, 36.7464679 ], [ 129.2114417, 36.7462073 ], [ 129.211807599999986, 36.7460184 ], [ 129.2121573, 36.7461031 ], [ 129.2122874, 36.7464875 ], [ 129.2121003, 36.7469501 ], [ 129.2120272, 36.7472954 ], [ 129.2115637, 36.7476276 ], [ 129.2111246, 36.7481358 ], [ 129.2115474, 36.7485332 ], [ 129.2119621, 36.748631 ], [ 129.212328, 36.7484355 ], [ 129.2125232, 36.7480446 ], [ 129.2128812, 36.748102 ], [ 129.213013499999988, 36.7484059 ], [ 129.2130832, 36.7486939 ], [ 129.2130778, 36.7488916 ], [ 129.2125414, 36.7489948 ], [ 129.2133031, 36.7491022 ], [ 129.2144511, 36.7488959 ], [ 129.214874900000012, 36.7489776 ], [ 129.2154167, 36.7489131 ], [ 129.215921, 36.7489819 ], [ 129.216187100000013, 36.7489059 ], [ 129.2166307, 36.748788 ], [ 129.216852499999987, 36.7486758 ], [ 129.21704170000001, 36.7485392 ], [ 129.2171281, 36.7485205 ], [ 129.2171748, 36.7485803 ], [ 129.2171631, 36.7486814 ], [ 129.2171234, 36.7487674 ], [ 129.2168689, 36.748992 ], [ 129.2166728, 36.7491435 ], [ 129.216535, 36.7492876 ], [ 129.2165467, 36.7494054 ], [ 129.2166847, 36.7495063 ], [ 129.2169456, 36.7494934 ], [ 129.217401599999988, 36.7490592 ], [ 129.2176258, 36.7488548 ], [ 129.2182473, 36.7487938 ], [ 129.218515700000012, 36.7485398 ], [ 129.2186295, 36.7481814 ], [ 129.2188734, 36.747797 ], [ 129.2190848, 36.747999 ], [ 129.218995400000011, 36.7483899 ], [ 129.219076699999988, 36.7487091 ], [ 129.2192962, 36.7490935 ], [ 129.219036, 36.7497125 ], [ 129.218475, 36.7501685 ], [ 129.2186539, 36.7505268 ], [ 129.2189629, 36.7510415 ], [ 129.2191255, 36.7516213 ], [ 129.2194101, 36.7517516 ], [ 129.219621499999988, 36.7515236 ], [ 129.2197353, 36.7513086 ], [ 129.219654, 36.7509242 ], [ 129.219654, 36.7506311 ], [ 129.220076799999987, 36.750403 ], [ 129.2203533, 36.750605 ], [ 129.2201825, 36.7509438 ], [ 129.220402, 36.7512304 ], [ 129.220646, 36.7510676 ], [ 129.221117600000014, 36.7507092 ], [ 129.2213208, 36.7502337 ], [ 129.22156480000001, 36.7495366 ], [ 129.2217355, 36.748846 ], [ 129.222052600000012, 36.7483899 ], [ 129.222605499999986, 36.7481163 ], [ 129.2231909, 36.7473931 ], [ 129.223223499999989, 36.7470087 ], [ 129.2232885, 36.7465266 ], [ 129.2235243, 36.7466308 ], [ 129.2237357, 36.7469696 ], [ 129.2239796, 36.7469435 ], [ 129.2245082, 36.7465787 ], [ 129.224744, 36.7460575 ], [ 129.2249847, 36.745724 ], [ 129.229850199999987, 36.7455253 ], [ 129.2310357, 36.7454832 ], [ 129.2309495, 36.7460672 ], [ 129.2300779, 36.7463898 ], [ 129.2289395, 36.7464875 ], [ 129.227736099999987, 36.7467351 ], [ 129.2265246, 36.746924 ], [ 129.22514240000001, 36.7474908 ], [ 129.224768399999988, 36.7477775 ], [ 129.224126, 36.7481163 ], [ 129.22309340000001, 36.7490544 ], [ 129.2228251, 36.7496408 ], [ 129.222670599999987, 36.7506571 ], [ 129.2223941, 36.7516018 ], [ 129.2227356, 36.7522011 ], [ 129.223077100000012, 36.7524292 ], [ 129.223605600000013, 36.7523119 ], [ 129.224191100000013, 36.7518624 ], [ 129.2247114, 36.751693 ], [ 129.2252887, 36.7515887 ], [ 129.225719700000013, 36.7516669 ], [ 129.2258986, 36.7518428 ], [ 129.2260124, 36.7520122 ], [ 129.225719700000013, 36.7522077 ], [ 129.224662599999988, 36.7521816 ], [ 129.2243293, 36.7524878 ], [ 129.224313, 36.7528135 ], [ 129.2239959, 36.7531783 ], [ 129.223182799999989, 36.7534259 ], [ 129.2230446, 36.7536213 ], [ 129.223158399999988, 36.7539862 ], [ 129.2243537, 36.7537712 ], [ 129.2248659, 36.7534129 ], [ 129.2255733, 36.7529047 ], [ 129.2262888, 36.7525073 ], [ 129.226711599999987, 36.7524292 ], [ 129.2268417, 36.7527353 ], [ 129.227297099999987, 36.7529634 ], [ 129.227305199999989, 36.753263 ], [ 129.2279069, 36.7534454 ], [ 129.228256499999986, 36.7531979 ], [ 129.228874499999989, 36.7533933 ], [ 129.228874499999989, 36.7536604 ], [ 129.229281, 36.7538168 ], [ 129.2305657, 36.7544357 ], [ 129.23127310000001, 36.7542663 ], [ 129.2315902, 36.7542728 ], [ 129.2316796, 36.7546246 ], [ 129.2319398, 36.7548982 ], [ 129.2326228, 36.7549894 ], [ 129.233387099999987, 36.7551653 ], [ 129.2346474, 36.7558167 ], [ 129.2358102, 36.7562076 ], [ 129.2362939, 36.7562281 ], [ 129.237029799999988, 36.7565333 ], [ 129.2367127, 36.7569502 ], [ 129.237485099999986, 36.7572564 ], [ 129.2381681, 36.7573867 ], [ 129.238656, 36.7574388 ], [ 129.238847600000014, 36.7575297 ], [ 129.2392739, 36.757732 ], [ 129.240550500000012, 36.7583769 ], [ 129.24098140000001, 36.7585332 ], [ 129.243119900000011, 36.7590348 ], [ 129.243201199999987, 36.7585528 ], [ 129.2435264, 36.7582401 ], [ 129.2441497, 36.7579864 ], [ 129.2466784, 36.7584293 ], [ 129.2470309, 36.7587417 ], [ 129.247413, 36.7592889 ], [ 129.2476895, 36.7599273 ], [ 129.247827699999988, 36.7606568 ], [ 129.2477246, 36.7607729 ], [ 129.2477949, 36.7608329 ], [ 129.247891, 36.7609407 ], [ 129.2479823, 36.7610818 ], [ 129.2480367, 36.7612265 ], [ 129.248052800000011, 36.7614429 ], [ 129.2480088, 36.7616427 ], [ 129.2479198, 36.7619823 ], [ 129.2478586, 36.7622214 ], [ 129.2478523, 36.7623982 ], [ 129.24791350000001, 36.7625946 ], [ 129.248005299999988, 36.7627567 ], [ 129.2481101, 36.7628544 ], [ 129.2482827, 36.7629439 ], [ 129.2484393, 36.7630197 ], [ 129.2487117, 36.7630709 ], [ 129.249024, 36.7630156 ], [ 129.2495872, 36.7629298 ], [ 129.2500843, 36.7628322 ], [ 129.2507046, 36.762815 ], [ 129.2515481, 36.7627884 ], [ 129.2522458, 36.762773 ], [ 129.2524982, 36.7627573 ], [ 129.252667300000013, 36.7627237 ], [ 129.2528427, 36.762672 ], [ 129.253237399999989, 36.7624417 ], [ 129.2535124, 36.7622963 ], [ 129.2537744, 36.7622202 ], [ 129.253977099999986, 36.7622129 ], [ 129.2541912, 36.7622645 ], [ 129.2543575, 36.7622892 ], [ 129.2545098, 36.7623419 ], [ 129.25462970000001, 36.7624026 ], [ 129.2547213, 36.7624491 ], [ 129.2549386, 36.7625988 ], [ 129.25543780000001, 36.7629964 ], [ 129.2555791, 36.7630779 ], [ 129.255813, 36.7631696 ], [ 129.256378399999988, 36.7632685 ], [ 129.257042899999988, 36.7633563 ], [ 129.2575735, 36.7634872 ], [ 129.258164599999986, 36.7637223 ], [ 129.2588198, 36.7640161 ], [ 129.259398, 36.7639659 ], [ 129.260633899999988, 36.7645652 ], [ 129.261954, 36.7649947 ], [ 129.2623783, 36.7649504 ], [ 129.262639799999988, 36.7648793 ], [ 129.2628453, 36.7647596 ], [ 129.2632422, 36.7644865 ], [ 129.2634103, 36.7640862 ], [ 129.2636765, 36.7639852 ], [ 129.2639427, 36.7640189 ], [ 129.2642042, 36.7640825 ], [ 129.2643023, 36.7642733 ], [ 129.2645732, 36.7642807 ], [ 129.2653764, 36.7642882 ], [ 129.265806, 36.7641648 ], [ 129.2661376, 36.7641872 ], [ 129.2670109, 36.7645725 ], [ 129.2673892, 36.7648681 ], [ 129.268234400000011, 36.7649541 ], [ 129.2688182, 36.7650028 ], [ 129.26926180000001, 36.7651973 ], [ 129.2700931, 36.7653245 ], [ 129.2708169, 36.7651786 ], [ 129.271419400000013, 36.7648232 ], [ 129.271624800000012, 36.76458 ], [ 129.271816300000012, 36.7641535 ], [ 129.2718443, 36.7640937 ], [ 129.2717182, 36.7640413 ], [ 129.271573499999988, 36.7636447 ], [ 129.271573499999988, 36.7635288 ], [ 129.271666900000014, 36.7632033 ], [ 129.2717089, 36.7628965 ], [ 129.2717182, 36.7626683 ], [ 129.271550100000013, 36.7622343 ], [ 129.2713867, 36.7620585 ], [ 129.271368, 36.7617853 ], [ 129.2712606, 36.7612092 ], [ 129.2713913, 36.760966 ], [ 129.2716062, 36.7609772 ], [ 129.2716062, 36.7612503 ], [ 129.2716202, 36.761516 ], [ 129.2718303, 36.7621707 ], [ 129.2719658, 36.762485 ], [ 129.2721199, 36.7627132 ], [ 129.2722506, 36.7632444 ], [ 129.2722506, 36.7634203 ], [ 129.272334699999988, 36.7638281 ], [ 129.2723253, 36.7640712 ], [ 129.2723207, 36.764378 ], [ 129.272316, 36.7648943 ], [ 129.272316, 36.7651562 ], [ 129.2724374, 36.7652684 ], [ 129.272867100000013, 36.7652235 ], [ 129.2732267, 36.7650514 ], [ 129.273553600000014, 36.7648943 ], [ 129.273913099999987, 36.7649504 ], [ 129.2749172, 36.7649317 ], [ 129.2751927, 36.7647746 ], [ 129.2753749, 36.7645314 ], [ 129.2755803, 36.7645277 ], [ 129.2758232, 36.7645651 ], [ 129.275874499999986, 36.7646848 ], [ 129.2760146, 36.7647484 ], [ 129.276486299999988, 36.764696 ], [ 129.2766684, 36.7645389 ], [ 129.2768179, 36.7643817 ], [ 129.276981299999989, 36.7640189 ], [ 129.277457700000014, 36.7635699 ], [ 129.2777192, 36.7634839 ], [ 129.278120800000011, 36.7634951 ], [ 129.278615800000011, 36.7635811 ], [ 129.2792136, 36.7636971 ], [ 129.279666600000013, 36.7639964 ], [ 129.2801149, 36.7641722 ], [ 129.2802924, 36.7642358 ], [ 129.2810069, 36.764363 ], [ 129.2816046, 36.7644341 ], [ 129.2819455, 36.7644678 ], [ 129.282010899999989, 36.7643855 ], [ 129.281684, 36.764277 ], [ 129.281665299999986, 36.7641273 ], [ 129.2818708, 36.763944 ], [ 129.2824172, 36.7637046 ], [ 129.2825667, 36.7635886 ], [ 129.2825386, 36.7633903 ], [ 129.2823985, 36.7631546 ], [ 129.282534, 36.7627917 ], [ 129.2825667, 36.7624139 ], [ 129.282660099999987, 36.7622755 ], [ 129.2829776, 36.7618602 ], [ 129.283038299999987, 36.7616768 ], [ 129.283080399999989, 36.7615272 ], [ 129.2832578, 36.7615459 ], [ 129.283379200000013, 36.7617143 ], [ 129.283458599999989, 36.7620547 ], [ 129.283496, 36.7622268 ], [ 129.283468, 36.7625822 ], [ 129.2833932, 36.7628628 ], [ 129.2833606, 36.7630237 ], [ 129.2835474, 36.7630574 ], [ 129.2838836, 36.7629601 ], [ 129.2840704, 36.7629788 ], [ 129.284159100000011, 36.7630536 ], [ 129.2843739, 36.7630013 ], [ 129.2846822, 36.7628778 ], [ 129.2854154, 36.7626496 ], [ 129.286143900000013, 36.7623765 ], [ 129.287035800000012, 36.7621183 ], [ 129.2874701, 36.7621408 ], [ 129.287699, 36.7621857 ], [ 129.287876399999988, 36.7622006 ], [ 129.2880025, 36.7620285 ], [ 129.2881566, 36.7620398 ], [ 129.2882921, 36.7620996 ], [ 129.28825, 36.7622306 ], [ 129.2883855, 36.7622717 ], [ 129.2891093, 36.7622605 ], [ 129.289581, 36.7622044 ], [ 129.2898098, 36.7621632 ], [ 129.2898285, 36.7621034 ], [ 129.2895249, 36.7619275 ], [ 129.2893848, 36.761733 ], [ 129.2893335, 36.7615758 ], [ 129.2896417, 36.7611306 ], [ 129.2897538, 36.7609847 ], [ 129.2899032, 36.7609473 ], [ 129.2900713, 36.7609548 ], [ 129.2900713, 36.7610633 ], [ 129.290010599999988, 36.7612765 ], [ 129.290076, 36.7616245 ], [ 129.2900433, 36.7618153 ], [ 129.290034, 36.7619387 ], [ 129.2900947, 36.7619462 ], [ 129.2901554, 36.761819 ], [ 129.29027210000001, 36.7617255 ], [ 129.290524299999987, 36.7615347 ], [ 129.290888599999988, 36.7613813 ], [ 129.2912202, 36.7612279 ], [ 129.2917852, 36.7610857 ], [ 129.2921028, 36.7610558 ], [ 129.2924904, 36.7609997 ], [ 129.2926725, 36.7608575 ], [ 129.292836, 36.7605956 ], [ 129.29292, 36.7604085 ], [ 129.292980699999987, 36.7603973 ], [ 129.2930508, 36.760532 ], [ 129.2930508, 36.7607378 ], [ 129.2930648, 36.76088 ], [ 129.293387, 36.7608014 ], [ 129.2938867, 36.7605956 ], [ 129.2943117, 36.7604123 ], [ 129.2945865, 36.7603494 ], [ 129.2947349, 36.7602751 ], [ 129.294954, 36.7602386 ], [ 129.2952459, 36.7602163 ], [ 129.2955294, 36.7602802 ], [ 129.295914, 36.7604283 ], [ 129.296260499999988, 36.7604747 ], [ 129.2965209, 36.760494 ], [ 129.296742599999988, 36.7604845 ], [ 129.2970335, 36.7603829 ], [ 129.297575200000011, 36.760184 ], [ 129.2978364, 36.7600226 ], [ 129.297982, 36.7599345 ], [ 129.2981574, 36.7598169 ], [ 129.298295700000011, 36.759763 ], [ 129.2983934, 36.7597717 ], [ 129.2984322, 36.7598269 ], [ 129.298460299999988, 36.759908 ], [ 129.2986306, 36.7599839 ], [ 129.298709699999989, 36.7600763 ], [ 129.298817899999989, 36.7600859 ], [ 129.298955299999989, 36.760045 ], [ 129.299088, 36.7599658 ], [ 129.2991988, 36.7599613 ], [ 129.299409, 36.7598936 ], [ 129.2996008, 36.7598502 ], [ 129.2997364, 36.7598888 ], [ 129.299817100000013, 36.7599628 ], [ 129.299923799999988, 36.7600418 ], [ 129.300043, 36.7600717 ], [ 129.3001433, 36.7600823 ], [ 129.3002323, 36.7600907 ], [ 129.3003924, 36.7600861 ], [ 129.300529, 36.7599791 ], [ 129.3006039, 36.7598513 ], [ 129.3006476, 36.7597338 ], [ 129.300722, 36.7596217 ], [ 129.3008944, 36.7594733 ], [ 129.301167, 36.7593253 ], [ 129.3013023, 36.7592771 ], [ 129.301426099999986, 36.7592027 ], [ 129.301535300000012, 36.7590975 ], [ 129.301553, 36.7590219 ], [ 129.301553399999989, 36.7589699 ], [ 129.3015586, 36.7588991 ], [ 129.3015594, 36.7588565 ], [ 129.3014777, 36.758625 ], [ 129.3013867, 36.7584855 ], [ 129.301355300000012, 36.7583156 ], [ 129.3013693, 36.7581692 ], [ 129.3014378, 36.7580103 ], [ 129.301480199999986, 36.7578997 ], [ 129.3016232, 36.7578435 ], [ 129.3018496, 36.7578265 ], [ 129.302176300000013, 36.7578741 ], [ 129.3025227, 36.7578816 ], [ 129.3029311, 36.7579312 ], [ 129.3032178, 36.7579556 ], [ 129.3035778, 36.7579606 ], [ 129.303776, 36.7579965 ], [ 129.3040478, 36.7580756 ], [ 129.3042045, 36.7581082 ], [ 129.3045157, 36.7580842 ], [ 129.3048264, 36.7580444 ], [ 129.305101900000011, 36.7580494 ], [ 129.305276, 36.7580543 ], [ 129.3053921, 36.7580039 ], [ 129.3054799, 36.7579314 ], [ 129.3055359, 36.7578492 ], [ 129.3056078, 36.7577646 ], [ 129.305668700000012, 36.7576779 ], [ 129.305799799999988, 36.7575781 ], [ 129.3063842, 36.7572743 ], [ 129.3065877, 36.7571877 ], [ 129.3067967, 36.7571305 ], [ 129.307062, 36.7571097 ], [ 129.3072842, 36.7571562 ], [ 129.307466799999986, 36.7572019 ], [ 129.307575, 36.7571903 ], [ 129.307673200000011, 36.7571112 ], [ 129.3077985, 36.7570281 ], [ 129.3079817, 36.7569696 ], [ 129.3082159, 36.7569584 ], [ 129.3083325, 36.7569539 ], [ 129.3084289, 36.7568981 ], [ 129.3085567, 36.7568182 ], [ 129.3086781, 36.7567313 ], [ 129.3088095, 36.7566629 ], [ 129.3090013, 36.7566151 ], [ 129.3092148, 36.7566497 ], [ 129.3095308, 36.7567509 ], [ 129.3098451, 36.7567948 ], [ 129.310107499999987, 36.7568417 ], [ 129.3102793, 36.7568563 ], [ 129.310416, 36.7568477 ], [ 129.3105534, 36.7568294 ], [ 129.310735599999987, 36.756771 ], [ 129.3111637, 36.7566667 ], [ 129.3112941, 36.7566405 ], [ 129.3114797, 36.7566456 ], [ 129.3116784, 36.7566553 ], [ 129.311837200000014, 36.7566325 ], [ 129.31195120000001, 36.7565454 ], [ 129.31209290000001, 36.7564508 ], [ 129.3122746, 36.7562614 ], [ 129.3127193, 36.7557964 ], [ 129.3128714, 36.7557148 ], [ 129.3129908, 36.755668 ], [ 129.3131191, 36.7556698 ], [ 129.3132223, 36.755707 ], [ 129.313296900000012, 36.7557667 ], [ 129.3133171, 36.7558638 ], [ 129.3133369, 36.7559871 ], [ 129.313350899999989, 36.7560551 ], [ 129.313379200000014, 36.7561305 ], [ 129.313533400000011, 36.7562047 ], [ 129.3138203, 36.7562984 ], [ 129.3140219, 36.7563364 ], [ 129.3142201, 36.7563343 ], [ 129.3143681, 36.7563226 ], [ 129.3145563, 36.7562876 ], [ 129.3147329, 36.7562876 ], [ 129.314923099999987, 36.7563186 ], [ 129.3150867, 36.7563514 ], [ 129.3152689, 36.7564093 ], [ 129.3154355, 36.7564338 ], [ 129.3155367, 36.7564173 ], [ 129.315674199999989, 36.7564058 ], [ 129.315787, 36.7563856 ], [ 129.3159542, 36.7563026 ], [ 129.316097500000012, 36.7562539 ], [ 129.3162501, 36.7562531 ], [ 129.3164228, 36.7562914 ], [ 129.3166133, 36.7563701 ], [ 129.316768200000013, 36.7564052 ], [ 129.3169451, 36.7564051 ], [ 129.3171037, 36.7563799 ], [ 129.3172411, 36.756345 ], [ 129.317411, 36.7563252 ], [ 129.3175689, 36.7563093 ], [ 129.3176865, 36.7563321 ], [ 129.317828100000014, 36.7562989 ], [ 129.3179632, 36.7562493 ], [ 129.3180448, 36.7561665 ], [ 129.3180983, 36.756057 ], [ 129.3182794, 36.7557368 ], [ 129.318351299999989, 36.7556137 ], [ 129.31844430000001, 36.7555147 ], [ 129.3185574, 36.7554314 ], [ 129.318692199999987, 36.755347 ], [ 129.3190588, 36.7552854 ], [ 129.3193076, 36.7552406 ], [ 129.3194969, 36.7553101 ], [ 129.3196312, 36.7554576 ], [ 129.3196975, 36.7555353 ], [ 129.319846399999989, 36.7555438 ], [ 129.3200158, 36.7555564 ], [ 129.3201812, 36.7555851 ], [ 129.32031, 36.7556678 ], [ 129.3205046, 36.7558403 ], [ 129.3206554, 36.7559818 ], [ 129.3207899, 36.7561273 ], [ 129.3209228, 36.756236 ], [ 129.3210532, 36.7563193 ], [ 129.321214700000013, 36.7563763 ], [ 129.321436, 36.756442 ], [ 129.3216789, 36.7564788 ], [ 129.3219099, 36.7564654 ], [ 129.3221392, 36.7564263 ], [ 129.3223414, 36.7563448 ], [ 129.3225081, 36.7562832 ], [ 129.322708, 36.7561715 ], [ 129.3228514, 36.7560615 ], [ 129.3229858, 36.7559293 ], [ 129.3231353, 36.7557946 ], [ 129.3232683, 36.755688 ], [ 129.3233827, 36.7556232 ], [ 129.3235731, 36.7555826 ], [ 129.3236935, 36.7555458 ], [ 129.323786399999989, 36.7554845 ], [ 129.323879799999986, 36.7553582 ], [ 129.3239954, 36.7552079 ], [ 129.3240362, 36.7550912 ], [ 129.324042600000013, 36.7549777 ], [ 129.324117699999988, 36.7548561 ], [ 129.3241947, 36.7547245 ], [ 129.3242051, 36.7546535 ], [ 129.3241821, 36.7545835 ], [ 129.324107, 36.7545588 ], [ 129.3239477, 36.7545633 ], [ 129.3238048, 36.7545862 ], [ 129.3236296, 36.7547161 ], [ 129.323566, 36.7548151 ], [ 129.3234693, 36.7549281 ], [ 129.3233591, 36.7550053 ], [ 129.3232013, 36.755066 ], [ 129.3230742, 36.7551261 ], [ 129.3229952, 36.7552031 ], [ 129.3229169, 36.7553092 ], [ 129.3228258, 36.7554345 ], [ 129.322677, 36.7555173 ], [ 129.3225266, 36.7556138 ], [ 129.3224008, 36.7557193 ], [ 129.322313799999989, 36.755809 ], [ 129.3221967, 36.7558973 ], [ 129.3220283, 36.7559207 ], [ 129.3218594, 36.7558611 ], [ 129.3216684, 36.7557694 ], [ 129.3215414, 36.7556783 ], [ 129.321473200000014, 36.7555635 ], [ 129.3214288, 36.7553452 ], [ 129.3213793, 36.7549679 ], [ 129.3213543, 36.7545787 ], [ 129.3213796, 36.7544118 ], [ 129.3214778, 36.7541297 ], [ 129.321494300000012, 36.7540505 ], [ 129.321466, 36.7539901 ], [ 129.321399500000012, 36.7539491 ], [ 129.3213303, 36.7539214 ], [ 129.3212441, 36.7539336 ], [ 129.3211292, 36.7539675 ], [ 129.320911700000011, 36.7540365 ], [ 129.3207928, 36.7540365 ], [ 129.320695199999989, 36.7539823 ], [ 129.320628, 36.7539106 ], [ 129.3206141, 36.7538106 ], [ 129.3206626, 36.7536067 ], [ 129.3207097, 36.7534991 ], [ 129.3207825, 36.7533878 ], [ 129.3209168, 36.7533209 ], [ 129.321016, 36.7532812 ], [ 129.321132299999988, 36.7532703 ], [ 129.3212636, 36.7532755 ], [ 129.3213955, 36.7533019 ], [ 129.3215212, 36.7533497 ], [ 129.3216509, 36.7534328 ], [ 129.3217914, 36.7535505 ], [ 129.321876, 36.7536547 ], [ 129.3219322, 36.7537597 ], [ 129.3219767, 36.7538266 ], [ 129.3220556, 36.7538815 ], [ 129.3222064, 36.7539314 ], [ 129.3223255, 36.7539411 ], [ 129.3224739, 36.7539477 ], [ 129.3226486, 36.753915 ], [ 129.322731299999987, 36.753862 ], [ 129.3228091, 36.7537997 ], [ 129.3229102, 36.7537132 ], [ 129.3230341, 36.7536619 ], [ 129.3231911, 36.7536518 ], [ 129.323350299999987, 36.753672 ], [ 129.3234773, 36.7536258 ], [ 129.323649100000011, 36.7535251 ], [ 129.3237378, 36.7534849 ], [ 129.3237959, 36.7534198 ], [ 129.324448, 36.7525523 ], [ 129.3246742, 36.7522386 ], [ 129.3247207, 36.7521262 ], [ 129.3247724, 36.7519378 ], [ 129.324773099999987, 36.7518414 ], [ 129.3247624, 36.7516933 ], [ 129.3247346, 36.7516042 ], [ 129.324774600000012, 36.7515081 ], [ 129.3248633, 36.7514629 ], [ 129.3249837, 36.7514458 ], [ 129.3250895, 36.7514572 ], [ 129.32522, 36.7515042 ], [ 129.3253118, 36.7516008 ], [ 129.325374900000014, 36.7516093 ], [ 129.3254456, 36.7516093 ], [ 129.325512800000013, 36.7515588 ], [ 129.3256534, 36.7515008 ], [ 129.3257514, 36.7514504 ], [ 129.3258482, 36.751444 ], [ 129.325942199999986, 36.7514787 ], [ 129.3260233, 36.7515221 ], [ 129.326130799999987, 36.7516135 ], [ 129.32618, 36.7517037 ], [ 129.3261876, 36.7517767 ], [ 129.3261542, 36.7518516 ], [ 129.3261195, 36.7519581 ], [ 129.3260563, 36.7520634 ], [ 129.3260792, 36.7521001 ], [ 129.326130400000011, 36.7521371 ], [ 129.3262158, 36.7521736 ], [ 129.3264576, 36.7522257 ], [ 129.326573599999989, 36.7522901 ], [ 129.3269386, 36.7524975 ], [ 129.3271119, 36.7525889 ], [ 129.3272408, 36.7526856 ], [ 129.327222400000011, 36.7528472 ], [ 129.3271657, 36.7530293 ], [ 129.3271168, 36.7531997 ], [ 129.3269879, 36.7532609 ], [ 129.3268544, 36.7533454 ], [ 129.3265075, 36.7534564 ], [ 129.3264694, 36.7534553 ], [ 129.3263928, 36.7534994 ], [ 129.326332400000013, 36.7535969 ], [ 129.3262724, 36.7537173 ], [ 129.3263117, 36.7538905 ], [ 129.3264366, 36.75414 ], [ 129.326398899999987, 36.7542732 ], [ 129.326402300000012, 36.7544072 ], [ 129.3264859, 36.7545958 ], [ 129.32650240000001, 36.7547138 ], [ 129.3264316, 36.7548465 ], [ 129.326413300000013, 36.7549367 ], [ 129.326343400000013, 36.7550132 ], [ 129.3262214, 36.7551049 ], [ 129.3261475, 36.7552274 ], [ 129.3261372, 36.7552768 ], [ 129.326109300000013, 36.7553482 ], [ 129.326097800000014, 36.7554217 ], [ 129.326097800000014, 36.7555494 ], [ 129.326085299999988, 36.7556605 ], [ 129.3261264, 36.7557883 ], [ 129.3260704, 36.7559727 ], [ 129.3259558, 36.7561337 ], [ 129.325886200000014, 36.7562401 ], [ 129.3258511, 36.7563057 ], [ 129.3258219, 36.7563901 ], [ 129.325803799999989, 36.7564917 ], [ 129.3257538, 36.7567518 ], [ 129.3256867, 36.756923 ], [ 129.3255909, 36.7569938 ], [ 129.3255096, 36.7570268 ], [ 129.3253164, 36.7570998 ], [ 129.3251936, 36.7570998 ], [ 129.3251339, 36.7571293 ], [ 129.3251029, 36.7571498 ], [ 129.3249759, 36.7573194 ], [ 129.3249482, 36.757386 ], [ 129.3249371, 36.7574705 ], [ 129.324959799999988, 36.7575616 ], [ 129.3252698, 36.7579978 ], [ 129.325289, 36.7581008 ], [ 129.32530220000001, 36.758217 ], [ 129.325268599999987, 36.758314 ], [ 129.3252152, 36.7584209 ], [ 129.325027799999987, 36.7585404 ], [ 129.3245383, 36.7586018 ], [ 129.324489199999988, 36.7586074 ], [ 129.3244546, 36.7586549 ], [ 129.3243821, 36.7587182 ], [ 129.3243128, 36.7587683 ], [ 129.3242171, 36.7587978 ], [ 129.324131599999987, 36.7587978 ], [ 129.3238333, 36.7587862 ], [ 129.3238215, 36.7588476 ], [ 129.323690199999987, 36.7593 ], [ 129.323676400000011, 36.7594381 ], [ 129.3236731, 36.759498 ], [ 129.3235893, 36.7595909 ], [ 129.32349640000001, 36.7596966 ], [ 129.323365200000012, 36.7597438 ], [ 129.323149, 36.7598632 ], [ 129.3230383, 36.7598819 ], [ 129.3229225, 36.7599053 ], [ 129.322745700000013, 36.7600322 ], [ 129.3223591, 36.7602844 ], [ 129.322210500000011, 36.7603331 ], [ 129.3220634, 36.7603443 ], [ 129.321889700000014, 36.7603375 ], [ 129.3218053, 36.760272 ], [ 129.321762299999989, 36.7602631 ], [ 129.321649799999989, 36.7602252 ], [ 129.321556, 36.7601071 ], [ 129.3214585, 36.7600589 ], [ 129.321325800000011, 36.7600376 ], [ 129.321264899999989, 36.7600378 ], [ 129.3211892, 36.7600968 ], [ 129.3211863, 36.7600715 ], [ 129.3211355, 36.760226 ], [ 129.3211267, 36.7602656 ], [ 129.3210847, 36.7604481 ], [ 129.3211039, 36.7607704 ], [ 129.3210775, 36.7608976 ], [ 129.3210229, 36.7609724 ], [ 129.3209333, 36.761005 ], [ 129.3208454, 36.7609787 ], [ 129.3207094, 36.7609694 ], [ 129.3205816, 36.7609236 ], [ 129.3205261, 36.7608976 ], [ 129.3204662, 36.7609011 ], [ 129.3203811, 36.7609287 ], [ 129.320314, 36.7610094 ], [ 129.320273, 36.76114 ], [ 129.3202561, 36.7612165 ], [ 129.320276, 36.7612566 ], [ 129.3203566, 36.7612165 ], [ 129.3204863, 36.7611187 ], [ 129.3205777, 36.7610809 ], [ 129.3207046, 36.7610723 ], [ 129.32095240000001, 36.7611085 ], [ 129.3211332, 36.7611033 ], [ 129.321241500000014, 36.7610364 ], [ 129.321377, 36.7608542 ], [ 129.32155370000001, 36.760714 ], [ 129.3218597, 36.7606444 ], [ 129.3221507, 36.7606916 ], [ 129.322374200000013, 36.7606457 ], [ 129.322681100000011, 36.7605622 ], [ 129.3229091, 36.7605296 ], [ 129.3231365, 36.7604841 ], [ 129.323362800000012, 36.7604669 ], [ 129.3234659, 36.7604674 ], [ 129.323536100000013, 36.7604674 ], [ 129.323598299999986, 36.7604521 ], [ 129.3237432, 36.7602882 ], [ 129.3238301, 36.7602347 ], [ 129.32393110000001, 36.7602146 ], [ 129.324141200000014, 36.7601685 ], [ 129.3243115, 36.7601421 ], [ 129.324488, 36.7601656 ], [ 129.3245861, 36.7601297 ], [ 129.3246508, 36.7600938 ], [ 129.3246978, 36.7600354 ], [ 129.3246737, 36.7599147 ], [ 129.324711900000011, 36.7597551 ], [ 129.324813400000011, 36.7596951 ], [ 129.3253494, 36.7596022 ], [ 129.3254709, 36.7596022 ], [ 129.325544900000011, 36.7595122 ], [ 129.3256259, 36.7594519 ], [ 129.327625, 36.7584511 ], [ 129.327687200000014, 36.7584656 ], [ 129.327738, 36.758473 ], [ 129.3277737, 36.7584587 ], [ 129.3278041, 36.7584141 ], [ 129.3279085, 36.7582362 ], [ 129.327936200000011, 36.758161 ], [ 129.327936200000011, 36.7581181 ], [ 129.3279233, 36.7579699 ], [ 129.3279521, 36.7578893 ], [ 129.328006, 36.7578245 ], [ 129.328131500000012, 36.7576951 ], [ 129.3282166, 36.7576426 ], [ 129.328414400000014, 36.7575226 ], [ 129.328462800000011, 36.7574665 ], [ 129.328494799999987, 36.7574027 ], [ 129.328494799999987, 36.7573462 ], [ 129.328476099999989, 36.7570183 ], [ 129.3284893, 36.7569238 ], [ 129.3285471, 36.7567591 ], [ 129.3286253, 36.7566443 ], [ 129.3287437, 36.756523 ], [ 129.328888799999987, 36.7564543 ], [ 129.3290517, 36.7563969 ], [ 129.3292353, 36.7563811 ], [ 129.329474, 36.7563962 ], [ 129.3298541, 36.7564248 ], [ 129.329741, 36.7557302 ], [ 129.33141470000001, 36.7544752 ], [ 129.332058499999988, 36.7537359 ], [ 129.330835400000012, 36.7529967 ], [ 129.3309212, 36.7517416 ], [ 129.329032899999987, 36.7502802 ], [ 129.32866820000001, 36.7488704 ], [ 129.3293763, 36.7480279 ], [ 129.330535, 36.7485609 ], [ 129.331522, 36.748217 ], [ 129.3331313, 36.7469275 ], [ 129.33465480000001, 36.746704 ], [ 129.33532, 36.7457583 ], [ 129.335641900000013, 36.7442281 ], [ 129.336478699999986, 36.7436263 ], [ 129.3322583, 36.7354071 ], [ 129.3320209, 36.7355723 ], [ 129.331586499999986, 36.7356433 ], [ 129.331666899999988, 36.7351941 ], [ 129.3321041, 36.7352661 ], [ 129.3321034, 36.7351347 ], [ 129.332038399999988, 36.7350162 ], [ 129.332257, 36.7348007 ], [ 129.3325331, 36.734708 ], [ 129.332832, 36.7348121 ], [ 129.3329808, 36.7336781 ], [ 129.3328953, 36.7326898 ], [ 129.331929699999989, 36.7322083 ], [ 129.330835400000012, 36.7309013 ], [ 129.330850700000013, 36.7307197 ], [ 129.3311962, 36.7308689 ], [ 129.331532399999986, 36.7309438 ], [ 129.331607100000014, 36.7307342 ], [ 129.3315417, 36.7304198 ], [ 129.3312802, 36.7301727 ], [ 129.3306638, 36.7299033 ], [ 129.3302248, 36.7298583 ], [ 129.329813800000011, 36.729776 ], [ 129.3297765, 36.7295365 ], [ 129.3299446, 36.7292745 ], [ 129.330505, 36.7290948 ], [ 129.331028, 36.7291397 ], [ 129.3319247, 36.7291771 ], [ 129.3324197, 36.7292595 ], [ 129.3326812, 36.7294391 ], [ 129.3328026, 36.7297985 ], [ 129.3330081, 36.7304946 ], [ 129.333344399999987, 36.7306294 ], [ 129.3336713, 36.7306368 ], [ 129.3343624, 36.7301428 ], [ 129.334848099999988, 36.7300455 ], [ 129.3355019, 36.7300006 ], [ 129.335726099999988, 36.7299781 ], [ 129.33598760000001, 36.7297685 ], [ 129.3361557, 36.7295365 ], [ 129.3363238, 36.7288777 ], [ 129.3362491, 36.7286606 ], [ 129.3358662, 36.728481 ], [ 129.335455200000013, 36.7283387 ], [ 129.3343157, 36.7280992 ], [ 129.3337833, 36.7279869 ], [ 129.3333911, 36.7278372 ], [ 129.333017500000011, 36.7279195 ], [ 129.3324384, 36.7281142 ], [ 129.3319247, 36.7282639 ], [ 129.331495, 36.7285259 ], [ 129.3309533, 36.7287355 ], [ 129.3307759, 36.7286681 ], [ 129.3307852, 36.7285034 ], [ 129.3310094, 36.7282938 ], [ 129.3311495, 36.7281142 ], [ 129.3313082, 36.7278222 ], [ 129.3317285, 36.7278297 ], [ 129.332120800000013, 36.7278447 ], [ 129.332447699999989, 36.7278447 ], [ 129.3328774, 36.7277399 ], [ 129.333774, 36.7274554 ], [ 129.3342223, 36.7273281 ], [ 129.3344558, 36.7274329 ], [ 129.3346613, 36.7276875 ], [ 129.334736, 36.7277548 ], [ 129.3349695, 36.7277548 ], [ 129.335399200000012, 36.727695 ], [ 129.3355766, 36.7275153 ], [ 129.33554860000001, 36.7273805 ], [ 129.3351843, 36.7272159 ], [ 129.3342877, 36.7269089 ], [ 129.334269, 36.7267742 ], [ 129.3346239, 36.7266844 ], [ 129.3350629, 36.7267667 ], [ 129.335586, 36.7269389 ], [ 129.335931499999987, 36.7269089 ], [ 129.336482600000011, 36.726632 ], [ 129.336884199999986, 36.7264149 ], [ 129.33751, 36.7261079 ], [ 129.3380797, 36.7261454 ], [ 129.3386028, 36.7263849 ], [ 129.338911, 36.7264448 ], [ 129.339284600000013, 36.7263924 ], [ 129.339630199999988, 36.7262202 ], [ 129.3400598, 36.7259732 ], [ 129.3406109, 36.7255315 ], [ 129.340312, 36.7253294 ], [ 129.3403027, 36.7251497 ], [ 129.3404801, 36.725 ], [ 129.3405268, 36.7247979 ], [ 129.3405455, 36.7245209 ], [ 129.340162600000014, 36.7243786 ], [ 129.340162600000014, 36.7242514 ], [ 129.3401532, 36.7240642 ], [ 129.339873, 36.7239295 ], [ 129.340125199999989, 36.7237797 ], [ 129.340835, 36.7233081 ], [ 129.3409378, 36.7231509 ], [ 129.34090040000001, 36.7229038 ], [ 129.3405268, 36.7228814 ], [ 129.34038670000001, 36.7228964 ], [ 129.3400598, 36.7227242 ], [ 129.3397703, 36.7227841 ], [ 129.3394247, 36.7229413 ], [ 129.338883, 36.7232931 ], [ 129.338714900000014, 36.7235851 ], [ 129.3385748, 36.7238321 ], [ 129.338313199999988, 36.7239894 ], [ 129.3380984, 36.7239295 ], [ 129.3381545, 36.7236375 ], [ 129.3380891, 36.7235552 ], [ 129.3376501, 36.72363 ], [ 129.3370056, 36.7238621 ], [ 129.3367815, 36.7240193 ], [ 129.3366414, 36.7242214 ], [ 129.3362771, 36.7243113 ], [ 129.3360716, 36.7242065 ], [ 129.3357914, 36.7243861 ], [ 129.3355953, 36.7246407 ], [ 129.335361799999987, 36.7249476 ], [ 129.3350629, 36.724985 ], [ 129.335034900000011, 36.7248353 ], [ 129.3349882, 36.7245957 ], [ 129.335175, 36.7242888 ], [ 129.335912900000011, 36.7235851 ], [ 129.3365667, 36.7233006 ], [ 129.3371831, 36.7230685 ], [ 129.3375567, 36.7229338 ], [ 129.3377248, 36.7227167 ], [ 129.3379023, 36.7224771 ], [ 129.338275900000014, 36.7224023 ], [ 129.3391538, 36.7223049 ], [ 129.3396022, 36.7223723 ], [ 129.339901, 36.7222525 ], [ 129.3403774, 36.7220504 ], [ 129.3408164, 36.7218782 ], [ 129.3411619, 36.721706 ], [ 129.341218, 36.7216461 ], [ 129.3410499, 36.7215338 ], [ 129.3408164, 36.7214365 ], [ 129.3405362, 36.7214215 ], [ 129.3403027, 36.7216536 ], [ 129.339686199999989, 36.7218408 ], [ 129.3396208, 36.7217434 ], [ 129.339648899999986, 36.7215039 ], [ 129.3395928, 36.7213467 ], [ 129.339340600000014, 36.7212943 ], [ 129.339284600000013, 36.721414 ], [ 129.339265899999987, 36.721721 ], [ 129.3389297, 36.7219306 ], [ 129.3386495, 36.7217884 ], [ 129.3385467, 36.7214664 ], [ 129.337986300000011, 36.7214066 ], [ 129.3377061, 36.721429 ], [ 129.3373886, 36.7215862 ], [ 129.336987, 36.7215787 ], [ 129.3364546, 36.7217135 ], [ 129.336081, 36.7220654 ], [ 129.335931499999987, 36.7223498 ], [ 129.335511200000013, 36.7226268 ], [ 129.334885500000013, 36.7227092 ], [ 129.334521200000012, 36.7226418 ], [ 129.3341196, 36.722552 ], [ 129.3337553, 36.7223274 ], [ 129.3337273, 36.7221702 ], [ 129.334213, 36.7218483 ], [ 129.3346893, 36.7215488 ], [ 129.335287099999988, 36.7212269 ], [ 129.3357541, 36.7211071 ], [ 129.3357167, 36.7209499 ], [ 129.3358662, 36.7208151 ], [ 129.3362678, 36.7209798 ], [ 129.3365853, 36.7210771 ], [ 129.3370243, 36.7208526 ], [ 129.3375287, 36.7205007 ], [ 129.3375474, 36.720306 ], [ 129.3370617, 36.7198269 ], [ 129.3371457, 36.7196697 ], [ 129.3374446, 36.7197745 ], [ 129.337743499999988, 36.7199616 ], [ 129.337986300000011, 36.7199991 ], [ 129.338201199999986, 36.719782 ], [ 129.3382105, 36.7195125 ], [ 129.33743530000001, 36.7190108 ], [ 129.3372952, 36.7188237 ], [ 129.337454, 36.718659 ], [ 129.3379957, 36.7187263 ], [ 129.3382105, 36.7187862 ], [ 129.3388363, 36.7187713 ], [ 129.33935, 36.7188985 ], [ 129.3400878, 36.7191231 ], [ 129.3404054, 36.7192804 ], [ 129.3404147, 36.71946 ], [ 129.3407603, 36.7195798 ], [ 129.3414888, 36.7199018 ], [ 129.341666300000014, 36.7201039 ], [ 129.3418624, 36.7202536 ], [ 129.342198700000012, 36.720321 ], [ 129.3427591, 36.7205306 ], [ 129.3433475, 36.7208451 ], [ 129.3436744, 36.7206878 ], [ 129.3440573, 36.7204108 ], [ 129.344580400000012, 36.7202836 ], [ 129.344655100000011, 36.7202162 ], [ 129.3445897, 36.7199841 ], [ 129.3438799, 36.7195948 ], [ 129.3434222, 36.7194001 ], [ 129.3428151, 36.7194451 ], [ 129.3422267, 36.7194301 ], [ 129.341133899999988, 36.7190632 ], [ 129.3402466, 36.7189584 ], [ 129.3395741, 36.7188536 ], [ 129.3391071, 36.7186365 ], [ 129.3392031, 36.7182109 ], [ 129.339312, 36.7181848 ], [ 129.3394624, 36.7181009 ], [ 129.3395069, 36.7181309 ], [ 129.3397208, 36.7181038 ], [ 129.339941399999987, 36.7181017 ], [ 129.3402443, 36.7181368 ], [ 129.3404171, 36.7181628 ], [ 129.340701599999989, 36.7182427 ], [ 129.341077899999988, 36.7182622 ], [ 129.341666300000014, 36.7185317 ], [ 129.3423108, 36.7188611 ], [ 129.3426657, 36.7188836 ], [ 129.3431794, 36.7186964 ], [ 129.3435436, 36.7186515 ], [ 129.3447859, 36.7191456 ], [ 129.345346299999989, 36.7194451 ], [ 129.3456732, 36.7198793 ], [ 129.34612150000001, 36.7199766 ], [ 129.3462208, 36.7201735 ], [ 129.346273700000012, 36.7200192 ], [ 129.3469715, 36.7195128 ], [ 129.3471462, 36.7194861 ], [ 129.3473477, 36.7195713 ], [ 129.3477093, 36.7197481 ], [ 129.3479068, 36.7197413 ], [ 129.3481016, 36.7196023 ], [ 129.3478867, 36.7194451 ], [ 129.347419699999989, 36.7192579 ], [ 129.346383, 36.7186515 ], [ 129.3458786, 36.718352 ], [ 129.3451781, 36.7180825 ], [ 129.3442628, 36.7178878 ], [ 129.3438519, 36.7179627 ], [ 129.3431607, 36.7181873 ], [ 129.3428618, 36.7181873 ], [ 129.3428338, 36.7180975 ], [ 129.343095299999987, 36.7178504 ], [ 129.3433382, 36.7176557 ], [ 129.34278710000001, 36.7170119 ], [ 129.3424042, 36.7166974 ], [ 129.3420492, 36.7167423 ], [ 129.3418624, 36.7166899 ], [ 129.3419185, 36.7164578 ], [ 129.34177840000001, 36.7163904 ], [ 129.3413861, 36.7165402 ], [ 129.341096599999986, 36.7167348 ], [ 129.3411246, 36.7170792 ], [ 129.3410499, 36.7172889 ], [ 129.3405455, 36.7172964 ], [ 129.3394154, 36.7175434 ], [ 129.339135199999987, 36.7176707 ], [ 129.3385187, 36.7177306 ], [ 129.3383039, 36.7176108 ], [ 129.3385094, 36.7173413 ], [ 129.338714900000014, 36.7170493 ], [ 129.339340600000014, 36.7166525 ], [ 129.3397142, 36.7163455 ], [ 129.3399197, 36.7161359 ], [ 129.339742300000012, 36.7159487 ], [ 129.3393873, 36.716046 ], [ 129.3391445, 36.7163156 ], [ 129.3389764, 36.7164054 ], [ 129.338883, 36.7162931 ], [ 129.3387242, 36.7161733 ], [ 129.3385467, 36.7163231 ], [ 129.3385561, 36.7165926 ], [ 129.3381358, 36.7166974 ], [ 129.337911600000012, 36.7162108 ], [ 129.3381638, 36.7159562 ], [ 129.3384814, 36.7155294 ], [ 129.338369300000011, 36.7153123 ], [ 129.3385561, 36.7152075 ], [ 129.3389484, 36.7149829 ], [ 129.3392753, 36.7149679 ], [ 129.339779600000014, 36.7149829 ], [ 129.340256, 36.7150353 ], [ 129.3405455, 36.7151027 ], [ 129.3409471, 36.7150652 ], [ 129.3412553, 36.7152824 ], [ 129.3415075, 36.7153872 ], [ 129.342067899999989, 36.7156417 ], [ 129.3425162, 36.7156941 ], [ 129.343142, 36.7160311 ], [ 129.3433195, 36.716338 ], [ 129.343973299999988, 36.7169894 ], [ 129.344141400000012, 36.717244 ], [ 129.344468299999988, 36.7175809 ], [ 129.344832599999989, 36.7176183 ], [ 129.3453276, 36.7174536 ], [ 129.3458133, 36.7174012 ], [ 129.346504399999986, 36.717783 ], [ 129.3467379, 36.7182023 ], [ 129.3469714, 36.7185916 ], [ 129.3473263, 36.718629 ], [ 129.347457100000014, 36.7185392 ], [ 129.347345, 36.7182697 ], [ 129.3471956, 36.7179402 ], [ 129.3469527, 36.7176482 ], [ 129.346523100000013, 36.7170119 ], [ 129.3461962, 36.71666 ], [ 129.345944, 36.7162632 ], [ 129.345514400000013, 36.7162557 ], [ 129.3449913, 36.7165402 ], [ 129.344459, 36.7165327 ], [ 129.3441321, 36.7163156 ], [ 129.3442255, 36.7161883 ], [ 129.3447859, 36.7160835 ], [ 129.345346299999989, 36.7156417 ], [ 129.3454583, 36.7154022 ], [ 129.3454583, 36.7151476 ], [ 129.345000700000014, 36.7144887 ], [ 129.34511280000001, 36.7137175 ], [ 129.3452435, 36.7133656 ], [ 129.345224800000011, 36.7131111 ], [ 129.3449353, 36.7129838 ], [ 129.344926, 36.7132159 ], [ 129.3448793, 36.7134405 ], [ 129.344561700000014, 36.7133507 ], [ 129.3442815, 36.7133656 ], [ 129.3438892, 36.7137475 ], [ 129.3436931, 36.714047 ], [ 129.3437304, 36.7147732 ], [ 129.343459599999989, 36.714908 ], [ 129.3434035, 36.7150428 ], [ 129.3433755, 36.7152674 ], [ 129.342749700000013, 36.7153572 ], [ 129.34218, 36.7154621 ], [ 129.3419185, 36.7152524 ], [ 129.342161299999987, 36.7149904 ], [ 129.342703, 36.7143839 ], [ 129.3426096, 36.7141518 ], [ 129.342142599999988, 36.7140395 ], [ 129.3417504, 36.7141368 ], [ 129.3416009, 36.7143165 ], [ 129.3412367, 36.7144513 ], [ 129.341003199999989, 36.7143614 ], [ 129.341227300000014, 36.7142267 ], [ 129.3412927, 36.714062 ], [ 129.3410872, 36.7138823 ], [ 129.340125199999989, 36.7140395 ], [ 129.3398357, 36.7143689 ], [ 129.3395368, 36.7145636 ], [ 129.3392379, 36.7144064 ], [ 129.3385748, 36.7144738 ], [ 129.3376594, 36.7147657 ], [ 129.3372765, 36.7149155 ], [ 129.33699630000001, 36.7150353 ], [ 129.3367254, 36.7149754 ], [ 129.3368002, 36.7147807 ], [ 129.3372018, 36.7145112 ], [ 129.3374446, 36.7142491 ], [ 129.3376501, 36.714032 ], [ 129.3375847, 36.7135828 ], [ 129.3378089, 36.7135378 ], [ 129.3380611, 36.71377 ], [ 129.3387616, 36.7136352 ], [ 129.3391445, 36.713448 ], [ 129.3395835, 36.7133282 ], [ 129.3404801, 36.7130811 ], [ 129.3408444, 36.7130437 ], [ 129.340881700000011, 36.7132983 ], [ 129.3414515, 36.7134929 ], [ 129.342086599999988, 36.7136052 ], [ 129.342544299999986, 36.7135903 ], [ 129.3429739, 36.7133881 ], [ 129.3432541, 36.713141 ], [ 129.3433382, 36.7125795 ], [ 129.343058, 36.7122875 ], [ 129.342600299999987, 36.7121153 ], [ 129.341685, 36.7119655 ], [ 129.3414888, 36.7117783 ], [ 129.3416756, 36.7114189 ], [ 129.3416196, 36.7112617 ], [ 129.341003199999989, 36.7112692 ], [ 129.3404988, 36.7108424 ], [ 129.3400972, 36.7108124 ], [ 129.339742300000012, 36.7110296 ], [ 129.3392939, 36.711374 ], [ 129.338826899999987, 36.7115986 ], [ 129.3385281, 36.7116435 ], [ 129.3377715, 36.7116585 ], [ 129.3371551, 36.7119206 ], [ 129.336828200000014, 36.711988 ], [ 129.3367628, 36.7118757 ], [ 129.33642660000001, 36.7115237 ], [ 129.3365853, 36.7111943 ], [ 129.3370804, 36.71079 ], [ 129.337799499999988, 36.710775 ], [ 129.338275900000014, 36.7109697 ], [ 129.3386028, 36.7109173 ], [ 129.338967, 36.7106402 ], [ 129.3393313, 36.7102883 ], [ 129.339191199999988, 36.7100861 ], [ 129.339191199999988, 36.7097941 ], [ 129.3391632, 36.7095994 ], [ 129.3390418, 36.7094197 ], [ 129.3389249, 36.7092812 ], [ 129.3376375, 36.7092812 ], [ 129.336876600000011, 36.7100563 ], [ 129.335203799999988, 36.7105647 ], [ 129.3343275, 36.7110064 ], [ 129.3328309, 36.7120507 ], [ 129.331929699999989, 36.7121367 ], [ 129.3309427, 36.711053 ], [ 129.3311358, 36.7094016 ], [ 129.3319512, 36.7086619 ], [ 129.3316293, 36.7080599 ], [ 129.330154099999987, 36.7081244 ], [ 129.3261791, 36.7076943 ], [ 129.3250203, 36.7078878 ], [ 129.3245751, 36.7080255 ], [ 129.32439, 36.708391 ], [ 129.3239005, 36.7085652 ], [ 129.323291, 36.7084243 ], [ 129.3229121, 36.7078061 ], [ 129.3225876, 36.7078771 ], [ 129.322091300000011, 36.7076556 ], [ 129.3216783, 36.7074878 ], [ 129.321107, 36.7070255 ], [ 129.320730200000014, 36.7068159 ], [ 129.320059, 36.7068271 ], [ 129.319594599999988, 36.7064285 ], [ 129.3188314, 36.7063152 ], [ 129.3181432, 36.7060772 ], [ 129.31566, 36.7045746 ], [ 129.315422500000011, 36.7044419 ], [ 129.2409332, 36.7231393 ], [ 129.2409773, 36.7233676 ], [ 129.24051510000001, 36.7233915 ], [ 129.240355, 36.7234351 ], [ 129.240276200000011, 36.7236057 ], [ 129.2400906, 36.7238591 ], [ 129.2393228, 36.7242422 ], [ 129.2378277, 36.7250905 ], [ 129.236507499999988, 36.7259655 ], [ 129.2275381, 36.7277197 ], [ 129.2234236, 36.7272627 ], [ 129.2233479, 36.7270134 ], [ 129.2232488, 36.7268149 ], [ 129.223028, 36.7265874 ], [ 129.2229944, 36.7267254 ], [ 129.222693099999987, 36.7273354 ], [ 129.2225228, 36.7277669 ], [ 129.222996099999989, 36.7280289 ], [ 129.2229087, 36.7282762 ], [ 129.2227524, 36.7284002 ], [ 129.222597900000011, 36.7283982 ], [ 129.2225038, 36.7290971 ], [ 129.222269899999986, 36.7296007 ], [ 129.222386300000011, 36.7300401 ], [ 129.222155500000014, 36.730653 ], [ 129.2218533, 36.7307181 ], [ 129.2216029, 36.7313587 ], [ 129.2211801, 36.7315793 ], [ 129.2103812, 36.7364482 ], [ 129.210329300000012, 36.7365568 ], [ 129.210128200000014, 36.7366229 ], [ 129.2098925, 36.7365327 ], [ 129.2095999, 36.7365104 ], [ 129.2094212, 36.7366634 ], [ 129.2089398, 36.7369427 ], [ 129.208692, 36.7368829 ], [ 129.208175, 36.7368598 ], [ 129.2081251, 36.7371483 ], [ 129.207437700000014, 36.7372942 ], [ 129.2073299, 36.73741 ], [ 129.2073409, 36.7375566 ], [ 129.2074761, 36.7377591 ], [ 129.2077323, 36.7380108 ], [ 129.2077729, 36.7382597 ], [ 129.2070752, 36.7382833 ], [ 129.2067913, 36.7381548 ] ], [ [ 129.2065093, 36.7391563 ], [ 129.206328899999988, 36.739265 ], [ 129.20596470000001, 36.7394835 ], [ 129.2058093, 36.7393262 ], [ 129.2065192, 36.7388425 ], [ 129.207061900000014, 36.7387068 ], [ 129.2075307, 36.7387725 ], [ 129.2076453, 36.738925 ], [ 129.2068701, 36.7392397 ], [ 129.2065093, 36.7391563 ] ], [ [ 129.213929799999988, 36.7477579 ], [ 129.2143201, 36.7476667 ], [ 129.214905499999986, 36.7479534 ], [ 129.2151657, 36.7481293 ], [ 129.2151251, 36.7482922 ], [ 129.2142957, 36.7484681 ], [ 129.2141024, 36.7485391 ], [ 129.214113200000014, 36.7486552 ], [ 129.214022, 36.7488314 ], [ 129.2134426, 36.7488615 ], [ 129.2133622, 36.7485778 ], [ 129.2132763, 36.7483457 ], [ 129.2132712, 36.7482661 ], [ 129.2136696, 36.7480316 ], [ 129.213929799999988, 36.7477579 ] ] ] ] } },
{ "type": "Feature", "properties": { "natural": "wood", "name": null }, "geometry": { "type": "MultiPolygon", "coordinates": [ [ [ [ 129.3594345, 36.4821205 ], [ 129.3595839, 36.4812643 ], [ 129.3608729, 36.4822857 ], [ 129.3628903, 36.4838177 ], [ 129.3646089, 36.4850642 ], [ 129.365580200000011, 36.4862808 ], [ 129.367112, 36.4866562 ], [ 129.368382200000013, 36.4868214 ], [ 129.3698253, 36.4878479 ], [ 129.371766799999989, 36.4886964 ], [ 129.3721258, 36.4890921 ], [ 129.3729049, 36.4897208 ], [ 129.3731315, 36.490453 ], [ 129.3728988, 36.4907364 ], [ 129.372891399999986, 36.4910975 ], [ 129.3730161, 36.4912676 ], [ 129.3732977, 36.4913749 ], [ 129.3735068, 36.4912876 ], [ 129.373807, 36.4914925 ], [ 129.3740443, 36.4915 ], [ 129.3743888, 36.4918396 ], [ 129.3748098, 36.4918288 ], [ 129.3755749, 36.4919316 ], [ 129.3760933, 36.4919309 ], [ 129.376894, 36.4917829 ], [ 129.3768432, 36.4920389 ], [ 129.377066, 36.4922078 ], [ 129.377701800000011, 36.4923638 ], [ 129.378032499999989, 36.492669 ], [ 129.3779394, 36.4931338 ], [ 129.3781501, 36.4935026 ], [ 129.378657299999986, 36.4939303 ], [ 129.3788908, 36.4947072 ], [ 129.3792077, 36.4954332 ], [ 129.3800622, 36.4939608 ], [ 129.3811581, 36.4929758 ], [ 129.3823735, 36.4923081 ], [ 129.38299, 36.4920851 ], [ 129.3829871, 36.4919676 ], [ 129.3837835, 36.4918416 ], [ 129.3842391, 36.4918568 ], [ 129.3845816, 36.4919907 ], [ 129.3847653, 36.4916762 ], [ 129.3847491, 36.4914489 ], [ 129.3852908, 36.4909845 ], [ 129.3853765, 36.4904781 ], [ 129.3857968, 36.4905602 ], [ 129.3859156, 36.4906817 ], [ 129.3866899, 36.4906457 ], [ 129.386992099999986, 36.4904798 ], [ 129.387198, 36.4904761 ], [ 129.3872906, 36.4903017 ], [ 129.3876883, 36.4899415 ], [ 129.38778880000001, 36.4899651 ], [ 129.387821800000012, 36.4900706 ], [ 129.3879545, 36.4902405 ], [ 129.3881929, 36.4902961 ], [ 129.3886183, 36.4899039 ], [ 129.3886161, 36.4888561 ], [ 129.3887858, 36.4888453 ], [ 129.3889073, 36.4884412 ], [ 129.3889273, 36.4882489 ], [ 129.3890328, 36.4878736 ], [ 129.389027199999987, 36.4876089 ], [ 129.3889595, 36.487424 ], [ 129.3882601, 36.4868559 ], [ 129.3877133, 36.4862003 ], [ 129.3875423, 36.4858023 ], [ 129.387153899999987, 36.4857698 ], [ 129.3870085, 36.485881 ], [ 129.3867894, 36.4856261 ], [ 129.3864156, 36.4853809 ], [ 129.3860051, 36.4852518 ], [ 129.3856394, 36.4852796 ], [ 129.3846529, 36.4851393 ], [ 129.3842081, 36.4853978 ], [ 129.38373630000001, 36.4855101 ], [ 129.3822808, 36.4861935 ], [ 129.3814647, 36.4863149 ], [ 129.380833, 36.4865619 ], [ 129.380980599999987, 36.4862736 ], [ 129.3812421, 36.4861683 ], [ 129.3827564, 36.4854762 ], [ 129.3829475, 36.4853211 ], [ 129.3840126, 36.4847856 ], [ 129.3842886, 36.4847225 ], [ 129.3848571, 36.4847728 ], [ 129.3847743, 36.4845857 ], [ 129.3846413, 36.4845058 ], [ 129.3845484, 36.4843103 ], [ 129.384614699999986, 36.4841546 ], [ 129.385357, 36.4847128 ], [ 129.385670800000014, 36.484744 ], [ 129.386210799999986, 36.4850609 ], [ 129.386478399999987, 36.4851097 ], [ 129.3868412, 36.4850795 ], [ 129.3882174, 36.4854756 ], [ 129.388702099999989, 36.4860598 ], [ 129.3885808, 36.4862867 ], [ 129.38871420000001, 36.4864531 ], [ 129.389071800000011, 36.4866356 ], [ 129.3896503, 36.4871901 ], [ 129.389499699999988, 36.4873064 ], [ 129.3900903, 36.4875504 ], [ 129.39127160000001, 36.4872416 ], [ 129.3921034, 36.4869359 ], [ 129.392057200000011, 36.4866434 ], [ 129.3936002, 36.4857851 ], [ 129.3940579, 36.484807 ], [ 129.393703, 36.4844072 ], [ 129.393767200000013, 36.4840476 ], [ 129.392710599999987, 36.4825579 ], [ 129.3925494, 36.4822519 ], [ 129.392498100000012, 36.4820079 ], [ 129.3925319, 36.4812794 ], [ 129.39270590000001, 36.4803857 ], [ 129.392820300000011, 36.4801003 ], [ 129.3928717, 36.4788762 ], [ 129.3931052, 36.4781101 ], [ 129.3930071, 36.4779149 ], [ 129.3920381, 36.4777872 ], [ 129.3921047, 36.4775281 ], [ 129.3932074, 36.4777215 ], [ 129.3935486, 36.4776718 ], [ 129.393642199999988, 36.4773441 ], [ 129.393205599999987, 36.4767133 ], [ 129.3930479, 36.4764654 ], [ 129.3926329, 36.4764504 ], [ 129.3925261, 36.4756393 ], [ 129.3928623, 36.4755078 ], [ 129.3927549, 36.4748601 ], [ 129.3925331, 36.4746976 ], [ 129.3927736, 36.474554 ], [ 129.3927759, 36.474094 ], [ 129.3926708, 36.4739382 ], [ 129.3921455, 36.4737824 ], [ 129.3913878, 36.4736631 ], [ 129.3911771, 36.4736899 ], [ 129.390856899999989, 36.4736244 ], [ 129.3907762, 36.4735241 ], [ 129.3900167, 36.473395 ], [ 129.389514, 36.4735777 ], [ 129.3894205, 36.4737691 ], [ 129.3889045, 36.4738518 ], [ 129.3886838, 36.4742198 ], [ 129.388298, 36.4744038 ], [ 129.3882872, 36.4745859 ], [ 129.3877587, 36.4749999 ], [ 129.387337699999989, 36.4750572 ], [ 129.3873494, 36.4749126 ], [ 129.3866921, 36.4749793 ], [ 129.385653600000012, 36.4753506 ], [ 129.3846627, 36.4755362 ], [ 129.3841768, 36.4759187 ], [ 129.3829065, 36.4761514 ], [ 129.3822714, 36.4759167 ], [ 129.3815581, 36.4762722 ], [ 129.381237, 36.4757266 ], [ 129.382238699999988, 36.4755364 ], [ 129.3828785, 36.4757195 ], [ 129.3837191, 36.4755354 ], [ 129.3844755, 36.4751446 ], [ 129.3859788, 36.4746704 ], [ 129.387431099999986, 36.4744639 ], [ 129.3880665, 36.4738692 ], [ 129.3883056, 36.4737874 ], [ 129.3889022, 36.4731762 ], [ 129.38865, 36.4720117 ], [ 129.3882764, 36.4716962 ], [ 129.387566600000014, 36.4713057 ], [ 129.3871743, 36.4710954 ], [ 129.386651199999989, 36.4710353 ], [ 129.3862963, 36.4709151 ], [ 129.3864458, 36.4689923 ], [ 129.386782, 36.4672197 ], [ 129.3865578, 36.4657174 ], [ 129.3856238, 36.4646959 ], [ 129.3833262, 36.4641551 ], [ 129.381981200000013, 36.4646658 ], [ 129.381906500000014, 36.4668591 ], [ 129.380748399999987, 36.4685416 ], [ 129.3794665, 36.46961 ], [ 129.379763, 36.4683125 ], [ 129.3797303, 36.4674976 ], [ 129.380038500000012, 36.4669943 ], [ 129.3796089, 36.4660592 ], [ 129.379819, 36.4656893 ], [ 129.3795342, 36.4647109 ], [ 129.3790205, 36.4643842 ], [ 129.378539499999988, 36.4649344 ], [ 129.3783597, 36.46551 ], [ 129.3784986, 36.4656738 ], [ 129.3785401, 36.4659548 ], [ 129.3786869, 36.4662718 ], [ 129.378498799999988, 36.4669523 ], [ 129.3784367, 36.4672693 ], [ 129.3779309, 36.4677353 ], [ 129.3773464, 36.4687683 ], [ 129.377331700000013, 36.4689491 ], [ 129.3771342, 36.4691895 ], [ 129.3771008, 36.4696365 ], [ 129.3771317, 36.4699712 ], [ 129.377050700000012, 36.4700925 ], [ 129.3768483, 36.4701085 ], [ 129.3768543, 36.4698703 ], [ 129.376775900000013, 36.4694356 ], [ 129.376918, 36.469062 ], [ 129.376980800000013, 36.4686867 ], [ 129.377250299999986, 36.4680642 ], [ 129.377453, 36.4677733 ], [ 129.378141199999988, 36.4671206 ], [ 129.378259899999989, 36.4664776 ], [ 129.378037799999987, 36.465767 ], [ 129.3777679, 36.465577 ], [ 129.3776937, 36.4653055 ], [ 129.3775445, 36.4652035 ], [ 129.376849, 36.4661343 ], [ 129.3766645, 36.4671239 ], [ 129.3765827, 36.4672347 ], [ 129.375200400000011, 36.4683313 ], [ 129.371184199999988, 36.4683614 ], [ 129.370418300000011, 36.4684365 ], [ 129.3689426, 36.4696383 ], [ 129.3683589, 36.4697284 ], [ 129.3685247, 36.4694542 ], [ 129.3690139, 36.4682168 ], [ 129.3693145, 36.4675117 ], [ 129.3687559, 36.4671859 ], [ 129.3689053, 36.4667108 ], [ 129.368555, 36.4667361 ], [ 129.3678568, 36.4665835 ], [ 129.3675369, 36.4664122 ], [ 129.36741090000001, 36.4661512 ], [ 129.3670466, 36.4659944 ], [ 129.3669112, 36.465755 ], [ 129.3668341, 36.465432 ], [ 129.366903, 36.4650902 ], [ 129.3668907, 36.4647728 ], [ 129.36642710000001, 36.4646812 ], [ 129.3660597, 36.4647246 ], [ 129.36447720000001, 36.4657672 ], [ 129.3640964, 36.4659276 ], [ 129.3643075, 36.4655002 ], [ 129.3652156, 36.4649651 ], [ 129.3660315, 36.4643411 ], [ 129.3664734, 36.4642828 ], [ 129.3666963, 36.4641503 ], [ 129.3667265, 36.4640873 ], [ 129.3666197, 36.4637778 ], [ 129.3666435, 36.4636591 ], [ 129.3659805, 36.4633153 ], [ 129.365285, 36.4630205 ], [ 129.364974, 36.4629073 ], [ 129.3648124, 36.4628811 ], [ 129.361582700000014, 36.4642452 ], [ 129.360107, 36.4639598 ], [ 129.3590796, 36.4638546 ], [ 129.3582577, 36.4643053 ], [ 129.3572489, 36.4658226 ], [ 129.3562776, 36.4664836 ], [ 129.3549887, 36.4697134 ], [ 129.3546151, 36.4707949 ], [ 129.3540194, 36.4719355 ], [ 129.3541951, 36.4723142 ], [ 129.3542938, 36.472521 ], [ 129.354333, 36.4727252 ], [ 129.3541746, 36.4730955 ], [ 129.354033, 36.4732112 ], [ 129.3537481, 36.4736055 ], [ 129.353668699999986, 36.4738646 ], [ 129.3535987, 36.4740486 ], [ 129.3532578, 36.4740674 ], [ 129.3530811, 36.4744229 ], [ 129.3527814, 36.4746494 ], [ 129.352449900000011, 36.4747659 ], [ 129.352269299999989, 36.4748973 ], [ 129.351954799999987, 36.4753066 ], [ 129.351754, 36.4754193 ], [ 129.3515672, 36.4755657 ], [ 129.3514408, 36.475786 ], [ 129.3513384, 36.4760126 ], [ 129.351301, 36.4762604 ], [ 129.3510862, 36.4765158 ], [ 129.35082, 36.4766697 ], [ 129.3506987, 36.4768632 ], [ 129.350367, 36.4770528 ], [ 129.3501157, 36.4772292 ], [ 129.349791900000014, 36.4775786 ], [ 129.349498399999987, 36.4775635 ], [ 129.3492929, 36.4775334 ], [ 129.349003399999987, 36.4775747 ], [ 129.3486438, 36.4776348 ], [ 129.3481955, 36.4778451 ], [ 129.3480087, 36.4780066 ], [ 129.3479573, 36.478183 ], [ 129.3482048, 36.4782619 ], [ 129.348354300000011, 36.4783182 ], [ 129.3485364, 36.4784985 ], [ 129.348606499999988, 36.4790655 ], [ 129.3486298, 36.479287 ], [ 129.3486718, 36.4795424 ], [ 129.3485551, 36.4797376 ], [ 129.348298199999988, 36.4798728 ], [ 129.347739100000013, 36.479981 ], [ 129.3476224, 36.4799998 ], [ 129.3474122, 36.4802025 ], [ 129.3471227, 36.4802964 ], [ 129.3469499, 36.4803978 ], [ 129.3467771, 36.4806156 ], [ 129.346581, 36.4809235 ], [ 129.3466417, 36.4811 ], [ 129.3466837, 36.481881 ], [ 129.3467584, 36.4821513 ], [ 129.346679, 36.4823691 ], [ 129.346623, 36.4827559 ], [ 129.3465062, 36.4829699 ], [ 129.346482900000012, 36.4831426 ], [ 129.3467958, 36.483428 ], [ 129.347052600000012, 36.4835444 ], [ 129.347318800000011, 36.4836045 ], [ 129.347813800000011, 36.4838335 ], [ 129.3480894, 36.4840926 ], [ 129.3482808, 36.4842052 ], [ 129.3486591, 36.4843216 ], [ 129.3490467, 36.4847384 ], [ 129.349307900000014, 36.4851279 ], [ 129.3494528, 36.4853392 ], [ 129.3497693, 36.4854298 ], [ 129.3500321, 36.485598 ], [ 129.350563200000011, 36.4859258 ], [ 129.3508904, 36.4861328 ], [ 129.35147520000001, 36.486452 ], [ 129.351786299999986, 36.4866073 ], [ 129.3520116, 36.4867194 ], [ 129.3525641, 36.4868013 ], [ 129.3529504, 36.4869868 ], [ 129.3531918, 36.4871162 ], [ 129.3532079, 36.4874483 ], [ 129.3532454, 36.4878149 ], [ 129.3539428, 36.4885006 ], [ 129.3542056, 36.4886559 ], [ 129.354667, 36.488837 ], [ 129.3557774, 36.4894193 ], [ 129.3569898, 36.4900058 ], [ 129.357327700000013, 36.4901136 ], [ 129.3577247, 36.4900921 ], [ 129.3579339, 36.4900187 ], [ 129.3579822, 36.4897643 ], [ 129.3579929, 36.4893761 ], [ 129.3582075, 36.4893287 ], [ 129.3584113, 36.4893891 ], [ 129.358550799999989, 36.4895357 ], [ 129.35894780000001, 36.489816 ], [ 129.3595003, 36.4896651 ], [ 129.359832899999986, 36.4893589 ], [ 129.360149400000012, 36.4891605 ], [ 129.3610775, 36.4887508 ], [ 129.3613832, 36.4885308 ], [ 129.362000099999989, 36.4881297 ], [ 129.362289800000013, 36.4880909 ], [ 129.36266, 36.4881599 ], [ 129.3630516, 36.488341 ], [ 129.363588, 36.4885524 ], [ 129.363985, 36.4885092 ], [ 129.3648701, 36.4880564 ], [ 129.3653529, 36.4877717 ], [ 129.365074, 36.4876337 ], [ 129.3648862, 36.4874181 ], [ 129.3643337, 36.4870429 ], [ 129.3637436, 36.4864477 ], [ 129.36351830000001, 36.4862493 ], [ 129.363094499999988, 36.4858482 ], [ 129.362837, 36.4856756 ], [ 129.362558, 36.4857231 ], [ 129.3623327, 36.4858309 ], [ 129.3620055, 36.486176 ], [ 129.3617427, 36.4866116 ], [ 129.361501299999986, 36.4868272 ], [ 129.3613671, 36.4870084 ], [ 129.361088200000012, 36.4871895 ], [ 129.3608575, 36.4872068 ], [ 129.3608039, 36.4870903 ], [ 129.3610185, 36.486935 ], [ 129.3612008, 36.4867108 ], [ 129.3612867, 36.4865037 ], [ 129.3613564, 36.4859646 ], [ 129.361528099999987, 36.4858266 ], [ 129.3619894, 36.4855376 ], [ 129.3621611, 36.4854039 ], [ 129.3618875, 36.4851279 ], [ 129.3616461, 36.4851796 ], [ 129.361608499999988, 36.4853608 ], [ 129.361174, 36.4855031 ], [ 129.3609755, 36.4853479 ], [ 129.3611311, 36.4849726 ], [ 129.3613832, 36.484813 ], [ 129.3615173, 36.4845499 ], [ 129.3614476, 36.484386 ], [ 129.3612091, 36.484118 ], [ 129.3602377, 36.4831868 ], [ 129.3594345, 36.4821205 ] ], [ [ 129.3494263, 36.4810679 ], [ 129.3489874, 36.4810394 ], [ 129.348591, 36.4810394 ], [ 129.348407, 36.4809597 ], [ 129.3485485, 36.4807548 ], [ 129.3490086, 36.4806581 ], [ 129.3493272, 36.4804418 ], [ 129.3494546, 36.4802711 ], [ 129.3494546, 36.4798783 ], [ 129.349674, 36.4796734 ], [ 129.3496811, 36.4791271 ], [ 129.3498227, 36.4789734 ], [ 129.349943, 36.4787628 ], [ 129.3507428, 36.4787343 ], [ 129.3510755, 36.4788083 ], [ 129.351146300000011, 36.4789734 ], [ 129.351146300000011, 36.4791555 ], [ 129.3514011, 36.4793604 ], [ 129.3516701, 36.479497 ], [ 129.3519249, 36.4798044 ], [ 129.351910800000013, 36.4799979 ], [ 129.3517975, 36.4801231 ], [ 129.3512242, 36.4800775 ], [ 129.350856099999987, 36.4800206 ], [ 129.350665, 36.4800605 ], [ 129.350622499999986, 36.4802426 ], [ 129.3508703, 36.4804133 ], [ 129.3511322, 36.4804816 ], [ 129.351379900000012, 36.480493 ], [ 129.351847099999986, 36.4805329 ], [ 129.3521302, 36.4805442 ], [ 129.3522647, 36.4806524 ], [ 129.3523567, 36.4808231 ], [ 129.35223640000001, 36.4809142 ], [ 129.3517267, 36.4811077 ], [ 129.3515285, 36.4812386 ], [ 129.35121, 36.4812898 ], [ 129.3508349, 36.4812101 ], [ 129.3504809, 36.4810565 ], [ 129.3500704, 36.4810622 ], [ 129.3498014, 36.4810565 ], [ 129.3494263, 36.4810679 ] ] ], [ [ [ 129.3315151, 36.4405049 ], [ 129.3315183, 36.4411028 ], [ 129.3312402, 36.4413494 ], [ 129.3305827, 36.4414088 ], [ 129.3305651, 36.4409009 ], [ 129.3303105, 36.4408351 ], [ 129.330293899999987, 36.4405339 ], [ 129.3306596, 36.4402699 ], [ 129.3307077, 36.440066 ], [ 129.33001, 36.4404997 ], [ 129.3297449, 36.4407511 ], [ 129.329683499999987, 36.440915 ], [ 129.3289445, 36.4410624 ], [ 129.3289772, 36.4412502 ], [ 129.3287507, 36.4412615 ], [ 129.3285907, 36.4409177 ], [ 129.327730300000013, 36.4415733 ], [ 129.327394, 36.4422195 ], [ 129.3270204, 36.4433015 ], [ 129.3270018, 36.4444436 ], [ 129.325675499999988, 36.4460064 ], [ 129.3250964, 36.4467577 ], [ 129.3250964, 36.4477194 ], [ 129.324872199999987, 36.4489215 ], [ 129.3254326, 36.450334 ], [ 129.3254513, 36.4519868 ], [ 129.3261238, 36.4528884 ], [ 129.3269084, 36.4534293 ], [ 129.327580899999987, 36.4539552 ], [ 129.328589599999987, 36.4548567 ], [ 129.331279599999988, 36.4554877 ], [ 129.3311675, 36.4563141 ], [ 129.3298225, 36.4563141 ], [ 129.3292621, 36.4564043 ], [ 129.3293742, 36.4569752 ], [ 129.329561, 36.4581772 ], [ 129.3293742, 36.4588983 ], [ 129.3298972, 36.4596646 ], [ 129.3309246, 36.4615877 ], [ 129.330551, 36.4626694 ], [ 129.3297291, 36.4636008 ], [ 129.3289685, 36.4635048 ], [ 129.3279037, 36.4627987 ], [ 129.3270444, 36.4615218 ], [ 129.327642200000014, 36.4585771 ], [ 129.3280345, 36.4571949 ], [ 129.3271192, 36.4558727 ], [ 129.3262972, 36.4551365 ], [ 129.325624800000014, 36.4543552 ], [ 129.325755500000014, 36.4551215 ], [ 129.3249523, 36.4551966 ], [ 129.3243172, 36.4527926 ], [ 129.3241117, 36.4513652 ], [ 129.3243545, 36.4493818 ], [ 129.3242611, 36.4476088 ], [ 129.323719399999987, 36.4474885 ], [ 129.322860100000014, 36.449457 ], [ 129.322225, 36.4509896 ], [ 129.320973400000014, 36.4524771 ], [ 129.3206559, 36.4534537 ], [ 129.3202823, 36.4545205 ], [ 129.319105400000012, 36.4554821 ], [ 129.3182462, 36.4565939 ], [ 129.3174616, 36.4575254 ], [ 129.316004600000014, 36.4586672 ], [ 129.3139124, 36.4593884 ], [ 129.314248600000013, 36.4606053 ], [ 129.313165199999986, 36.4601546 ], [ 129.3129971, 36.4590128 ], [ 129.3139871, 36.4576456 ], [ 129.315182600000014, 36.4565939 ], [ 129.3173308, 36.4539495 ], [ 129.3183396, 36.4522367 ], [ 129.3202449, 36.4497875 ], [ 129.320824, 36.4491114 ], [ 129.322225, 36.4483751 ], [ 129.3221876, 36.4473683 ], [ 129.3233832, 36.4453848 ], [ 129.3243172, 36.4447688 ], [ 129.3253819, 36.4432961 ], [ 129.326596099999989, 36.4405762 ], [ 129.326633500000014, 36.439374 ], [ 129.3280531, 36.4391936 ], [ 129.3294728, 36.4395844 ], [ 129.3312287, 36.4378712 ], [ 129.33022, 36.4368793 ], [ 129.3279411, 36.4354967 ], [ 129.3271939, 36.4324609 ], [ 129.3259423, 36.4327765 ], [ 129.3244479, 36.4328216 ], [ 129.32196350000001, 36.4332875 ], [ 129.3200208, 36.4339788 ], [ 129.318078, 36.4345198 ], [ 129.317088, 36.435121 ], [ 129.315687, 36.4374354 ], [ 129.31522, 36.4386526 ], [ 129.31226860000001, 36.4417032 ], [ 129.311147799999986, 36.4430256 ], [ 129.3109983, 36.4441977 ], [ 129.3099149, 36.4436417 ], [ 129.308308399999987, 36.4439423 ], [ 129.3052822, 36.4448289 ], [ 129.3038812, 36.4458807 ], [ 129.303376899999989, 36.4476538 ], [ 129.302088, 36.4482849 ], [ 129.300481499999989, 36.4497424 ], [ 129.2995101, 36.4496673 ], [ 129.3002947, 36.4481196 ], [ 129.3014155, 36.4469025 ], [ 129.30121, 36.4461662 ], [ 129.3028912, 36.4447988 ], [ 129.3060481, 36.4428153 ], [ 129.3084392, 36.4424546 ], [ 129.310139, 36.4423945 ], [ 129.311129099999988, 36.4413426 ], [ 129.312175200000013, 36.438863 ], [ 129.3136882, 36.4376458 ], [ 129.3140618, 36.4362782 ], [ 129.3134641, 36.435647 ], [ 129.312063099999989, 36.4349256 ], [ 129.3095973, 36.4350609 ], [ 129.3088128, 36.4347152 ], [ 129.3098962, 36.4334979 ], [ 129.3116334, 36.4334378 ], [ 129.313221199999987, 36.4344146 ], [ 129.3148277, 36.4350759 ], [ 129.3166584, 36.4339788 ], [ 129.3181341, 36.4331973 ], [ 129.3194417, 36.4330921 ], [ 129.3204878, 36.4324909 ], [ 129.3220382, 36.4318898 ], [ 129.323644699999988, 36.431514 ], [ 129.3245413, 36.4308377 ], [ 129.323868800000014, 36.4303568 ], [ 129.32289750000001, 36.4300562 ], [ 129.320973400000014, 36.4304319 ], [ 129.3193483, 36.4307325 ], [ 129.3187505, 36.4316343 ], [ 129.3172188, 36.4328667 ], [ 129.3163221, 36.433062 ], [ 129.3146783, 36.433558 ], [ 129.3137069, 36.4335279 ], [ 129.312324600000011, 36.4328667 ], [ 129.312175200000013, 36.431514 ], [ 129.3116521, 36.4307175 ], [ 129.30919080000001, 36.4305167 ], [ 129.3081271, 36.430851 ], [ 129.307299699999987, 36.4320551 ], [ 129.3066272, 36.4333025 ], [ 129.3056932, 36.4338736 ], [ 129.3033582, 36.4339938 ], [ 129.3018078, 36.4345349 ], [ 129.301508899999988, 36.4351961 ], [ 129.3009447, 36.4394942 ], [ 129.3008065, 36.439718 ], [ 129.2998202, 36.4407685 ], [ 129.2995326, 36.4409339 ], [ 129.299263599999989, 36.441018 ], [ 129.2987555, 36.4411533 ], [ 129.2984342, 36.4411879 ], [ 129.2978477, 36.4411661 ], [ 129.297282599999988, 36.4410223 ], [ 129.2969235, 36.4415431 ], [ 129.296867099999986, 36.4417246 ], [ 129.296941800000013, 36.4419569 ], [ 129.2972481, 36.4422359 ], [ 129.2963526, 36.4421214 ], [ 129.296458699999988, 36.4417542 ], [ 129.2963201, 36.4414266 ], [ 129.2958626, 36.4413689 ], [ 129.2958634, 36.4410061 ], [ 129.295733, 36.4407671 ], [ 129.2951521, 36.4403231 ], [ 129.2944704, 36.4399511 ], [ 129.292131500000011, 36.4396294 ], [ 129.291010699999987, 36.442139 ], [ 129.2888625, 36.4439423 ], [ 129.2875363, 36.4461963 ], [ 129.2874242, 36.447203 ], [ 129.2865649, 36.4474435 ], [ 129.2855935, 36.4482399 ], [ 129.284211199999987, 36.4504787 ], [ 129.2838003, 36.4514554 ], [ 129.283295900000013, 36.453018 ], [ 129.2827729, 36.4539495 ], [ 129.282343200000014, 36.4565038 ], [ 129.2817641, 36.4578259 ], [ 129.2819696, 36.4587123 ], [ 129.2818949, 36.4596438 ], [ 129.2816147, 36.4603349 ], [ 129.28150260000001, 36.4606955 ], [ 129.2826234, 36.4612513 ], [ 129.2826608, 36.4615518 ], [ 129.2817641, 36.4616119 ], [ 129.2809796, 36.4622128 ], [ 129.2805313, 36.4633546 ], [ 129.280106100000012, 36.4649786 ], [ 129.281065899999987, 36.4662691 ], [ 129.281166399999989, 36.4674708 ], [ 129.2821004, 36.4684473 ], [ 129.282417900000013, 36.4693937 ], [ 129.281073, 36.469649 ], [ 129.2807928, 36.4703701 ], [ 129.2805873, 36.4718723 ], [ 129.280195, 36.4724731 ], [ 129.280195, 36.4733443 ], [ 129.2801203, 36.4744709 ], [ 129.280344500000012, 36.4765288 ], [ 129.281054399999988, 36.480046 ], [ 129.2810881, 36.4803358 ], [ 129.2810557, 36.4806356 ], [ 129.28161990000001, 36.4808849 ], [ 129.2820025, 36.4809297 ], [ 129.2816302, 36.4813807 ], [ 129.2813416, 36.4814059 ], [ 129.2808075, 36.4813027 ], [ 129.280546500000014, 36.4818444 ], [ 129.2803882, 36.4822291 ], [ 129.2801763, 36.4831225 ], [ 129.2798775, 36.4853604 ], [ 129.2794977, 36.4862146 ], [ 129.279493800000012, 36.4864447 ], [ 129.2795476, 36.4867412 ], [ 129.2795443, 36.4869428 ], [ 129.279433, 36.4871677 ], [ 129.2792349, 36.4874194 ], [ 129.2785615, 36.4882548 ], [ 129.2784733, 36.4884362 ], [ 129.278427, 36.4886161 ], [ 129.278440100000012, 36.4888059 ], [ 129.278607599999987, 36.4896321 ], [ 129.2788975, 36.4909452 ], [ 129.27901030000001, 36.491176 ], [ 129.279226599999987, 36.4915024 ], [ 129.279509, 36.4918065 ], [ 129.2797804, 36.4919229 ], [ 129.2799776, 36.4921388 ], [ 129.2801852, 36.4921257 ], [ 129.2802394, 36.4923589 ], [ 129.2798146, 36.4927461 ], [ 129.2798778, 36.4928819 ], [ 129.2804899, 36.4932322 ], [ 129.2805185, 36.4934073 ], [ 129.280136700000014, 36.4932881 ], [ 129.279298399999988, 36.4928695 ], [ 129.2787683, 36.4932551 ], [ 129.27872880000001, 36.4934025 ], [ 129.2787085, 36.4935529 ], [ 129.2787044, 36.4937816 ], [ 129.2787248, 36.4942882 ], [ 129.2787248, 36.4944484 ], [ 129.2786841, 36.4946151 ], [ 129.2786109, 36.4948438 ], [ 129.278371099999987, 36.4953929 ], [ 129.278249100000011, 36.4958178 ], [ 129.278249100000011, 36.4958995 ], [ 129.278302, 36.4960923 ], [ 129.2783426, 36.4963668 ], [ 129.2783833, 36.4965956 ], [ 129.2783751, 36.497112 ], [ 129.2783101, 36.4973081 ], [ 129.2781678, 36.4976414 ], [ 129.2780865, 36.4978898 ], [ 129.2778913, 36.4981349 ], [ 129.2775905, 36.4985598 ], [ 129.2774441, 36.4987885 ], [ 129.2773019, 36.4990696 ], [ 129.2771636, 36.499635 ], [ 129.277090500000014, 36.4998409 ], [ 129.2769969, 36.5001186 ], [ 129.276842499999987, 36.500367 ], [ 129.2767953, 36.500558 ], [ 129.277393, 36.5017593 ], [ 129.2772623, 36.5052128 ], [ 129.2760107, 36.5071647 ], [ 129.27477780000001, 36.5076152 ], [ 129.2746484, 36.5075528 ], [ 129.2747314, 36.511996 ], [ 129.274857700000013, 36.5121269 ], [ 129.274800199999987, 36.5125374 ], [ 129.2747675, 36.5127294 ], [ 129.2746395, 36.5130521 ], [ 129.2746056, 36.51318 ], [ 129.2746067, 36.5132769 ], [ 129.274965400000013, 36.5134601 ], [ 129.2749465, 36.5136187 ], [ 129.2748967, 36.5137192 ], [ 129.2747517, 36.5137231 ], [ 129.2724316, 36.5201433 ], [ 129.2726658, 36.5205356 ], [ 129.2727942, 36.5206232 ], [ 129.27303280000001, 36.5206907 ], [ 129.273304200000013, 36.5207302 ], [ 129.273545, 36.5207225 ], [ 129.2740407, 36.5206363 ], [ 129.2742139, 36.5206661 ], [ 129.274340099999989, 36.5207329 ], [ 129.2744442, 36.5208438 ], [ 129.2746026, 36.5211518 ], [ 129.2746725, 36.5212152 ], [ 129.274897, 36.5212341 ], [ 129.2751706, 36.5212028 ], [ 129.2754031, 36.5211407 ], [ 129.27579, 36.5209527 ], [ 129.276026, 36.5208015 ], [ 129.2761913, 36.5206179 ], [ 129.2767127, 36.5198738 ], [ 129.2771129, 36.5195073 ], [ 129.277183900000011, 36.5190753 ], [ 129.27705, 36.5188599 ], [ 129.2768599, 36.518742 ], [ 129.27694, 36.5185631 ], [ 129.2767532, 36.5182564 ], [ 129.2768285, 36.5178697 ], [ 129.2773235, 36.5181413 ], [ 129.2773159, 36.5195302 ], [ 129.2779569, 36.5192341 ], [ 129.278406499999988, 36.519137 ], [ 129.2796793, 36.5190179 ], [ 129.2802194, 36.5190826 ], [ 129.280709300000012, 36.5191879 ], [ 129.2816411, 36.5195475 ], [ 129.2821993, 36.5195918 ], [ 129.2828206, 36.5197179 ], [ 129.2830079, 36.5197225 ], [ 129.283616, 36.519649 ], [ 129.286685299999988, 36.5191177 ], [ 129.2873845, 36.5188652 ], [ 129.287587800000011, 36.5187467 ], [ 129.2878481, 36.5185684 ], [ 129.287990400000012, 36.5185355 ], [ 129.2884661, 36.5185582 ], [ 129.2887752, 36.5184659 ], [ 129.28909250000001, 36.5183923 ], [ 129.2894344, 36.5182257 ], [ 129.28963060000001, 36.518206 ], [ 129.2899421, 36.5183301 ], [ 129.2902048, 36.5184019 ], [ 129.2904914, 36.5184409 ], [ 129.290723, 36.518434 ], [ 129.290918, 36.5183875 ], [ 129.2909259, 36.5182619 ], [ 129.290746399999989, 36.5180301 ], [ 129.290730200000013, 36.5179302 ], [ 129.291010699999987, 36.5177976 ], [ 129.291604400000011, 36.5177218 ], [ 129.291989300000012, 36.5177772 ], [ 129.292225300000013, 36.5181817 ], [ 129.2926731, 36.5180912 ], [ 129.292942399999987, 36.5180702 ], [ 129.293, 36.5182785 ], [ 129.2942459, 36.5182815 ], [ 129.2949219, 36.5185314 ], [ 129.2956513, 36.5185185 ], [ 129.29606, 36.5185916 ], [ 129.296447300000011, 36.5185726 ], [ 129.2967346, 36.5186772 ], [ 129.2968294, 36.5185662 ], [ 129.2967535, 36.5183963 ], [ 129.2965149, 36.5181612 ], [ 129.296176, 36.5179916 ], [ 129.2961378, 36.5177343 ], [ 129.296412, 36.5179126 ], [ 129.296869, 36.517968 ], [ 129.29801710000001, 36.5175399 ], [ 129.2989076, 36.5174192 ], [ 129.2996693, 36.5172381 ], [ 129.3000663, 36.5174278 ], [ 129.3008388, 36.5174278 ], [ 129.3021477, 36.5174278 ], [ 129.3028129, 36.5173329 ], [ 129.3038965, 36.5172467 ], [ 129.304669, 36.5171691 ], [ 129.3057401, 36.5179584 ], [ 129.3063397, 36.5180486 ], [ 129.30720980000001, 36.5181377 ], [ 129.307599399999987, 36.5181313 ], [ 129.3079986, 36.5180551 ], [ 129.308771400000012, 36.5179661 ], [ 129.308932, 36.5179883 ], [ 129.3094142, 36.5179087 ], [ 129.309636, 36.5178198 ], [ 129.309844700000014, 36.5176564 ], [ 129.3100206, 36.5174523 ], [ 129.3102438, 36.5170646 ], [ 129.310383800000011, 36.51689 ], [ 129.3105922, 36.5167223 ], [ 129.3108253, 36.5166141 ], [ 129.311069300000014, 36.5165765 ], [ 129.3114171, 36.5165236 ], [ 129.3124459, 36.5162403 ], [ 129.3127686, 36.5161993 ], [ 129.3143268, 36.5161816 ], [ 129.3146106, 36.5162024 ], [ 129.3149143, 36.5162586 ], [ 129.3156253, 36.5165063 ], [ 129.3158293, 36.5166282 ], [ 129.3162787, 36.5171364 ], [ 129.3164684, 36.5172365 ], [ 129.3168791, 36.5172959 ], [ 129.318576900000011, 36.5174962 ], [ 129.319369200000011, 36.5176987 ], [ 129.3199808, 36.5177145 ], [ 129.3203073, 36.5177407 ], [ 129.3205472, 36.5178388 ], [ 129.320787, 36.5180152 ], [ 129.3213562, 36.5185477 ], [ 129.321836, 36.5186687 ], [ 129.322169300000013, 36.5187536 ], [ 129.322291299999989, 36.5189562 ], [ 129.3234419, 36.5192045 ], [ 129.32366540000001, 36.5193286 ], [ 129.3238687, 36.5194855 ], [ 129.3239581, 36.5197076 ], [ 129.32395, 36.5199461 ], [ 129.32377120000001, 36.5204689 ], [ 129.32370610000001, 36.5207401 ], [ 129.323702, 36.5209655 ], [ 129.3237833, 36.5211714 ], [ 129.3239256, 36.5212988 ], [ 129.32414510000001, 36.5213772 ], [ 129.3243931, 36.5213706 ], [ 129.3244338, 36.5216189 ], [ 129.3240374, 36.5216565 ], [ 129.3237167, 36.5216234 ], [ 129.3239083, 36.5219236 ], [ 129.3243565, 36.5219032 ], [ 129.3246086, 36.5216778 ], [ 129.3253729, 36.5212334 ], [ 129.3256209, 36.5211453 ], [ 129.3258893, 36.5211354 ], [ 129.3261657, 36.52124 ], [ 129.326580400000012, 36.5216386 ], [ 129.32697060000001, 36.5216647 ], [ 129.327068200000014, 36.5212171 ], [ 129.32758050000001, 36.5206159 ], [ 129.328084600000011, 36.5204036 ], [ 129.327686199999988, 36.5202958 ], [ 129.327206499999988, 36.5207205 ], [ 129.326893399999989, 36.5205049 ], [ 129.3269747, 36.5203219 ], [ 129.327104, 36.5202002 ], [ 129.326868, 36.51968 ], [ 129.326905399999987, 36.518494 ], [ 129.3276339, 36.5179085 ], [ 129.32897890000001, 36.5183589 ], [ 129.330148400000013, 36.5188439 ], [ 129.3314432, 36.5195435 ], [ 129.331779899999987, 36.5206087 ], [ 129.3319744, 36.5208539 ], [ 129.3322657, 36.5207432 ], [ 129.3325068, 36.5204824 ], [ 129.333070600000013, 36.5203697 ], [ 129.332997, 36.5201401 ], [ 129.3332079, 36.5201098 ], [ 129.3338248, 36.5197159 ], [ 129.334489499999989, 36.5187943 ], [ 129.336152, 36.5187793 ], [ 129.3376838, 36.5185691 ], [ 129.3392529, 36.5181187 ], [ 129.3411956, 36.5175182 ], [ 129.342353800000012, 36.517233 ], [ 129.3430076, 36.5166174 ], [ 129.3439789, 36.5162121 ], [ 129.3448929, 36.5154673 ], [ 129.345539, 36.5151476 ], [ 129.3453211, 36.5155038 ], [ 129.34520040000001, 36.515719 ], [ 129.3451581, 36.5159626 ], [ 129.345155, 36.5161647 ], [ 129.345216, 36.5163924 ], [ 129.3453069, 36.5165575 ], [ 129.3457287, 36.5166485 ], [ 129.3459214, 36.5168099 ], [ 129.346586, 36.5168896 ], [ 129.3468245, 36.5167821 ], [ 129.3470266, 36.516756 ], [ 129.34699950000001, 36.5169536 ], [ 129.3470441, 36.5170154 ], [ 129.3471573, 36.5170124 ], [ 129.347151599999989, 36.5170802 ], [ 129.3475249, 36.5174393 ], [ 129.34760940000001, 36.5174747 ], [ 129.347828, 36.5173928 ], [ 129.3480365, 36.5173884 ], [ 129.3482017, 36.5173552 ], [ 129.348212499999988, 36.517042 ], [ 129.3483534, 36.5170312 ], [ 129.348518, 36.5170653 ], [ 129.3487236, 36.5170669 ], [ 129.3492689, 36.5170027 ], [ 129.3495103, 36.5170848 ], [ 129.349887099999989, 36.5172527 ], [ 129.3500229, 36.5172855 ], [ 129.3501637, 36.5172819 ], [ 129.350327099999987, 36.5172172 ], [ 129.350443399999989, 36.5171442 ], [ 129.3505232, 36.517045 ], [ 129.3505854, 36.5168955 ], [ 129.3507651, 36.5168434 ], [ 129.35078390000001, 36.5172207 ], [ 129.3508115, 36.5174864 ], [ 129.350863800000013, 36.5175826 ], [ 129.3509496, 36.5176405 ], [ 129.351285600000011, 36.51771 ], [ 129.3516693, 36.517764 ], [ 129.3522961, 36.5177574 ], [ 129.3526103, 36.5176885 ], [ 129.3528796, 36.5176008 ], [ 129.3531193, 36.5174499 ], [ 129.3533481, 36.5172427 ], [ 129.3534727, 36.5171076 ], [ 129.3535503, 36.516977 ], [ 129.3536011, 36.5167915 ], [ 129.3536214, 36.5166292 ], [ 129.3536813, 36.516449 ], [ 129.3538663, 36.5163909 ], [ 129.353901400000012, 36.5166453 ], [ 129.3538738, 36.5168818 ], [ 129.3538311, 36.5171151 ], [ 129.3537131, 36.5174824 ], [ 129.3534888, 36.5175787 ], [ 129.353530299999989, 36.5177559 ], [ 129.3534517, 36.5178727 ], [ 129.3533373, 36.5179058 ], [ 129.3532933, 36.5179691 ], [ 129.353282299999989, 36.5180832 ], [ 129.3533683, 36.5182823 ], [ 129.3535398, 36.5185491 ], [ 129.3538685, 36.5187105 ], [ 129.3538622, 36.5188647 ], [ 129.354167600000011, 36.5189973 ], [ 129.3543072, 36.5189817 ], [ 129.3544982, 36.5189093 ], [ 129.35457980000001, 36.5188139 ], [ 129.354757799999987, 36.5188108 ], [ 129.3551541, 36.5184784 ], [ 129.3553392, 36.5184423 ], [ 129.3555756, 36.5182627 ], [ 129.3557915, 36.518047 ], [ 129.3564978, 36.5180504 ], [ 129.356431, 36.5183189 ], [ 129.3560569, 36.5186114 ], [ 129.355704300000014, 36.5187276 ], [ 129.3553492, 36.5189036 ], [ 129.355157100000014, 36.519082 ], [ 129.3550826, 36.5192119 ], [ 129.3550827, 36.5193003 ], [ 129.3551123, 36.5193877 ], [ 129.3552235, 36.519465 ], [ 129.3560096, 36.519823 ], [ 129.356414199999989, 36.5200653 ], [ 129.3565012, 36.5202699 ], [ 129.3566767, 36.5205328 ], [ 129.3568438, 36.5206773 ], [ 129.3574557, 36.5207754 ], [ 129.3574959, 36.5209479 ], [ 129.3576646, 36.5211305 ], [ 129.357582900000011, 36.5213442 ], [ 129.357601499999987, 36.5215947 ], [ 129.3577003, 36.5218477 ], [ 129.3577079, 36.5220292 ], [ 129.35762840000001, 36.5222944 ], [ 129.3576438, 36.5226369 ], [ 129.3576257, 36.5227847 ], [ 129.3576899, 36.5229578 ], [ 129.357539800000012, 36.5234609 ], [ 129.3575239, 36.5235554 ], [ 129.357537, 36.5236525 ], [ 129.3576138, 36.5237666 ], [ 129.358005, 36.5240909 ], [ 129.3583686, 36.5246134 ], [ 129.358519199999989, 36.5249342 ], [ 129.3587862, 36.5250602 ], [ 129.359164600000014, 36.525576 ], [ 129.3595268, 36.5256506 ], [ 129.3606594, 36.5264185 ], [ 129.3612606, 36.5267162 ], [ 129.361773, 36.527292 ], [ 129.3621986, 36.5280001 ], [ 129.3622607, 36.5284274 ], [ 129.362224200000014, 36.5287011 ], [ 129.3622868, 36.5289119 ], [ 129.3625845, 36.5292146 ], [ 129.3632111, 36.5295952 ], [ 129.364321499999988, 36.5299203 ], [ 129.3650437, 36.5305029 ], [ 129.3656648, 36.5314404 ], [ 129.3662636, 36.531474 ], [ 129.367052199999989, 36.5318298 ], [ 129.3676553, 36.5321783 ], [ 129.367967099999987, 36.5321504 ], [ 129.3681353, 36.5320126 ], [ 129.368219399999987, 36.5317061 ], [ 129.3687174, 36.5310527 ], [ 129.3691747, 36.5306913 ], [ 129.369631, 36.5302197 ], [ 129.3698162, 36.5306096 ], [ 129.3692006, 36.5309736 ], [ 129.369006, 36.5312708 ], [ 129.36872, 36.53153 ], [ 129.3685327, 36.5318388 ], [ 129.3686214, 36.5318757 ], [ 129.3687002, 36.5320979 ], [ 129.370096, 36.5322739 ], [ 129.3704171, 36.5321059 ], [ 129.371151, 36.5324826 ], [ 129.3711792, 36.5327747 ], [ 129.3727525, 36.5337988 ], [ 129.373239399999989, 36.5336481 ], [ 129.3735106, 36.5333587 ], [ 129.3735857, 36.5330381 ], [ 129.3733824, 36.532148 ], [ 129.3744853, 36.531871 ], [ 129.3753965, 36.5310762 ], [ 129.37624790000001, 36.5311866 ], [ 129.3772184, 36.5318285 ], [ 129.3776851, 36.5320108 ], [ 129.3778438, 36.5326586 ], [ 129.377622, 36.5332421 ], [ 129.3772827, 36.5337993 ], [ 129.3766719, 36.5342628 ], [ 129.3765746, 36.5347283 ], [ 129.3773768, 36.5346937 ], [ 129.3777982, 36.5346047 ], [ 129.378308299999986, 36.5341693 ], [ 129.378133, 36.5347639 ], [ 129.3785858, 36.5348954 ], [ 129.3790579, 36.5345682 ], [ 129.3793049, 36.5347344 ], [ 129.3816814, 36.5363119 ], [ 129.382754299999988, 36.5372946 ], [ 129.382518299999987, 36.5385532 ], [ 129.382861600000012, 36.5394152 ], [ 129.382861600000012, 36.5407599 ], [ 129.3831835, 36.5416564 ], [ 129.3840418, 36.5418805 ], [ 129.3841016, 36.5417245 ], [ 129.384685499999989, 36.5402427 ], [ 129.3856726, 36.5384325 ], [ 129.385892500000011, 36.5377214 ], [ 129.3856001, 36.5375468 ], [ 129.385288300000013, 36.5374967 ], [ 129.3849765, 36.5374983 ], [ 129.384926900000011, 36.5373722 ], [ 129.3855733, 36.5371782 ], [ 129.3856987, 36.5370619 ], [ 129.3858123, 36.5368054 ], [ 129.3856953, 36.5364541 ], [ 129.3855706, 36.5364024 ], [ 129.3853963, 36.5363615 ], [ 129.3851733, 36.5363833 ], [ 129.385165, 36.5363103 ], [ 129.385631, 36.5361643 ], [ 129.3855874, 36.5358976 ], [ 129.385318899999987, 36.5356565 ], [ 129.3850076, 36.5355661 ], [ 129.384733899999986, 36.5355683 ], [ 129.3845005, 36.5356039 ], [ 129.3844482, 36.5355312 ], [ 129.384878, 36.5353655 ], [ 129.385151900000011, 36.535231 ], [ 129.3851548, 36.5351034 ], [ 129.384973800000012, 36.5349318 ], [ 129.3850818, 36.5347684 ], [ 129.385516700000011, 36.534954 ], [ 129.385701899999987, 36.5349476 ], [ 129.385624299999989, 36.5344154 ], [ 129.3855197, 36.5342732 ], [ 129.3852219, 36.532243 ], [ 129.384320699999989, 36.5308981 ], [ 129.3818745, 36.5307429 ], [ 129.3827114, 36.530036 ], [ 129.383955899999989, 36.5296394 ], [ 129.383848699999987, 36.5279497 ], [ 129.3830118, 36.5267082 ], [ 129.3822179, 36.5258633 ], [ 129.3800077, 36.5251046 ], [ 129.3784628, 36.52457 ], [ 129.3799434, 36.5244838 ], [ 129.3817243, 36.5249666 ], [ 129.3826685, 36.5256736 ], [ 129.3842349, 36.5263633 ], [ 129.385415099999989, 36.5273117 ], [ 129.3856726, 36.5293635 ], [ 129.386123199999986, 36.5305188 ], [ 129.387925599999988, 36.5328981 ], [ 129.3880758, 36.5340706 ], [ 129.3898783, 36.5344154 ], [ 129.391294499999987, 36.5339671 ], [ 129.3917451, 36.5331395 ], [ 129.392002600000012, 36.5313119 ], [ 129.3927107, 36.5298636 ], [ 129.392603400000013, 36.5280876 ], [ 129.3927965, 36.5286911 ], [ 129.3937192, 36.5302084 ], [ 129.3949852, 36.5302774 ], [ 129.3955216, 36.5292428 ], [ 129.3949202, 36.5276194 ], [ 129.3953071, 36.5267599 ], [ 129.395242700000011, 36.5254494 ], [ 129.3959293, 36.5263806 ], [ 129.396465799999987, 36.5277945 ], [ 129.3977151, 36.527776 ], [ 129.3980309, 36.5269388 ], [ 129.3985022, 36.5270112 ], [ 129.3987357, 36.5287264 ], [ 129.398501399999986, 36.5293913 ], [ 129.3978224, 36.529609 ], [ 129.397590900000012, 36.529074 ], [ 129.396079500000013, 36.530105 ], [ 129.395500199999987, 36.5311567 ], [ 129.3944273, 36.5326223 ], [ 129.3949423, 36.5336223 ], [ 129.3953787, 36.5339961 ], [ 129.395921, 36.5353009 ], [ 129.3970344, 36.5356182 ], [ 129.397249499999987, 36.5341725 ], [ 129.396465799999987, 36.5334326 ], [ 129.396208300000012, 36.532243 ], [ 129.397186299999987, 36.532258 ], [ 129.3974916, 36.5309227 ], [ 129.398548, 36.5298166 ], [ 129.39960210000001, 36.5294895 ], [ 129.398993, 36.5307834 ], [ 129.398035099999987, 36.5312653 ], [ 129.3978506, 36.5325838 ], [ 129.3984537, 36.5327374 ], [ 129.400150599999989, 36.5323501 ], [ 129.4006929, 36.5314154 ], [ 129.4032034, 36.5274324 ], [ 129.403933, 36.5264237 ], [ 129.4032196, 36.5255529 ], [ 129.4031601, 36.5253183 ], [ 129.4026967, 36.5254293 ], [ 129.402310199999988, 36.524915 ], [ 129.4017901, 36.5248713 ], [ 129.401727599999987, 36.5246747 ], [ 129.402075700000012, 36.5245227 ], [ 129.4020701, 36.5241593 ], [ 129.4020887, 36.5238702 ], [ 129.4025015, 36.5229203 ], [ 129.4029975, 36.5230117 ], [ 129.4032073, 36.5222526 ], [ 129.4028279, 36.5212765 ], [ 129.401379600000013, 36.5216386 ], [ 129.399899, 36.5222594 ], [ 129.3988905, 36.5222421 ], [ 129.3968735, 36.5211902 ], [ 129.3965958, 36.5207443 ], [ 129.3970516, 36.5202625 ], [ 129.3968773, 36.520031 ], [ 129.3968175, 36.5192985 ], [ 129.397694199999989, 36.5194417 ], [ 129.397722, 36.5190156 ], [ 129.3981039, 36.5189732 ], [ 129.3984437, 36.5184531 ], [ 129.3979482, 36.5183267 ], [ 129.397937500000012, 36.5179392 ], [ 129.3983452, 36.5178976 ], [ 129.3986729, 36.5177459 ], [ 129.398576100000014, 36.5167864 ], [ 129.3979555, 36.5171581 ], [ 129.397181499999988, 36.5168377 ], [ 129.3968218, 36.5171583 ], [ 129.3968315, 36.5178223 ], [ 129.3970067, 36.5178704 ], [ 129.39689340000001, 36.5183717 ], [ 129.3967729, 36.5185553 ], [ 129.3961338, 36.5188418 ], [ 129.3961246, 36.5175238 ], [ 129.3954986, 36.5163462 ], [ 129.3944273, 36.5156029 ], [ 129.3942985, 36.517017 ], [ 129.3942342, 36.5181897 ], [ 129.3933329, 36.5177758 ], [ 129.3926678, 36.5167411 ], [ 129.392131299999988, 36.5159133 ], [ 129.3910799, 36.5167928 ], [ 129.3905005, 36.5175171 ], [ 129.3902216, 36.5168101 ], [ 129.3891272, 36.5165514 ], [ 129.3882046, 36.517086 ], [ 129.387324799999988, 36.5176379 ], [ 129.387196100000011, 36.5164479 ], [ 129.3865523, 36.5159478 ], [ 129.3875394, 36.5153615 ], [ 129.388977, 36.5151373 ], [ 129.3896851, 36.5145682 ], [ 129.3911443, 36.5143612 ], [ 129.392860899999988, 36.5141715 ], [ 129.3936977, 36.5138956 ], [ 129.394835, 36.5128781 ], [ 129.3960366, 36.5116881 ], [ 129.395822, 36.5106016 ], [ 129.3949637, 36.5090666 ], [ 129.3944115, 36.5092857 ], [ 129.3922815, 36.5096185 ], [ 129.3897924, 36.5093253 ], [ 129.387988400000012, 36.5084395 ], [ 129.3878425, 36.5084896 ], [ 129.3877125, 36.5088183 ], [ 129.387644099999989, 36.5092647 ], [ 129.3875332, 36.5092731 ], [ 129.3875308, 36.5087949 ], [ 129.3873348, 36.5087431 ], [ 129.3871173, 36.50853 ], [ 129.387142399999988, 36.5082688 ], [ 129.387256400000012, 36.5081334 ], [ 129.3868146, 36.5074632 ], [ 129.3861253, 36.5071331 ], [ 129.3854886, 36.5070083 ], [ 129.3852052, 36.5067857 ], [ 129.3851984, 36.5066614 ], [ 129.3848437, 36.5066611 ], [ 129.3827329, 36.5073592 ], [ 129.382153499999987, 36.5081698 ], [ 129.3819604, 36.5089287 ], [ 129.382518299999987, 36.509791 ], [ 129.3812308, 36.5107913 ], [ 129.380458299999987, 36.5095668 ], [ 129.3807592, 36.5090744 ], [ 129.3796217, 36.509344 ], [ 129.3772923, 36.5104583 ], [ 129.3768303, 36.5108938 ], [ 129.3759308, 36.5111362 ], [ 129.3748364, 36.5136024 ], [ 129.3745146, 36.5148441 ], [ 129.3744073, 36.5158961 ], [ 129.3724975, 36.5182414 ], [ 129.3714032, 36.5193623 ], [ 129.3708024, 36.5203625 ], [ 129.3688927, 36.5212592 ], [ 129.3677693, 36.520727 ], [ 129.365707, 36.5206343 ], [ 129.3648586, 36.5202246 ], [ 129.3662534, 36.5197762 ], [ 129.367599, 36.5200931 ], [ 129.368529200000012, 36.5207325 ], [ 129.3693977, 36.5205102 ], [ 129.3703368, 36.5193524 ], [ 129.3709742, 36.5191694 ], [ 129.3722401, 36.5171377 ], [ 129.3731842, 36.516379 ], [ 129.3731627, 36.5155339 ], [ 129.3736992, 36.5145682 ], [ 129.3743, 36.5126711 ], [ 129.3751154, 36.5114639 ], [ 129.376274099999989, 36.5101532 ], [ 129.378183799999988, 36.508532 ], [ 129.379750199999989, 36.5076869 ], [ 129.381145, 36.506721 ], [ 129.382861600000012, 36.5064968 ], [ 129.3850074, 36.5053585 ], [ 129.3855867, 36.5048238 ], [ 129.385994399999987, 36.5036854 ], [ 129.386595199999988, 36.5029955 ], [ 129.3878183, 36.502478 ], [ 129.3882475, 36.5018916 ], [ 129.3870881, 36.5019503 ], [ 129.386311799999987, 36.5025377 ], [ 129.3843635, 36.502866 ], [ 129.383361, 36.5027645 ], [ 129.3824821, 36.5028813 ], [ 129.3819516, 36.5031007 ], [ 129.379364, 36.5032025 ], [ 129.3783555, 36.5038751 ], [ 129.3770653, 36.5049639 ], [ 129.376655, 36.5052766 ], [ 129.3754882, 36.5055849 ], [ 129.375342, 36.5060042 ], [ 129.3741819, 36.5062359 ], [ 129.3733988, 36.5073592 ], [ 129.3727121, 36.5084112 ], [ 129.372798, 36.509584 ], [ 129.3720898, 36.5108775 ], [ 129.3721328, 36.5119985 ], [ 129.3712745, 36.5127919 ], [ 129.3714032, 36.512171 ], [ 129.3712315, 36.5105326 ], [ 129.3700299, 36.5101014 ], [ 129.3709311, 36.5096875 ], [ 129.3705234, 36.5086355 ], [ 129.3713817, 36.5090149 ], [ 129.3722186, 36.5087389 ], [ 129.372776499999986, 36.507135 ], [ 129.3729911, 36.5061001 ], [ 129.3752012, 36.504772 ], [ 129.3762312, 36.5043926 ], [ 129.376982199999986, 36.5039786 ], [ 129.3777976, 36.5029093 ], [ 129.375780600000013, 36.5024263 ], [ 129.373484600000012, 36.5017881 ], [ 129.3709097, 36.5022711 ], [ 129.3685279, 36.5021331 ], [ 129.3705449, 36.5015984 ], [ 129.3721328, 36.5010809 ], [ 129.3736777, 36.5007187 ], [ 129.37479350000001, 36.5008567 ], [ 129.37685350000001, 36.5014604 ], [ 129.378291100000013, 36.5021503 ], [ 129.3790636, 36.5019606 ], [ 129.3800936, 36.5018744 ], [ 129.3822393, 36.5017019 ], [ 129.3842993, 36.5010809 ], [ 129.3871102, 36.5009602 ], [ 129.3884191, 36.5008912 ], [ 129.3886766, 36.4986661 ], [ 129.3894062, 36.4972689 ], [ 129.3906293, 36.4955611 ], [ 129.3912301, 36.4937499 ], [ 129.3916973, 36.4923488 ], [ 129.3906279, 36.4919181 ], [ 129.389771, 36.4923009 ], [ 129.3891916, 36.4929219 ], [ 129.3881402, 36.4933876 ], [ 129.3872445, 36.4939188 ], [ 129.3869547, 36.4941063 ], [ 129.386346300000014, 36.4943508 ], [ 129.3844066, 36.4945434 ], [ 129.382625600000011, 36.4950782 ], [ 129.380930400000011, 36.4964409 ], [ 129.379750199999989, 36.4964236 ], [ 129.3784628, 36.4956646 ], [ 129.378323200000011, 36.4944115 ], [ 129.3779412, 36.4937318 ], [ 129.377366599999988, 36.4936004 ], [ 129.3767612, 36.4935753 ], [ 129.375051, 36.4936636 ], [ 129.373978099999988, 36.4933186 ], [ 129.373141299999986, 36.4943019 ], [ 129.372776499999986, 36.4954577 ], [ 129.370609300000012, 36.4970791 ], [ 129.3699655, 36.4978209 ], [ 129.3691931, 36.4983901 ], [ 129.3680129, 36.4988731 ], [ 129.3666825, 36.499218 ], [ 129.3652663, 36.5000115 ], [ 129.3647513, 36.4986488 ], [ 129.3640464, 36.4982787 ], [ 129.3640216, 36.4981018 ], [ 129.3637292, 36.4982247 ], [ 129.363141899999988, 36.4986753 ], [ 129.362594699999988, 36.499182 ], [ 129.3623533, 36.4995141 ], [ 129.361749800000013, 36.5001307 ], [ 129.3614681, 36.5004369 ], [ 129.361500299999989, 36.5006439 ], [ 129.361275, 36.5008767 ], [ 129.361039, 36.5009716 ], [ 129.3610497, 36.5011311 ], [ 129.3608781, 36.5012217 ], [ 129.3607493, 36.5011268 ], [ 129.360454299999986, 36.5010492 ], [ 129.3601324, 36.5010406 ], [ 129.359697899999986, 36.5011915 ], [ 129.3593707, 36.5013424 ], [ 129.3585606, 36.5014718 ], [ 129.3577989, 36.501709 ], [ 129.357241, 36.5017262 ], [ 129.356436300000013, 36.5019116 ], [ 129.355728199999987, 36.5020453 ], [ 129.3553956, 36.5020669 ], [ 129.354735799999986, 36.5022997 ], [ 129.3547197, 36.5023946 ], [ 129.354891400000014, 36.5027698 ], [ 129.354869900000011, 36.5032613 ], [ 129.354762599999987, 36.5034209 ], [ 129.3548377, 36.5038003 ], [ 129.3548055, 36.5039944 ], [ 129.354789399999987, 36.5042057 ], [ 129.354580199999987, 36.504473 ], [ 129.3543817, 36.504736 ], [ 129.353818499999988, 36.5049818 ], [ 129.353748700000011, 36.5051974 ], [ 129.3537327, 36.5053656 ], [ 129.353426899999988, 36.5055424 ], [ 129.353217699999988, 36.5057235 ], [ 129.3530675, 36.505883 ], [ 129.3527885, 36.5061633 ], [ 129.3526383, 36.5064349 ], [ 129.3525578, 36.5066462 ], [ 129.352616899999987, 36.5068489 ], [ 129.35239150000001, 36.5072067 ], [ 129.352236, 36.5073145 ], [ 129.3522145, 36.5074956 ], [ 129.352016, 36.5079484 ], [ 129.351833699999986, 36.5081683 ], [ 129.3517532, 36.5083451 ], [ 129.3517478, 36.5085391 ], [ 129.3516722, 36.5090886 ], [ 129.351523500000013, 36.5093332 ], [ 129.3515377, 36.5097201 ], [ 129.351686300000011, 36.51005 ], [ 129.3515731, 36.5103288 ], [ 129.3514032, 36.5105279 ], [ 129.351226200000013, 36.5104483 ], [ 129.3509218, 36.5103402 ], [ 129.350957200000011, 36.5102093 ], [ 129.3510493, 36.5099761 ], [ 129.351091700000012, 36.5096916 ], [ 129.351091700000012, 36.509447 ], [ 129.350964299999987, 36.509356 ], [ 129.3506175, 36.5093673 ], [ 129.349909599999989, 36.5093901 ], [ 129.3496194, 36.5094982 ], [ 129.3492938, 36.5095494 ], [ 129.3489682, 36.5095153 ], [ 129.34864970000001, 36.5095608 ], [ 129.348225, 36.5096689 ], [ 129.3479843, 36.5096518 ], [ 129.3479843, 36.5094527 ], [ 129.348125900000014, 36.5090601 ], [ 129.3483382, 36.5090942 ], [ 129.3485081, 36.509282 ], [ 129.3487417, 36.509356 ], [ 129.349081500000011, 36.5092592 ], [ 129.3493575, 36.5090772 ], [ 129.3497468, 36.5087984 ], [ 129.3500229, 36.5086846 ], [ 129.350405099999989, 36.5087074 ], [ 129.3507732, 36.5086163 ], [ 129.351028, 36.5084855 ], [ 129.35112, 36.508292 ], [ 129.3514032, 36.5077231 ], [ 129.351495199999988, 36.5075126 ], [ 129.3515306, 36.5072736 ], [ 129.3515377, 36.50679 ], [ 129.3516438, 36.5064885 ], [ 129.3518066, 36.5062609 ], [ 129.3520402, 36.5059537 ], [ 129.3522314, 36.5057147 ], [ 129.3525357, 36.5054814 ], [ 129.3527268, 36.5052994 ], [ 129.3532152, 36.5048726 ], [ 129.3536187, 36.5047588 ], [ 129.3540788, 36.5046052 ], [ 129.3543336, 36.5044459 ], [ 129.354454, 36.5042923 ], [ 129.3544823, 36.5040704 ], [ 129.3544469, 36.5033933 ], [ 129.3544752, 36.5031942 ], [ 129.3544681, 36.5028869 ], [ 129.3543832, 36.5024716 ], [ 129.3541638, 36.5023691 ], [ 129.3538665, 36.5023919 ], [ 129.3530312, 36.5027276 ], [ 129.352564, 36.5030235 ], [ 129.3522455, 36.5032397 ], [ 129.351629699999989, 36.503564 ], [ 129.3512475, 36.5036778 ], [ 129.351063399999987, 36.5038712 ], [ 129.3507803, 36.5041102 ], [ 129.350398, 36.5043094 ], [ 129.3502211, 36.5047816 ], [ 129.3504618, 36.5052652 ], [ 129.350667, 36.5055042 ], [ 129.350667, 36.5057375 ], [ 129.350794400000012, 36.5059821 ], [ 129.350844, 36.5060959 ], [ 129.350992600000012, 36.5062154 ], [ 129.3511484, 36.5062324 ], [ 129.3512475, 36.5062723 ], [ 129.3512758, 36.506443 ], [ 129.351261599999987, 36.5066307 ], [ 129.3511484, 36.5067388 ], [ 129.350844, 36.506773 ], [ 129.3506387, 36.5065568 ], [ 129.3505255, 36.5063861 ], [ 129.3503627, 36.5061585 ], [ 129.3502777, 36.5059252 ], [ 129.350107799999989, 36.5055269 ], [ 129.3499875, 36.5052254 ], [ 129.349938, 36.5050092 ], [ 129.349874199999988, 36.5046109 ], [ 129.3496053, 36.504628 ], [ 129.349414200000012, 36.5048214 ], [ 129.3491947, 36.5051344 ], [ 129.3490744, 36.5053733 ], [ 129.349116900000013, 36.5059309 ], [ 129.349308, 36.5061926 ], [ 129.3497044, 36.5063292 ], [ 129.3498247, 36.5065055 ], [ 129.3499804, 36.506938 ], [ 129.3500244, 36.5072371 ], [ 129.3499167, 36.5073476 ], [ 129.3497114, 36.5072509 ], [ 129.3495203, 36.5070461 ], [ 129.3490673, 36.5067161 ], [ 129.3488337, 36.5064487 ], [ 129.3486285, 36.5065226 ], [ 129.348678, 36.5067331 ], [ 129.34877, 36.507285 ], [ 129.348593099999988, 36.507376 ], [ 129.3483666, 36.507194 ], [ 129.3481046, 36.5073078 ], [ 129.348026800000014, 36.5074216 ], [ 129.348125900000014, 36.5078198 ], [ 129.3480763, 36.5079507 ], [ 129.347991400000012, 36.5082807 ], [ 129.3477083, 36.5084229 ], [ 129.347460500000011, 36.5083034 ], [ 129.347035799999986, 36.5078255 ], [ 129.346773899999988, 36.5075638 ], [ 129.3466253, 36.5073135 ], [ 129.346540299999987, 36.5069607 ], [ 129.3467527, 36.5068185 ], [ 129.3474393, 36.5065226 ], [ 129.347658700000011, 36.5062723 ], [ 129.347793200000012, 36.5059878 ], [ 129.3481188, 36.5052026 ], [ 129.348225, 36.5049011 ], [ 129.3483028, 36.5047247 ], [ 129.3483807, 36.5043663 ], [ 129.3479702, 36.5044345 ], [ 129.347595, 36.5045597 ], [ 129.3472128, 36.5047475 ], [ 129.346696, 36.5051287 ], [ 129.346469500000012, 36.5050547 ], [ 129.346271300000012, 36.5051344 ], [ 129.3461015, 36.505305 ], [ 129.3460024, 36.5052595 ], [ 129.3460165, 36.5051628 ], [ 129.3457971, 36.5050433 ], [ 129.3455635, 36.5050718 ], [ 129.3452804, 36.5052083 ], [ 129.344360200000011, 36.5052425 ], [ 129.344034599999986, 36.5053221 ], [ 129.343716, 36.5052425 ], [ 129.343539099999987, 36.5050888 ], [ 129.3433126, 36.5048044 ], [ 129.343142699999987, 36.5044857 ], [ 129.343376299999989, 36.5044288 ], [ 129.344204499999989, 36.5044971 ], [ 129.3447707, 36.5045938 ], [ 129.3453228, 36.5046166 ], [ 129.34579, 36.5045483 ], [ 129.3462926, 36.504298 ], [ 129.3466182, 36.5042638 ], [ 129.3470146, 36.5041899 ], [ 129.3475879, 36.5040419 ], [ 129.3479418, 36.5038883 ], [ 129.347963099999987, 36.5037859 ], [ 129.347630400000014, 36.5036778 ], [ 129.347403899999989, 36.5035071 ], [ 129.347163200000011, 36.5033592 ], [ 129.3467881, 36.5033535 ], [ 129.3463351, 36.5034161 ], [ 129.3457263, 36.5035242 ], [ 129.345648399999988, 36.5033193 ], [ 129.3454998, 36.5031031 ], [ 129.3452591, 36.5029609 ], [ 129.3449618, 36.5030918 ], [ 129.3447495, 36.5034047 ], [ 129.3444805, 36.50349 ], [ 129.3439072, 36.5033762 ], [ 129.34344, 36.5033705 ], [ 129.3430294, 36.503473 ], [ 129.343008200000014, 36.5032966 ], [ 129.342895, 36.5031259 ], [ 129.3420243, 36.503143 ], [ 129.3415359, 36.5030576 ], [ 129.3413023, 36.5029438 ], [ 129.3411961, 36.5027959 ], [ 129.341366, 36.502665 ], [ 129.3417483, 36.5025569 ], [ 129.3422296, 36.5024886 ], [ 129.343701900000013, 36.5022553 ], [ 129.3443885, 36.5022041 ], [ 129.3448344, 36.5022781 ], [ 129.345337, 36.5022952 ], [ 129.346278399999989, 36.502409 ], [ 129.346773899999988, 36.5024317 ], [ 129.3469155, 36.5026252 ], [ 129.347262300000011, 36.5027674 ], [ 129.3478781, 36.5030292 ], [ 129.3480834, 36.5032055 ], [ 129.348423200000013, 36.5034787 ], [ 129.3487346, 36.5036323 ], [ 129.3490673, 36.5036437 ], [ 129.3494637, 36.5036437 ], [ 129.3497398, 36.5036778 ], [ 129.3498672, 36.5035697 ], [ 129.350497100000013, 36.5033535 ], [ 129.3509218, 36.5032454 ], [ 129.3515377, 36.5031031 ], [ 129.351721700000013, 36.5029893 ], [ 129.351835, 36.5027561 ], [ 129.3518137, 36.5025398 ], [ 129.351558899999986, 36.5025057 ], [ 129.3510776, 36.5027105 ], [ 129.350391, 36.5028812 ], [ 129.3497468, 36.5030064 ], [ 129.3492372, 36.5031486 ], [ 129.3484161, 36.5029211 ], [ 129.3481188, 36.5027561 ], [ 129.3480126, 36.502574 ], [ 129.347764899999987, 36.5024204 ], [ 129.3471774, 36.5022383 ], [ 129.3466819, 36.5021472 ], [ 129.346207600000014, 36.5021131 ], [ 129.3456768, 36.5021074 ], [ 129.3452096, 36.5021074 ], [ 129.344756600000011, 36.5020164 ], [ 129.3445159, 36.5018514 ], [ 129.344360200000011, 36.5016807 ], [ 129.3441408, 36.5014872 ], [ 129.3437514, 36.5013962 ], [ 129.34373020000001, 36.5014986 ], [ 129.343404600000014, 36.5016636 ], [ 129.342349899999988, 36.5019424 ], [ 129.3420597, 36.501931 ], [ 129.342017199999987, 36.5018058 ], [ 129.3421871, 36.5015327 ], [ 129.342493600000012, 36.5012806 ], [ 129.3423722, 36.5012393 ], [ 129.342304500000012, 36.5009991 ], [ 129.3422104, 36.5009558 ], [ 129.3419581, 36.5010224 ], [ 129.34172, 36.5010718 ], [ 129.341497, 36.5012995 ], [ 129.3413285, 36.5013892 ], [ 129.341125299999987, 36.5014531 ], [ 129.341005, 36.5014474 ], [ 129.3408918, 36.5014132 ], [ 129.3406659, 36.5014207 ], [ 129.340514399999989, 36.5014598 ], [ 129.340445499999987, 36.5015116 ], [ 129.3404012, 36.5015935 ], [ 129.340296599999988, 36.5019777 ], [ 129.340222899999986, 36.5020989 ], [ 129.3401481, 36.5021195 ], [ 129.3400747, 36.5021038 ], [ 129.340036199999986, 36.5020585 ], [ 129.33990510000001, 36.5015902 ], [ 129.3398497, 36.5015304 ], [ 129.339721700000013, 36.5014773 ], [ 129.3395511, 36.5014432 ], [ 129.3394451, 36.5014019 ], [ 129.3392522, 36.5014091 ], [ 129.3390396, 36.5015256 ], [ 129.338760400000012, 36.5015984 ], [ 129.3385582, 36.5017019 ], [ 129.338380699999988, 36.5020039 ], [ 129.338112099999989, 36.5022856 ], [ 129.337577, 36.5023321 ], [ 129.3372727, 36.5022762 ], [ 129.336877500000014, 36.5020588 ], [ 129.3367509, 36.5020733 ], [ 129.336312, 36.5020221 ], [ 129.335809500000011, 36.5020107 ], [ 129.335710400000011, 36.5018912 ], [ 129.3361253, 36.5013509 ], [ 129.3363982, 36.5014182 ], [ 129.3368786, 36.5016824 ], [ 129.3370348, 36.5017106 ], [ 129.3372004, 36.5015726 ], [ 129.337526, 36.5009808 ], [ 129.337692299999986, 36.5008158 ], [ 129.3380534, 36.5006452 ], [ 129.3383364, 36.5004375 ], [ 129.338421399999987, 36.5002468 ], [ 129.338223199999987, 36.5000014 ], [ 129.3386267, 36.4999381 ], [ 129.3387258, 36.500153 ], [ 129.338998299999986, 36.5002497 ], [ 129.339150499999988, 36.5002412 ], [ 129.3392885, 36.5001928 ], [ 129.3396897, 36.4999178 ], [ 129.3403007, 36.4994983 ], [ 129.3401753, 36.4992606 ], [ 129.340313, 36.4991106 ], [ 129.3399838, 36.4990045 ], [ 129.3401403, 36.4986989 ], [ 129.340676699999989, 36.4989046 ], [ 129.3413611, 36.4988499 ], [ 129.342315500000012, 36.4983849 ], [ 129.3424741, 36.4985516 ], [ 129.3426163, 36.498568 ], [ 129.342770800000011, 36.4985287 ], [ 129.343455799999987, 36.4982881 ], [ 129.3434825, 36.4979992 ], [ 129.3435532, 36.4978797 ], [ 129.344133699999986, 36.4977204 ], [ 129.3445442, 36.4976237 ], [ 129.344657500000011, 36.4975383 ], [ 129.3444097, 36.4974245 ], [ 129.343864700000012, 36.4974074 ], [ 129.3431498, 36.497288 ], [ 129.3426684, 36.4972197 ], [ 129.342173, 36.4971571 ], [ 129.341812, 36.4970603 ], [ 129.3416421, 36.496827 ], [ 129.3415143, 36.4966152 ], [ 129.3416138, 36.4964117 ], [ 129.3420314, 36.4960589 ], [ 129.342484399999989, 36.4962637 ], [ 129.342484399999989, 36.4960361 ], [ 129.3425693, 36.4957117 ], [ 129.3428171, 36.4956719 ], [ 129.3430507, 36.4959223 ], [ 129.3433834, 36.4962125 ], [ 129.343503700000014, 36.4965539 ], [ 129.3434541, 36.4970091 ], [ 129.343701900000013, 36.497066 ], [ 129.3440593, 36.4969604 ], [ 129.344438, 36.4970888 ], [ 129.3446716, 36.497214 ], [ 129.3450326, 36.4971969 ], [ 129.345514, 36.4975212 ], [ 129.3457688, 36.497692 ], [ 129.346143899999987, 36.4977204 ], [ 129.346405800000014, 36.4975497 ], [ 129.346873, 36.4970774 ], [ 129.347064100000011, 36.4969921 ], [ 129.346936699999986, 36.4967644 ], [ 129.3463917, 36.4963775 ], [ 129.3459953, 36.4962637 ], [ 129.3456201, 36.4961271 ], [ 129.3451105, 36.4959849 ], [ 129.3444168, 36.4960475 ], [ 129.343963800000012, 36.4960987 ], [ 129.3437585, 36.496002 ], [ 129.3438435, 36.4956264 ], [ 129.3440558, 36.495376 ], [ 129.3444097, 36.4952167 ], [ 129.3450043, 36.4955126 ], [ 129.345337, 36.4957117 ], [ 129.3456131, 36.49578 ], [ 129.3460732, 36.4956605 ], [ 129.346328, 36.4957061 ], [ 129.346958, 36.4960076 ], [ 129.347531300000014, 36.4961101 ], [ 129.3479419, 36.4962865 ], [ 129.3481506, 36.4967815 ], [ 129.3485152, 36.4966563 ], [ 129.3491027, 36.4966905 ], [ 129.3494, 36.4966336 ], [ 129.3496336, 36.4967246 ], [ 129.3499167, 36.4966848 ], [ 129.3501503, 36.4965198 ], [ 129.3503131, 36.4964117 ], [ 129.350567899999987, 36.4962353 ], [ 129.3508086, 36.4961784 ], [ 129.351197899999988, 36.4962239 ], [ 129.3515164, 36.4962409 ], [ 129.3517005, 36.4963832 ], [ 129.3520048, 36.4963832 ], [ 129.3524366, 36.4963548 ], [ 129.352684399999987, 36.496497 ], [ 129.353102, 36.4965368 ], [ 129.3535621, 36.4964686 ], [ 129.3535833, 36.4963491 ], [ 129.3535338, 36.4962409 ], [ 129.353109100000012, 36.4961784 ], [ 129.352472, 36.4961897 ], [ 129.3519411, 36.4962182 ], [ 129.3516792, 36.4961556 ], [ 129.351566, 36.4959507 ], [ 129.35165090000001, 36.49578 ], [ 129.3519128, 36.4957231 ], [ 129.352288, 36.4957004 ], [ 129.3526914, 36.4954898 ], [ 129.3530595, 36.4954898 ], [ 129.3531586, 36.4957459 ], [ 129.3534347, 36.4959166 ], [ 129.3537532, 36.4958597 ], [ 129.35364, 36.4956207 ], [ 129.3534488, 36.4953476 ], [ 129.35376740000001, 36.4951541 ], [ 129.3540717, 36.4951199 ], [ 129.3544752, 36.4950801 ], [ 129.3547371, 36.495137 ], [ 129.3548999, 36.4953476 ], [ 129.355055599999986, 36.4957345 ], [ 129.3553742, 36.4959394 ], [ 129.3562306, 36.496093 ], [ 129.3567898, 36.4961613 ], [ 129.3574835, 36.4961158 ], [ 129.3578516, 36.496019 ], [ 129.3580993, 36.4958938 ], [ 129.3582126, 36.4956605 ], [ 129.35838960000001, 36.4956776 ], [ 129.3584816, 36.4959052 ], [ 129.3586798, 36.4960702 ], [ 129.3592319, 36.4963035 ], [ 129.3596991, 36.4964742 ], [ 129.3601804, 36.4965141 ], [ 129.3609236, 36.4964799 ], [ 129.3613483, 36.4963832 ], [ 129.3618509, 36.4962978 ], [ 129.3623322, 36.4962865 ], [ 129.3638258, 36.496423 ], [ 129.3642859, 36.4966677 ], [ 129.3644487, 36.4966279 ], [ 129.3645194, 36.4964173 ], [ 129.364469899999989, 36.4961954 ], [ 129.364264600000013, 36.4957573 ], [ 129.3642151, 36.4955581 ], [ 129.364370799999989, 36.495541 ], [ 129.364484, 36.4957061 ], [ 129.365128199999987, 36.4963946 ], [ 129.3653972, 36.4964913 ], [ 129.3662536, 36.4963377 ], [ 129.366919, 36.4960816 ], [ 129.3671809, 36.495945 ], [ 129.3673225, 36.4957516 ], [ 129.3676481, 36.495615 ], [ 129.368164799999988, 36.4955638 ], [ 129.368525799999986, 36.4956093 ], [ 129.368893899999989, 36.4954671 ], [ 129.3691062, 36.495285 ], [ 129.3693611, 36.4949777 ], [ 129.369976900000012, 36.4944826 ], [ 129.3704511, 36.4939705 ], [ 129.3708192, 36.4938225 ], [ 129.3710316, 36.4936518 ], [ 129.3713926, 36.4930031 ], [ 129.371725199999986, 36.49273 ], [ 129.371973, 36.4925137 ], [ 129.3720013, 36.4922292 ], [ 129.3716191, 36.4919105 ], [ 129.3715766, 36.4917569 ], [ 129.3719376, 36.4912163 ], [ 129.3721287, 36.4907382 ], [ 129.3719518, 36.4904822 ], [ 129.3716545, 36.4902488 ], [ 129.3705856, 36.4899245 ], [ 129.370182199999988, 36.4897424 ], [ 129.3699627, 36.4895432 ], [ 129.369446, 36.4892359 ], [ 129.3689151, 36.4888034 ], [ 129.368462099999988, 36.4887579 ], [ 129.3680091, 36.4887294 ], [ 129.367549, 36.488627 ], [ 129.3672163, 36.4886213 ], [ 129.3665863, 36.4887863 ], [ 129.3661899, 36.4890595 ], [ 129.3658289, 36.4892586 ], [ 129.36531930000001, 36.4895261 ], [ 129.3649158, 36.4898619 ], [ 129.3645407, 36.4899358 ], [ 129.364200899999986, 36.4899188 ], [ 129.3640523, 36.4897196 ], [ 129.363641699999988, 36.48927 ], [ 129.363337300000012, 36.4891733 ], [ 129.3627711, 36.4892928 ], [ 129.36195, 36.4896115 ], [ 129.361723500000011, 36.4897594 ], [ 129.3614899, 36.4898846 ], [ 129.3610581, 36.4900212 ], [ 129.3604211, 36.4901805 ], [ 129.360336100000012, 36.4903968 ], [ 129.360569700000013, 36.4909317 ], [ 129.3608174, 36.4914837 ], [ 129.3605768, 36.4916601 ], [ 129.3603149, 36.4918821 ], [ 129.3602158, 36.49203 ], [ 129.359946799999989, 36.4920414 ], [ 129.3598831, 36.4918878 ], [ 129.359840600000013, 36.4916431 ], [ 129.3599539, 36.4908805 ], [ 129.359847699999989, 36.4907496 ], [ 129.359507900000011, 36.4907895 ], [ 129.3591045, 36.4909545 ], [ 129.3580639, 36.4910968 ], [ 129.357632200000012, 36.4911764 ], [ 129.35739860000001, 36.4913471 ], [ 129.3572216, 36.491387 ], [ 129.3571862, 36.4912675 ], [ 129.3571933, 36.4910455 ], [ 129.356938500000012, 36.4908862 ], [ 129.356145700000013, 36.4905277 ], [ 129.355848400000013, 36.4904139 ], [ 129.3556431, 36.4904878 ], [ 129.355551100000014, 36.4903456 ], [ 129.3554379, 36.490209 ], [ 129.3548645, 36.4899928 ], [ 129.3545248, 36.4901066 ], [ 129.3540788, 36.4901293 ], [ 129.3536612, 36.4899472 ], [ 129.3534347, 36.489822 ], [ 129.3532223, 36.4897765 ], [ 129.3530383, 36.490044 ], [ 129.3528896, 36.4900383 ], [ 129.352783499999987, 36.4898163 ], [ 129.3526065, 36.4897424 ], [ 129.3523942, 36.4898448 ], [ 129.352019, 36.4900041 ], [ 129.3518704, 36.4897196 ], [ 129.351955299999986, 36.4896001 ], [ 129.3517076, 36.4895603 ], [ 129.3516722, 36.4897424 ], [ 129.351481, 36.4899131 ], [ 129.3511413, 36.4901293 ], [ 129.3509148, 36.4900952 ], [ 129.3507874, 36.4898676 ], [ 129.3505467, 36.4896741 ], [ 129.3500795, 36.4897879 ], [ 129.349477900000011, 36.4899984 ], [ 129.349081500000011, 36.4902431 ], [ 129.348692199999988, 36.4904139 ], [ 129.34825330000001, 36.4905903 ], [ 129.347396800000013, 36.4907895 ], [ 129.34705, 36.4908577 ], [ 129.3464129, 36.4913414 ], [ 129.3460661, 36.4916374 ], [ 129.3458679, 36.4919048 ], [ 129.345485599999989, 36.4922918 ], [ 129.3453087, 36.4925023 ], [ 129.3453653, 36.4928722 ], [ 129.3451671, 36.4928893 ], [ 129.3448698, 36.4927356 ], [ 129.3446858, 36.492895 ], [ 129.344523, 36.4932137 ], [ 129.344303599999989, 36.4933957 ], [ 129.3440063, 36.4933445 ], [ 129.3437868, 36.4931397 ], [ 129.3439567, 36.4929746 ], [ 129.344062900000011, 36.4927698 ], [ 129.3442398, 36.4925422 ], [ 129.344615, 36.4923202 ], [ 129.3449477, 36.4921211 ], [ 129.3455989, 36.491552 ], [ 129.3458679, 36.4911821 ], [ 129.345967, 36.4909943 ], [ 129.3461864, 36.4907667 ], [ 129.346504900000014, 36.4904708 ], [ 129.3468235, 36.4905049 ], [ 129.3470783, 36.4905903 ], [ 129.3474464, 36.4906017 ], [ 129.347856900000011, 36.4904139 ], [ 129.348387800000012, 36.4901805 ], [ 129.3485081, 36.490044 ], [ 129.348586, 36.4898277 ], [ 129.3487629, 36.4896001 ], [ 129.34904610000001, 36.4893156 ], [ 129.3492513, 36.4892586 ], [ 129.3495982, 36.4893554 ], [ 129.3498884, 36.4893838 ], [ 129.3507237, 36.4892416 ], [ 129.3510705, 36.4890765 ], [ 129.3515094, 36.4888603 ], [ 129.3516368, 36.4887863 ], [ 129.3516651, 36.4885928 ], [ 129.3516014, 36.4883993 ], [ 129.3515164, 36.4882058 ], [ 129.3513324, 36.4880636 ], [ 129.351127100000014, 36.4877563 ], [ 129.351127100000014, 36.4872839 ], [ 129.3511342, 36.4870961 ], [ 129.350936, 36.4870677 ], [ 129.3502777, 36.487153 ], [ 129.35003, 36.4869823 ], [ 129.3497681, 36.4869652 ], [ 129.3495699, 36.4870164 ], [ 129.3488337, 36.4868571 ], [ 129.3486285, 36.4866067 ], [ 129.3484656, 36.4865896 ], [ 129.3481046, 36.4866294 ], [ 129.347800299999989, 36.4865839 ], [ 129.3478781, 36.486453 ], [ 129.348090500000012, 36.4861514 ], [ 129.34815420000001, 36.4859921 ], [ 129.3481117, 36.4858384 ], [ 129.347701199999989, 36.485514 ], [ 129.3472906, 36.4849164 ], [ 129.3467102, 36.4848197 ], [ 129.3463634, 36.4846546 ], [ 129.3460944, 36.4844555 ], [ 129.34579, 36.4840969 ], [ 129.3454432, 36.4839831 ], [ 129.34516, 36.4840514 ], [ 129.345053900000011, 36.4842506 ], [ 129.3446716, 36.4843985 ], [ 129.3443106, 36.4846319 ], [ 129.3440133, 36.4853091 ], [ 129.3436169, 36.485514 ], [ 129.3431144, 36.4855823 ], [ 129.342718, 36.4855937 ], [ 129.3425198, 36.4854685 ], [ 129.3425977, 36.4851953 ], [ 129.3425977, 36.4848994 ], [ 129.3424986, 36.484666 ], [ 129.3422579, 36.4844953 ], [ 129.341773, 36.484666 ], [ 129.3414439, 36.4846205 ], [ 129.341405, 36.4843502 ], [ 129.3412386, 36.4842421 ], [ 129.3409527, 36.4842421 ], [ 129.3408583, 36.48414 ], [ 129.3408345, 36.4839404 ], [ 129.3407746, 36.483868 ], [ 129.34069070000001, 36.4838186 ], [ 129.3405471, 36.4837797 ], [ 129.3404195, 36.483788 ], [ 129.3403068, 36.4838396 ], [ 129.3400954, 36.4840119 ], [ 129.339831, 36.484143 ], [ 129.3394092, 36.4844846 ], [ 129.338954699999988, 36.4847041 ], [ 129.3388031, 36.4848002 ], [ 129.3385355, 36.4852017 ], [ 129.3381934, 36.48549 ], [ 129.337889, 36.4855941 ], [ 129.3377084, 36.4856701 ], [ 129.3371349, 36.4865189 ], [ 129.3370493, 36.4866089 ], [ 129.3367606, 36.4865983 ], [ 129.335783600000013, 36.4865311 ], [ 129.3360501, 36.4863716 ], [ 129.3364052, 36.4862077 ], [ 129.3372513, 36.4855757 ], [ 129.3375318, 36.4852483 ], [ 129.33763, 36.4851162 ], [ 129.3377803, 36.4849426 ], [ 129.3378434, 36.4847173 ], [ 129.3380472, 36.4845239 ], [ 129.338129, 36.484367 ], [ 129.3383689, 36.4842178 ], [ 129.3384245, 36.4840723 ], [ 129.3387784, 36.4840107 ], [ 129.3390048, 36.4838502 ], [ 129.339092599999987, 36.4835934 ], [ 129.3392854, 36.4833971 ], [ 129.339552700000013, 36.4832464 ], [ 129.3403371, 36.4830734 ], [ 129.3405506, 36.4829522 ], [ 129.340721800000011, 36.4827916 ], [ 129.3407827, 36.4826545 ], [ 129.3407846, 36.4825165 ], [ 129.340638500000011, 36.4821787 ], [ 129.3407207, 36.4821473 ], [ 129.3408368, 36.4822221 ], [ 129.340962600000012, 36.4822421 ], [ 129.3410998, 36.4822195 ], [ 129.341166, 36.4821575 ], [ 129.341180900000012, 36.4819973 ], [ 129.3411591, 36.4818156 ], [ 129.3415152, 36.4820063 ], [ 129.3415226, 36.4820978 ], [ 129.341577199999989, 36.4821659 ], [ 129.341730899999988, 36.4821653 ], [ 129.3420007, 36.4821407 ], [ 129.34216090000001, 36.4820883 ], [ 129.3423034, 36.4819212 ], [ 129.3424812, 36.4813857 ], [ 129.342490199999986, 36.481045 ], [ 129.3425416, 36.4810605 ], [ 129.3426363, 36.4814903 ], [ 129.342599, 36.4817295 ], [ 129.342671, 36.4820503 ], [ 129.3426842, 36.4822675 ], [ 129.3428621, 36.482405 ], [ 129.342995699999989, 36.4824586 ], [ 129.34340370000001, 36.4825427 ], [ 129.3435967, 36.4825453 ], [ 129.343998699999986, 36.4822493 ], [ 129.3440224, 36.4823256 ], [ 129.3440377, 36.4824406 ], [ 129.3444127, 36.4826189 ], [ 129.344585599999988, 36.482622 ], [ 129.3448386, 36.4825805 ], [ 129.3455686, 36.4829352 ], [ 129.3457208, 36.4830632 ], [ 129.3462929, 36.4829141 ], [ 129.346389, 36.4825627 ], [ 129.346473, 36.4822924 ], [ 129.3464543, 36.4820596 ], [ 129.3461461, 36.4815414 ], [ 129.3459406, 36.4811809 ], [ 129.3459126, 36.4809932 ], [ 129.345567, 36.4807829 ], [ 129.3448409, 36.4802636 ], [ 129.344606700000014, 36.4800753 ], [ 129.3444834, 36.4803825 ], [ 129.3442863, 36.4804023 ], [ 129.3440952, 36.480219 ], [ 129.344009, 36.4798276 ], [ 129.344033599999989, 36.4795947 ], [ 129.344557400000014, 36.4796343 ], [ 129.3448409, 36.4798078 ], [ 129.3450565, 36.480001 ], [ 129.3454509, 36.4803478 ], [ 129.345796, 36.4805559 ], [ 129.3461164, 36.4807293 ], [ 129.346325900000011, 36.4807392 ], [ 129.346424500000012, 36.4807392 ], [ 129.346726499999988, 36.4804271 ], [ 129.3468743, 36.4803082 ], [ 129.3471085, 36.4802091 ], [ 129.3472502, 36.4801843 ], [ 129.347478200000012, 36.4799564 ], [ 129.347336500000011, 36.4798672 ], [ 129.3468928, 36.4798276 ], [ 129.3465354, 36.4797731 ], [ 129.34648, 36.4795501 ], [ 129.346467600000011, 36.4793172 ], [ 129.346473800000012, 36.4789902 ], [ 129.3462088, 36.4789209 ], [ 129.3459131, 36.4788663 ], [ 129.345611100000013, 36.4787772 ], [ 129.345759, 36.4784997 ], [ 129.3461595, 36.4783956 ], [ 129.346627899999987, 36.4783411 ], [ 129.3470284, 36.4781479 ], [ 129.347342700000013, 36.4779448 ], [ 129.3479465, 36.4775385 ], [ 129.3483163, 36.4773204 ], [ 129.3487168, 36.4772808 ], [ 129.349024899999989, 36.4771966 ], [ 129.3492652, 36.4769835 ], [ 129.349832099999986, 36.4764831 ], [ 129.350171100000011, 36.4762749 ], [ 129.3505901, 36.4760916 ], [ 129.3510214, 36.4759331 ], [ 129.3511816, 36.4758488 ], [ 129.351619199999988, 36.4752889 ], [ 129.351810199999989, 36.4751403 ], [ 129.3521121, 36.4748281 ], [ 129.35232160000001, 36.4746745 ], [ 129.352481899999987, 36.4745902 ], [ 129.3529255, 36.4742037 ], [ 129.3529933, 36.4739709 ], [ 129.353147400000012, 36.4733515 ], [ 129.353239800000011, 36.4731384 ], [ 129.3534, 36.4729105 ], [ 129.353480100000013, 36.472514 ], [ 129.3534924, 36.4722861 ], [ 129.353486299999986, 36.4720829 ], [ 129.3536095, 36.4716865 ], [ 129.353634199999988, 36.471518 ], [ 129.353671100000014, 36.4714041 ], [ 129.3536198, 36.4712315 ], [ 129.3543733, 36.4688078 ], [ 129.354709500000013, 36.4672906 ], [ 129.3550831, 36.4661789 ], [ 129.3543546, 36.4660137 ], [ 129.3520569, 36.4663742 ], [ 129.3505625, 36.467606 ], [ 129.3490495, 36.4691383 ], [ 129.347106700000012, 36.4706255 ], [ 129.34611670000001, 36.4702199 ], [ 129.3486945, 36.4665094 ], [ 129.3502637, 36.4658184 ], [ 129.3524305, 36.4652475 ], [ 129.354597399999989, 36.464947 ], [ 129.3560358, 36.4644663 ], [ 129.357455499999986, 36.4636851 ], [ 129.3581279, 36.4629189 ], [ 129.356839, 36.4606804 ], [ 129.3553446, 36.4603349 ], [ 129.3533832, 36.4603649 ], [ 129.351801099999989, 36.4606821 ], [ 129.350158099999987, 36.4606441 ], [ 129.3485264, 36.4600194 ], [ 129.3473496, 36.46038 ], [ 129.3458365, 36.4614016 ], [ 129.3453135, 36.4607255 ], [ 129.342306, 36.4605302 ], [ 129.341516399999989, 36.4610468 ], [ 129.3419087, 36.4602806 ], [ 129.3428801, 36.4602054 ], [ 129.3464071, 36.4596125 ], [ 129.3468066, 36.4596292 ], [ 129.347187600000012, 36.4596273 ], [ 129.3472323, 36.4595725 ], [ 129.3473285, 36.4595422 ], [ 129.347942499999988, 36.4593491 ], [ 129.349334199999987, 36.4595744 ], [ 129.350744600000013, 36.4589134 ], [ 129.3502402, 36.4575762 ], [ 129.3503896, 36.4557882 ], [ 129.3504457, 36.455022 ], [ 129.3505391, 36.4541205 ], [ 129.3508185, 36.4527515 ], [ 129.3509127, 36.4513107 ], [ 129.3512863, 36.4517314 ], [ 129.3515104, 36.4528734 ], [ 129.3519775, 36.4544059 ], [ 129.3519775, 36.4557131 ], [ 129.35184670000001, 36.4567498 ], [ 129.352295, 36.4576513 ], [ 129.3529488, 36.4577715 ], [ 129.353565300000014, 36.4572456 ], [ 129.35373340000001, 36.456239 ], [ 129.3541631, 36.4559385 ], [ 129.354667400000011, 36.4567799 ], [ 129.35455540000001, 36.4576213 ], [ 129.354518, 36.4585378 ], [ 129.3551158, 36.4588983 ], [ 129.356386, 36.459289 ], [ 129.3575816, 36.4597698 ], [ 129.359935299999989, 36.4612121 ], [ 129.3611682, 36.4615576 ], [ 129.3624011, 36.4618431 ], [ 129.3631483, 36.4621135 ], [ 129.3634285, 36.4617229 ], [ 129.3631483, 36.4610318 ], [ 129.3631483, 36.4603407 ], [ 129.363783500000011, 36.4606111 ], [ 129.3640824, 36.4611219 ], [ 129.365408699999989, 36.4614374 ], [ 129.3688272, 36.462429 ], [ 129.369368900000012, 36.4629698 ], [ 129.3698359, 36.4628797 ], [ 129.3706579, 36.462414 ], [ 129.3721217, 36.4627358 ], [ 129.373399299999988, 36.4624222 ], [ 129.373734, 36.4618906 ], [ 129.373959899999988, 36.4617096 ], [ 129.3741704, 36.4615855 ], [ 129.3745621, 36.4614219 ], [ 129.3746816, 36.4613525 ], [ 129.374753700000014, 36.4612806 ], [ 129.3747928, 36.4611852 ], [ 129.3747649, 36.460661 ], [ 129.374593, 36.4603714 ], [ 129.374220400000013, 36.4601553 ], [ 129.3741234, 36.4599778 ], [ 129.3740158, 36.4596899 ], [ 129.3741703, 36.4591756 ], [ 129.3742693, 36.4595485 ], [ 129.374418, 36.4595905 ], [ 129.37457280000001, 36.459464 ], [ 129.3747564, 36.459394 ], [ 129.3750262, 36.4595073 ], [ 129.3746538, 36.4597588 ], [ 129.3745494, 36.4598965 ], [ 129.374464, 36.4600829 ], [ 129.374717, 36.4603593 ], [ 129.3748909, 36.4606176 ], [ 129.3751862, 36.461284 ], [ 129.375179, 36.4613481 ], [ 129.3751339, 36.4614169 ], [ 129.3749046, 36.4615407 ], [ 129.374340100000012, 36.4617867 ], [ 129.37413380000001, 36.4619939 ], [ 129.373978599999987, 36.4623911 ], [ 129.3739257, 36.462892 ], [ 129.3733372, 36.463402 ], [ 129.372718, 36.4635161 ], [ 129.3717739, 36.4630872 ], [ 129.3714602, 36.463027 ], [ 129.370948199999987, 36.4631713 ], [ 129.370131500000014, 36.4635564 ], [ 129.3699495, 36.4637928 ], [ 129.3692518, 36.464151 ], [ 129.3690723, 36.4644232 ], [ 129.3690714, 36.4645516 ], [ 129.3691437, 36.4647886 ], [ 129.3692723, 36.4650264 ], [ 129.3692777, 36.4652345 ], [ 129.369393300000013, 36.4653745 ], [ 129.369773900000013, 36.4654947 ], [ 129.369918899999988, 36.4656063 ], [ 129.3703095, 36.4656406 ], [ 129.3705941, 36.4660244 ], [ 129.370541, 36.4662011 ], [ 129.370791700000012, 36.4662449 ], [ 129.3711882, 36.466019 ], [ 129.3719677, 36.46601 ], [ 129.3725093, 36.4661167 ], [ 129.3728027, 36.4660855 ], [ 129.372862, 36.4658562 ], [ 129.3726847, 36.4658435 ], [ 129.372367200000014, 36.4658776 ], [ 129.372028, 36.4657773 ], [ 129.371915699999988, 36.465614 ], [ 129.3716789, 36.4656143 ], [ 129.3715271, 36.4657929 ], [ 129.3713013, 36.4657237 ], [ 129.3708541, 36.4657343 ], [ 129.3711922, 36.4652006 ], [ 129.3715116, 36.4644209 ], [ 129.3714458, 36.4641526 ], [ 129.3721959, 36.4638052 ], [ 129.372723799999989, 36.4638167 ], [ 129.3732058, 36.4636362 ], [ 129.3735835, 36.4635861 ], [ 129.37409310000001, 36.4633348 ], [ 129.3750478, 36.4631952 ], [ 129.3759444, 36.4630449 ], [ 129.3762433, 36.4620684 ], [ 129.377644299999986, 36.4614975 ], [ 129.3792695, 36.461828 ], [ 129.3804651, 36.4613022 ], [ 129.3815859, 36.4607914 ], [ 129.38410780000001, 36.4612872 ], [ 129.38434, 36.461112 ], [ 129.384699500000011, 36.4608997 ], [ 129.3850366, 36.4608048 ], [ 129.3852838, 36.4608228 ], [ 129.385356800000011, 36.4610894 ], [ 129.385649, 36.4614238 ], [ 129.3858962, 36.4617039 ], [ 129.386076, 36.4620338 ], [ 129.3862557, 36.4622552 ], [ 129.386637799999988, 36.4621829 ], [ 129.3865872, 36.4619253 ], [ 129.386722, 36.4611798 ], [ 129.3867782, 36.4606286 ], [ 129.3869187, 36.46024 ], [ 129.38684, 36.4598694 ], [ 129.386868099999987, 36.4594899 ], [ 129.386890599999987, 36.4587308 ], [ 129.386929900000013, 36.4583919 ], [ 129.386901200000011, 36.4580617 ], [ 129.3848398, 36.4524215 ], [ 129.384531, 36.4522147 ], [ 129.3840984, 36.4522283 ], [ 129.3836321, 36.4523774 ], [ 129.383008499999988, 36.4527254 ], [ 129.382632, 36.4528926 ], [ 129.3825028, 36.4529197 ], [ 129.3825028, 36.4527841 ], [ 129.3827781, 36.4526214 ], [ 129.3833175, 36.4523864 ], [ 129.383722, 36.4522418 ], [ 129.3844186, 36.4518442 ], [ 129.3844636, 36.4517267 ], [ 129.384384899999986, 36.4515369 ], [ 129.3846096, 36.451442 ], [ 129.3847782, 36.4513561 ], [ 129.3849337, 36.4512388 ], [ 129.3848586, 36.451073 ], [ 129.385348, 36.4495511 ], [ 129.386715900000013, 36.4485974 ], [ 129.3888935, 36.4458995 ], [ 129.390363400000012, 36.4440784 ], [ 129.391168, 36.4417308 ], [ 129.39052430000001, 36.4414132 ], [ 129.3891939, 36.4412924 ], [ 129.388507299999986, 36.440412 ], [ 129.3883142, 36.4394453 ], [ 129.3860611, 36.4379089 ], [ 129.3844303, 36.4364761 ], [ 129.3843488, 36.4362034 ], [ 129.38380810000001, 36.4373393 ], [ 129.3837437, 36.4378571 ], [ 129.3842043, 36.4386542 ], [ 129.383783099999988, 36.4388809 ], [ 129.3835205, 36.4384507 ], [ 129.383582, 36.4387501 ], [ 129.3825374, 36.4392295 ], [ 129.382694500000014, 36.4388711 ], [ 129.382762, 36.4385131 ], [ 129.383153600000014, 36.4379089 ], [ 129.3831217, 36.4373081 ], [ 129.3824832, 36.4358655 ], [ 129.3820739, 36.4360874 ], [ 129.3819904, 36.4364391 ], [ 129.3819948, 36.4367884 ], [ 129.381963, 36.4371689 ], [ 129.382095, 36.4375599 ], [ 129.3816865, 36.4375249 ], [ 129.3816971, 36.437128 ], [ 129.3816828, 36.4364562 ], [ 129.380929, 36.4364587 ], [ 129.3808885, 36.4370061 ], [ 129.380695800000012, 36.4370641 ], [ 129.380565499999989, 36.4371824 ], [ 129.3790492, 36.4371672 ], [ 129.379055099999988, 36.4366712 ], [ 129.37953250000001, 36.4366464 ], [ 129.3800455, 36.4361729 ], [ 129.3802126, 36.4361443 ], [ 129.380410500000011, 36.4361951 ], [ 129.380760900000013, 36.4361795 ], [ 129.381135, 36.4362919 ], [ 129.3812547, 36.436274 ], [ 129.381358400000011, 36.4362132 ], [ 129.381411899999989, 36.4360876 ], [ 129.38138, 36.4356654 ], [ 129.3815147, 36.4355222 ], [ 129.3819581, 36.4350104 ], [ 129.3821429, 36.4346281 ], [ 129.3820134, 36.434266 ], [ 129.381736100000012, 36.4343997 ], [ 129.381523499999986, 36.4342497 ], [ 129.38165140000001, 36.4340235 ], [ 129.381784900000014, 36.4339381 ], [ 129.3817151, 36.4338229 ], [ 129.3812797, 36.4335926 ], [ 129.380883399999988, 36.4338013 ], [ 129.3802585, 36.4335673 ], [ 129.380089700000013, 36.4338538 ], [ 129.3802325, 36.4340848 ], [ 129.380343399999987, 36.4344392 ], [ 129.3802382, 36.4350666 ], [ 129.3800886, 36.4351519 ], [ 129.379917299999988, 36.4352075 ], [ 129.3798563, 36.4351088 ], [ 129.3799951, 36.4350507 ], [ 129.3799937, 36.4347242 ], [ 129.3797372, 36.4343726 ], [ 129.3798401, 36.4342116 ], [ 129.379460099999989, 36.433556 ], [ 129.379482200000012, 36.4333586 ], [ 129.379166700000013, 36.4331781 ], [ 129.3791712, 36.4330658 ], [ 129.3788923, 36.4330576 ], [ 129.3786426, 36.4331057 ], [ 129.3781739, 36.433063 ], [ 129.3779487, 36.4328915 ], [ 129.377971, 36.4327928 ], [ 129.377654299999989, 36.4327487 ], [ 129.3775817, 36.433057 ], [ 129.3781189, 36.4337082 ], [ 129.3779669, 36.4339446 ], [ 129.3776516, 36.4334771 ], [ 129.377293900000012, 36.4332924 ], [ 129.3771149, 36.4333804 ], [ 129.3768432, 36.4337249 ], [ 129.3768111, 36.4339627 ], [ 129.377172300000012, 36.4344583 ], [ 129.3773214, 36.4345075 ], [ 129.3774288, 36.4347249 ], [ 129.3772997, 36.4348565 ], [ 129.3767983, 36.4345705 ], [ 129.3766401, 36.4342168 ], [ 129.376414, 36.434111 ], [ 129.3761252, 36.4340874 ], [ 129.3759191, 36.434212 ], [ 129.37585, 36.4345519 ], [ 129.375485700000013, 36.434759 ], [ 129.3753649, 36.4345572 ], [ 129.374831199999988, 36.4339963 ], [ 129.373385500000012, 36.4343079 ], [ 129.3729467, 36.4345246 ], [ 129.372623, 36.43513 ], [ 129.3721869, 36.4359259 ], [ 129.3715726, 36.4360109 ], [ 129.3713143, 36.4363568 ], [ 129.371487300000013, 36.4364648 ], [ 129.3716485, 36.436661 ], [ 129.3718618, 36.4366822 ], [ 129.3719415, 36.4368022 ], [ 129.371373799999986, 36.4370124 ], [ 129.371259, 36.4378491 ], [ 129.371160800000013, 36.4384345 ], [ 129.3705881, 36.4390844 ], [ 129.370242100000013, 36.4391772 ], [ 129.370169, 36.4389726 ], [ 129.3704908, 36.438278 ], [ 129.3705962, 36.4373605 ], [ 129.37059690000001, 36.43681 ], [ 129.370425, 36.4364153 ], [ 129.370702599999987, 36.4362675 ], [ 129.371695, 36.4346573 ], [ 129.3718072, 36.4344342 ], [ 129.3722768, 36.4343004 ], [ 129.3724316, 36.4346158 ], [ 129.372507399999989, 36.434765 ], [ 129.3736238, 36.434077 ], [ 129.3738861, 36.4335955 ], [ 129.3741425, 36.4335253 ], [ 129.3745926, 36.4335894 ], [ 129.375069700000012, 36.4333237 ], [ 129.375447799999989, 36.4333031 ], [ 129.3759533, 36.433392 ], [ 129.376255, 36.4333774 ], [ 129.3765071, 36.4332004 ], [ 129.3764937, 36.4326803 ], [ 129.376760600000011, 36.4325498 ], [ 129.376491, 36.4321775 ], [ 129.375934699999988, 36.4317479 ], [ 129.375724, 36.4319947 ], [ 129.3754334, 36.4321125 ], [ 129.3753802, 36.4320091 ], [ 129.375810199999989, 36.4315002 ], [ 129.3761979, 36.4312124 ], [ 129.375549, 36.4315106 ], [ 129.3754092, 36.4314083 ], [ 129.375521600000013, 36.4311294 ], [ 129.375713100000013, 36.4310241 ], [ 129.3758053, 36.4307723 ], [ 129.3758281, 36.4299626 ], [ 129.3748888, 36.4301523 ], [ 129.374092600000012, 36.4308887 ], [ 129.374018, 36.4312267 ], [ 129.3742703, 36.4313389 ], [ 129.374458299999986, 36.4315684 ], [ 129.3744888, 36.4316816 ], [ 129.3743909, 36.431863 ], [ 129.3744663, 36.4320326 ], [ 129.374000700000011, 36.432537 ], [ 129.3737648, 36.4322247 ], [ 129.373716800000011, 36.4315763 ], [ 129.3735388, 36.4314813 ], [ 129.3734637, 36.4312723 ], [ 129.3735428, 36.4306086 ], [ 129.3737669, 36.4303473 ], [ 129.373438099999987, 36.4304095 ], [ 129.3733765, 36.4301175 ], [ 129.3736212, 36.4300128 ], [ 129.373885699999988, 36.4301409 ], [ 129.3741383, 36.4300056 ], [ 129.3744026, 36.4299266 ], [ 129.3744958, 36.4298187 ], [ 129.37476190000001, 36.429648 ], [ 129.37538330000001, 36.4296908 ], [ 129.376168299999989, 36.4296126 ], [ 129.375877300000013, 36.4282813 ], [ 129.375987, 36.4275647 ], [ 129.3754181, 36.4270845 ], [ 129.3720707, 36.4295533 ], [ 129.371083700000014, 36.4304856 ], [ 129.3697104, 36.4318495 ], [ 129.3687233, 36.4346807 ], [ 129.3681225, 36.4361999 ], [ 129.368787700000013, 36.4376327 ], [ 129.3680152, 36.4368904 ], [ 129.3670067, 36.4360963 ], [ 129.3662702, 36.4347293 ], [ 129.366363, 36.4335586 ], [ 129.3673715, 36.4308654 ], [ 129.3691954, 36.4301576 ], [ 129.3708906, 36.4287937 ], [ 129.372409800000014, 36.428307 ], [ 129.372339899999986, 36.4277144 ], [ 129.3724254, 36.4274551 ], [ 129.372542399999986, 36.4274365 ], [ 129.372554900000011, 36.4273418 ], [ 129.3724833, 36.4272517 ], [ 129.372858, 36.4270558 ], [ 129.3730525, 36.4267755 ], [ 129.3733054, 36.426792 ], [ 129.3738026, 36.4264412 ], [ 129.3739179, 36.4262501 ], [ 129.3742162, 36.4260491 ], [ 129.37422380000001, 36.4257977 ], [ 129.3746133, 36.4257062 ], [ 129.3748541, 36.4257687 ], [ 129.3751232, 36.4257059 ], [ 129.375278900000012, 36.4255692 ], [ 129.376071700000011, 36.4254011 ], [ 129.376021, 36.424746 ], [ 129.3756488, 36.4245438 ], [ 129.3756679, 36.4244398 ], [ 129.3760127, 36.424521 ], [ 129.3758977, 36.4238974 ], [ 129.3757632, 36.4236997 ], [ 129.375588099999987, 36.4232636 ], [ 129.3752035, 36.4227681 ], [ 129.374474, 36.4222155 ], [ 129.3735298, 36.4224055 ], [ 129.3723068, 36.4236314 ], [ 129.3711051, 36.4246155 ], [ 129.3715343, 36.4233033 ], [ 129.3712339, 36.421076 ], [ 129.3716416, 36.4201263 ], [ 129.3720707, 36.4193148 ], [ 129.372628600000013, 36.4182442 ], [ 129.371663, 36.4186241 ], [ 129.3701398, 36.4199443 ], [ 129.370043, 36.4205753 ], [ 129.3702039, 36.4219911 ], [ 129.3699464, 36.4244774 ], [ 129.3690881, 36.4235105 ], [ 129.3681654, 36.4224745 ], [ 129.367950900000011, 36.4207824 ], [ 129.3687665, 36.4203414 ], [ 129.3689704, 36.4196939 ], [ 129.3695497, 36.4190292 ], [ 129.370472400000011, 36.4188824 ], [ 129.3710571, 36.4182651 ], [ 129.3719906, 36.4175399 ], [ 129.371497, 36.4168233 ], [ 129.3706602, 36.4170348 ], [ 129.3705046, 36.4174017 ], [ 129.3699092, 36.417678 ], [ 129.3690348, 36.4183298 ], [ 129.368155, 36.419504 ], [ 129.3668994, 36.4206616 ], [ 129.3657407, 36.4223537 ], [ 129.3647537, 36.4236659 ], [ 129.3643051, 36.4252159 ], [ 129.3649705, 36.4265714 ], [ 129.366570200000012, 36.4268334 ], [ 129.3665844, 36.4286673 ], [ 129.3668212, 36.4302113 ], [ 129.3657095, 36.428851 ], [ 129.365623699999986, 36.4275475 ], [ 129.3647023, 36.4275597 ], [ 129.3645455, 36.4275333 ], [ 129.3644167, 36.4276496 ], [ 129.3636865, 36.4284404 ], [ 129.362601899999987, 36.4278082 ], [ 129.361960399999987, 36.4274261 ], [ 129.362047499999989, 36.4277279 ], [ 129.362343, 36.4280984 ], [ 129.3628407, 36.4285164 ], [ 129.363162499999987, 36.4289906 ], [ 129.363441599999987, 36.4290524 ], [ 129.3635984, 36.4293788 ], [ 129.3633696, 36.4294236 ], [ 129.3635346, 36.4297236 ], [ 129.364115700000013, 36.4303334 ], [ 129.36430630000001, 36.4304937 ], [ 129.364725099999987, 36.4307548 ], [ 129.3651826, 36.431244 ], [ 129.365236900000014, 36.4313502 ], [ 129.3651931, 36.4317354 ], [ 129.3649742, 36.4318764 ], [ 129.3644866, 36.4320975 ], [ 129.364366100000012, 36.4320073 ], [ 129.3644735, 36.4318526 ], [ 129.3645582, 36.4316157 ], [ 129.3645455, 36.4314068 ], [ 129.364352200000013, 36.4311184 ], [ 129.3641456, 36.4309762 ], [ 129.3634078, 36.4306879 ], [ 129.3634322, 36.4308126 ], [ 129.363521100000014, 36.431033 ], [ 129.3634973, 36.4311889 ], [ 129.363577, 36.4313122 ], [ 129.3635841, 36.4315473 ], [ 129.3636797, 36.4317232 ], [ 129.3637052, 36.4318375 ], [ 129.363801099999989, 36.4319258 ], [ 129.3638058, 36.4321248 ], [ 129.3636799, 36.4324027 ], [ 129.3632785, 36.4327557 ], [ 129.3633652, 36.433192 ], [ 129.363221, 36.433692 ], [ 129.3630533, 36.4339762 ], [ 129.3627582, 36.4350064 ], [ 129.361952800000012, 36.4359077 ], [ 129.3612056, 36.436569 ], [ 129.3604957, 36.4372903 ], [ 129.3593562, 36.4382972 ], [ 129.359001299999989, 36.4390186 ], [ 129.3580859, 36.4392891 ], [ 129.3568717, 36.4388383 ], [ 129.356367400000011, 36.4396047 ], [ 129.3547422, 36.4395746 ], [ 129.352668599999987, 36.4387631 ], [ 129.351772, 36.4383574 ], [ 129.351734599999986, 36.4364638 ], [ 129.350800600000014, 36.435517 ], [ 129.349847899999986, 36.4354719 ], [ 129.348876499999989, 36.4352765 ], [ 129.3511182, 36.4339088 ], [ 129.350530600000013, 36.4318313 ], [ 129.3511053, 36.4313652 ], [ 129.3513208, 36.431038 ], [ 129.3510324, 36.430679 ], [ 129.350618200000014, 36.430806 ], [ 129.3501584, 36.431001 ], [ 129.34948940000001, 36.4315532 ], [ 129.349340500000011, 36.4314592 ], [ 129.3490466, 36.4315831 ], [ 129.34862, 36.4317162 ], [ 129.347706, 36.4318782 ], [ 129.3473865, 36.4319661 ], [ 129.3469533, 36.4323079 ], [ 129.3464778, 36.4325396 ], [ 129.346054900000013, 36.4325518 ], [ 129.3457939, 36.4326149 ], [ 129.3454758, 36.4325752 ], [ 129.3444322, 36.4329057 ], [ 129.3441224, 36.4330303 ], [ 129.3439674, 36.4331237 ], [ 129.3438405, 36.4332324 ], [ 129.3437371, 36.4333512 ], [ 129.343469700000014, 36.4337254 ], [ 129.3432269, 36.4340252 ], [ 129.342066, 36.4344743 ], [ 129.3418734, 36.43463 ], [ 129.3417637, 36.4347666 ], [ 129.34166590000001, 36.4349429 ], [ 129.3413213, 36.4361743 ], [ 129.341015700000014, 36.4366922 ], [ 129.3408925, 36.4370806 ], [ 129.3407866, 36.4371689 ], [ 129.3405852, 36.4371723 ], [ 129.340527400000013, 36.4374631 ], [ 129.340165899999988, 36.4378028 ], [ 129.339751799999988, 36.4380718 ], [ 129.3397821, 36.438218 ], [ 129.3401388, 36.4384154 ], [ 129.340300899999988, 36.4385991 ], [ 129.3400157, 36.4385801 ], [ 129.339575200000013, 36.4383436 ], [ 129.3394037, 36.4383888 ], [ 129.338952, 36.438732 ], [ 129.3386855, 36.4391783 ], [ 129.3383409, 36.4391987 ], [ 129.338079099999987, 36.4393462 ], [ 129.3381353, 36.4395966 ], [ 129.3373702, 36.4393041 ], [ 129.336956, 36.4392652 ], [ 129.336545699999988, 36.4394551 ], [ 129.3347875, 36.4389417 ], [ 129.3338831, 36.4388665 ], [ 129.3331187, 36.4389196 ], [ 129.3325385, 36.4390548 ], [ 129.3320574, 36.4393901 ], [ 129.3319339, 36.4397015 ], [ 129.332062, 36.4399471 ], [ 129.3322388, 36.4400224 ], [ 129.3323983, 36.4399916 ], [ 129.332688600000012, 36.4401245 ], [ 129.3326889, 36.4402126 ], [ 129.3328768, 36.4404551 ], [ 129.3329063, 36.4406799 ], [ 129.333249, 36.4408052 ], [ 129.333459800000014, 36.4407904 ], [ 129.333807, 36.44058 ], [ 129.33380360000001, 36.4404311 ], [ 129.333974399999988, 36.4403765 ], [ 129.333903099999986, 36.440167 ], [ 129.3343248, 36.4400963 ], [ 129.334444499999989, 36.4400108 ], [ 129.3348149, 36.4399293 ], [ 129.3350978, 36.4398042 ], [ 129.3350888, 36.4395792 ], [ 129.3353445, 36.4394078 ], [ 129.3357488, 36.439368 ], [ 129.3360404, 36.439819 ], [ 129.3357141, 36.4401195 ], [ 129.3359897, 36.4404211 ], [ 129.3365421, 36.4403561 ], [ 129.3370624, 36.4399996 ], [ 129.3377779, 36.4401289 ], [ 129.3377697, 36.4403312 ], [ 129.338334800000013, 36.4403343 ], [ 129.3389914, 36.4407283 ], [ 129.3391571, 36.4409841 ], [ 129.339508200000012, 36.441171 ], [ 129.3394155, 36.4414737 ], [ 129.3388569, 36.4415662 ], [ 129.3389922, 36.4417694 ], [ 129.3387509, 36.4418906 ], [ 129.339280800000012, 36.4421802 ], [ 129.3403131, 36.4420905 ], [ 129.3407235, 36.4421633 ], [ 129.341254600000013, 36.4430211 ], [ 129.3413799, 36.4437089 ], [ 129.3414192, 36.4445605 ], [ 129.3414587, 36.4458459 ], [ 129.34108, 36.4456448 ], [ 129.3404516, 36.4454985 ], [ 129.340521099999989, 36.4459022 ], [ 129.340271300000012, 36.44649 ], [ 129.338642099999987, 36.446313 ], [ 129.33795760000001, 36.446473 ], [ 129.3381025, 36.4459005 ], [ 129.338371599999988, 36.4457399 ], [ 129.3386657, 36.4452226 ], [ 129.339351599999986, 36.4450513 ], [ 129.339381800000012, 36.4448881 ], [ 129.3387859, 36.4448427 ], [ 129.3390245, 36.4444667 ], [ 129.3397999, 36.4446402 ], [ 129.3397972, 36.4440149 ], [ 129.339477499999987, 36.4439978 ], [ 129.3392689, 36.4436165 ], [ 129.339726899999988, 36.4436406 ], [ 129.339781499999987, 36.4434547 ], [ 129.3394792, 36.4433127 ], [ 129.3387121, 36.4433949 ], [ 129.3385058, 36.4435537 ], [ 129.338356299999987, 36.4439481 ], [ 129.3381473, 36.4446942 ], [ 129.337970899999988, 36.4446816 ], [ 129.3377481, 36.4443293 ], [ 129.3373351, 36.4442265 ], [ 129.337501, 36.4436939 ], [ 129.3378003, 36.4435575 ], [ 129.3376859, 36.4431556 ], [ 129.33724620000001, 36.4432182 ], [ 129.336659700000013, 36.4431436 ], [ 129.336069900000012, 36.4431217 ], [ 129.3358249, 36.4429364 ], [ 129.334995, 36.4428372 ], [ 129.3351409, 36.4430781 ], [ 129.3359843, 36.4433745 ], [ 129.3368701, 36.4434746 ], [ 129.3367053, 36.4442412 ], [ 129.3367499, 36.4446623 ], [ 129.33664, 36.4447761 ], [ 129.337154199999986, 36.4448526 ], [ 129.337395, 36.4450609 ], [ 129.337279599999988, 36.4458584 ], [ 129.3371976, 36.4459955 ], [ 129.3367825, 36.445894 ], [ 129.336589300000014, 36.4457574 ], [ 129.3358178, 36.4457349 ], [ 129.3356354, 36.4453378 ], [ 129.3357293, 36.4451107 ], [ 129.3361885, 36.4451253 ], [ 129.336088499999988, 36.4445907 ], [ 129.3356933, 36.444071 ], [ 129.3353095, 36.4438948 ], [ 129.3348832, 36.4441312 ], [ 129.3345112, 36.4436969 ], [ 129.3341555, 36.4436486 ], [ 129.3338343, 36.4433557 ], [ 129.334444100000013, 36.4429399 ], [ 129.334330099999988, 36.4427112 ], [ 129.3339966, 36.4425152 ], [ 129.3336825, 36.4427767 ], [ 129.332897, 36.4425391 ], [ 129.3327504, 36.4425824 ], [ 129.332776700000011, 36.4428337 ], [ 129.332902, 36.4429819 ], [ 129.3329387, 36.4431478 ], [ 129.333028500000012, 36.4434663 ], [ 129.333676700000012, 36.4438314 ], [ 129.3336823, 36.4442533 ], [ 129.333602, 36.4442743 ], [ 129.3336506, 36.4444613 ], [ 129.3327371, 36.4444455 ], [ 129.332399, 36.4442244 ], [ 129.332251500000012, 36.4437608 ], [ 129.331876099999988, 36.443612 ], [ 129.331962299999986, 36.4433698 ], [ 129.331985300000014, 36.4430959 ], [ 129.3320773, 36.4430071 ], [ 129.3325509, 36.442837 ], [ 129.3325477, 36.4426408 ], [ 129.332198299999988, 36.4423441 ], [ 129.3320974, 36.4420364 ], [ 129.3322691, 36.4417892 ], [ 129.3322661, 36.4416742 ], [ 129.3321326, 36.4416037 ], [ 129.331927400000012, 36.4413363 ], [ 129.33195, 36.4408772 ], [ 129.3318343, 36.4406753 ], [ 129.33180680000001, 36.4404355 ], [ 129.3315787, 36.4401063 ], [ 129.3313844, 36.4399761 ], [ 129.331158, 36.4400487 ], [ 129.3309267, 36.4400073 ], [ 129.331272500000011, 36.4403879 ], [ 129.3315151, 36.4405049 ] ], [ [ 129.298120399999988, 36.4692535 ], [ 129.2993252, 36.4694989 ], [ 129.2998298, 36.4696977 ], [ 129.2997967, 36.4699377 ], [ 129.3000752, 36.469943 ], [ 129.300081799999987, 36.4700124 ], [ 129.3000619, 36.4701457 ], [ 129.299133399999988, 36.4700977 ], [ 129.2984835, 36.4702737 ], [ 129.298563, 36.4705831 ], [ 129.2988283, 36.4704977 ], [ 129.298907899999989, 36.4705831 ], [ 129.2988416, 36.4708924 ], [ 129.298277899999988, 36.4711484 ], [ 129.298311, 36.4712711 ], [ 129.2980325, 36.4714097 ], [ 129.297906399999988, 36.4713404 ], [ 129.2977871, 36.4715804 ], [ 129.2975218, 36.4716391 ], [ 129.2973759, 36.4714097 ], [ 129.297190199999989, 36.4713191 ], [ 129.2970774, 36.4710097 ], [ 129.2968055, 36.4706097 ], [ 129.297137099999986, 36.4704124 ], [ 129.296958, 36.470071 ], [ 129.296454, 36.4695004 ], [ 129.296958, 36.4688603 ], [ 129.2966596, 36.4686417 ], [ 129.2960229, 36.4687643 ], [ 129.2953397, 36.469175 ], [ 129.2949816, 36.468839 ], [ 129.294510699999989, 36.468695 ], [ 129.294862200000011, 36.4683216 ], [ 129.2947097, 36.4679696 ], [ 129.2948954, 36.4677829 ], [ 129.2952469, 36.4671802 ], [ 129.2946566, 36.4668069 ], [ 129.2951209, 36.4661508 ], [ 129.2952933, 36.4660602 ], [ 129.2955586, 36.4660922 ], [ 129.295598399999989, 36.4663695 ], [ 129.29581060000001, 36.4666149 ], [ 129.296454, 36.4668869 ], [ 129.2967126, 36.4673776 ], [ 129.296997800000014, 36.4676496 ], [ 129.2972963, 36.4677456 ], [ 129.29776050000001, 36.4679376 ], [ 129.29789980000001, 36.4686843 ], [ 129.298120399999988, 36.4692535 ] ], [ [ 129.295823, 36.475372 ], [ 129.296569799999986, 36.4755427 ], [ 129.2967078, 36.4760664 ], [ 129.2969661, 36.4762684 ], [ 129.2969591, 36.4766583 ], [ 129.2971042, 36.4768262 ], [ 129.2971537, 36.477125 ], [ 129.297536, 36.4772645 ], [ 129.298081, 36.4772417 ], [ 129.2980633, 36.4771449 ], [ 129.2979713, 36.4770966 ], [ 129.2978333, 36.476977 ], [ 129.2979182, 36.4768575 ], [ 129.2981376, 36.4768091 ], [ 129.2982686, 36.4768575 ], [ 129.2983535, 36.4767209 ], [ 129.298572900000011, 36.4768433 ], [ 129.2984668, 36.4771022 ], [ 129.2985057, 36.4775832 ], [ 129.2987039, 36.4776515 ], [ 129.2987641, 36.4778052 ], [ 129.2990189, 36.478017 ], [ 129.299355100000014, 36.4782451 ], [ 129.299361, 36.4784372 ], [ 129.2989479, 36.4784114 ], [ 129.298459799999989, 36.4787133 ], [ 129.298438299999987, 36.4789203 ], [ 129.297789200000011, 36.4798693 ], [ 129.2975586, 36.4799771 ], [ 129.2975103, 36.4798046 ], [ 129.2979019, 36.479274 ], [ 129.298019900000014, 36.4792093 ], [ 129.298175500000013, 36.4787737 ], [ 129.2981057, 36.4786012 ], [ 129.29773560000001, 36.4785494 ], [ 129.2979394, 36.4782043 ], [ 129.297885799999989, 36.4779455 ], [ 129.297467399999988, 36.4776134 ], [ 129.2974084, 36.4778161 ], [ 129.29679680000001, 36.4775185 ], [ 129.296893399999988, 36.4772079 ], [ 129.2967573, 36.4771222 ], [ 129.296237100000013, 36.4770624 ], [ 129.2960424, 36.4771193 ], [ 129.2958088, 36.477125 ], [ 129.295660199999986, 36.4774523 ], [ 129.295508, 36.4774551 ], [ 129.29535580000001, 36.4774068 ], [ 129.2950231, 36.4774324 ], [ 129.294966499999987, 36.4772929 ], [ 129.2954195, 36.4769543 ], [ 129.2954408, 36.4768177 ], [ 129.29535580000001, 36.4767323 ], [ 129.2952496, 36.4767323 ], [ 129.29515760000001, 36.4769059 ], [ 129.294878, 36.4769457 ], [ 129.294867399999987, 36.4770453 ], [ 129.2947294, 36.4769856 ], [ 129.2946409, 36.4767266 ], [ 129.2945913, 36.4766213 ], [ 129.2944108, 36.476627 ], [ 129.294389599999988, 36.4767351 ], [ 129.294021500000014, 36.4769173 ], [ 129.293823300000014, 36.4768006 ], [ 129.2934765, 36.4767437 ], [ 129.2932783, 36.4764989 ], [ 129.2928996, 36.4762257 ], [ 129.2929633, 36.4759781 ], [ 129.2930766, 36.4759724 ], [ 129.293158, 36.4757761 ], [ 129.2930872, 36.4756309 ], [ 129.2930872, 36.4754459 ], [ 129.2931544, 36.475389 ], [ 129.2933172, 36.4754801 ], [ 129.2935721, 36.4753293 ], [ 129.293724200000014, 36.4755456 ], [ 129.293724200000014, 36.4757305 ], [ 129.29388, 36.4757391 ], [ 129.293986100000012, 36.4758984 ], [ 129.2945241, 36.4759895 ], [ 129.2948816, 36.4763509 ], [ 129.2953841, 36.4764847 ], [ 129.295380599999987, 36.4762229 ], [ 129.2955115, 36.4761062 ], [ 129.2958973, 36.4760436 ], [ 129.295957499999986, 36.4756736 ], [ 129.295823, 36.475372 ] ], [ [ 129.2954186, 36.4933464 ], [ 129.2954097, 36.4938487 ], [ 129.295511299999987, 36.4941114 ], [ 129.2950525, 36.4942315 ], [ 129.2949008, 36.4940736 ], [ 129.2950271, 36.493833 ], [ 129.2948793, 36.4937173 ], [ 129.29458360000001, 36.4939139 ], [ 129.2941602, 36.4937591 ], [ 129.29362230000001, 36.4940619 ], [ 129.293587, 36.4941726 ], [ 129.2935666, 36.4944263 ], [ 129.293754400000012, 36.4947158 ], [ 129.29318090000001, 36.4950393 ], [ 129.2930623, 36.4949443 ], [ 129.292651299999989, 36.4949443 ], [ 129.292590600000011, 36.4948054 ], [ 129.292898799999989, 36.4945802 ], [ 129.2930833, 36.4944244 ], [ 129.293381, 36.4942376 ], [ 129.2928717, 36.4940941 ], [ 129.2928861, 36.4935245 ], [ 129.2931091, 36.4934028 ], [ 129.2931648, 36.4931689 ], [ 129.2931575, 36.4926566 ], [ 129.2934725, 36.4922469 ], [ 129.2935397, 36.4924346 ], [ 129.293518299999988, 36.4930434 ], [ 129.2940629, 36.4931058 ], [ 129.29434040000001, 36.4929519 ], [ 129.294838700000014, 36.4930401 ], [ 129.2954186, 36.4933464 ] ], [ [ 129.2960913, 36.493958 ], [ 129.2962406, 36.4934457 ], [ 129.2964203, 36.4931837 ], [ 129.2970741, 36.4936305 ], [ 129.2972562, 36.4939346 ], [ 129.29738230000001, 36.4943213 ], [ 129.2973543, 36.4944227 ], [ 129.296892, 36.4942237 ], [ 129.2965697, 36.4939721 ], [ 129.2962102, 36.4940247 ], [ 129.2960913, 36.493958 ] ], [ [ 129.2995587, 36.4924739 ], [ 129.2999408, 36.4923987 ], [ 129.3009572, 36.4924739 ], [ 129.3008759, 36.4928399 ], [ 129.2997091, 36.4936831 ], [ 129.2996196, 36.4940917 ], [ 129.299721299999987, 36.4943368 ], [ 129.2997497, 36.49468 ], [ 129.30005460000001, 36.495046 ], [ 129.3002376, 36.4950101 ], [ 129.300514, 36.4946538 ], [ 129.3007783, 36.4947584 ], [ 129.3005791, 36.495082 ], [ 129.300664500000011, 36.4954807 ], [ 129.30114420000001, 36.4961278 ], [ 129.3008881, 36.4961768 ], [ 129.3004205, 36.4960069 ], [ 129.2998392, 36.496252 ], [ 129.29964, 36.4961278 ], [ 129.2997945, 36.495899 ], [ 129.29957490000001, 36.4956049 ], [ 129.2994286, 36.495618 ], [ 129.2988431, 36.4951343 ], [ 129.2989773, 36.4947584 ], [ 129.2992212, 36.4946342 ], [ 129.299132500000013, 36.4944384 ], [ 129.2986314, 36.4943831 ], [ 129.298526, 36.4942355 ], [ 129.2985545, 36.4939609 ], [ 129.2984935, 36.4937191 ], [ 129.298217099999988, 36.4933923 ], [ 129.2979813, 36.4927582 ], [ 129.2983309, 36.4925458 ], [ 129.2988594, 36.4924379 ], [ 129.2996115, 36.492147 ], [ 129.2995587, 36.4924739 ] ] ] ] } },
{ "type": "Feature", "properties": { "natural": "wood", "name": null }, "geometry": { "type": "Polygon", "coordinates": [ [ [ 129.356935600000014, 36.5007398 ], [ 129.3573652, 36.50089 ], [ 129.357850899999988, 36.5011453 ], [ 129.3581965, 36.5012804 ], [ 129.358897, 36.5012354 ], [ 129.3594947, 36.5010101 ], [ 129.3599711, 36.5008299 ], [ 129.3607089, 36.5005747 ], [ 129.360783700000013, 36.5003419 ], [ 129.3610732, 36.5000041 ], [ 129.3614748, 36.4996587 ], [ 129.362306100000012, 36.499013 ], [ 129.362436800000012, 36.4988103 ], [ 129.3626236, 36.4984499 ], [ 129.363072, 36.4978868 ], [ 129.3630906, 36.497654 ], [ 129.362717, 36.4974213 ], [ 129.3622594, 36.4973837 ], [ 129.3615122, 36.497609 ], [ 129.3611012, 36.497624 ], [ 129.3607276, 36.4974513 ], [ 129.3601952, 36.4973912 ], [ 129.3595975, 36.4974288 ], [ 129.358402, 36.4975114 ], [ 129.3576828, 36.4976165 ], [ 129.3572438, 36.497654 ], [ 129.3567768, 36.4975189 ], [ 129.3559175, 36.4972936 ], [ 129.355562600000013, 36.4973011 ], [ 129.354591199999987, 36.4977141 ], [ 129.3543297, 36.4978342 ], [ 129.35376930000001, 36.4979844 ], [ 129.353321, 36.4980745 ], [ 129.3531155, 36.4983373 ], [ 129.35291, 36.4986151 ], [ 129.3527139, 36.4987127 ], [ 129.3523963, 36.4986226 ], [ 129.3525458, 36.4982847 ], [ 129.3526765, 36.4980895 ], [ 129.352629799999988, 36.4979093 ], [ 129.352134799999988, 36.4979468 ], [ 129.351864, 36.4977817 ], [ 129.35182660000001, 36.4975339 ], [ 129.3515744, 36.4973236 ], [ 129.3510794, 36.4973912 ], [ 129.350724500000013, 36.4977066 ], [ 129.350042699999989, 36.498097 ], [ 129.3498372, 36.4983298 ], [ 129.349407500000012, 36.4986751 ], [ 129.348912500000012, 36.4989379 ], [ 129.3480999, 36.4990505 ], [ 129.347278, 36.4989604 ], [ 129.3466242, 36.4986826 ], [ 129.3461666, 36.4985925 ], [ 129.3456622, 36.4987877 ], [ 129.345279299999987, 36.499043 ], [ 129.3448496, 36.4995686 ], [ 129.344765599999988, 36.4998614 ], [ 129.345083100000011, 36.5000491 ], [ 129.345064400000012, 36.5002518 ], [ 129.3450458, 36.5005296 ], [ 129.3454941, 36.5007098 ], [ 129.3462413, 36.5007624 ], [ 129.346530800000011, 36.5007323 ], [ 129.3469885, 36.5006798 ], [ 129.347352699999988, 36.5008149 ], [ 129.3481186, 36.5009501 ], [ 129.3484829, 36.5011978 ], [ 129.3488752, 36.501378 ], [ 129.349426200000011, 36.5014381 ], [ 129.3497064, 36.5014306 ], [ 129.350117399999988, 36.5015807 ], [ 129.350668399999989, 36.5017909 ], [ 129.3517706, 36.5020237 ], [ 129.352561799999989, 36.5021394 ], [ 129.3529872, 36.50222 ], [ 129.3529661, 36.5020913 ], [ 129.353012799999988, 36.501881 ], [ 129.352648499999987, 36.5017909 ], [ 129.3520694, 36.5016783 ], [ 129.351677200000012, 36.5016032 ], [ 129.35138760000001, 36.5015507 ], [ 129.3509673, 36.5016108 ], [ 129.3505844, 36.5015282 ], [ 129.3502014, 36.501363 ], [ 129.349996, 36.5012203 ], [ 129.3499773, 36.5009275 ], [ 129.350192099999987, 36.5006798 ], [ 129.3504816, 36.5006272 ], [ 129.3508646, 36.5007023 ], [ 129.3515744, 36.500905 ], [ 129.3520321, 36.5011453 ], [ 129.3526205, 36.5012654 ], [ 129.3535171, 36.5017159 ], [ 129.3539841, 36.5019036 ], [ 129.3543764, 36.501881 ], [ 129.3546753, 36.5016333 ], [ 129.355189, 36.5012429 ], [ 129.3552731, 36.5010627 ], [ 129.354992900000013, 36.5008975 ], [ 129.3549181, 36.5006873 ], [ 129.354955499999988, 36.5005296 ], [ 129.3552357, 36.5005596 ], [ 129.3557868, 36.5009501 ], [ 129.3559736, 36.5010852 ], [ 129.3564499, 36.5009801 ], [ 129.3566367, 36.5008675 ], [ 129.356618, 36.5007398 ], [ 129.356562, 36.5004996 ], [ 129.3567581, 36.500462 ], [ 129.356935600000014, 36.5007398 ] ] ] } },
{ "type": "Feature", "properties": { "natural": "wood", "name": null }, "geometry": { "type": "Polygon", "coordinates": [ [ [ 129.4189802, 36.4170387 ], [ 129.419249799999989, 36.4172028 ], [ 129.419371399999989, 36.4173262 ], [ 129.419421, 36.4174515 ], [ 129.419444700000014, 36.417632 ], [ 129.4194061, 36.4180848 ], [ 129.419711299999989, 36.4179636 ], [ 129.420256099999989, 36.4178392 ], [ 129.4205732, 36.4177869 ], [ 129.4210204, 36.4177346 ], [ 129.4213294, 36.417571 ], [ 129.4215733, 36.4175775 ], [ 129.4218986, 36.4179243 ], [ 129.4218904, 36.4180421 ], [ 129.4215814, 36.4181468 ], [ 129.4210367, 36.4182384 ], [ 129.4203781, 36.4181337 ], [ 129.4195427, 36.4181847 ], [ 129.419386, 36.4186735 ], [ 129.419390099999987, 36.4190955 ], [ 129.4194918, 36.419102 ], [ 129.4195006, 36.4193509 ], [ 129.4193998, 36.4193647 ], [ 129.419492100000014, 36.419963 ], [ 129.4196339, 36.419667 ], [ 129.41978180000001, 36.4197192 ], [ 129.419536, 36.4201806 ], [ 129.419607500000012, 36.4203748 ], [ 129.4199468, 36.4210101 ], [ 129.4201654, 36.4208844 ], [ 129.4203839, 36.4209812 ], [ 129.4204081, 36.4206636 ], [ 129.4208055, 36.4207595 ], [ 129.420714299999986, 36.4208889 ], [ 129.4207867, 36.4212103 ], [ 129.42104040000001, 36.4212056 ], [ 129.4210338, 36.421315 ], [ 129.4209439, 36.421433 ], [ 129.420994799999988, 36.4214871 ], [ 129.4239761, 36.4209124 ], [ 129.4243337, 36.4206057 ], [ 129.4236071, 36.4206223 ], [ 129.423423500000013, 36.4205402 ], [ 129.4231011, 36.4203395 ], [ 129.4229077, 36.4202651 ], [ 129.4226554, 36.4202106 ], [ 129.4224059, 36.420015 ], [ 129.4219271, 36.4198351 ], [ 129.4216849, 36.4198511 ], [ 129.421454, 36.4200357 ], [ 129.4214605, 36.4202915 ], [ 129.4211996, 36.4204424 ], [ 129.4206097, 36.4204327 ], [ 129.4204245, 36.4202218 ], [ 129.4204173, 36.4200248 ], [ 129.4204584, 36.4199033 ], [ 129.420719, 36.4197165 ], [ 129.421814399999988, 36.4194052 ], [ 129.421893399999988, 36.4192903 ], [ 129.422640300000012, 36.4196287 ], [ 129.4225403, 36.4192979 ], [ 129.4226658, 36.4191991 ], [ 129.423038600000012, 36.4194071 ], [ 129.4232685, 36.4202246 ], [ 129.423685400000011, 36.4205318 ], [ 129.424565, 36.4204841 ], [ 129.4251753, 36.4202732 ], [ 129.4255575, 36.4201162 ], [ 129.4261022, 36.4198872 ], [ 129.4260616, 36.4196778 ], [ 129.4259884, 36.4195731 ], [ 129.4258908, 36.4193899 ], [ 129.426370600000013, 36.4191806 ], [ 129.426972299999989, 36.4189777 ], [ 129.4274357, 36.4189777 ], [ 129.4282976, 36.4188011 ], [ 129.4285741, 36.4186898 ], [ 129.4291188, 36.4184543 ], [ 129.429460299999988, 36.4182711 ], [ 129.4292327, 36.4181729 ], [ 129.428923700000013, 36.4180028 ], [ 129.4287611, 36.417656 ], [ 129.4281675, 36.4174728 ], [ 129.427915399999989, 36.4173027 ], [ 129.4279886, 36.4170083 ], [ 129.4282895, 36.4169101 ], [ 129.4288017, 36.4167335 ], [ 129.4295904, 36.4162754 ], [ 129.4298425, 36.4158305 ], [ 129.4298262, 36.4155819 ], [ 129.4295416, 36.4152678 ], [ 129.429387100000014, 36.4153529 ], [ 129.4292245, 36.4154837 ], [ 129.42891560000001, 36.4154903 ], [ 129.428411399999987, 36.4154641 ], [ 129.4280862, 36.4155033 ], [ 129.4277772, 36.4157193 ], [ 129.42728120000001, 36.4158829 ], [ 129.4271918, 36.4161315 ], [ 129.4266226, 36.4161838 ], [ 129.426427499999988, 36.4161053 ], [ 129.425777, 36.4156735 ], [ 129.4256713, 36.4154248 ], [ 129.425208, 36.415159 ], [ 129.425794599999989, 36.4145486 ], [ 129.425547099999989, 36.4143019 ], [ 129.425587799999988, 36.4139725 ], [ 129.4254312, 36.4139047 ], [ 129.424968400000012, 36.4140129 ], [ 129.4249494, 36.4142607 ], [ 129.424317, 36.4142479 ], [ 129.4238733, 36.4139225 ], [ 129.424449, 36.4136199 ], [ 129.426029199999988, 36.4132098 ], [ 129.426075, 36.4135745 ], [ 129.4263081, 36.4136545 ], [ 129.4262056, 36.4142262 ], [ 129.4265408, 36.4147595 ], [ 129.42684220000001, 36.4147574 ], [ 129.4270698, 36.414692 ], [ 129.4277772, 36.4145873 ], [ 129.4282244, 36.4145938 ], [ 129.4285171, 36.4146527 ], [ 129.4287529, 36.4147967 ], [ 129.4290131, 36.4149079 ], [ 129.4291676, 36.4146854 ], [ 129.4293384, 36.4143059 ], [ 129.429427800000013, 36.4139722 ], [ 129.4295579, 36.4137759 ], [ 129.4297124, 36.4134487 ], [ 129.4296961, 36.4127748 ], [ 129.4295985, 36.4126112 ], [ 129.429354600000011, 36.4126374 ], [ 129.42939530000001, 36.4128009 ], [ 129.4291351, 36.4129776 ], [ 129.428883, 36.4128271 ], [ 129.4284683, 36.4126046 ], [ 129.427915399999989, 36.4124149 ], [ 129.427704, 36.4124149 ], [ 129.4272894, 36.4125196 ], [ 129.426874700000013, 36.4128271 ], [ 129.4265657, 36.4129253 ], [ 129.426346200000012, 36.4128926 ], [ 129.42629740000001, 36.4126243 ], [ 129.426427499999988, 36.4123691 ], [ 129.4271837, 36.4118979 ], [ 129.4276715, 36.4116166 ], [ 129.4280618, 36.4113679 ], [ 129.4285822, 36.411237 ], [ 129.4285253, 36.4111193 ], [ 129.4280455, 36.4109818 ], [ 129.427419500000013, 36.4108902 ], [ 129.4272081, 36.4109033 ], [ 129.4267609, 36.4109622 ], [ 129.426386799999989, 36.4109099 ], [ 129.4260779, 36.4107463 ], [ 129.4257364, 36.4107463 ], [ 129.4249883, 36.4106546 ], [ 129.424736200000012, 36.4104911 ], [ 129.424354099999988, 36.4103536 ], [ 129.423752400000012, 36.4101966 ], [ 129.4235735, 36.4101639 ], [ 129.4233621, 36.4104322 ], [ 129.422752300000013, 36.4106481 ], [ 129.4220856, 36.4107332 ], [ 129.4219392, 36.4105303 ], [ 129.422280699999988, 36.4102555 ], [ 129.423297100000013, 36.4098367 ], [ 129.4235898, 36.4095619 ], [ 129.423801200000014, 36.4092281 ], [ 129.4240451, 36.4092478 ], [ 129.42418330000001, 36.4094702 ], [ 129.4245086, 36.4096208 ], [ 129.424809399999987, 36.4098498 ], [ 129.425029, 36.4100984 ], [ 129.4255981, 36.4100396 ], [ 129.4261104, 36.4095226 ], [ 129.426321800000011, 36.4093852 ], [ 129.426907199999988, 36.4087308 ], [ 129.4271271, 36.4083353 ], [ 129.4270907, 36.4080249 ], [ 129.4269885, 36.4077492 ], [ 129.4267609, 36.4075725 ], [ 129.4265375, 36.4076331 ], [ 129.426495100000011, 36.4078402 ], [ 129.4265605, 36.4079905 ], [ 129.4265418, 36.4081484 ], [ 129.426364299999989, 36.408201 ], [ 129.4261869, 36.4080657 ], [ 129.426056100000011, 36.4079078 ], [ 129.4258226, 36.4077124 ], [ 129.4256732, 36.4074643 ], [ 129.4254023, 36.4074643 ], [ 129.425028700000013, 36.4074192 ], [ 129.424804599999987, 36.4070659 ], [ 129.4245244, 36.4064044 ], [ 129.4243376, 36.4062466 ], [ 129.4241227, 36.4060136 ], [ 129.4238892, 36.4056678 ], [ 129.4235904, 36.40554 ], [ 129.422917899999987, 36.4062541 ], [ 129.422675, 36.4065097 ], [ 129.4223762, 36.4066976 ], [ 129.4220493, 36.4066826 ], [ 129.421694300000013, 36.4063669 ], [ 129.4218344, 36.4060587 ], [ 129.422404199999988, 36.4055024 ], [ 129.4223668, 36.4051792 ], [ 129.422152, 36.4051867 ], [ 129.4218247, 36.4056085 ], [ 129.4213207, 36.4055249 ], [ 129.4208911, 36.4055249 ], [ 129.4205642, 36.4052769 ], [ 129.4204988, 36.4049461 ], [ 129.420695, 36.4045026 ], [ 129.421124600000013, 36.4043372 ], [ 129.4213488, 36.4039313 ], [ 129.4217224, 36.4036607 ], [ 129.422021199999989, 36.4031344 ], [ 129.4219372, 36.4028037 ], [ 129.4218811, 36.4025406 ], [ 129.421563600000013, 36.4023075 ], [ 129.4208444, 36.4018565 ], [ 129.4207136, 36.4015934 ], [ 129.4204895, 36.4014656 ], [ 129.4200505, 36.4015858 ], [ 129.4192473, 36.4018039 ], [ 129.418883, 36.401646 ], [ 129.4189017, 36.4010446 ], [ 129.419200600000011, 36.400571 ], [ 129.419200600000011, 36.400383 ], [ 129.4189297, 36.4002778 ], [ 129.4186215, 36.4004732 ], [ 129.4184253, 36.4007965 ], [ 129.4182012, 36.4008792 ], [ 129.4178484, 36.4007783 ], [ 129.417763, 36.4006714 ], [ 129.417294700000014, 36.4009023 ], [ 129.417408099999989, 36.4005661 ], [ 129.4172379, 36.4005162 ], [ 129.4169349, 36.4003268 ], [ 129.415260499999988, 36.4001306 ], [ 129.4142146, 36.4012757 ], [ 129.414168600000011, 36.4015099 ], [ 129.4142113, 36.4016609 ], [ 129.414382, 36.4018286 ], [ 129.4145139, 36.4018812 ], [ 129.4145394, 36.4020276 ], [ 129.4146896, 36.4021266 ], [ 129.414720100000011, 36.4023001 ], [ 129.413001400000013, 36.4039165 ], [ 129.413875499999989, 36.403811 ], [ 129.414393100000012, 36.4039473 ], [ 129.4144746, 36.4037439 ], [ 129.4144378, 36.4036033 ], [ 129.4145187, 36.4034464 ], [ 129.414929699999988, 36.4031905 ], [ 129.4150061, 36.4032659 ], [ 129.415211, 36.4032888 ], [ 129.4152574, 36.4036073 ], [ 129.4157384, 36.403545 ], [ 129.4158845, 36.403727 ], [ 129.4157544, 36.4038327 ], [ 129.4160105, 36.4041595 ], [ 129.416471300000012, 36.4044586 ], [ 129.416464600000012, 36.4047905 ], [ 129.4161073, 36.4050134 ], [ 129.415926899999988, 36.4048318 ], [ 129.415397399999989, 36.4044899 ], [ 129.4147937, 36.4044941 ], [ 129.413660099999987, 36.4071031 ], [ 129.4138533, 36.4070689 ], [ 129.4140763, 36.4069488 ], [ 129.4143847, 36.4072092 ], [ 129.414391200000011, 36.4085477 ], [ 129.4146855, 36.4085451 ], [ 129.414693199999988, 36.4088844 ], [ 129.4142909, 36.4089135 ], [ 129.4143003, 36.4090572 ], [ 129.4141036, 36.4090891 ], [ 129.415613400000012, 36.4105792 ], [ 129.416209900000013, 36.4099084 ], [ 129.416702, 36.4100821 ], [ 129.4167094, 36.4101845 ], [ 129.4165615, 36.4104805 ], [ 129.416272099999986, 36.4106797 ], [ 129.4159932, 36.4106567 ], [ 129.4156104, 36.4106842 ], [ 129.416284600000012, 36.4160307 ], [ 129.4165449, 36.4161237 ], [ 129.416922, 36.4162111 ], [ 129.417302799999987, 36.4162704 ], [ 129.417408099999989, 36.4162313 ], [ 129.4176883, 36.4163591 ], [ 129.4178214, 36.4164249 ], [ 129.418831899999986, 36.4169719 ], [ 129.41897560000001, 36.4169843 ], [ 129.4189802, 36.4170387 ] ], [ [ 129.4154763, 36.4008924 ], [ 129.415541, 36.4007288 ], [ 129.4157382, 36.4007709 ], [ 129.4157844, 36.4008999 ], [ 129.415811, 36.4012026 ], [ 129.415881500000012, 36.4012823 ], [ 129.416023200000012, 36.4014103 ], [ 129.4160517, 36.4016096 ], [ 129.4161494, 36.4017131 ], [ 129.4161143, 36.4019122 ], [ 129.4156674, 36.4017901 ], [ 129.41567040000001, 36.401598 ], [ 129.415513299999986, 36.4013693 ], [ 129.4153583, 36.4012051 ], [ 129.4151517, 36.4011876 ], [ 129.415242299999989, 36.4009574 ], [ 129.4154763, 36.4008924 ] ], [ [ 129.4215331, 36.4155993 ], [ 129.421591, 36.415444 ], [ 129.4216398, 36.4150514 ], [ 129.4216317, 36.4147864 ], [ 129.4213268, 36.4144821 ], [ 129.4212536, 36.4141484 ], [ 129.421672300000012, 36.4140862 ], [ 129.422042299999987, 36.414034 ], [ 129.4221684, 36.4141779 ], [ 129.422496599999988, 36.4141304 ], [ 129.4225007, 36.4143692 ], [ 129.4226715, 36.4144018 ], [ 129.4229276, 36.4147912 ], [ 129.423281300000014, 36.4151086 ], [ 129.4233666, 36.4153441 ], [ 129.4229032, 36.4154848 ], [ 129.4226145, 36.4155339 ], [ 129.422212, 36.4157204 ], [ 129.4215331, 36.4155993 ] ], [ [ 129.4190653, 36.4157645 ], [ 129.4193784, 36.415861 ], [ 129.419544699999989, 36.4160006 ], [ 129.42, 36.4160791 ], [ 129.4201166, 36.4161955 ], [ 129.4204593, 36.416244 ], [ 129.4205337, 36.4165805 ], [ 129.4202922, 36.4165141 ], [ 129.4200937, 36.4164924 ], [ 129.4199324, 36.4163837 ], [ 129.4195478, 36.4162826 ], [ 129.4193436, 36.4163422 ], [ 129.4191897, 36.4163521 ], [ 129.4189929, 36.4162548 ], [ 129.4189611, 36.4161338 ], [ 129.4190653, 36.4157645 ] ] ] } },
{ "type": "Feature", "properties": { "natural": "wood", "name": null }, "geometry": { "type": "Polygon", "coordinates": [ [ [ 129.4182078, 36.4246136 ], [ 129.418529799999988, 36.4243003 ], [ 129.4186148, 36.4242035 ], [ 129.4187068, 36.4240412 ], [ 129.4188838, 36.4238788 ], [ 129.4191103, 36.4236852 ], [ 129.4192271, 36.423614 ], [ 129.419467700000013, 36.4235713 ], [ 129.4195527, 36.4235542 ], [ 129.4198039, 36.4234517 ], [ 129.4197933, 36.4233349 ], [ 129.4197933, 36.423184 ], [ 129.4197933, 36.423053 ], [ 129.4196695, 36.4230302 ], [ 129.4195279, 36.4229846 ], [ 129.4194819, 36.4229049 ], [ 129.4194005, 36.4228137 ], [ 129.4192129, 36.4227995 ], [ 129.419188100000014, 36.4227482 ], [ 129.4193438, 36.4221673 ], [ 129.4194076, 36.4219537 ], [ 129.4194642, 36.42178 ], [ 129.419542, 36.4216404 ], [ 129.419665900000012, 36.4215664 ], [ 129.4198252, 36.4215863 ], [ 129.4197933, 36.4213215 ], [ 129.4197402, 36.4212189 ], [ 129.4195987, 36.4212645 ], [ 129.41941460000001, 36.4213129 ], [ 129.41931550000001, 36.4212787 ], [ 129.41939690000001, 36.4209655 ], [ 129.4194536, 36.4208345 ], [ 129.4194429, 36.4207604 ], [ 129.4194606, 36.4206664 ], [ 129.41945, 36.4203532 ], [ 129.4193545, 36.4202222 ], [ 129.419241199999988, 36.4201396 ], [ 129.419124399999987, 36.4201481 ], [ 129.419071300000013, 36.4202763 ], [ 129.418954500000012, 36.4203361 ], [ 129.4186325, 36.4204728 ], [ 129.4185051, 36.4205383 ], [ 129.4180874, 36.4207462 ], [ 129.4178857, 36.4207718 ], [ 129.4176096, 36.420749 ], [ 129.4173831, 36.4206835 ], [ 129.417142500000011, 36.4205782 ], [ 129.4168699, 36.4204073 ], [ 129.416753199999988, 36.420413 ], [ 129.4165868, 36.4205212 ], [ 129.4164063, 36.4206636 ], [ 129.4163355, 36.4207718 ], [ 129.4163072, 36.4209057 ], [ 129.416356799999988, 36.4211534 ], [ 129.41631430000001, 36.4212275 ], [ 129.4160842, 36.4212816 ], [ 129.415907299999986, 36.4212901 ], [ 129.4158223, 36.4213727 ], [ 129.415737400000012, 36.4215066 ], [ 129.415620600000011, 36.4216034 ], [ 129.415493199999986, 36.421743 ], [ 129.4154684, 36.4219907 ], [ 129.415411799999987, 36.4221388 ], [ 129.4155251, 36.4223695 ], [ 129.4156702, 36.4224407 ], [ 129.4160205, 36.4223894 ], [ 129.4163426, 36.4224037 ], [ 129.416516, 36.4223495 ], [ 129.4167071, 36.4223524 ], [ 129.4168912, 36.4223524 ], [ 129.417054, 36.4224008 ], [ 129.4171354, 36.4224777 ], [ 129.4172451, 36.4225688 ], [ 129.4172274, 36.4226144 ], [ 129.416923, 36.422697 ], [ 129.4166965, 36.4227568 ], [ 129.4164169, 36.4227454 ], [ 129.416176299999989, 36.4227482 ], [ 129.416087800000014, 36.4229932 ], [ 129.4159568, 36.4230985 ], [ 129.4158223, 36.4231412 ], [ 129.4157834, 36.4232438 ], [ 129.4158153, 36.423389 ], [ 129.415971, 36.4235001 ], [ 129.4161019, 36.4236994 ], [ 129.4161656, 36.4237991 ], [ 129.416466500000013, 36.4239443 ], [ 129.4166788, 36.4240782 ], [ 129.4169549, 36.4241551 ], [ 129.4172345, 36.424232 ], [ 129.417655700000012, 36.4244398 ], [ 129.4179246, 36.4245595 ], [ 129.4182078, 36.4246136 ] ] ] } },
{ "type": "Feature", "properties": { "natural": "wood", "name": null }, "geometry": { "type": "Polygon", "coordinates": [ [ [ 129.414537, 36.4384246 ], [ 129.414996, 36.4381474 ], [ 129.415615800000012, 36.4376232 ], [ 129.4160197, 36.4376984 ], [ 129.4161282, 36.437572 ], [ 129.4163964, 36.4375677 ], [ 129.4167076, 36.4376626 ], [ 129.4172761, 36.4378956 ], [ 129.417791200000011, 36.4380251 ], [ 129.418080800000013, 36.4381977 ], [ 129.418102299999987, 36.438297 ], [ 129.417936, 36.4388926 ], [ 129.4179628, 36.4392464 ], [ 129.417689200000012, 36.4399153 ], [ 129.4174639, 36.4403771 ], [ 129.4174156, 36.4405972 ], [ 129.417453099999989, 36.4408043 ], [ 129.4181183, 36.4410849 ], [ 129.41860650000001, 36.4414991 ], [ 129.4188801, 36.4417581 ], [ 129.419282399999986, 36.4419868 ], [ 129.4195292, 36.4422716 ], [ 129.419835, 36.4423363 ], [ 129.4199744, 36.4427593 ], [ 129.4197867, 36.4429319 ], [ 129.4200013, 36.4432469 ], [ 129.4202105, 36.4435317 ], [ 129.4203982, 36.4438036 ], [ 129.4208864, 36.4440884 ], [ 129.4212619, 36.4440625 ], [ 129.4215623, 36.4440927 ], [ 129.421793, 36.4442006 ], [ 129.422088, 36.4442222 ], [ 129.4224796, 36.4442481 ], [ 129.422662, 36.4443516 ], [ 129.4228551, 36.4444336 ], [ 129.423278900000014, 36.4442524 ], [ 129.4238368, 36.4439287 ], [ 129.4239656, 36.4437086 ], [ 129.4239763, 36.4430009 ], [ 129.4240514, 36.4427377 ], [ 129.42414260000001, 36.4424485 ], [ 129.424239199999988, 36.442263 ], [ 129.424378600000011, 36.4417192 ], [ 129.4243625, 36.4415207 ], [ 129.4239441, 36.4413654 ], [ 129.423536399999989, 36.4413913 ], [ 129.4231341, 36.4415466 ], [ 129.423096500000014, 36.441771 ], [ 129.4232467, 36.4419393 ], [ 129.4223777, 36.4422544 ], [ 129.422152399999987, 36.4422026 ], [ 129.4219003, 36.4422975 ], [ 129.4214979, 36.4423407 ], [ 129.4212458, 36.4421767 ], [ 129.4212029, 36.4419652 ], [ 129.421267300000011, 36.4418487 ], [ 129.4214014, 36.4417322 ], [ 129.421760799999987, 36.4415207 ], [ 129.4223241, 36.4410158 ], [ 129.4225869, 36.4407957 ], [ 129.4224528, 36.4406188 ], [ 129.4219539, 36.4402476 ], [ 129.421760799999987, 36.4401095 ], [ 129.421739300000013, 36.4399499 ], [ 129.422088, 36.4397686 ], [ 129.4224099, 36.4397514 ], [ 129.4225011, 36.4399197 ], [ 129.4227425, 36.4401743 ], [ 129.4229302, 36.4405109 ], [ 129.4237242, 36.4407741 ], [ 129.423869, 36.4409727 ], [ 129.4244913, 36.4410158 ], [ 129.4250975, 36.4406878 ], [ 129.4252852, 36.4405843 ], [ 129.4254891, 36.4404375 ], [ 129.4255373, 36.4401786 ], [ 129.4255105, 36.4397039 ], [ 129.425591, 36.4395701 ], [ 129.4258163, 36.439596 ], [ 129.4258699, 36.4399456 ], [ 129.4258807, 36.440088 ], [ 129.4260684, 36.44017 ], [ 129.4266692, 36.440075 ], [ 129.4269214, 36.4399585 ], [ 129.4271896, 36.4397384 ], [ 129.4273666, 36.439678 ], [ 129.427613400000013, 36.4399326 ], [ 129.4282249, 36.4400664 ], [ 129.4286433, 36.4400232 ], [ 129.42911, 36.4399197 ], [ 129.429415799999987, 36.4398592 ], [ 129.4296089, 36.4399542 ], [ 129.4297913, 36.4401311 ], [ 129.4303009, 36.4403124 ], [ 129.4306014, 36.4404073 ], [ 129.43104120000001, 36.440416 ], [ 129.431502599999988, 36.4403469 ], [ 129.4321744, 36.4402305 ], [ 129.432227899999987, 36.4400946 ], [ 129.4323235, 36.4399684 ], [ 129.432513699999987, 36.4398118 ], [ 129.4326063, 36.4397341 ], [ 129.4326686, 36.4396435 ], [ 129.432739, 36.4392788 ], [ 129.432749800000011, 36.4391299 ], [ 129.4327377, 36.4389918 ], [ 129.4327022, 36.4388365 ], [ 129.432837299999989, 36.4385085 ], [ 129.4326398, 36.4381007 ], [ 129.4326357, 36.4378833 ], [ 129.432721, 36.4375833 ], [ 129.4321946, 36.43749 ], [ 129.4321946, 36.4372785 ], [ 129.4317279, 36.4368297 ], [ 129.4316313, 36.4365837 ], [ 129.4312612, 36.4363851 ], [ 129.4312344, 36.4361823 ], [ 129.4309125, 36.4359665 ], [ 129.4306604, 36.4356687 ], [ 129.430563799999987, 36.4353968 ], [ 129.4303602, 36.4353098 ], [ 129.4299234, 36.4352337 ], [ 129.4295875, 36.4354054 ], [ 129.429233399999987, 36.435604 ], [ 129.4289652, 36.4357378 ], [ 129.4287453, 36.4356299 ], [ 129.4286916, 36.4354788 ], [ 129.4284341, 36.4355651 ], [ 129.4283537, 36.4357421 ], [ 129.4281766, 36.4359751 ], [ 129.4280479, 36.4362125 ], [ 129.428192700000011, 36.4363938 ], [ 129.4283268, 36.4366139 ], [ 129.42832150000001, 36.4370713 ], [ 129.428289299999989, 36.4372094 ], [ 129.4280211, 36.4374511 ], [ 129.4279138, 36.4376367 ], [ 129.427661699999987, 36.4376108 ], [ 129.4273988, 36.4374641 ], [ 129.4274203, 36.4372396 ], [ 129.4275812, 36.4370929 ], [ 129.4279191, 36.4368512 ], [ 129.427693799999986, 36.4366916 ], [ 129.427313, 36.4367347 ], [ 129.427093, 36.4367002 ], [ 129.4271252, 36.4365146 ], [ 129.427436300000011, 36.4362513 ], [ 129.4277689, 36.4357896 ], [ 129.4277207, 36.4356558 ], [ 129.4272915, 36.435509 ], [ 129.42701790000001, 36.4354616 ], [ 129.427087699999987, 36.4352371 ], [ 129.427039400000012, 36.4347451 ], [ 129.4269214, 36.4346113 ], [ 129.4265995, 36.4345595 ], [ 129.4261703, 36.43462 ], [ 129.425966499999987, 36.4347883 ], [ 129.4256929, 36.4351681 ], [ 129.4255588, 36.4353321 ], [ 129.4252691, 36.4355436 ], [ 129.425204799999989, 36.4357593 ], [ 129.4251404, 36.4359536 ], [ 129.4249312, 36.435837 ], [ 129.424056799999988, 36.4358716 ], [ 129.423751, 36.4360485 ], [ 129.423300399999988, 36.4361003 ], [ 129.423091199999988, 36.4360701 ], [ 129.4228712, 36.4358629 ], [ 129.4224743, 36.4354227 ], [ 129.422286500000013, 36.4352544 ], [ 129.4217554, 36.4347408 ], [ 129.4214175, 36.4345121 ], [ 129.4211975, 36.4343394 ], [ 129.420720100000011, 36.4344905 ], [ 129.4203714, 36.4345639 ], [ 129.420248, 36.4342574 ], [ 129.42048410000001, 36.4341021 ], [ 129.420451899999989, 36.4339898 ], [ 129.4200174, 36.4340675 ], [ 129.4195614, 36.4341021 ], [ 129.4191322, 36.434046 ], [ 129.4187138, 36.4336877 ], [ 129.4186494, 36.4333943 ], [ 129.419255600000014, 36.4333036 ], [ 129.4198886, 36.4334849 ], [ 129.420221199999986, 36.4334245 ], [ 129.4205538, 36.4335021 ], [ 129.4209669, 36.4334633 ], [ 129.4212512, 36.4331655 ], [ 129.421278, 36.4328634 ], [ 129.421219, 36.4322117 ], [ 129.42116, 36.4319484 ], [ 129.4210473, 36.4314477 ], [ 129.4210956, 36.4312708 ], [ 129.421530100000012, 36.431206 ], [ 129.421841300000011, 36.4313312 ], [ 129.42197, 36.4315125 ], [ 129.422104100000013, 36.431875 ], [ 129.4221095, 36.4323109 ], [ 129.4223938, 36.4325267 ], [ 129.4223992, 36.4329238 ], [ 129.4221899, 36.4331439 ], [ 129.4219754, 36.4334115 ], [ 129.4219861, 36.4337697 ], [ 129.422050500000012, 36.4342143 ], [ 129.422415300000011, 36.4344646 ], [ 129.4226888, 36.4346804 ], [ 129.4227103, 36.4350343 ], [ 129.4229571, 36.4354745 ], [ 129.4230536, 36.4356514 ], [ 129.4234506, 36.4356601 ], [ 129.4238851, 36.4355436 ], [ 129.424400100000014, 36.4351983 ], [ 129.4246844, 36.4351249 ], [ 129.4248668, 36.4352371 ], [ 129.4251457, 36.4352371 ], [ 129.4254569, 36.4350257 ], [ 129.4255427, 36.4345293 ], [ 129.425473, 36.4343524 ], [ 129.425601699999987, 36.4341193 ], [ 129.4258485, 36.4341409 ], [ 129.426047, 36.4343092 ], [ 129.426224, 36.4343783 ], [ 129.426578, 36.4344214 ], [ 129.4268409, 36.4344085 ], [ 129.4271467, 36.4344387 ], [ 129.4276563, 36.4346933 ], [ 129.4279728, 36.434771 ], [ 129.428192700000011, 36.4349134 ], [ 129.428450199999986, 36.4349739 ], [ 129.4289384, 36.4347408 ], [ 129.4295553, 36.4343696 ], [ 129.4297645, 36.4342963 ], [ 129.429834199999988, 36.4345941 ], [ 129.429936199999986, 36.4347581 ], [ 129.430097100000012, 36.4349264 ], [ 129.4308964, 36.4352199 ], [ 129.431052, 36.4353623 ], [ 129.4312773, 36.4355004 ], [ 129.431406, 36.4353537 ], [ 129.4319103, 36.4348703 ], [ 129.432039, 36.4345725 ], [ 129.4321946, 36.4343351 ], [ 129.4324306, 36.4343524 ], [ 129.432607600000011, 36.434689 ], [ 129.4325969, 36.4348832 ], [ 129.4324628, 36.4350645 ], [ 129.432468199999988, 36.4352069 ], [ 129.432671699999986, 36.4354245 ], [ 129.4328916, 36.435411 ], [ 129.432921599999986, 36.43527 ], [ 129.433187, 36.4352184 ], [ 129.4333082, 36.4353959 ], [ 129.4334919, 36.4352673 ], [ 129.433681799999988, 36.4350941 ], [ 129.4337892, 36.4349296 ], [ 129.4338706, 36.4347531 ], [ 129.433979099999988, 36.4344567 ], [ 129.434021, 36.4342837 ], [ 129.4340142, 36.4336741 ], [ 129.433984900000013, 36.4335229 ], [ 129.4335759, 36.4333457 ], [ 129.433669, 36.4336717 ], [ 129.4337243, 36.4340783 ], [ 129.433255699999989, 36.4340561 ], [ 129.4329832, 36.4343135 ], [ 129.4327739, 36.4342402 ], [ 129.4326935, 36.4340287 ], [ 129.4325165, 36.4338992 ], [ 129.4319907, 36.4337568 ], [ 129.4316957, 36.4338258 ], [ 129.4313256, 36.433869 ], [ 129.4306282, 36.4337568 ], [ 129.4305316, 36.4333943 ], [ 129.430515500000013, 36.4330015 ], [ 129.4304458, 36.4327943 ], [ 129.4301776, 36.43279 ], [ 129.430097100000012, 36.4330231 ], [ 129.430022, 36.4333209 ], [ 129.4299469, 36.4335108 ], [ 129.4302366, 36.4338604 ], [ 129.43014, 36.4339078 ], [ 129.4299308, 36.4338345 ], [ 129.4296358, 36.4335755 ], [ 129.429448, 36.4334676 ], [ 129.428975900000012, 36.4329929 ], [ 129.4288043, 36.4327641 ], [ 129.42813910000001, 36.432626 ], [ 129.427785, 36.4326346 ], [ 129.42759190000001, 36.4324232 ], [ 129.4278548, 36.432121 ], [ 129.4281123, 36.4319657 ], [ 129.428192700000011, 36.4318232 ], [ 129.4280157, 36.4312319 ], [ 129.4279406, 36.4310636 ], [ 129.427114499999988, 36.4306881 ], [ 129.4267551, 36.4305932 ], [ 129.4264278, 36.4304896 ], [ 129.4264278, 36.4303385 ], [ 129.427039400000012, 36.4301961 ], [ 129.4273344, 36.429963 ], [ 129.4276026, 36.4299285 ], [ 129.427726, 36.430127 ], [ 129.427849400000014, 36.430386 ], [ 129.428241, 36.4309082 ], [ 129.428450199999986, 36.4310895 ], [ 129.429259699999989, 36.4312563 ], [ 129.4293654, 36.4313773 ], [ 129.4295037, 36.4316226 ], [ 129.4296703, 36.4319595 ], [ 129.4298086, 36.4321329 ], [ 129.4300647, 36.4322605 ], [ 129.4308575, 36.4323749 ], [ 129.431316900000013, 36.4322016 ], [ 129.4315527, 36.4321165 ], [ 129.431821, 36.4321035 ], [ 129.4323048, 36.4321165 ], [ 129.432532400000014, 36.4320413 ], [ 129.432605599999988, 36.4319137 ], [ 129.432581199999987, 36.4317894 ], [ 129.432605599999988, 36.4315932 ], [ 129.4327194, 36.4315768 ], [ 129.4330081, 36.4317437 ], [ 129.4330731, 36.4320315 ], [ 129.432894299999987, 36.4322244 ], [ 129.433109699999989, 36.4325843 ], [ 129.433341500000012, 36.4327151 ], [ 129.433837399999987, 36.4325254 ], [ 129.4339757, 36.4324469 ], [ 129.4343213, 36.4320827 ], [ 129.4345223, 36.4317801 ], [ 129.4346678, 36.4316823 ], [ 129.4347653, 36.4315565 ], [ 129.4347967, 36.4314415 ], [ 129.434811599999989, 36.4312982 ], [ 129.434887, 36.431287 ], [ 129.4347706, 36.4308104 ], [ 129.434727900000013, 36.4306936 ], [ 129.434057599999988, 36.4306892 ], [ 129.43391170000001, 36.4306883 ], [ 129.433971, 36.4304273 ], [ 129.433976800000011, 36.4302819 ], [ 129.4339565, 36.4301943 ], [ 129.4339214, 36.4301037 ], [ 129.4335968, 36.429688 ], [ 129.4333071, 36.4296282 ], [ 129.433148100000011, 36.4297691 ], [ 129.4331951, 36.4299767 ], [ 129.4327125, 36.4300576 ], [ 129.4325526, 36.4300497 ], [ 129.43243480000001, 36.4300101 ], [ 129.432317, 36.4296516 ], [ 129.4323362, 36.4294643 ], [ 129.432678900000013, 36.4294426 ], [ 129.432769900000011, 36.4292855 ], [ 129.4329448, 36.4291761 ], [ 129.4334634, 36.4290843 ], [ 129.4336382, 36.4288946 ], [ 129.4337033, 36.4287278 ], [ 129.4337724, 36.4284661 ], [ 129.4342374, 36.428289 ], [ 129.4344365, 36.4281594 ], [ 129.434559900000011, 36.4280067 ], [ 129.4346825, 36.4278239 ], [ 129.4347243, 36.4276697 ], [ 129.4347305, 36.4274171 ], [ 129.4346721, 36.4271703 ], [ 129.4345644, 36.4271417 ], [ 129.4344888, 36.4270368 ], [ 129.4345558, 36.4269671 ], [ 129.43448, 36.4268413 ], [ 129.4341178, 36.4266095 ], [ 129.4340201, 36.4265248 ], [ 129.4339039, 36.4263268 ], [ 129.4339278, 36.4262262 ], [ 129.4338577, 36.4258312 ], [ 129.4332723, 36.426196 ], [ 129.433284500000013, 36.4263661 ], [ 129.433341500000012, 36.4265329 ], [ 129.4333211, 36.4265623 ], [ 129.4327886, 36.4265754 ], [ 129.432646299999988, 36.4265983 ], [ 129.4325202, 36.4266866 ], [ 129.4322438, 36.4267324 ], [ 129.431581099999988, 36.4265656 ], [ 129.4313453, 36.4264086 ], [ 129.4313941, 36.426196 ], [ 129.4316136, 36.4260586 ], [ 129.4316421, 36.4259572 ], [ 129.4314632, 36.4256464 ], [ 129.4315527, 36.4254501 ], [ 129.431772200000012, 36.4254338 ], [ 129.4319592, 36.4254698 ], [ 129.4321543, 36.4256562 ], [ 129.4324552, 36.4257903 ], [ 129.4327276, 36.4257576 ], [ 129.432869899999986, 36.4256268 ], [ 129.4329512, 36.4254501 ], [ 129.4332398, 36.4252898 ], [ 129.4333862, 36.4252702 ], [ 129.433630099999988, 36.4252571 ], [ 129.4338838, 36.4252253 ], [ 129.4340772, 36.4251993 ], [ 129.4342052, 36.4252233 ], [ 129.434222799999986, 36.425147 ], [ 129.4342159, 36.4250399 ], [ 129.43419750000001, 36.4249397 ], [ 129.4340501, 36.4246621 ], [ 129.4337049, 36.4241514 ], [ 129.4336274, 36.4240101 ], [ 129.4335935, 36.4238911 ], [ 129.4335891, 36.4237646 ], [ 129.4336291, 36.4236706 ], [ 129.4337008, 36.423582 ], [ 129.433741, 36.4235063 ], [ 129.4337538, 36.4234085 ], [ 129.4337476, 36.4233041 ], [ 129.4337107, 36.4231924 ], [ 129.4336429, 36.4230969 ], [ 129.433535, 36.4230045 ], [ 129.4332593, 36.4228219 ], [ 129.4330914, 36.4226493 ], [ 129.4329802, 36.4224746 ], [ 129.4328384, 36.4221071 ], [ 129.4326997, 36.4218565 ], [ 129.4326627, 36.4216777 ], [ 129.432707, 36.4211742 ], [ 129.432625, 36.4210335 ], [ 129.4325259, 36.420726 ], [ 129.4323843, 36.4205608 ], [ 129.431634, 36.4207943 ], [ 129.4315774, 36.4210677 ], [ 129.4313013, 36.4212101 ], [ 129.4308058, 36.4216088 ], [ 129.430395299999986, 36.4218651 ], [ 129.4300485, 36.4222239 ], [ 129.429602499999987, 36.4224575 ], [ 129.4294185, 36.4227821 ], [ 129.4292486, 36.4229017 ], [ 129.4289372, 36.422822 ], [ 129.428944199999989, 36.4225372 ], [ 129.4290575, 36.4222353 ], [ 129.429397200000011, 36.4219733 ], [ 129.429729900000012, 36.4217398 ], [ 129.4304095, 36.4212557 ], [ 129.4304732, 36.4210905 ], [ 129.4302396, 36.4209709 ], [ 129.429765300000014, 36.4209595 ], [ 129.4294114, 36.4209367 ], [ 129.4292911, 36.420743 ], [ 129.429439699999989, 36.4206063 ], [ 129.4297582, 36.4205209 ], [ 129.430062600000014, 36.4203671 ], [ 129.4304165, 36.4205209 ], [ 129.4307067, 36.4204867 ], [ 129.4308342, 36.4203386 ], [ 129.431223499999987, 36.4198944 ], [ 129.431386300000014, 36.419826 ], [ 129.4316892, 36.4197049 ], [ 129.4317859, 36.4196468 ], [ 129.4318211, 36.4196 ], [ 129.4317287, 36.4193737 ], [ 129.4317361, 36.4192907 ], [ 129.4315048, 36.4189747 ], [ 129.431382, 36.4187799 ], [ 129.4310677, 36.4183166 ], [ 129.4308058, 36.4181514 ], [ 129.4306714, 36.4181514 ], [ 129.4306784, 36.4184362 ], [ 129.4305652, 36.4184875 ], [ 129.430098, 36.4183451 ], [ 129.4297866, 36.4185672 ], [ 129.4297441, 36.4188748 ], [ 129.4294751, 36.4190457 ], [ 129.429170699999986, 36.4193305 ], [ 129.4288664, 36.4195982 ], [ 129.4284346, 36.4198146 ], [ 129.4279108, 36.4200937 ], [ 129.4275781, 36.4200994 ], [ 129.4270048, 36.4200368 ], [ 129.4266721, 36.420145 ], [ 129.426594200000011, 36.4203728 ], [ 129.4268561, 36.4202817 ], [ 129.4270685, 36.4203614 ], [ 129.4270543, 36.4205722 ], [ 129.4272808, 36.421062 ], [ 129.427422400000012, 36.4213069 ], [ 129.4272667, 36.4215518 ], [ 129.4270685, 36.4217569 ], [ 129.4269127, 36.4219335 ], [ 129.4270401, 36.4222012 ], [ 129.426990600000011, 36.422429 ], [ 129.426764100000014, 36.4226511 ], [ 129.4265163, 36.4227593 ], [ 129.426127, 36.4226568 ], [ 129.4258297, 36.4220645 ], [ 129.4256952, 36.4218423 ], [ 129.425129, 36.4214949 ], [ 129.4249662, 36.4212841 ], [ 129.424845800000014, 36.4209823 ], [ 129.4247043, 36.4208057 ], [ 129.4244919, 36.4208627 ], [ 129.4239761, 36.4209124 ], [ 129.420994799999988, 36.4214871 ], [ 129.4210271, 36.4216059 ], [ 129.420127900000011, 36.4218998 ], [ 129.4201043, 36.4219824 ], [ 129.4201837, 36.4224929 ], [ 129.42022990000001, 36.4226797 ], [ 129.4203221, 36.4228865 ], [ 129.420428500000014, 36.4230365 ], [ 129.420823399999989, 36.4234116 ], [ 129.4208157, 36.423878 ], [ 129.420841700000011, 36.4239858 ], [ 129.420935899999989, 36.4242036 ], [ 129.4209662, 36.4243102 ], [ 129.4209758, 36.4245052 ], [ 129.4210042, 36.4246069 ], [ 129.4210699, 36.4246838 ], [ 129.4212054, 36.4247642 ], [ 129.4211358, 36.4249842 ], [ 129.4212449, 36.4252415 ], [ 129.421234700000014, 36.4253949 ], [ 129.4210551, 36.4255826 ], [ 129.4208925, 36.4255257 ], [ 129.4205656, 36.4256436 ], [ 129.4203726, 36.4257904 ], [ 129.419986599999987, 36.426176 ], [ 129.4197365, 36.4262428 ], [ 129.4193851, 36.4262719 ], [ 129.4192117, 36.426322 ], [ 129.4189405, 36.4265725 ], [ 129.4187819, 36.426611 ], [ 129.4184062, 36.4265293 ], [ 129.4178272, 36.426251 ], [ 129.417762, 36.4260818 ], [ 129.41760690000001, 36.4263039 ], [ 129.4166212, 36.4265366 ], [ 129.416329100000013, 36.4263793 ], [ 129.4161909, 36.4265144 ], [ 129.4158917, 36.4263722 ], [ 129.4156729, 36.4264604 ], [ 129.4152977, 36.426311 ], [ 129.4150645, 36.4261682 ], [ 129.4147065, 36.4259325 ], [ 129.4141411, 36.4256431 ], [ 129.413764500000013, 36.4256124 ], [ 129.4135114, 36.4256277 ], [ 129.411125, 36.4266371 ], [ 129.408511299999986, 36.4266338 ], [ 129.4084296, 36.4267924 ], [ 129.4082498, 36.4267459 ], [ 129.408039699999989, 36.4267647 ], [ 129.407022399999988, 36.4269968 ], [ 129.407022399999988, 36.4271449 ], [ 129.406661500000013, 36.4272588 ], [ 129.406527, 36.4273898 ], [ 129.4063854, 36.427367 ], [ 129.4063217, 36.4272189 ], [ 129.4061518, 36.4271221 ], [ 129.405628, 36.426974 ], [ 129.4054298, 36.4269285 ], [ 129.405005100000011, 36.4267975 ], [ 129.404693400000014, 36.4267849 ], [ 129.4043939, 36.4275153 ], [ 129.4034292, 36.4283838 ], [ 129.4027289, 36.4287154 ], [ 129.402280499999989, 36.4290499 ], [ 129.402438100000012, 36.4293934 ], [ 129.4034902, 36.4296708 ], [ 129.40441, 36.4298387 ], [ 129.40541970000001, 36.4300616 ], [ 129.4060534, 36.4302977 ], [ 129.406558600000011, 36.4307752 ], [ 129.408138900000012, 36.4318252 ], [ 129.408450499999987, 36.4320402 ], [ 129.4082501, 36.4323214 ], [ 129.4080358, 36.4324437 ], [ 129.408814299999989, 36.4331023 ], [ 129.4096884, 36.4335161 ], [ 129.4100263, 36.4340102 ], [ 129.4106903, 36.4345354 ], [ 129.4115677, 36.4351262 ], [ 129.411813099999989, 36.4355375 ], [ 129.4117707, 36.4357539 ], [ 129.4117707, 36.436107 ], [ 129.4114592, 36.4364373 ], [ 129.4111194, 36.4367334 ], [ 129.4104399, 36.4368928 ], [ 129.410128500000013, 36.437132 ], [ 129.409471700000012, 36.4371673 ], [ 129.409587, 36.4372858 ], [ 129.4099942, 36.437585 ], [ 129.410373, 36.4377634 ], [ 129.4106904, 36.4379638 ], [ 129.410765, 36.4380796 ], [ 129.4114576, 36.4386467 ], [ 129.4114686, 36.4387605 ], [ 129.4115559, 36.4389162 ], [ 129.4116387, 36.4389358 ], [ 129.4117252, 36.4390843 ], [ 129.41175770000001, 36.4391944 ], [ 129.411763, 36.4394634 ], [ 129.4118301, 36.4396536 ], [ 129.4118269, 36.4397938 ], [ 129.4119001, 36.4399475 ], [ 129.4118432, 36.4401143 ], [ 129.411949099999987, 36.4403224 ], [ 129.41223260000001, 36.4406079 ], [ 129.412441800000011, 36.4406556 ], [ 129.4126326, 36.4406398 ], [ 129.412941499999988, 36.440472 ], [ 129.4134899, 36.4400545 ], [ 129.413518399999987, 36.4393491 ], [ 129.413614700000011, 36.4389553 ], [ 129.413778799999989, 36.4386852 ], [ 129.414537, 36.4384246 ] ] ] } },
{ "type": "Feature", "properties": { "natural": "wood", "name": null }, "geometry": { "type": "Polygon", "coordinates": [ [ [ 129.4029821, 36.4532172 ], [ 129.4029903, 36.4532825 ], [ 129.403036500000013, 36.4548527 ], [ 129.4040876, 36.4552893 ], [ 129.404284, 36.4552243 ], [ 129.4048731, 36.4551593 ], [ 129.4054391, 36.4551593 ], [ 129.405473699999988, 36.4556981 ], [ 129.404734499999989, 36.4559675 ], [ 129.404226200000011, 36.4561069 ], [ 129.404318600000011, 36.4564878 ], [ 129.404826899999989, 36.4567665 ], [ 129.4051503, 36.4568687 ], [ 129.4052196, 36.4572032 ], [ 129.405566099999987, 36.4573054 ], [ 129.4058895, 36.457389 ], [ 129.4060513, 36.4571196 ], [ 129.4063285, 36.4566736 ], [ 129.406571, 36.4562091 ], [ 129.4066981, 36.4558932 ], [ 129.406293799999986, 36.4556888 ], [ 129.406189899999987, 36.4555495 ], [ 129.405831799999987, 36.4551407 ], [ 129.4064555, 36.4546854 ], [ 129.406571, 36.454574 ], [ 129.4062592, 36.4544439 ], [ 129.40539290000001, 36.4539608 ], [ 129.404826899999989, 36.4538121 ], [ 129.404318600000011, 36.4537099 ], [ 129.403856600000012, 36.4535798 ], [ 129.403590900000012, 36.4534126 ], [ 129.4033715, 36.4532547 ], [ 129.4029821, 36.4532172 ] ] ] } },
{ "type": "Feature", "properties": { "natural": "wood", "name": null }, "geometry": { "type": "Polygon", "coordinates": [ [ [ 129.41187020000001, 36.4507961 ], [ 129.411794500000013, 36.4521626 ], [ 129.4119897, 36.4526152 ], [ 129.412651399999987, 36.4522069 ], [ 129.4132458, 36.4519249 ], [ 129.4136497, 36.4516736 ], [ 129.414228900000012, 36.4512874 ], [ 129.414434699999987, 36.4510361 ], [ 129.4145795, 36.4508093 ], [ 129.4148538, 36.4505518 ], [ 129.415440600000011, 36.4503557 ], [ 129.415638800000011, 36.4502515 ], [ 129.415829300000013, 36.4499695 ], [ 129.416157, 36.4497488 ], [ 129.4164466, 36.449614 ], [ 129.416576099999986, 36.44886 ], [ 129.416781899999989, 36.4486945 ], [ 129.4168397, 36.4485441 ], [ 129.416782, 36.4482282 ], [ 129.4170708, 36.447903 ], [ 129.4177176, 36.4474477 ], [ 129.417856199999989, 36.4470946 ], [ 129.4177407, 36.4463234 ], [ 129.4176599, 36.4459146 ], [ 129.417579, 36.4456172 ], [ 129.4172671, 36.4455429 ], [ 129.4164932, 36.445738 ], [ 129.4160196, 36.4460075 ], [ 129.4156154, 36.446407 ], [ 129.415338100000014, 36.4463048 ], [ 129.415049399999987, 36.4460447 ], [ 129.4147606, 36.4462862 ], [ 129.414321699999988, 36.4468159 ], [ 129.4139998, 36.4469992 ], [ 129.4138204, 36.4474261 ], [ 129.413659599999988, 36.4475593 ], [ 129.4135249, 36.44762 ], [ 129.4132616, 36.4480573 ], [ 129.4130197, 36.4481489 ], [ 129.412899, 36.448097 ], [ 129.4131343, 36.4476309 ], [ 129.4133037, 36.447465 ], [ 129.4133294, 36.4471528 ], [ 129.413519900000011, 36.4469223 ], [ 129.4136313, 36.446694 ], [ 129.4112891, 36.4485467 ], [ 129.4117027, 36.4487658 ], [ 129.411171700000011, 36.4493498 ], [ 129.41187020000001, 36.4507961 ] ] ] } },
{ "type": "Feature", "properties": { "natural": "wood", "name": null }, "geometry": { "type": "Polygon", "coordinates": [ [ [ 129.436110899999989, 36.4599573 ], [ 129.436115300000012, 36.4600558 ], [ 129.436115300000012, 36.4601508 ], [ 129.436211500000013, 36.4602141 ], [ 129.4363209, 36.4602986 ], [ 129.436237799999986, 36.4603971 ], [ 129.4362553, 36.4607138 ], [ 129.4362946, 36.4608334 ], [ 129.4364127, 36.4609882 ], [ 129.4364565, 36.461136 ], [ 129.4363253, 36.4614139 ], [ 129.436229, 36.461611 ], [ 129.436264, 36.4617341 ], [ 129.4364521, 36.4618889 ], [ 129.4364302, 36.4620085 ], [ 129.4363646, 36.4623287 ], [ 129.4363777, 36.4624905 ], [ 129.4364696, 36.462772 ], [ 129.4364565, 36.4629479 ], [ 129.4364565, 36.4631379 ], [ 129.4365177, 36.4632857 ], [ 129.4363734, 36.4632822 ], [ 129.4362509, 36.4631062 ], [ 129.4361634, 36.4628459 ], [ 129.436045299999989, 36.4626629 ], [ 129.435949, 36.4627263 ], [ 129.4359097, 36.46286 ], [ 129.4358834, 36.4630746 ], [ 129.435896500000013, 36.4635108 ], [ 129.4359184, 36.4636973 ], [ 129.43602340000001, 36.4639401 ], [ 129.4360628, 36.4641301 ], [ 129.436180900000011, 36.464415 ], [ 129.4359315, 36.4645241 ], [ 129.4358222, 36.4646437 ], [ 129.4358484, 36.4647563 ], [ 129.436089, 36.4649322 ], [ 129.4362596, 36.4650905 ], [ 129.4364127, 36.4651785 ], [ 129.4365702, 36.465175 ], [ 129.4367977, 36.4650272 ], [ 129.4369552, 36.4648724 ], [ 129.436999, 36.4646859 ], [ 129.4370427, 36.4645311 ], [ 129.4372658, 36.464788 ], [ 129.4373314, 36.4647915 ], [ 129.437383899999986, 36.4647387 ], [ 129.4373927, 36.4645769 ], [ 129.4371783, 36.4641406 ], [ 129.4371083, 36.4639541 ], [ 129.4370602, 36.4636445 ], [ 129.4370165, 36.4635249 ], [ 129.436937699999987, 36.4631696 ], [ 129.4369333, 36.4629514 ], [ 129.4369333, 36.4627615 ], [ 129.436719, 36.4624483 ], [ 129.436657700000012, 36.462297 ], [ 129.436714599999988, 36.4621422 ], [ 129.436754, 36.4619522 ], [ 129.436749600000013, 36.4616356 ], [ 129.4366971, 36.461428 ], [ 129.4367277, 36.4612767 ], [ 129.4367015, 36.4609812 ], [ 129.436649, 36.4608228 ], [ 129.436491499999988, 36.4605308 ], [ 129.4364084, 36.4603725 ], [ 129.4364784, 36.4601543 ], [ 129.436425899999989, 36.4598553 ], [ 129.4362946, 36.4596618 ], [ 129.4361721, 36.459426 ], [ 129.4361678, 36.4590601 ], [ 129.4360759, 36.4588842 ], [ 129.43586590000001, 36.4586449 ], [ 129.435572799999989, 36.4584232 ], [ 129.4354372, 36.4583916 ], [ 129.4353672, 36.4584936 ], [ 129.4353803, 36.4585886 ], [ 129.4354897, 36.4586519 ], [ 129.435642800000011, 36.4587258 ], [ 129.435739, 36.4588419 ], [ 129.4357872, 36.4589475 ], [ 129.435949, 36.4592255 ], [ 129.4359315, 36.4593697 ], [ 129.4359565, 36.4595452 ], [ 129.435957800000011, 36.4597497 ], [ 129.435984, 36.4598658 ], [ 129.436110899999989, 36.4599573 ] ] ] } },
{ "type": "Feature", "properties": { "natural": "wood", "name": null }, "geometry": { "type": "Polygon", "coordinates": [ [ [ 129.4197823, 36.4755459 ], [ 129.419916699999987, 36.4756363 ], [ 129.420109, 36.4757059 ], [ 129.4202837, 36.4757177 ], [ 129.4205437, 36.47568 ], [ 129.421848, 36.4753549 ], [ 129.4220999, 36.4753405 ], [ 129.4221942, 36.4752381 ], [ 129.421423800000014, 36.4745355 ], [ 129.4211913, 36.4742774 ], [ 129.4211008, 36.4740848 ], [ 129.421059500000013, 36.473885 ], [ 129.4210807, 36.4736544 ], [ 129.421404, 36.4728964 ], [ 129.421605699999986, 36.4723671 ], [ 129.4219874, 36.4718637 ], [ 129.422531, 36.4710341 ], [ 129.42321530000001, 36.4705391 ], [ 129.4233304, 36.4703276 ], [ 129.4233374, 36.4701525 ], [ 129.423808, 36.4694856 ], [ 129.4238134, 36.4691239 ], [ 129.4250625, 36.4693232 ], [ 129.425864, 36.4697697 ], [ 129.426022, 36.4700235 ], [ 129.4265718, 36.4703176 ], [ 129.426521900000012, 36.4705973 ], [ 129.427708200000012, 36.4710545 ], [ 129.428421, 36.4704849 ], [ 129.4285271, 36.4702326 ], [ 129.4279053, 36.469748 ], [ 129.4274072, 36.4694491 ], [ 129.4270977, 36.4692481 ], [ 129.427057499999989, 36.468808 ], [ 129.4269798, 36.4685649 ], [ 129.426871, 36.4684546 ], [ 129.4268432, 36.4682836 ], [ 129.4268892, 36.4679023 ], [ 129.4269818, 36.4675969 ], [ 129.4277229, 36.4676861 ], [ 129.4290511, 36.4675913 ], [ 129.42994, 36.4676012 ], [ 129.429703499999988, 36.4671307 ], [ 129.4293918, 36.466128 ], [ 129.429010799999986, 36.4661187 ], [ 129.4285721, 36.4660816 ], [ 129.4286645, 36.4656452 ], [ 129.428814499999987, 36.4654781 ], [ 129.429599599999989, 36.4654131 ], [ 129.4301307, 36.4652831 ], [ 129.430592499999989, 36.4649024 ], [ 129.4309197, 36.4647086 ], [ 129.431452900000011, 36.4643411 ], [ 129.4316737, 36.4642798 ], [ 129.4318337, 36.4637469 ], [ 129.431689, 36.4635937 ], [ 129.431353800000011, 36.4635141 ], [ 129.431369100000012, 36.4632507 ], [ 129.4315595, 36.4628893 ], [ 129.431353800000011, 36.4624176 ], [ 129.431026300000013, 36.4621787 ], [ 129.4313081, 36.4615477 ], [ 129.4316585, 36.4613885 ], [ 129.431986, 36.4611251 ], [ 129.4321688, 36.4608678 ], [ 129.4324278, 36.460488 ], [ 129.4323973, 36.4603164 ], [ 129.4317423, 36.4605737 ], [ 129.4315747, 36.4605002 ], [ 129.4316052, 36.4602123 ], [ 129.4312548, 36.4597773 ], [ 129.43101870000001, 36.4595997 ], [ 129.431970799999988, 36.4592138 ], [ 129.4323669, 36.4592199 ], [ 129.4326106, 36.4591647 ], [ 129.432641100000012, 36.4588339 ], [ 129.4321993, 36.4587972 ], [ 129.4319175, 36.4586747 ], [ 129.431727099999989, 36.4584848 ], [ 129.4305465, 36.4582887 ], [ 129.4302266, 36.4581417 ], [ 129.4302113, 36.4579273 ], [ 129.4310035, 36.457768 ], [ 129.431331, 36.4578293 ], [ 129.431536599999987, 36.457719 ], [ 129.431529, 36.4575475 ], [ 129.431292899999988, 36.4573453 ], [ 129.431704200000013, 36.4571799 ], [ 129.4320241, 36.4572473 ], [ 129.432206900000011, 36.4575046 ], [ 129.4325344, 36.4575842 ], [ 129.4327401, 36.4579457 ], [ 129.4330828, 36.4583071 ], [ 129.433517, 36.4581233 ], [ 129.4335094, 36.4580192 ], [ 129.433311, 36.4577934 ], [ 129.433635399999986, 36.4576723 ], [ 129.4337239, 36.4576993 ], [ 129.4339132, 36.4578582 ], [ 129.4339939, 36.4578782 ], [ 129.434069099999988, 36.4578747 ], [ 129.4344213, 36.4576859 ], [ 129.434530599999988, 36.4576602 ], [ 129.4347778, 36.4577136 ], [ 129.434945699999986, 36.4577218 ], [ 129.4350633, 36.4576989 ], [ 129.435205200000013, 36.4576419 ], [ 129.435239, 36.4574554 ], [ 129.435239200000012, 36.4573045 ], [ 129.4351159, 36.4566983 ], [ 129.4351093, 36.4565461 ], [ 129.435138200000011, 36.4560484 ], [ 129.4351088, 36.4558891 ], [ 129.435045699999989, 36.4557897 ], [ 129.434306600000014, 36.455501 ], [ 129.4341705, 36.4554088 ], [ 129.434075299999989, 36.4552905 ], [ 129.4340049, 36.4551521 ], [ 129.433969600000012, 36.4550417 ], [ 129.433971500000013, 36.4549195 ], [ 129.4338141, 36.4548458 ], [ 129.433418, 36.4546007 ], [ 129.4330905, 36.4545578 ], [ 129.4325192, 36.454711 ], [ 129.4322755, 36.4548519 ], [ 129.431879400000014, 36.4549009 ], [ 129.4315747, 36.4551766 ], [ 129.4312167, 36.4552869 ], [ 129.4307064, 36.4554523 ], [ 129.4303789, 36.4554033 ], [ 129.4303941, 36.4547723 ], [ 129.4306379, 36.4544353 ], [ 129.4309882, 36.4539207 ], [ 129.4314148, 36.453743 ], [ 129.4316661, 36.4534735 ], [ 129.432054599999987, 36.4533938 ], [ 129.4324507, 36.4532897 ], [ 129.4324887, 36.4534735 ], [ 129.4323288, 36.4536756 ], [ 129.4319403, 36.4540248 ], [ 129.4317194, 36.4542576 ], [ 129.431727099999989, 36.4543924 ], [ 129.4319936, 36.4543802 ], [ 129.4321612, 36.454178 ], [ 129.432465900000011, 36.4538839 ], [ 129.4329305, 36.4537798 ], [ 129.432907699999987, 36.453645 ], [ 129.432999099999989, 36.4531855 ], [ 129.4330448, 36.4529527 ], [ 129.4333571, 36.4529588 ], [ 129.4334256, 36.452677 ], [ 129.4332733, 36.4525974 ], [ 129.4331209, 36.4524748 ], [ 129.432961, 36.4523646 ], [ 129.432603, 36.4521991 ], [ 129.432603, 36.4520215 ], [ 129.4326792, 36.4518009 ], [ 129.4325192, 36.4516355 ], [ 129.4321536, 36.4514885 ], [ 129.4317651, 36.4511515 ], [ 129.431879400000014, 36.4509799 ], [ 129.4323212, 36.4509309 ], [ 129.4326563, 36.450839 ], [ 129.4326563, 36.450643 ], [ 129.4327629, 36.4504163 ], [ 129.4329381, 36.450404 ], [ 129.433067599999987, 36.4508942 ], [ 129.433395100000013, 36.4509371 ], [ 129.433745499999986, 36.4508084 ], [ 129.4337531, 36.4507471 ], [ 129.4337988, 36.450594 ], [ 129.4341187, 36.4504776 ], [ 129.434332, 36.4503183 ], [ 129.434339599999987, 36.4500916 ], [ 129.4342101, 36.4496137 ], [ 129.433989200000013, 36.4494054 ], [ 129.4340502, 36.4491297 ], [ 129.43398160000001, 36.4489275 ], [ 129.4334713, 36.4484802 ], [ 129.433258, 36.4482719 ], [ 129.4331362, 36.4480268 ], [ 129.4330143, 36.4478369 ], [ 129.432816300000013, 36.4476531 ], [ 129.4326792, 36.4474632 ], [ 129.4325878, 36.447696 ], [ 129.432443, 36.4481739 ], [ 129.4322831, 36.4483699 ], [ 129.431879400000014, 36.448664 ], [ 129.431376699999987, 36.4486579 ], [ 129.4312091, 36.4484435 ], [ 129.4309959, 36.4485231 ], [ 129.4308359, 36.4487988 ], [ 129.4309501, 36.4492706 ], [ 129.4312472, 36.449485 ], [ 129.431292899999988, 36.4496872 ], [ 129.431110100000012, 36.449773 ], [ 129.4307369, 36.4497301 ], [ 129.4305693, 36.4494299 ], [ 129.4303941, 36.4494544 ], [ 129.4300514, 36.4497669 ], [ 129.4300514, 36.4500058 ], [ 129.4302494, 36.4503857 ], [ 129.4305845, 36.4505082 ], [ 129.4308207, 36.4506246 ], [ 129.430851100000012, 36.4508452 ], [ 129.4308283, 36.4510228 ], [ 129.4305922, 36.4511331 ], [ 129.4303332, 36.4511086 ], [ 129.4301352, 36.4509799 ], [ 129.4299143, 36.4508942 ], [ 129.4296934, 36.4508697 ], [ 129.4293506, 36.4513353 ], [ 129.4291907, 36.4516355 ], [ 129.4291526, 36.4519357 ], [ 129.4292288, 36.4524565 ], [ 129.429076400000014, 36.4527199 ], [ 129.4290155, 36.452965 ], [ 129.4291069, 36.4532161 ], [ 129.429160200000013, 36.453547 ], [ 129.4290155, 36.4536818 ], [ 129.428748899999988, 36.4538288 ], [ 129.4284671, 36.4540677 ], [ 129.4283833, 36.4543434 ], [ 129.42847470000001, 36.4546804 ], [ 129.428406099999989, 36.4549438 ], [ 129.4278654, 36.4554768 ], [ 129.4279872, 36.4557096 ], [ 129.4277663, 36.4559546 ], [ 129.427553100000011, 36.4561997 ], [ 129.4267609, 36.456408 ], [ 129.426113500000014, 36.4566714 ], [ 129.4256413, 36.4570022 ], [ 129.425085200000012, 36.457186 ], [ 129.4246206, 36.4574311 ], [ 129.4243921, 36.4573698 ], [ 129.4245216, 36.4571493 ], [ 129.424872, 36.4569839 ], [ 129.4252376, 36.4568184 ], [ 129.42610590000001, 36.456261 ], [ 129.426372500000014, 36.4560282 ], [ 129.426448599999986, 36.4557954 ], [ 129.4269894, 36.4551215 ], [ 129.427210300000013, 36.4549561 ], [ 129.4276064, 36.4549683 ], [ 129.4278654, 36.4543802 ], [ 129.4276978, 36.4541412 ], [ 129.4275302, 36.4538839 ], [ 129.427812, 36.4536573 ], [ 129.4277587, 36.4531855 ], [ 129.4279029, 36.4529244 ], [ 129.428165400000012, 36.4527344 ], [ 129.428130399999986, 36.4525443 ], [ 129.4279904, 36.452298 ], [ 129.427623, 36.452291 ], [ 129.4271592, 36.4524951 ], [ 129.4265293, 36.4528329 ], [ 129.4260218, 36.4529525 ], [ 129.425243099999989, 36.4532974 ], [ 129.4247794, 36.4535226 ], [ 129.4242107, 36.4539096 ], [ 129.4237032, 36.4541419 ], [ 129.423362, 36.4545078 ], [ 129.4230733, 36.4546978 ], [ 129.42246080000001, 36.4548386 ], [ 129.4222771, 36.4546978 ], [ 129.422390799999988, 36.4543178 ], [ 129.422294599999987, 36.4540433 ], [ 129.4223733, 36.4536985 ], [ 129.4223558, 36.4533818 ], [ 129.422137099999986, 36.4531918 ], [ 129.421944599999989, 36.4532833 ], [ 129.421690899999987, 36.453614 ], [ 129.4214634, 36.4540081 ], [ 129.420903399999986, 36.4544867 ], [ 129.420291, 36.4546485 ], [ 129.4200897, 36.4547963 ], [ 129.4201247, 36.4551271 ], [ 129.420142199999987, 36.4554578 ], [ 129.420166099999989, 36.4557192 ], [ 129.4200504, 36.4559997 ], [ 129.419914799999987, 36.4560349 ], [ 129.4193898, 36.4561756 ], [ 129.4189786, 36.4566401 ], [ 129.4187423, 36.4568301 ], [ 129.4188561, 36.4574423 ], [ 129.4191361, 36.4578434 ], [ 129.419486, 36.4580264 ], [ 129.4198623, 36.4584205 ], [ 129.420168499999988, 36.4586246 ], [ 129.420518499999986, 36.4588357 ], [ 129.4205272, 36.4589975 ], [ 129.420046, 36.4595183 ], [ 129.4199673, 36.459856 ], [ 129.4199323, 36.4602149 ], [ 129.4194685, 36.4602571 ], [ 129.4190136, 36.4604542 ], [ 129.4191361, 36.4607075 ], [ 129.4194248, 36.4607779 ], [ 129.420492200000012, 36.4609819 ], [ 129.4208597, 36.4613056 ], [ 129.421244699999988, 36.4614886 ], [ 129.4218921, 36.4615238 ], [ 129.422705799999989, 36.4616012 ], [ 129.4229595, 36.461756 ], [ 129.422767099999987, 36.4619319 ], [ 129.4219096, 36.4624174 ], [ 129.4217171, 36.4627341 ], [ 129.4216384, 36.4630507 ], [ 129.421314700000011, 36.4630789 ], [ 129.4212097, 36.4628959 ], [ 129.4212009, 36.462537 ], [ 129.4211922, 36.4622345 ], [ 129.4212709, 36.461953 ], [ 129.4208947, 36.4619178 ], [ 129.4204047, 36.4618334 ], [ 129.4204397, 36.46215 ], [ 129.4203522, 36.4625159 ], [ 129.4199673, 36.4625159 ], [ 129.419407299999989, 36.4620374 ], [ 129.418969800000013, 36.4618474 ], [ 129.4186024, 36.4620515 ], [ 129.4181911, 36.4622908 ], [ 129.4179112, 36.4625089 ], [ 129.417631199999988, 36.4632126 ], [ 129.417473699999988, 36.4634448 ], [ 129.4170712, 36.4635362 ], [ 129.416539699999987, 36.4634673 ], [ 129.4165515, 36.4630661 ], [ 129.416765, 36.4628537 ], [ 129.4168525, 36.4622837 ], [ 129.4168525, 36.4619108 ], [ 129.41708, 36.4616152 ], [ 129.4174387, 36.4613549 ], [ 129.4178849, 36.461179 ], [ 129.4180424, 36.4608975 ], [ 129.4178674, 36.4604753 ], [ 129.417788699999988, 36.4601375 ], [ 129.4171845, 36.4602879 ], [ 129.4170154, 36.4600571 ], [ 129.417158699999987, 36.4595957 ], [ 129.4166687, 36.459666 ], [ 129.416415, 36.4597716 ], [ 129.416065, 36.4603275 ], [ 129.4157413, 36.4608904 ], [ 129.4154876, 36.4616786 ], [ 129.4152688, 36.4619671 ], [ 129.4148314, 36.4622696 ], [ 129.4143502, 36.4622837 ], [ 129.413956399999989, 36.4623963 ], [ 129.4137814, 36.4621993 ], [ 129.414017699999988, 36.4618123 ], [ 129.4145514, 36.4612986 ], [ 129.4148576, 36.4607216 ], [ 129.4149189, 36.4603838 ], [ 129.4150501, 36.4600882 ], [ 129.4156451, 36.4594479 ], [ 129.4160913, 36.4591594 ], [ 129.416485, 36.4589342 ], [ 129.41708, 36.4585331 ], [ 129.417946199999989, 36.4583431 ], [ 129.418173599999989, 36.4583501 ], [ 129.4182611, 36.4582305 ], [ 129.4181999, 36.4580194 ], [ 129.41770120000001, 36.4580616 ], [ 129.4172812, 36.4581672 ], [ 129.4168262, 36.4584486 ], [ 129.41645, 36.4586668 ], [ 129.4157763, 36.4588075 ], [ 129.415356300000013, 36.4587512 ], [ 129.4150764, 36.458526 ], [ 129.414936399999988, 36.4582375 ], [ 129.41484890000001, 36.4580194 ], [ 129.4146126, 36.4579349 ], [ 129.4144464, 36.4580897 ], [ 129.4144901, 36.4584486 ], [ 129.4144901, 36.458702 ], [ 129.4138077, 36.4592086 ], [ 129.413291500000014, 36.459286 ], [ 129.413230199999987, 36.459089 ], [ 129.413072699999987, 36.4585542 ], [ 129.4127753, 36.4585542 ], [ 129.4123028, 36.4587583 ], [ 129.4119703, 36.4586105 ], [ 129.4119966, 36.4583501 ], [ 129.412434, 36.4581601 ], [ 129.412722800000012, 36.4579842 ], [ 129.412574, 36.4577379 ], [ 129.4122066, 36.4574071 ], [ 129.4118303, 36.4570834 ], [ 129.411454099999986, 36.4568723 ], [ 129.4112529, 36.4564501 ], [ 129.4112529, 36.4561053 ], [ 129.4109729, 36.4556056 ], [ 129.4108329, 36.4554156 ], [ 129.410342899999989, 36.4554438 ], [ 129.4100805, 36.4555282 ], [ 129.4100367, 36.4557675 ], [ 129.409809200000012, 36.456049 ], [ 129.4097655, 36.4563094 ], [ 129.409835500000014, 36.4571257 ], [ 129.409835500000014, 36.4574212 ], [ 129.4099755, 36.4578083 ], [ 129.4104654, 36.4583572 ], [ 129.4109204, 36.4587231 ], [ 129.411357900000013, 36.4594408 ], [ 129.41155040000001, 36.4597223 ], [ 129.411742800000013, 36.4599686 ], [ 129.4115591, 36.4600671 ], [ 129.410946599999988, 36.4601516 ], [ 129.4102992, 36.4600882 ], [ 129.409616699999987, 36.459849 ], [ 129.409468, 36.4595605 ], [ 129.409398, 36.4592016 ], [ 129.4087505, 36.4585401 ], [ 129.40832180000001, 36.4578716 ], [ 129.4087418, 36.457576 ], [ 129.4087855, 36.4572875 ], [ 129.4087768, 36.4565557 ], [ 129.4089605, 36.4562249 ], [ 129.409118, 36.455859 ], [ 129.409328, 36.4555775 ], [ 129.40924050000001, 36.4554086 ], [ 129.408873, 36.4553734 ], [ 129.4084006, 36.4553664 ], [ 129.4077531, 36.4554367 ], [ 129.4075169, 36.4557182 ], [ 129.407525600000014, 36.456056 ], [ 129.4074556, 36.4564994 ], [ 129.4076656, 36.4568794 ], [ 129.4078144, 36.4572664 ], [ 129.4075956, 36.4574001 ], [ 129.4073856, 36.4570412 ], [ 129.4072194, 36.4568512 ], [ 129.4069744, 36.4571538 ], [ 129.406729399999989, 36.4579068 ], [ 129.406537, 36.4583853 ], [ 129.4062832, 36.4582868 ], [ 129.406064500000014, 36.4583572 ], [ 129.406195700000012, 36.4589342 ], [ 129.4066507, 36.4590679 ], [ 129.4070357, 36.4592086 ], [ 129.4077006, 36.4592649 ], [ 129.4078844, 36.4593634 ], [ 129.4077269, 36.4598912 ], [ 129.4074469, 36.4603768 ], [ 129.4078931, 36.4605245 ], [ 129.4078931, 36.4606864 ], [ 129.4074994, 36.4608764 ], [ 129.4075431, 36.4613408 ], [ 129.4080506, 36.4612775 ], [ 129.4085143, 36.4614041 ], [ 129.4087331, 36.461566 ], [ 129.4082431, 36.4621571 ], [ 129.4081118, 36.4623822 ], [ 129.4082343, 36.4628748 ], [ 129.4085843, 36.4630648 ], [ 129.4088993, 36.4633814 ], [ 129.408724299999989, 36.4637333 ], [ 129.4083306, 36.4637403 ], [ 129.4079281, 36.4635785 ], [ 129.4071582, 36.4633814 ], [ 129.406799400000011, 36.4630015 ], [ 129.40686070000001, 36.462713 ], [ 129.4071319, 36.4622274 ], [ 129.4069744, 36.4616645 ], [ 129.406668200000013, 36.4615097 ], [ 129.406082, 36.4615167 ], [ 129.4059332, 36.461763 ], [ 129.4056008, 36.4620656 ], [ 129.405347, 36.4620726 ], [ 129.405382, 36.461756 ], [ 129.405627, 36.4613338 ], [ 129.405837, 36.4609327 ], [ 129.4062395, 36.4606442 ], [ 129.4063707, 36.460433 ], [ 129.406187, 36.4601868 ], [ 129.4055045, 36.4603697 ], [ 129.4051896, 36.4601656 ], [ 129.4052245, 36.4597786 ], [ 129.4051371, 36.4597505 ], [ 129.404577100000012, 36.4598982 ], [ 129.4042096, 36.4597786 ], [ 129.404034599999989, 36.4596027 ], [ 129.4037372, 36.4591946 ], [ 129.403684700000014, 36.4589412 ], [ 129.403575600000011, 36.4587337 ], [ 129.4034397, 36.4579772 ], [ 129.4033959, 36.4577449 ], [ 129.4034134, 36.4575268 ], [ 129.403150900000014, 36.4574986 ], [ 129.402888499999989, 36.4578786 ], [ 129.4029322, 36.4584134 ], [ 129.4029497, 36.459469 ], [ 129.4030285, 36.4597575 ], [ 129.4030285, 36.4601375 ], [ 129.402941, 36.4605386 ], [ 129.4030635, 36.4605879 ], [ 129.4034747, 36.4602993 ], [ 129.4037372, 36.4600249 ], [ 129.4040084, 36.4601586 ], [ 129.4044896, 36.4605527 ], [ 129.404638299999988, 36.4607849 ], [ 129.4044896, 36.4611156 ], [ 129.4042096, 36.4613408 ], [ 129.4038509, 36.4611719 ], [ 129.4035534, 36.4612141 ], [ 129.40308970000001, 36.4616223 ], [ 129.402888499999989, 36.4621782 ], [ 129.4028272, 36.463114 ], [ 129.402941, 36.4636559 ], [ 129.402923500000014, 36.4641062 ], [ 129.4030285, 36.4645636 ], [ 129.4034747, 36.4652672 ], [ 129.403623399999987, 36.465619 ], [ 129.403947100000011, 36.4662242 ], [ 129.4043671, 36.466379 ], [ 129.4050583, 36.4663156 ], [ 129.4054695, 36.4662382 ], [ 129.405872, 36.4660271 ], [ 129.4061082, 36.4658934 ], [ 129.4062132, 36.4656401 ], [ 129.4065807, 36.4654572 ], [ 129.406948199999988, 36.4654853 ], [ 129.4069919, 36.4657668 ], [ 129.4067819, 36.4661256 ], [ 129.4061082, 36.4664423 ], [ 129.405714499999988, 36.4666323 ], [ 129.4043321, 36.4670193 ], [ 129.4046821, 36.4672092 ], [ 129.405049600000012, 36.4675681 ], [ 129.4050758, 36.4678495 ], [ 129.405277, 36.4681662 ], [ 129.4055133, 36.4682154 ], [ 129.4058983, 36.4676666 ], [ 129.406327, 36.4672374 ], [ 129.4067207, 36.4669981 ], [ 129.4068519, 36.4671178 ], [ 129.406318199999987, 36.4679199 ], [ 129.405837, 36.4685391 ], [ 129.4062832, 36.4685531 ], [ 129.4067207, 36.4683069 ], [ 129.407298200000014, 36.4684969 ], [ 129.4071232, 36.4686516 ], [ 129.406277499999987, 36.4689699 ], [ 129.405351, 36.4691277 ], [ 129.4057191, 36.4696526 ], [ 129.4061532, 36.4702924 ], [ 129.40662420000001, 36.4710187 ], [ 129.4070994, 36.4709216 ], [ 129.4075176, 36.4718109 ], [ 129.407159900000011, 36.4718839 ], [ 129.408510400000011, 36.4740419 ], [ 129.4086651, 36.4741844 ], [ 129.4088578, 36.4742853 ], [ 129.4090469, 36.4743483 ], [ 129.4092147, 36.4743596 ], [ 129.4092249, 36.4744595 ], [ 129.4137667, 36.4716078 ], [ 129.413616499999989, 36.4714223 ], [ 129.413568, 36.4712676 ], [ 129.413632299999989, 36.4711605 ], [ 129.413828, 36.4710957 ], [ 129.413914799999986, 36.4709888 ], [ 129.4138522, 36.4707993 ], [ 129.41388760000001, 36.4706249 ], [ 129.4132936, 36.4706015 ], [ 129.4131413, 36.4704734 ], [ 129.412609800000013, 36.4707146 ], [ 129.412238699999989, 36.4707805 ], [ 129.4122599, 36.4705686 ], [ 129.4129748, 36.4701747 ], [ 129.4129897, 36.469969 ], [ 129.4125474, 36.4696453 ], [ 129.4128259, 36.4695849 ], [ 129.4128414, 36.46933 ], [ 129.4129658, 36.4691387 ], [ 129.413258399999989, 36.4689774 ], [ 129.4136068, 36.4686704 ], [ 129.414555799999988, 36.4689276 ], [ 129.4150807, 36.4688637 ], [ 129.4151967, 36.4692616 ], [ 129.4154983, 36.4694329 ], [ 129.4156883, 36.4696843 ], [ 129.4162131, 36.4698652 ], [ 129.416309899999987, 36.4703171 ], [ 129.4164102, 36.4704474 ], [ 129.4163773, 36.4705652 ], [ 129.4161972, 36.470772 ], [ 129.4158209, 36.4709337 ], [ 129.415199199999989, 36.4709342 ], [ 129.414525200000014, 36.4713555 ], [ 129.4139741, 36.4716488 ], [ 129.41925950000001, 36.4748995 ], [ 129.419641500000012, 36.475166 ], [ 129.4197809, 36.475115 ], [ 129.4200821, 36.4749333 ], [ 129.4204155, 36.4751334 ], [ 129.420256099999989, 36.4753869 ], [ 129.4199749, 36.4754971 ], [ 129.4196057, 36.4752386 ], [ 129.4195138, 36.4752428 ], [ 129.4197823, 36.4755459 ] ] ] } },
{ "type": "Feature", "properties": { "natural": "wood", "name": null }, "geometry": { "type": "Polygon", "coordinates": [ [ [ 129.4362662, 36.4689552 ], [ 129.436570499999988, 36.4684267 ], [ 129.436714099999989, 36.4681008 ], [ 129.436813199999989, 36.4676069 ], [ 129.436854, 36.4673508 ], [ 129.4369192, 36.4672706 ], [ 129.436874100000011, 36.467073 ], [ 129.436797, 36.4669762 ], [ 129.4361246, 36.4669742 ], [ 129.4361637, 36.4671645 ], [ 129.4361332, 36.4673578 ], [ 129.4360164, 36.4676134 ], [ 129.4353374, 36.4676143 ], [ 129.4351839, 36.4678741 ], [ 129.435227200000014, 36.4682893 ], [ 129.4350872, 36.4682886 ], [ 129.4348484, 36.4679434 ], [ 129.4339751, 36.467957 ], [ 129.433721100000014, 36.467827 ], [ 129.4336403, 36.4673535 ], [ 129.4335364, 36.4670657 ], [ 129.433166, 36.4671686 ], [ 129.4324627, 36.4671214 ], [ 129.432278, 36.4672143 ], [ 129.43177, 36.4663972 ], [ 129.4319663, 36.4657566 ], [ 129.431897, 36.4654688 ], [ 129.4315853, 36.4651438 ], [ 129.4310542, 36.4650974 ], [ 129.430731, 36.4653574 ], [ 129.43053470000001, 36.465803 ], [ 129.430604, 36.4666386 ], [ 129.4307425, 36.4669729 ], [ 129.4305694, 36.4677342 ], [ 129.4301451, 36.4682053 ], [ 129.4295818, 36.4699188 ], [ 129.429371800000013, 36.4702698 ], [ 129.429155900000012, 36.4705311 ], [ 129.4288665, 36.4708262 ], [ 129.428514299999989, 36.4711134 ], [ 129.427907299999987, 36.4713827 ], [ 129.4277679, 36.4715787 ], [ 129.4277529, 36.4717579 ], [ 129.4277792, 36.47212 ], [ 129.427793900000012, 36.4724736 ], [ 129.427557900000011, 36.473401 ], [ 129.4275257, 36.4735994 ], [ 129.4275525, 36.4737806 ], [ 129.4277885, 36.4743457 ], [ 129.428121800000014, 36.47466 ], [ 129.42772930000001, 36.4753748 ], [ 129.4273945, 36.4752912 ], [ 129.4272906, 36.4749385 ], [ 129.4274292, 36.4746043 ], [ 129.427429100000012, 36.4742465 ], [ 129.4273701, 36.4738842 ], [ 129.4273111, 36.4737116 ], [ 129.4271609, 36.473621 ], [ 129.426849800000014, 36.4735347 ], [ 129.4264689, 36.4734916 ], [ 129.4261899, 36.4735089 ], [ 129.425852, 36.4735779 ], [ 129.4256267, 36.4736685 ], [ 129.4252351, 36.4739445 ], [ 129.4250259, 36.4740524 ], [ 129.4247684, 36.4740696 ], [ 129.42453230000001, 36.4740265 ], [ 129.424290899999988, 36.4739187 ], [ 129.424128700000011, 36.4738925 ], [ 129.424003199999987, 36.4739269 ], [ 129.423461, 36.4745153 ], [ 129.4231136, 36.4748298 ], [ 129.4230475, 36.4750405 ], [ 129.4227237, 36.4752606 ], [ 129.4226099, 36.4753524 ], [ 129.4249362, 36.478233 ], [ 129.4253771, 36.4782202 ], [ 129.4257527, 36.4781172 ], [ 129.4260114, 36.4779016 ], [ 129.426264, 36.477621 ], [ 129.4267893, 36.4773272 ], [ 129.4269289, 36.4769156 ], [ 129.4267144, 36.4766031 ], [ 129.426681300000013, 36.4763817 ], [ 129.4268928, 36.4761395 ], [ 129.427151400000014, 36.4761964 ], [ 129.4274565, 36.4767296 ], [ 129.427642100000014, 36.4767083 ], [ 129.427907299999987, 36.4762177 ], [ 129.4280134, 36.4760791 ], [ 129.4284113, 36.4760791 ], [ 129.4282521, 36.4763457 ], [ 129.4280665, 36.4767829 ], [ 129.428079700000012, 36.4769429 ], [ 129.428597, 36.4767403 ], [ 129.4294059, 36.476431 ], [ 129.4300955, 36.4758552 ], [ 129.4310371, 36.475226 ], [ 129.4318508, 36.4747342 ], [ 129.4319894, 36.4744743 ], [ 129.4318544, 36.4733385 ], [ 129.4315351, 36.4732501 ], [ 129.4315077, 36.4730047 ], [ 129.4314266, 36.4728542 ], [ 129.4314468, 36.4726826 ], [ 129.4321276, 36.4726473 ], [ 129.4321191, 36.4728329 ], [ 129.4322071, 36.472928 ], [ 129.4325234, 36.4729105 ], [ 129.432727699999987, 36.4730367 ], [ 129.4330382, 36.4729085 ], [ 129.4331843, 36.4731134 ], [ 129.433343400000012, 36.4732141 ], [ 129.4338602, 36.4733612 ], [ 129.4339216, 36.4731683 ], [ 129.4343824, 36.4725243 ], [ 129.4348032, 36.4720531 ], [ 129.4351941, 36.47194 ], [ 129.435442599999988, 36.4715419 ], [ 129.4358115, 36.4708648 ], [ 129.435645599999987, 36.4703555 ], [ 129.4357903, 36.4700257 ], [ 129.4359091, 36.469508 ], [ 129.4362662, 36.4689552 ] ], [ [ 129.434170599999987, 36.4699246 ], [ 129.433698, 36.4702038 ], [ 129.4334753, 36.4699027 ], [ 129.433008199999989, 36.4699478 ], [ 129.4328103, 36.4700843 ], [ 129.43269380000001, 36.4699068 ], [ 129.433363899999989, 36.4694978 ], [ 129.4337223, 36.4697878 ], [ 129.433853699999986, 36.4696804 ], [ 129.433412800000013, 36.4691532 ], [ 129.4336725, 36.4690015 ], [ 129.4340884, 36.4694664 ], [ 129.4342938, 36.4695653 ], [ 129.434170599999987, 36.4699246 ] ] ] } },
{ "type": "Feature", "properties": { "natural": "wood", "name": null }, "geometry": { "type": "Polygon", "coordinates": [ [ [ 129.4280803, 36.4924738 ], [ 129.4280125, 36.4922291 ], [ 129.428582799999987, 36.4920372 ], [ 129.4290071, 36.4919839 ], [ 129.429279, 36.4918879 ], [ 129.4293984, 36.4920318 ], [ 129.4296371, 36.4921385 ], [ 129.4300681, 36.4922131 ], [ 129.43088370000001, 36.4925596 ], [ 129.430930100000012, 36.492453 ], [ 129.431022899999988, 36.4918879 ], [ 129.4313147, 36.4918773 ], [ 129.4314804, 36.492373 ], [ 129.4315335, 36.4927302 ], [ 129.431871699999988, 36.4928634 ], [ 129.43217, 36.4927675 ], [ 129.4323889, 36.4926929 ], [ 129.432614300000012, 36.4928421 ], [ 129.4328596, 36.4930234 ], [ 129.4330851, 36.4929327 ], [ 129.4330917, 36.4927142 ], [ 129.4332111, 36.4921811 ], [ 129.4333901, 36.4919785 ], [ 129.4335691, 36.4921065 ], [ 129.433681900000011, 36.4927568 ], [ 129.4339206, 36.493146 ], [ 129.434165900000011, 36.4931726 ], [ 129.4344112, 36.4929114 ], [ 129.434703, 36.4927995 ], [ 129.4351605, 36.4926875 ], [ 129.4354456, 36.4923997 ], [ 129.4356114, 36.4919785 ], [ 129.435598199999987, 36.4915627 ], [ 129.435545100000013, 36.4913282 ], [ 129.435677700000014, 36.4911469 ], [ 129.4360424, 36.491632 ], [ 129.4362612, 36.4918559 ], [ 129.4365066, 36.4918986 ], [ 129.436805, 36.491744 ], [ 129.4370901, 36.4916001 ], [ 129.4374283, 36.491632 ], [ 129.4378659, 36.4917227 ], [ 129.4384958, 36.4921438 ], [ 129.4387279, 36.4924903 ], [ 129.4390263, 36.4933592 ], [ 129.439145599999989, 36.4936417 ], [ 129.4395103, 36.4938869 ], [ 129.4398021, 36.4938923 ], [ 129.4400143, 36.4935618 ], [ 129.440113700000012, 36.4933006 ], [ 129.4402264, 36.4927462 ], [ 129.440385600000013, 36.4926555 ], [ 129.4407238, 36.4930767 ], [ 129.440690600000011, 36.4934338 ], [ 129.4408033, 36.4938016 ], [ 129.4410155, 36.4939349 ], [ 129.4413868, 36.4940735 ], [ 129.4416587, 36.4941695 ], [ 129.4419637, 36.4941002 ], [ 129.442282, 36.4939616 ], [ 129.442388099999988, 36.4937963 ], [ 129.4422289, 36.4934551 ], [ 129.4422687, 36.4928634 ], [ 129.4423085, 36.4926875 ], [ 129.442116199999987, 36.4924263 ], [ 129.442116199999987, 36.4921598 ], [ 129.4423616, 36.4916694 ], [ 129.44238150000001, 36.4914295 ], [ 129.4423682, 36.4911523 ], [ 129.442534, 36.4905499 ], [ 129.442739499999988, 36.490342 ], [ 129.4426865, 36.4901447 ], [ 129.4423936, 36.4896223 ], [ 129.442667, 36.489134 ], [ 129.442964, 36.4891427 ], [ 129.44295120000001, 36.4889073 ], [ 129.442713, 36.4887214 ], [ 129.4425406, 36.4885348 ], [ 129.442341699999986, 36.4883056 ], [ 129.4420433, 36.4881296 ], [ 129.4418311, 36.487991 ], [ 129.4413935, 36.4882576 ], [ 129.4411216, 36.4885934 ], [ 129.4409492, 36.488732 ], [ 129.4405447, 36.4890786 ], [ 129.4403126, 36.4890892 ], [ 129.4405712, 36.4887214 ], [ 129.4407436, 36.4884655 ], [ 129.4410354, 36.488071 ], [ 129.4410686, 36.487959 ], [ 129.4408895, 36.4878418 ], [ 129.4405248, 36.4876978 ], [ 129.439822, 36.4873193 ], [ 129.4393777, 36.4870688 ], [ 129.4392119, 36.4868449 ], [ 129.43887380000001, 36.4864184 ], [ 129.438025, 36.4860185 ], [ 129.4379355, 36.4858291 ], [ 129.4364972, 36.4845225 ], [ 129.4355071, 36.484928 ], [ 129.43483470000001, 36.484988 ], [ 129.4345131, 36.485211 ], [ 129.4343231, 36.4854802 ], [ 129.4343943, 36.4861786 ], [ 129.4345949, 36.4868124 ], [ 129.434629199999989, 36.4877365 ], [ 129.4340501, 36.4882621 ], [ 129.432779900000014, 36.4886075 ], [ 129.4321062, 36.4885519 ], [ 129.4308589, 36.4886064 ], [ 129.430673, 36.4883916 ], [ 129.4317495, 36.4883547 ], [ 129.4328386, 36.4880291 ], [ 129.4331588, 36.4879728 ], [ 129.4335126, 36.4874958 ], [ 129.4336147, 36.4865949 ], [ 129.4333033, 36.4857632 ], [ 129.432842, 36.4852378 ], [ 129.4325249, 36.4850607 ], [ 129.4321615, 36.4852734 ], [ 129.4312425, 36.4851768 ], [ 129.4308206, 36.4847075 ], [ 129.4299007, 36.4847267 ], [ 129.4292867, 36.4843422 ], [ 129.4280049, 36.4837582 ], [ 129.4282953, 36.4834664 ], [ 129.428623499999986, 36.483554 ], [ 129.4297905, 36.4837673 ], [ 129.4304005, 36.4838419 ], [ 129.4312625, 36.4839059 ], [ 129.4315675, 36.4840445 ], [ 129.4320052, 36.4841085 ], [ 129.432310199999989, 36.4836287 ], [ 129.4327611, 36.4832341 ], [ 129.4329998, 36.4830315 ], [ 129.433052800000013, 36.4827117 ], [ 129.4325091, 36.4819972 ], [ 129.432098, 36.4816134 ], [ 129.4320385, 36.4808787 ], [ 129.4324561, 36.4801739 ], [ 129.4324959, 36.4799286 ], [ 129.4322837, 36.4784038 ], [ 129.431686899999988, 36.4780945 ], [ 129.431673600000011, 36.4777213 ], [ 129.432164300000011, 36.477476 ], [ 129.4319521, 36.4771881 ], [ 129.4318432, 36.4756686 ], [ 129.4299201, 36.4763755 ], [ 129.4302016, 36.4770388 ], [ 129.429005600000011, 36.4773435 ], [ 129.4271027, 36.4777852 ], [ 129.4262467, 36.4781224 ], [ 129.4262108, 36.4782409 ], [ 129.4264761, 36.4783423 ], [ 129.4261095, 36.4784669 ], [ 129.425418799999989, 36.4785167 ], [ 129.4249362, 36.478233 ], [ 129.4226099, 36.4753524 ], [ 129.4221736, 36.4755459 ], [ 129.4221313, 36.4756551 ], [ 129.4221289, 36.4759098 ], [ 129.4221719, 36.4760738 ], [ 129.422314, 36.4762497 ], [ 129.42254410000001, 36.4771458 ], [ 129.4225759, 36.4773321 ], [ 129.4226232, 36.4779149 ], [ 129.42263890000001, 36.4785128 ], [ 129.4227304, 36.4787446 ], [ 129.422903600000012, 36.4797657 ], [ 129.422799700000013, 36.4802391 ], [ 129.422603400000014, 36.4804712 ], [ 129.4222571, 36.4802948 ], [ 129.422199299999988, 36.4798864 ], [ 129.4222455, 36.4791066 ], [ 129.4219726, 36.4783003 ], [ 129.4212435, 36.4783015 ], [ 129.4207093, 36.4782253 ], [ 129.420249899999988, 36.4782458 ], [ 129.4200983, 36.4784282 ], [ 129.419936400000012, 36.4785098 ], [ 129.4198151, 36.4784671 ], [ 129.4198816, 36.4782706 ], [ 129.4199116, 36.478047 ], [ 129.419378099999989, 36.4781556 ], [ 129.4200837, 36.4777516 ], [ 129.4202489, 36.4775045 ], [ 129.4204451, 36.4770483 ], [ 129.4204162, 36.4767726 ], [ 129.4201864, 36.4766677 ], [ 129.419894, 36.476436 ], [ 129.4201626, 36.4763817 ], [ 129.420623299999988, 36.4764252 ], [ 129.4207896, 36.4763535 ], [ 129.4208657, 36.4761429 ], [ 129.4210904, 36.4758934 ], [ 129.4214716, 36.4756346 ], [ 129.4218687, 36.4754435 ], [ 129.4207677, 36.4757049 ], [ 129.4205265, 36.4757757 ], [ 129.4201431, 36.476036 ], [ 129.4199285, 36.4760884 ], [ 129.419798, 36.4760775 ], [ 129.419597399999986, 36.4759894 ], [ 129.419285, 36.4760552 ], [ 129.4191466, 36.4759741 ], [ 129.4188331, 36.4759097 ], [ 129.417969699999986, 36.4752099 ], [ 129.418389100000013, 36.4749006 ], [ 129.418703099999988, 36.4751709 ], [ 129.4190111, 36.475226 ], [ 129.4193081, 36.475537 ], [ 129.4197791, 36.475648 ], [ 129.419145, 36.474949 ], [ 129.41925950000001, 36.4748995 ], [ 129.4139741, 36.4716488 ], [ 129.4137667, 36.4716078 ], [ 129.4092249, 36.4744595 ], [ 129.409043700000012, 36.4745632 ], [ 129.4089232, 36.4746545 ], [ 129.4088535, 36.4747667 ], [ 129.408842, 36.4748659 ], [ 129.4099903, 36.4808127 ], [ 129.4102848, 36.4825854 ], [ 129.41038180000001, 36.4832881 ], [ 129.410681399999987, 36.4862797 ], [ 129.4110924, 36.4885024 ], [ 129.4120077, 36.4891482 ], [ 129.4127736, 36.4888929 ], [ 129.4139131, 36.4887277 ], [ 129.4143702, 36.4890959 ], [ 129.4145043, 36.4895571 ], [ 129.4143344, 36.4900131 ], [ 129.4140711, 36.4907176 ], [ 129.413736, 36.4914204 ], [ 129.4144369, 36.4916334 ], [ 129.4158261, 36.4915016 ], [ 129.4160282, 36.4918941 ], [ 129.414454799999987, 36.493203 ], [ 129.414186199999989, 36.4943087 ], [ 129.4139802, 36.4953631 ], [ 129.4144921, 36.4960112 ], [ 129.4143427, 36.4969122 ], [ 129.4151646, 36.4970173 ], [ 129.416192, 36.4964917 ], [ 129.4166964, 36.4973927 ], [ 129.416341499999987, 36.4977381 ], [ 129.415500900000012, 36.4986541 ], [ 129.4149965, 36.499555 ], [ 129.4172194, 36.499465 ], [ 129.418471, 36.4990295 ], [ 129.4201335, 36.4991196 ], [ 129.4218334, 36.4989544 ], [ 129.423271699999987, 36.4987141 ], [ 129.424075, 36.4987141 ], [ 129.4245607, 36.4984288 ], [ 129.4249343, 36.4990745 ], [ 129.425009, 36.4996451 ], [ 129.4248782, 36.5001707 ], [ 129.425532, 36.5005011 ], [ 129.4266902, 36.5019125 ], [ 129.4266528, 36.5032339 ], [ 129.4273627, 36.5031438 ], [ 129.429268, 36.5027234 ], [ 129.4293427, 36.5019276 ], [ 129.4307064, 36.5007413 ], [ 129.4313415, 36.4992547 ], [ 129.4315283, 36.4979483 ], [ 129.4310987, 36.4972125 ], [ 129.4313228, 36.495846 ], [ 129.431603, 36.4950651 ], [ 129.4325744, 36.494089 ], [ 129.43193930000001, 36.4933982 ], [ 129.429155900000012, 36.4928275 ], [ 129.4280803, 36.4924738 ] ] ] } },
{ "type": "Feature", "properties": { "natural": "wood", "name": null }, "geometry": { "type": "Polygon", "coordinates": [ [ [ 129.4226176, 36.4530521 ], [ 129.4227684, 36.4529107 ], [ 129.4231603, 36.4527894 ], [ 129.4235021, 36.4526318 ], [ 129.4239141, 36.4525307 ], [ 129.4243262, 36.4525145 ], [ 129.4247533, 36.452555 ], [ 129.42500960000001, 36.4525145 ], [ 129.425170400000013, 36.4524014 ], [ 129.4252559, 36.4522437 ], [ 129.4249292, 36.4518516 ], [ 129.4246981, 36.4516778 ], [ 129.4243563, 36.4514879 ], [ 129.4240699, 36.4515283 ], [ 129.4237081, 36.4515768 ], [ 129.4233815, 36.4517263 ], [ 129.423085, 36.4518031 ], [ 129.423125199999987, 36.4519972 ], [ 129.4231101, 36.4523569 ], [ 129.422853800000013, 36.4524984 ], [ 129.42258240000001, 36.4526439 ], [ 129.4225121, 36.4528339 ], [ 129.422497, 36.4529309 ], [ 129.4226176, 36.4530521 ] ] ] } },
{ "type": "Feature", "properties": { "natural": "wood", "name": null }, "geometry": { "type": "Polygon", "coordinates": [ [ [ 129.4299996, 36.4443971 ], [ 129.4300499, 36.4445871 ], [ 129.4300499, 36.4448095 ], [ 129.4301202, 36.4450237 ], [ 129.4303263, 36.4451127 ], [ 129.4309343, 36.4450682 ], [ 129.4311856, 36.4451409 ], [ 129.4315072, 36.4452865 ], [ 129.4318489, 36.4453552 ], [ 129.4323195, 36.4456179 ], [ 129.4323685, 36.445327 ], [ 129.432702799999987, 36.4449063 ], [ 129.4326561, 36.444634 ], [ 129.4328143, 36.4446372 ], [ 129.433140900000012, 36.4445147 ], [ 129.4338684, 36.4445977 ], [ 129.4340406, 36.4444779 ], [ 129.434123, 36.4443781 ], [ 129.4342059, 36.4442487 ], [ 129.434269300000011, 36.4440795 ], [ 129.434301299999987, 36.4439188 ], [ 129.4343678, 36.4435145 ], [ 129.4344096, 36.4433991 ], [ 129.4348186, 36.4426753 ], [ 129.4348484, 36.4425313 ], [ 129.4348397, 36.4424476 ], [ 129.434625, 36.4420786 ], [ 129.434512399999988, 36.4419671 ], [ 129.434366899999986, 36.4418834 ], [ 129.4342527, 36.4418493 ], [ 129.4340641, 36.4418451 ], [ 129.4332506, 36.442074 ], [ 129.432582599999989, 36.4423193 ], [ 129.4324268, 36.4424729 ], [ 129.4319745, 36.4425902 ], [ 129.4318941, 36.4424204 ], [ 129.431622800000014, 36.4422061 ], [ 129.43144190000001, 36.4421414 ], [ 129.430763500000012, 36.4419231 ], [ 129.4304519, 36.4417372 ], [ 129.4302006, 36.4416725 ], [ 129.4296881, 36.4416199 ], [ 129.4295273, 36.4415027 ], [ 129.4294117, 36.4413572 ], [ 129.429245900000012, 36.4413572 ], [ 129.4289996, 36.4414946 ], [ 129.428874, 36.4417008 ], [ 129.4289142, 36.4419231 ], [ 129.429245900000012, 36.4422384 ], [ 129.42960260000001, 36.442287 ], [ 129.429668, 36.442485 ], [ 129.42960260000001, 36.4427033 ], [ 129.4293815, 36.442954 ], [ 129.429065, 36.442958 ], [ 129.4288991, 36.4427842 ], [ 129.4287634, 36.4426063 ], [ 129.4285122, 36.4423759 ], [ 129.4283916, 36.442485 ], [ 129.428296100000011, 36.4426912 ], [ 129.4281604, 36.4430833 ], [ 129.4281202, 36.4432531 ], [ 129.427909199999988, 36.4432733 ], [ 129.427507100000014, 36.4431763 ], [ 129.4270348, 36.4432572 ], [ 129.426818700000013, 36.4434876 ], [ 129.426587500000011, 36.4434755 ], [ 129.4262358, 36.4435321 ], [ 129.426281, 36.4436897 ], [ 129.426276, 36.4438352 ], [ 129.425938699999989, 36.4438373 ], [ 129.4258158, 36.4440256 ], [ 129.4258295, 36.4442488 ], [ 129.4258259, 36.4444213 ], [ 129.4259506, 36.4447494 ], [ 129.4260433, 36.4448754 ], [ 129.4267979, 36.4450721 ], [ 129.4267707, 36.445676 ], [ 129.4273313, 36.4456018 ], [ 129.4274016, 36.4459818 ], [ 129.4274217, 36.4462971 ], [ 129.4273715, 36.4468064 ], [ 129.4276529, 36.4469923 ], [ 129.4277634, 36.4472672 ], [ 129.4276227, 36.4478897 ], [ 129.4278237, 36.4482131 ], [ 129.4279041, 36.4484233 ], [ 129.4277634, 36.448682 ], [ 129.4272911, 36.4488114 ], [ 129.426858900000013, 36.4486416 ], [ 129.4264971, 36.4484556 ], [ 129.4262559, 36.4486416 ], [ 129.4257433, 36.4491671 ], [ 129.425281, 36.449539 ], [ 129.4254518, 36.4497168 ], [ 129.4261654, 36.4497168 ], [ 129.426607600000011, 36.44983 ], [ 129.426748300000014, 36.4500159 ], [ 129.42652720000001, 36.4502827 ], [ 129.426075, 36.4505172 ], [ 129.425441799999987, 36.4507435 ], [ 129.425110100000012, 36.4506223 ], [ 129.424879, 36.4504525 ], [ 129.4243563, 36.4502342 ], [ 129.4240347, 36.4501372 ], [ 129.4238739, 36.4501372 ], [ 129.4239091, 36.4502793 ], [ 129.4241553, 36.4503439 ], [ 129.4243764, 36.4505258 ], [ 129.4246076, 36.4506431 ], [ 129.424743299999989, 36.4508533 ], [ 129.425049800000011, 36.4513464 ], [ 129.425311099999988, 36.4515808 ], [ 129.4253363, 36.4518476 ], [ 129.425441799999987, 36.4520578 ], [ 129.425688, 36.4520699 ], [ 129.42593930000001, 36.4519406 ], [ 129.4264669, 36.4518112 ], [ 129.4267534, 36.4517385 ], [ 129.4270348, 36.4517061 ], [ 129.4272157, 36.4517223 ], [ 129.4275323, 36.4515525 ], [ 129.427718199999987, 36.4515566 ], [ 129.4280549, 36.4515444 ], [ 129.4281906, 36.4513747 ], [ 129.4283916, 36.4511928 ], [ 129.428507200000013, 36.4510513 ], [ 129.4284619, 36.4508452 ], [ 129.4285624, 36.4504733 ], [ 129.4287232, 36.4503763 ], [ 129.42901470000001, 36.4501621 ], [ 129.429185600000011, 36.4500004 ], [ 129.429195600000014, 36.4498104 ], [ 129.4290449, 36.4493657 ], [ 129.4289795, 36.4491758 ], [ 129.4291202, 36.449099 ], [ 129.429356399999989, 36.4491313 ], [ 129.4295172, 36.4490141 ], [ 129.4295323, 36.4488888 ], [ 129.4293011, 36.4486907 ], [ 129.4289393, 36.4485816 ], [ 129.4289494, 36.4484805 ], [ 129.4292207, 36.4483431 ], [ 129.4294368, 36.4480965 ], [ 129.4295624, 36.448048 ], [ 129.4295976, 36.4478903 ], [ 129.429663, 36.447765 ], [ 129.4296831, 36.4476761 ], [ 129.4294418, 36.447664 ], [ 129.4291906, 36.4476357 ], [ 129.4288539, 36.4476357 ], [ 129.4285926, 36.4477569 ], [ 129.4283514, 36.4477327 ], [ 129.4281504, 36.4476397 ], [ 129.4281403, 36.4474861 ], [ 129.428225700000013, 36.4473163 ], [ 129.4285323, 36.4472153 ], [ 129.429165500000011, 36.4471021 ], [ 129.4295624, 36.4470495 ], [ 129.4298087, 36.4469323 ], [ 129.4300097, 36.4467989 ], [ 129.4300398, 36.4466776 ], [ 129.429914200000013, 36.4463664 ], [ 129.430125299999986, 36.4463664 ], [ 129.4305876, 36.4464028 ], [ 129.4307785, 36.4463421 ], [ 129.4307785, 36.4462855 ], [ 129.4304821, 36.4462734 ], [ 129.4301755, 36.446233 ], [ 129.430034799999987, 36.4460632 ], [ 129.429793600000011, 36.4460753 ], [ 129.4294619, 36.4461481 ], [ 129.42901470000001, 36.4463583 ], [ 129.4287735, 36.4464998 ], [ 129.428527300000013, 36.4466372 ], [ 129.428265900000014, 36.4467302 ], [ 129.4281705, 36.4466211 ], [ 129.4279393, 36.4465564 ], [ 129.4278338, 36.4463947 ], [ 129.427788600000014, 36.4458813 ], [ 129.4278589, 36.4457439 ], [ 129.428085, 36.44557 ], [ 129.4284217, 36.445283 ], [ 129.428673, 36.4451981 ], [ 129.4287534, 36.4451213 ], [ 129.4287031, 36.4449192 ], [ 129.4287383, 36.4447569 ], [ 129.4288941, 36.4446761 ], [ 129.429115200000012, 36.4447327 ], [ 129.429336299999989, 36.4448378 ], [ 129.4295725, 36.4450884 ], [ 129.4295675, 36.4453188 ], [ 129.4295373, 36.4455331 ], [ 129.429673, 36.4456665 ], [ 129.429974499999986, 36.4456948 ], [ 129.4302006, 36.4456382 ], [ 129.4303564, 36.4455048 ], [ 129.4303414, 36.4453956 ], [ 129.4301554, 36.4453875 ], [ 129.4299996, 36.4453229 ], [ 129.4298991, 36.4451248 ], [ 129.4297584, 36.4446397 ], [ 129.4297886, 36.4444295 ], [ 129.4299996, 36.4443971 ] ], [ [ 129.4298827, 36.4430369 ], [ 129.4302104, 36.443177 ], [ 129.4304827, 36.4428562 ], [ 129.430845, 36.4429773 ], [ 129.430660499999988, 36.4435181 ], [ 129.431689, 36.4438224 ], [ 129.4312086, 36.4439332 ], [ 129.430959, 36.443936 ], [ 129.430941600000011, 36.4440689 ], [ 129.43062470000001, 36.4443231 ], [ 129.4304476, 36.4441723 ], [ 129.430457100000012, 36.4439954 ], [ 129.430214299999989, 36.4439859 ], [ 129.4302414, 36.4435641 ], [ 129.4304328, 36.4433537 ], [ 129.4300873, 36.4432297 ], [ 129.4298024, 36.4434364 ], [ 129.4296156, 36.4437707 ], [ 129.4294195, 36.4437369 ], [ 129.429247299999986, 36.4434665 ], [ 129.4298827, 36.4430369 ] ] ] } },
{ "type": "Feature", "properties": { "natural": "wood", "name": null }, "geometry": { "type": "Polygon", "coordinates": [ [ [ 129.413025299999987, 36.4567453 ], [ 129.4131523, 36.4568103 ], [ 129.4131984, 36.4569264 ], [ 129.413215799999989, 36.4570564 ], [ 129.4135217, 36.4572235 ], [ 129.4137526, 36.457335 ], [ 129.4139777, 36.4574557 ], [ 129.414029699999986, 36.4575578 ], [ 129.414116299999989, 36.457646 ], [ 129.414456800000011, 36.4575392 ], [ 129.414722399999988, 36.4573675 ], [ 129.4147686, 36.4572189 ], [ 129.414832, 36.4566385 ], [ 129.4147801, 36.4564668 ], [ 129.4146762, 36.4563368 ], [ 129.414456800000011, 36.4565643 ], [ 129.4142029, 36.4568196 ], [ 129.4138796, 36.4569125 ], [ 129.413435099999987, 36.4568196 ], [ 129.4133081, 36.4566153 ], [ 129.4133601, 36.4564343 ], [ 129.4136891, 36.4560535 ], [ 129.4138046, 36.4555103 ], [ 129.4140989, 36.4553943 ], [ 129.4143991, 36.4552875 ], [ 129.4144222, 36.4550275 ], [ 129.414439499999986, 36.4548278 ], [ 129.4145146, 36.4546978 ], [ 129.4149186, 36.4547257 ], [ 129.4151899, 36.4548046 ], [ 129.415744100000012, 36.4546003 ], [ 129.4160039, 36.4544053 ], [ 129.4162694, 36.4539967 ], [ 129.4162752, 36.453746 ], [ 129.416344400000014, 36.4535139 ], [ 129.415975, 36.4531842 ], [ 129.4158249, 36.4531656 ], [ 129.4155017, 36.4532678 ], [ 129.4151149, 36.453421 ], [ 129.4149071, 36.4533699 ], [ 129.4148782, 36.4531749 ], [ 129.415328499999987, 36.4526874 ], [ 129.4155709, 36.4525342 ], [ 129.415934600000014, 36.4524274 ], [ 129.416136599999987, 36.452302 ], [ 129.416136599999987, 36.4521024 ], [ 129.4160904, 36.451912 ], [ 129.4160904, 36.4517727 ], [ 129.41596340000001, 36.4515916 ], [ 129.4158826, 36.4514291 ], [ 129.415726799999987, 36.4513595 ], [ 129.415438200000011, 36.4514616 ], [ 129.4152073, 36.4515406 ], [ 129.4149129, 36.4516241 ], [ 129.4148667, 36.4517913 ], [ 129.4143991, 36.4521256 ], [ 129.414341400000012, 36.4523113 ], [ 129.4140932, 36.4524181 ], [ 129.4136545, 36.4525388 ], [ 129.4133716, 36.452576 ], [ 129.413083, 36.4524738 ], [ 129.412846300000012, 36.4525063 ], [ 129.412638500000014, 36.4526456 ], [ 129.412576699999988, 36.4528504 ], [ 129.4125866, 36.4530356 ], [ 129.4124653, 36.4531889 ], [ 129.412332600000013, 36.4534721 ], [ 129.4123672, 36.4536485 ], [ 129.4122114, 36.4537182 ], [ 129.4117092, 36.4538296 ], [ 129.4113744, 36.4539364 ], [ 129.4111435, 36.4541778 ], [ 129.4110569, 36.4543589 ], [ 129.4110915, 36.4545585 ], [ 129.4111954, 36.4548557 ], [ 129.4110915, 36.4550089 ], [ 129.41108, 36.4551343 ], [ 129.411155, 36.4553385 ], [ 129.4112878, 36.4555568 ], [ 129.4113974, 36.4556775 ], [ 129.4116572, 36.4557982 ], [ 129.4117957, 36.4559607 ], [ 129.4119054, 36.45597 ], [ 129.4118592, 36.4557843 ], [ 129.4116918, 36.4556357 ], [ 129.411651400000011, 36.4551853 ], [ 129.411432100000013, 36.4551343 ], [ 129.4112705, 36.4552085 ], [ 129.4112185, 36.4550971 ], [ 129.4113859, 36.4548046 ], [ 129.41175530000001, 36.4548696 ], [ 129.4119227, 36.4549857 ], [ 129.4120786, 36.4552271 ], [ 129.4122691, 36.4556218 ], [ 129.412534599999987, 36.4556264 ], [ 129.412742400000013, 36.4556821 ], [ 129.412742400000013, 36.4558353 ], [ 129.4125058, 36.45597 ], [ 129.4123095, 36.4561046 ], [ 129.4120151, 36.456541 ], [ 129.411992, 36.4567175 ], [ 129.412067, 36.4568939 ], [ 129.4122691, 36.4570007 ], [ 129.4124653, 36.4569589 ], [ 129.4128117, 36.4567268 ], [ 129.413025299999987, 36.4567453 ] ] ] } },
{ "type": "Feature", "properties": { "natural": "wood", "name": null }, "geometry": { "type": "Polygon", "coordinates": [ [ [ 129.4207452, 36.4493388 ], [ 129.420830599999988, 36.4494722 ], [ 129.4210718, 36.4496177 ], [ 129.421303, 36.4496743 ], [ 129.421780399999989, 36.4496419 ], [ 129.421916, 36.4495692 ], [ 129.42217740000001, 36.4494237 ], [ 129.4224035, 36.449072 ], [ 129.4225743, 36.4488941 ], [ 129.4227553, 36.4488658 ], [ 129.4229512, 36.4488941 ], [ 129.4230618, 36.4492337 ], [ 129.4229512, 36.4494075 ], [ 129.4228357, 36.4496217 ], [ 129.4227904, 36.4497996 ], [ 129.4229311, 36.4499572 ], [ 129.423117100000013, 36.4499653 ], [ 129.4235995, 36.4499047 ], [ 129.4239864, 36.4498926 ], [ 129.4242678, 36.4498319 ], [ 129.4249003, 36.4495193 ], [ 129.4252643, 36.449217 ], [ 129.4255694, 36.448975 ], [ 129.425891, 36.4486273 ], [ 129.426298, 36.4483242 ], [ 129.4265593, 36.4481463 ], [ 129.426740200000012, 36.4479968 ], [ 129.427092, 36.4476936 ], [ 129.4273433, 36.44754 ], [ 129.427323199999989, 36.4474713 ], [ 129.427021700000012, 36.4474268 ], [ 129.426961299999988, 36.4473298 ], [ 129.427122200000014, 36.4471721 ], [ 129.4271272, 36.4470428 ], [ 129.426880899999986, 36.446877 ], [ 129.426780400000013, 36.4469539 ], [ 129.4265493, 36.4469336 ], [ 129.426212600000014, 36.4469781 ], [ 129.4258608, 36.4471519 ], [ 129.425373400000012, 36.447257 ], [ 129.4251724, 36.447253 ], [ 129.4250317, 36.4471519 ], [ 129.4250367, 36.4469579 ], [ 129.4251271, 36.446489 ], [ 129.4253583, 36.4463394 ], [ 129.4254287, 36.4462788 ], [ 129.4255292, 36.4462505 ], [ 129.4257704, 36.4463071 ], [ 129.4259312, 36.4462707 ], [ 129.4259017, 36.4460729 ], [ 129.4257848, 36.4459868 ], [ 129.4257905, 36.4457492 ], [ 129.4258608, 36.4456643 ], [ 129.4267707, 36.445676 ], [ 129.4267979, 36.4450721 ], [ 129.4260433, 36.4448754 ], [ 129.4258613, 36.4449492 ], [ 129.4256765, 36.4450661 ], [ 129.425263199999989, 36.4452016 ], [ 129.4250845, 36.4453081 ], [ 129.424634200000014, 36.445437 ], [ 129.42468310000001, 36.4455682 ], [ 129.4245235, 36.4456989 ], [ 129.4242094, 36.4456828 ], [ 129.4243329, 36.4459591 ], [ 129.424578200000013, 36.4461434 ], [ 129.4245895, 36.4463394 ], [ 129.424293, 36.4464203 ], [ 129.423644700000011, 36.4466143 ], [ 129.4233834, 36.4467477 ], [ 129.4232678, 36.4468407 ], [ 129.423016600000011, 36.4468568 ], [ 129.4228558, 36.4467679 ], [ 129.422901, 36.4466183 ], [ 129.4232226, 36.4464971 ], [ 129.4234588, 36.4464324 ], [ 129.4237301, 36.4462747 ], [ 129.423815600000012, 36.445915 ], [ 129.423825599999986, 36.4457088 ], [ 129.423845699999987, 36.4454986 ], [ 129.4236799, 36.4454097 ], [ 129.42249480000001, 36.4455901 ], [ 129.4225214, 36.4457659 ], [ 129.422374, 36.4459335 ], [ 129.4218407, 36.4460362 ], [ 129.4218206, 36.4464405 ], [ 129.4218557, 36.4470185 ], [ 129.4219512, 36.4471681 ], [ 129.4222929, 36.4473419 ], [ 129.4225291, 36.447447 ], [ 129.4227251, 36.4477542 ], [ 129.4225241, 36.4478917 ], [ 129.422167300000012, 36.4478917 ], [ 129.4218306, 36.4479523 ], [ 129.4217301, 36.4481342 ], [ 129.4218407, 36.448304 ], [ 129.421911, 36.4484576 ], [ 129.4218859, 36.4486112 ], [ 129.4216045, 36.4487971 ], [ 129.42143870000001, 36.4490962 ], [ 129.4211472, 36.4491286 ], [ 129.420916, 36.4489952 ], [ 129.420820600000013, 36.4490599 ], [ 129.4207452, 36.4493388 ] ] ] } },
{ "type": "Feature", "properties": { "natural": "wood", "name": null }, "geometry": { "type": "MultiPolygon", "coordinates": [ [ [ [ 129.419643799999989, 36.4547557 ], [ 129.4194118, 36.454585 ], [ 129.4189874, 36.454425 ], [ 129.4187155, 36.4539983 ], [ 129.4185895, 36.453769 ], [ 129.4189012, 36.453737 ], [ 129.419199600000013, 36.4538703 ], [ 129.4193852, 36.4537583 ], [ 129.4194202, 36.4537662 ], [ 129.419834900000012, 36.4537171 ], [ 129.4189402, 36.4529733 ], [ 129.418781200000012, 36.452518 ], [ 129.4185564, 36.452441 ], [ 129.418079, 36.4521156 ], [ 129.417813700000011, 36.4519343 ], [ 129.418085600000012, 36.4517689 ], [ 129.41851, 36.4518383 ], [ 129.418841500000013, 36.451961 ], [ 129.4190869, 36.4520303 ], [ 129.4193189, 36.4519556 ], [ 129.4193654, 36.4517423 ], [ 129.419193, 36.4516409 ], [ 129.4189874, 36.4515183 ], [ 129.4190007, 36.4513156 ], [ 129.418980800000014, 36.4510916 ], [ 129.41912, 36.4505369 ], [ 129.4190736, 36.4503235 ], [ 129.4189542, 36.4501049 ], [ 129.4191664, 36.4499982 ], [ 129.4193919, 36.4499769 ], [ 129.4195709, 36.4501689 ], [ 129.4196704, 36.4504409 ], [ 129.419776500000012, 36.4506862 ], [ 129.4200682, 36.4508462 ], [ 129.4205125, 36.4507982 ], [ 129.4208241, 36.4508302 ], [ 129.4210894, 36.4509102 ], [ 129.4215137, 36.4507822 ], [ 129.421692799999988, 36.4505529 ], [ 129.4218453, 36.4503609 ], [ 129.42203760000001, 36.4503982 ], [ 129.4220641, 36.4505796 ], [ 129.421951400000012, 36.4508356 ], [ 129.4220177, 36.4509742 ], [ 129.4223426, 36.4509529 ], [ 129.422515, 36.4508196 ], [ 129.4227205, 36.4507982 ], [ 129.422800099999989, 36.4507022 ], [ 129.422660900000011, 36.4506062 ], [ 129.422389, 36.4505582 ], [ 129.4222829, 36.4503929 ], [ 129.4222829, 36.4501689 ], [ 129.42203090000001, 36.4500515 ], [ 129.421653, 36.4500729 ], [ 129.421374500000013, 36.4500355 ], [ 129.4212087, 36.4499769 ], [ 129.420791, 36.4499609 ], [ 129.4204992, 36.4501209 ], [ 129.419955499999986, 36.4501049 ], [ 129.4198494, 36.4499502 ], [ 129.420041700000013, 36.4497475 ], [ 129.420413, 36.4496195 ], [ 129.4204263, 36.4494915 ], [ 129.4204594, 36.4492248 ], [ 129.4204661, 36.4489261 ], [ 129.4202539, 36.4488248 ], [ 129.4199223, 36.4492195 ], [ 129.4198096, 36.4494008 ], [ 129.4195576, 36.4495182 ], [ 129.4192394, 36.4496088 ], [ 129.4187354, 36.4496088 ], [ 129.41851, 36.4495342 ], [ 129.418304400000011, 36.4491128 ], [ 129.418052499999988, 36.4489635 ], [ 129.417641300000014, 36.4491181 ], [ 129.4174888, 36.4493368 ], [ 129.417396, 36.4495342 ], [ 129.4176281, 36.4496142 ], [ 129.4178535, 36.4498542 ], [ 129.417727500000012, 36.4499875 ], [ 129.4174557, 36.4500995 ], [ 129.4174093, 36.4502382 ], [ 129.4175286, 36.4504196 ], [ 129.418138699999986, 36.4508196 ], [ 129.4181519, 36.4510009 ], [ 129.4179265, 36.4511556 ], [ 129.4174491, 36.4512623 ], [ 129.4171374, 36.4512516 ], [ 129.416885400000012, 36.4512783 ], [ 129.416912, 36.4514436 ], [ 129.416938499999986, 36.4518276 ], [ 129.4169517, 36.4520463 ], [ 129.417343, 36.452217 ], [ 129.417555099999987, 36.452409 ], [ 129.4175419, 36.452969 ], [ 129.4174424, 36.4531397 ], [ 129.4176148, 36.4536197 ], [ 129.417913199999987, 36.4537637 ], [ 129.4184636, 36.4542917 ], [ 129.4187354, 36.454601 ], [ 129.418927700000012, 36.4548997 ], [ 129.4191184, 36.4549929 ], [ 129.4193501, 36.4553806 ], [ 129.4195399, 36.4553536 ], [ 129.4197168, 36.454921 ], [ 129.419643799999989, 36.4547557 ] ] ], [ [ [ 129.4170181, 36.4549903 ], [ 129.416799200000014, 36.454729 ], [ 129.416142799999989, 36.4549797 ], [ 129.4158112, 36.4551557 ], [ 129.415466400000014, 36.455065 ], [ 129.415241, 36.4551877 ], [ 129.4153935, 36.4554223 ], [ 129.4157052, 36.4559983 ], [ 129.4158577, 36.4561636 ], [ 129.4164213, 36.4563343 ], [ 129.4165672, 36.456537 ], [ 129.417024700000013, 36.4569956 ], [ 129.4174955, 36.4573049 ], [ 129.417813700000011, 36.4574009 ], [ 129.4180259, 36.4572783 ], [ 129.418185099999988, 36.4571396 ], [ 129.4182845, 36.4568836 ], [ 129.41852990000001, 36.4566436 ], [ 129.4189145, 36.4563343 ], [ 129.4190432, 36.4561222 ], [ 129.4187604, 36.4559286 ], [ 129.4188251, 36.455708 ], [ 129.4185632, 36.4556411 ], [ 129.4180333, 36.4557947 ], [ 129.417660500000011, 36.4555965 ], [ 129.417756, 36.4554974 ], [ 129.4171952, 36.4552545 ], [ 129.41727, 36.4551343 ], [ 129.4170181, 36.4549903 ] ] ] ] } },
{ "type": "Feature", "properties": { "natural": "wood", "name": null }, "geometry": { "type": "Polygon", "coordinates": [ [ [ 129.4426755, 36.4993224 ], [ 129.443122499999987, 36.5015007 ], [ 129.44320110000001, 36.5018297 ], [ 129.443553799999989, 36.502513 ], [ 129.4438554, 36.5039644 ], [ 129.443986200000012, 36.5041087 ], [ 129.4441583, 36.5042208 ], [ 129.4443236, 36.5041901 ], [ 129.4443047, 36.5047561 ], [ 129.4443678, 36.5050918 ], [ 129.4450407, 36.5051983 ], [ 129.445949500000012, 36.5040148 ], [ 129.4462494, 36.5027842 ], [ 129.446171600000014, 36.502246 ], [ 129.446053299999988, 36.5017707 ], [ 129.445703400000014, 36.5012601 ], [ 129.4457678, 36.5007599 ], [ 129.445675599999987, 36.50033 ], [ 129.4457989, 36.4991709 ], [ 129.4458548, 36.4978999 ], [ 129.4458656, 36.4974985 ], [ 129.4457989, 36.4962086 ], [ 129.445379800000012, 36.4954755 ], [ 129.444926400000014, 36.4949085 ], [ 129.444879899999989, 36.4945788 ], [ 129.444781799999987, 36.4942679 ], [ 129.444574, 36.4941287 ], [ 129.444372, 36.494022 ], [ 129.4441584, 36.4938827 ], [ 129.4437312, 36.4939988 ], [ 129.4434022, 36.4939802 ], [ 129.443078899999989, 36.4939152 ], [ 129.442698, 36.4941333 ], [ 129.4425075, 36.4942818 ], [ 129.44220150000001, 36.4946995 ], [ 129.4419418, 36.4950846 ], [ 129.4418436, 36.4953492 ], [ 129.4419014, 36.4955626 ], [ 129.4421265, 36.4955673 ], [ 129.4425594, 36.4954791 ], [ 129.442698, 36.4956229 ], [ 129.4427557, 36.4961752 ], [ 129.442778800000013, 36.4964861 ], [ 129.4428307, 36.4967227 ], [ 129.442876899999987, 36.4971496 ], [ 129.4427153, 36.4978364 ], [ 129.4426575, 36.4981102 ], [ 129.442848, 36.4985696 ], [ 129.442605, 36.4983623 ], [ 129.4426755, 36.4993224 ] ] ] } },
{ "type": "Feature", "properties": { "natural": "wood", "name": null }, "geometry": { "type": "Polygon", "coordinates": [ [ [ 129.428095, 36.5630314 ], [ 129.428234300000014, 36.56301 ], [ 129.428347, 36.5631059 ], [ 129.4284929, 36.5631965 ], [ 129.4286785, 36.5631325 ], [ 129.4287117, 36.5629781 ], [ 129.4286189, 36.5628662 ], [ 129.428366899999986, 36.5627438 ], [ 129.428141399999987, 36.5626958 ], [ 129.427916, 36.5626159 ], [ 129.427916, 36.5624242 ], [ 129.4281348, 36.5619768 ], [ 129.4284199, 36.561833 ], [ 129.429248800000011, 36.561604 ], [ 129.429560400000014, 36.561604 ], [ 129.4298853, 36.5615401 ], [ 129.4299119, 36.5613058 ], [ 129.430276600000013, 36.5605921 ], [ 129.430356100000012, 36.5603684 ], [ 129.430674399999987, 36.5604642 ], [ 129.4307938, 36.5607305 ], [ 129.430933, 36.5607732 ], [ 129.4311916, 36.5602938 ], [ 129.43129110000001, 36.5600808 ], [ 129.4316624, 36.5597133 ], [ 129.4319674, 36.559644 ], [ 129.4321464, 36.5595854 ], [ 129.432093400000014, 36.5593564 ], [ 129.432053599999989, 36.5590741 ], [ 129.431974, 36.558712 ], [ 129.431655799999987, 36.5585628 ], [ 129.43129110000001, 36.5584989 ], [ 129.4311386, 36.5582805 ], [ 129.430674399999987, 36.557913 ], [ 129.430455599999988, 36.5577852 ], [ 129.430362800000012, 36.5574603 ], [ 129.429872100000011, 36.5570608 ], [ 129.429646600000012, 36.5568904 ], [ 129.4294013, 36.5568478 ], [ 129.429083, 36.5568851 ], [ 129.4288708, 36.556656 ], [ 129.428671900000012, 36.5563578 ], [ 129.428366899999986, 36.556182 ], [ 129.4280221, 36.5562246 ], [ 129.427962400000013, 36.556443 ], [ 129.427743600000014, 36.5565602 ], [ 129.4274452, 36.5565815 ], [ 129.4273789, 36.5563471 ], [ 129.4272861, 36.556182 ], [ 129.427034099999986, 36.5561926 ], [ 129.4268882, 36.5559689 ], [ 129.426682699999986, 36.5558944 ], [ 129.4262649, 36.5557772 ], [ 129.4258671, 36.5557878 ], [ 129.4254427, 36.5559316 ], [ 129.4251907, 36.5560222 ], [ 129.4251841, 36.5562246 ], [ 129.4250648, 36.556411 ], [ 129.4248393, 36.5566081 ], [ 129.4249852, 36.556688 ], [ 129.4246934, 36.5568851 ], [ 129.4241762, 36.5570662 ], [ 129.423844699999989, 36.5569223 ], [ 129.4234667, 36.5567785 ], [ 129.423088799999988, 36.5567892 ], [ 129.4227838, 36.5569436 ], [ 129.422671, 36.557178 ], [ 129.4225252, 36.557455 ], [ 129.422366, 36.5577958 ], [ 129.4222599, 36.5580568 ], [ 129.422027899999989, 36.558648 ], [ 129.4219119, 36.5588952 ], [ 129.4219455, 36.5590524 ], [ 129.4220339, 36.5593026 ], [ 129.4220989, 36.559693 ], [ 129.422303199999988, 36.5601284 ], [ 129.4222997, 36.5603098 ], [ 129.421939900000012, 36.5607271 ], [ 129.421958, 36.5608886 ], [ 129.4223426, 36.5619664 ], [ 129.4224558, 36.5621963 ], [ 129.422575099999989, 36.562347 ], [ 129.422727900000012, 36.5624815 ], [ 129.4231617, 36.5627917 ], [ 129.4234195, 36.5630316 ], [ 129.424063499999988, 36.5630953 ], [ 129.424640399999987, 36.5632071 ], [ 129.4251841, 36.5635426 ], [ 129.4257941, 36.5637716 ], [ 129.4261124, 36.5638249 ], [ 129.4268683, 36.5637929 ], [ 129.427219799999989, 36.5636651 ], [ 129.4275845, 36.5636172 ], [ 129.4280221, 36.5636864 ], [ 129.4282475, 36.5637716 ], [ 129.428413299999988, 36.5637503 ], [ 129.4282873, 36.5636491 ], [ 129.4280685, 36.5635213 ], [ 129.4280354, 36.563303 ], [ 129.428095, 36.5630314 ] ] ] } },
{ "type": "Feature", "properties": { "natural": "wood", "name": null }, "geometry": { "type": "Polygon", "coordinates": [ [ [ 129.3915237, 36.3782378 ], [ 129.3903991, 36.3783704 ], [ 129.390536200000014, 36.3786025 ], [ 129.3909171, 36.3789659 ], [ 129.3911233, 36.3790505 ], [ 129.391363899999988, 36.3791104 ], [ 129.39143820000001, 36.3792244 ], [ 129.3911374, 36.3793013 ], [ 129.3910879, 36.3795379 ], [ 129.391194, 36.3799254 ], [ 129.39094990000001, 36.3799482 ], [ 129.3907977, 36.3797259 ], [ 129.3905641, 36.3797373 ], [ 129.3901146, 36.3796803 ], [ 129.389930600000014, 36.3796889 ], [ 129.3897677, 36.379743 ], [ 129.389636, 36.379779 ], [ 129.389517399999988, 36.3797835 ], [ 129.3891931, 36.3797453 ], [ 129.3884715, 36.3796719 ], [ 129.388595400000014, 36.37978 ], [ 129.3886333, 36.3800086 ], [ 129.388987, 36.3801099 ], [ 129.3891719, 36.380353 ], [ 129.389671, 36.3806358 ], [ 129.390706200000011, 36.3810873 ], [ 129.3911314, 36.3812311 ], [ 129.3911745, 36.3815635 ], [ 129.3912855, 36.3819902 ], [ 129.3914395, 36.3827046 ], [ 129.3923823, 36.3836471 ], [ 129.392203599999988, 36.384049 ], [ 129.39156890000001, 36.3840142 ], [ 129.391149899999988, 36.3836124 ], [ 129.3906754, 36.3828385 ], [ 129.390145499999988, 36.3825309 ], [ 129.389184199999988, 36.3817471 ], [ 129.388555599999989, 36.3812163 ], [ 129.3878067, 36.3812901 ], [ 129.387358400000011, 36.3821925 ], [ 129.385397, 36.3838467 ], [ 129.3846987, 36.3850066 ], [ 129.3846577, 36.3852443 ], [ 129.3848374, 36.3855211 ], [ 129.3841539, 36.3863277 ], [ 129.3842364, 36.3861267 ], [ 129.38386890000001, 36.3859879 ], [ 129.38385310000001, 36.3858305 ], [ 129.3836814, 36.3857114 ], [ 129.383357600000011, 36.3859355 ], [ 129.3826354, 36.3870739 ], [ 129.3833888, 36.3864829 ], [ 129.384644, 36.3867783 ], [ 129.384519, 36.3883555 ], [ 129.3847656, 36.3885409 ], [ 129.3849319, 36.3885343 ], [ 129.3851196, 36.389115 ], [ 129.3845876, 36.3893159 ], [ 129.3847078, 36.38952 ], [ 129.385256, 36.3893371 ], [ 129.385203, 36.3896213 ], [ 129.3852837, 36.3899707 ], [ 129.3856036, 36.3901752 ], [ 129.3855275, 36.3904502 ], [ 129.3856146, 36.3906331 ], [ 129.3856456, 36.3911148 ], [ 129.385786, 36.3918392 ], [ 129.385882900000013, 36.3919571 ], [ 129.3859242, 36.3923494 ], [ 129.38610220000001, 36.3927811 ], [ 129.386102599999987, 36.3929714 ], [ 129.3862044, 36.3932253 ], [ 129.3862222, 36.3933508 ], [ 129.386215600000014, 36.3934346 ], [ 129.3861599, 36.3935559 ], [ 129.3864309, 36.3937306 ], [ 129.3864432, 36.3938775 ], [ 129.3862992, 36.3939944 ], [ 129.3863627, 36.3941174 ], [ 129.386397100000011, 36.3943639 ], [ 129.3864759, 36.3947252 ], [ 129.386056200000013, 36.3949654 ], [ 129.3861018, 36.394779 ], [ 129.3859148, 36.3942106 ], [ 129.38580540000001, 36.3939633 ], [ 129.3856544, 36.3937813 ], [ 129.3856659, 36.3936711 ], [ 129.3855409, 36.3935202 ], [ 129.385605199999986, 36.3934366 ], [ 129.3855915, 36.393132 ], [ 129.3854196, 36.3928332 ], [ 129.3852546, 36.3927861 ], [ 129.3852512, 36.3926026 ], [ 129.385066599999988, 36.3923372 ], [ 129.3850903, 36.3921115 ], [ 129.38496090000001, 36.3919393 ], [ 129.3850134, 36.3916064 ], [ 129.384982900000011, 36.3913515 ], [ 129.3848567, 36.3911646 ], [ 129.3847331, 36.390618 ], [ 129.3845824, 36.3905007 ], [ 129.3847501, 36.390167 ], [ 129.3845383, 36.3897932 ], [ 129.384472, 36.3894178 ], [ 129.384275699999989, 36.3890148 ], [ 129.383850099999989, 36.38858 ], [ 129.383611, 36.3883891 ], [ 129.383398199999988, 36.388283 ], [ 129.383084599999989, 36.388383 ], [ 129.3826038, 36.3890701 ], [ 129.381957, 36.3892549 ], [ 129.382196599999986, 36.3896352 ], [ 129.38147, 36.3903951 ], [ 129.3813849, 36.3913579 ], [ 129.3821553, 36.3917625 ], [ 129.3816179, 36.3922569 ], [ 129.381278400000014, 36.3923774 ], [ 129.381596800000011, 36.3930691 ], [ 129.380223199999989, 36.3935882 ], [ 129.3800453, 36.3941094 ], [ 129.3808706, 36.3943591 ], [ 129.3800592, 36.3955484 ], [ 129.3794216, 36.3957052 ], [ 129.37922420000001, 36.3950911 ], [ 129.378336, 36.394809 ], [ 129.3778316, 36.3965081 ], [ 129.377663500000011, 36.3979215 ], [ 129.3778729, 36.3996676 ], [ 129.3790458, 36.3999664 ], [ 129.379438099999987, 36.4007632 ], [ 129.3783733, 36.4010038 ], [ 129.3781678, 36.4014699 ], [ 129.378541399999989, 36.4016202 ], [ 129.3793073, 36.4013045 ], [ 129.379793, 36.4014398 ], [ 129.3791952, 36.4021916 ], [ 129.3780931, 36.402372 ], [ 129.378485399999988, 36.4030035 ], [ 129.378392, 36.4037402 ], [ 129.3789979, 36.4044026 ], [ 129.3792128, 36.4036603 ], [ 129.3797415, 36.4035654 ], [ 129.3797183, 36.4054842 ], [ 129.3799611, 36.4065215 ], [ 129.3799424, 36.4073334 ], [ 129.3798864, 36.4096786 ], [ 129.3796504, 36.4112081 ], [ 129.3793267, 36.4117516 ], [ 129.3794715, 36.4119846 ], [ 129.3795275, 36.4124356 ], [ 129.3795182, 36.4126648 ], [ 129.3795695, 36.4127851 ], [ 129.3798171, 36.4127249 ], [ 129.379761, 36.4129655 ], [ 129.3794575, 36.4132285 ], [ 129.3790605, 36.4133601 ], [ 129.3790372, 36.4136081 ], [ 129.3789204, 36.4140516 ], [ 129.3789438, 36.41445 ], [ 129.3791072, 36.4145138 ], [ 129.3794902, 36.4144049 ], [ 129.379901100000012, 36.4143823 ], [ 129.3800506, 36.41445 ], [ 129.3801626, 36.4147018 ], [ 129.3803167, 36.4148483 ], [ 129.3808491, 36.4148521 ], [ 129.3813417, 36.4147491 ], [ 129.3815265, 36.4144419 ], [ 129.3815459, 36.4142393 ], [ 129.3816694, 36.4141723 ], [ 129.381639799999988, 36.4144623 ], [ 129.3816583, 36.4146193 ], [ 129.381712099999987, 36.4146664 ], [ 129.3820796, 36.4146159 ], [ 129.3823333, 36.4145426 ], [ 129.382641799999988, 36.4145889 ], [ 129.3832822, 36.4143323 ], [ 129.3837001, 36.4141105 ], [ 129.3840433, 36.4138077 ], [ 129.3846249, 36.4135755 ], [ 129.384760199999988, 36.4133563 ], [ 129.3848868, 36.4134021 ], [ 129.3846962, 36.4136376 ], [ 129.3841292, 36.4138765 ], [ 129.3837395, 36.4142594 ], [ 129.3837869, 36.4143043 ], [ 129.3835484, 36.4144575 ], [ 129.3829082, 36.4146704 ], [ 129.383098600000011, 36.4148144 ], [ 129.3841347, 36.4144649 ], [ 129.3843709, 36.4142585 ], [ 129.3855326, 36.4132827 ], [ 129.3860936, 36.4123206 ], [ 129.3851175, 36.4119412 ], [ 129.3850474, 36.4117121 ], [ 129.3850778, 36.4116407 ], [ 129.3851548, 36.4115956 ], [ 129.3852856, 36.4115524 ], [ 129.385393099999987, 36.4114923 ], [ 129.3854747, 36.4114189 ], [ 129.3859347, 36.4107143 ], [ 129.3861776, 36.4108007 ], [ 129.3867046, 36.4111102 ], [ 129.387438800000012, 36.4103945 ], [ 129.3870693, 36.4102202 ], [ 129.3872479, 36.4099217 ], [ 129.3874619, 36.4100227 ], [ 129.3876486, 36.4098706 ], [ 129.3884519, 36.409023 ], [ 129.388676, 36.4088276 ], [ 129.38862, 36.4086697 ], [ 129.3884612, 36.4084705 ], [ 129.3885079, 36.4083126 ], [ 129.3887087, 36.4080909 ], [ 129.3888722, 36.4079068 ], [ 129.389049699999987, 36.4075685 ], [ 129.388839499999989, 36.407249 ], [ 129.3890029, 36.4068844 ], [ 129.3890333, 36.4066063 ], [ 129.3889749, 36.4062154 ], [ 129.3890567, 36.4056648 ], [ 129.3890753, 36.4054825 ], [ 129.389143, 36.4052964 ], [ 129.389215400000012, 36.4047683 ], [ 129.3888232, 36.4044676 ], [ 129.388486, 36.4043999 ], [ 129.388062, 36.4044079 ], [ 129.387801, 36.4043536 ], [ 129.38794630000001, 36.4042467 ], [ 129.388294, 36.4041312 ], [ 129.3880766, 36.4038145 ], [ 129.3880853, 36.4035201 ], [ 129.3883462, 36.4036994 ], [ 129.3886905, 36.4041856 ], [ 129.3889548, 36.4042569 ], [ 129.389063099999987, 36.4043394 ], [ 129.389317, 36.4043765 ], [ 129.3895073, 36.4044808 ], [ 129.3897711, 36.4045579 ], [ 129.390189099999986, 36.4043587 ], [ 129.390287199999989, 36.4041858 ], [ 129.3905861, 36.4039602 ], [ 129.3908592, 36.4036915 ], [ 129.3911861, 36.4034866 ], [ 129.391366, 36.4035712 ], [ 129.391557400000011, 36.4033786 ], [ 129.3916835, 36.4031014 ], [ 129.3918587, 36.4028946 ], [ 129.392265, 36.4026748 ], [ 129.3924389, 36.4025112 ], [ 129.3929048, 36.4018873 ], [ 129.393044800000013, 36.4017463 ], [ 129.393315699999988, 36.4015415 ], [ 129.393417199999988, 36.4014335 ], [ 129.393880700000011, 36.4007635 ], [ 129.3940326, 36.4006074 ], [ 129.393906500000014, 36.4003425 ], [ 129.3939298, 36.4002382 ], [ 129.3938387, 36.4001045 ], [ 129.3940792, 36.4002114 ], [ 129.3943859, 36.4004682 ], [ 129.3980698, 36.3982751 ], [ 129.398016, 36.3980702 ], [ 129.398130400000014, 36.3979386 ], [ 129.3983079, 36.3980195 ], [ 129.3984312, 36.3979104 ], [ 129.3985899, 36.3978144 ], [ 129.39869250000001, 36.3976687 ], [ 129.39888160000001, 36.3975339 ], [ 129.3991665, 36.3975155 ], [ 129.3995377, 36.3966735 ], [ 129.400397, 36.3949594 ], [ 129.399911300000014, 36.3941174 ], [ 129.3987158, 36.393576 ], [ 129.39894, 36.3929295 ], [ 129.4003036, 36.3932152 ], [ 129.40095740000001, 36.3934558 ], [ 129.401891400000011, 36.3932001 ], [ 129.4024331, 36.3913205 ], [ 129.403516599999989, 36.3912904 ], [ 129.4044319, 36.3904484 ], [ 129.404656100000011, 36.389095 ], [ 129.4051417, 36.3883732 ], [ 129.405661, 36.3885917 ], [ 129.405942, 36.3885283 ], [ 129.4061539, 36.3885443 ], [ 129.4064984, 36.3884672 ], [ 129.4066922, 36.3882398 ], [ 129.406001, 36.385907 ], [ 129.405664800000011, 36.3842979 ], [ 129.405663299999986, 36.384119 ], [ 129.405430200000012, 36.3838284 ], [ 129.405221399999988, 36.3832472 ], [ 129.4052002, 36.3829566 ], [ 129.4052073, 36.3825776 ], [ 129.4054338, 36.3821502 ], [ 129.405313400000011, 36.3819678 ], [ 129.404871, 36.3817143 ], [ 129.404595, 36.3816174 ], [ 129.4044994, 36.3814806 ], [ 129.4045525, 36.3810674 ], [ 129.404641, 36.3806999 ], [ 129.4044145, 36.3803466 ], [ 129.4041844, 36.3801328 ], [ 129.4039615, 36.3801499 ], [ 129.4038234, 36.3804377 ], [ 129.403158100000013, 36.3806742 ], [ 129.40302, 36.3811102 ], [ 129.4028874, 36.3812147 ], [ 129.4023622, 36.3810168 ], [ 129.4023301, 36.3808788 ], [ 129.40202450000001, 36.380797 ], [ 129.4013649, 36.3811861 ], [ 129.401135900000014, 36.3812907 ], [ 129.4013038, 36.3813521 ], [ 129.4012694, 36.3816002 ], [ 129.4011214, 36.3815258 ], [ 129.4010022, 36.3813942 ], [ 129.4007803, 36.3814826 ], [ 129.4005833, 36.3816962 ], [ 129.400495400000011, 36.3817064 ], [ 129.4003989, 36.3816194 ], [ 129.4003241, 36.381496 ], [ 129.4006713, 36.3812372 ], [ 129.401028700000012, 36.3811662 ], [ 129.3915237, 36.3782378 ] ], [ [ 129.3976065, 36.3830105 ], [ 129.397483, 36.3830859 ], [ 129.3971529, 36.3830614 ], [ 129.3971221, 36.3832128 ], [ 129.3968343, 36.3832558 ], [ 129.396771699999988, 36.3825834 ], [ 129.3968135, 36.3824469 ], [ 129.3969808, 36.3824702 ], [ 129.397018, 36.3825656 ], [ 129.3975761, 36.3824808 ], [ 129.3977314, 36.3824799 ], [ 129.3976065, 36.3830105 ] ] ] } },
{ "type": "Feature", "properties": { "natural": "wood", "name": null }, "geometry": { "type": "Polygon", "coordinates": [ [ [ 129.3875198, 36.3665436 ], [ 129.386339600000014, 36.3660598 ], [ 129.385738800000013, 36.3662326 ], [ 129.385996299999988, 36.3671484 ], [ 129.3862967, 36.3678741 ], [ 129.3865757, 36.3687207 ], [ 129.387155, 36.3692909 ], [ 129.3880992, 36.369049 ], [ 129.388657099999989, 36.3694118 ], [ 129.390073300000012, 36.3700857 ], [ 129.390931599999988, 36.3701893 ], [ 129.39101740000001, 36.3707077 ], [ 129.3898587, 36.3704312 ], [ 129.3893866, 36.3703103 ], [ 129.388399600000014, 36.3701029 ], [ 129.38767, 36.3699993 ], [ 129.3875198, 36.3703448 ], [ 129.3874554, 36.371105 ], [ 129.387906, 36.3718307 ], [ 129.3885712, 36.3726946 ], [ 129.3890218, 36.3739731 ], [ 129.3887858, 36.3753207 ], [ 129.3894295, 36.3775148 ], [ 129.3893866, 36.3791041 ], [ 129.389882199999988, 36.3791648 ], [ 129.3901318, 36.3790862 ], [ 129.390373899999986, 36.3791969 ], [ 129.3903898, 36.3792737 ], [ 129.3905523, 36.3793145 ], [ 129.390744500000011, 36.3792868 ], [ 129.3908678, 36.3793832 ], [ 129.390987599999988, 36.3793953 ], [ 129.390994799999987, 36.379189 ], [ 129.390875599999987, 36.3791868 ], [ 129.3907573, 36.3790976 ], [ 129.3907565, 36.3789648 ], [ 129.3909171, 36.3789659 ], [ 129.390536200000014, 36.3786025 ], [ 129.3904737, 36.3786324 ], [ 129.3902745, 36.3786961 ], [ 129.3901617, 36.3786706 ], [ 129.390183400000012, 36.3784816 ], [ 129.3903991, 36.3783704 ], [ 129.3915237, 36.3782378 ], [ 129.401028700000012, 36.3811662 ], [ 129.401274699999988, 36.3811199 ], [ 129.4014616, 36.3809735 ], [ 129.4016983, 36.3807929 ], [ 129.401783599999987, 36.3808386 ], [ 129.401974700000011, 36.3807076 ], [ 129.4020625, 36.380542 ], [ 129.4019299, 36.3802268 ], [ 129.4018159, 36.3802082 ], [ 129.4014647, 36.3803992 ], [ 129.4012921, 36.3804228 ], [ 129.4013014, 36.3802405 ], [ 129.4010996, 36.3798721 ], [ 129.4003724, 36.3800649 ], [ 129.399959599999988, 36.3800178 ], [ 129.399975, 36.3797871 ], [ 129.400223, 36.3796519 ], [ 129.400695899999988, 36.3793649 ], [ 129.4009609, 36.3792731 ], [ 129.4012552, 36.3792086 ], [ 129.401418400000011, 36.3789183 ], [ 129.4011997, 36.3788799 ], [ 129.401276700000011, 36.3784867 ], [ 129.4014, 36.3783193 ], [ 129.4019288, 36.3780955 ], [ 129.402216, 36.3780936 ], [ 129.4024192, 36.3783681 ], [ 129.402638599999989, 36.3784189 ], [ 129.4025522, 36.3782309 ], [ 129.4023094, 36.3779489 ], [ 129.4021133, 36.3778304 ], [ 129.4019101, 36.3775861 ], [ 129.401816700000012, 36.3773924 ], [ 129.4015552, 36.3773041 ], [ 129.4013147, 36.3771461 ], [ 129.401256, 36.3771201 ], [ 129.400820900000014, 36.3768665 ], [ 129.4005842, 36.3765439 ], [ 129.4001611, 36.3758359 ], [ 129.3999066, 36.3754115 ], [ 129.400227199999989, 36.3753834 ], [ 129.4004558, 36.3752584 ], [ 129.4003036, 36.3749991 ], [ 129.4001988, 36.3750164 ], [ 129.3998148, 36.3747336 ], [ 129.399720699999989, 36.3744689 ], [ 129.3996477, 36.3744475 ], [ 129.3991029, 36.3746104 ], [ 129.399040899999989, 36.3747106 ], [ 129.399061499999988, 36.3747945 ], [ 129.398910699999988, 36.3749532 ], [ 129.39863, 36.374761 ], [ 129.3979235, 36.3746998 ], [ 129.397433, 36.3745764 ], [ 129.397432400000014, 36.3744083 ], [ 129.3981862, 36.3744126 ], [ 129.3982981, 36.3743452 ], [ 129.3985328, 36.3743935 ], [ 129.3988784, 36.3742804 ], [ 129.3989607, 36.3742155 ], [ 129.398971, 36.3740578 ], [ 129.3991302, 36.3738227 ], [ 129.3988032, 36.3740127 ], [ 129.398670399999986, 36.3738572 ], [ 129.3985525, 36.3738629 ], [ 129.3984661, 36.3739468 ], [ 129.3984168, 36.3740507 ], [ 129.398167199999989, 36.3740506 ], [ 129.3978822, 36.3738396 ], [ 129.3981148, 36.3737131 ], [ 129.3985275, 36.3735582 ], [ 129.398742700000014, 36.3737149 ], [ 129.3988807, 36.3737619 ], [ 129.3991447, 36.3735797 ], [ 129.3994329, 36.3736489 ], [ 129.399483800000013, 36.373518 ], [ 129.3991584, 36.3733504 ], [ 129.3989295, 36.373167 ], [ 129.398533500000013, 36.3726866 ], [ 129.398343899999986, 36.3723422 ], [ 129.398205100000013, 36.3718554 ], [ 129.398095399999988, 36.3710656 ], [ 129.397950900000012, 36.3709971 ], [ 129.3974627, 36.3710597 ], [ 129.3957595, 36.3696192 ], [ 129.3949871, 36.3684097 ], [ 129.3932919, 36.3680296 ], [ 129.391822100000013, 36.3668892 ], [ 129.3926812, 36.3664387 ], [ 129.3929482, 36.3663984 ], [ 129.3931866, 36.3663221 ], [ 129.393699700000013, 36.3654723 ], [ 129.393442099999987, 36.3640036 ], [ 129.3930451, 36.3630878 ], [ 129.3925194, 36.3622411 ], [ 129.391747, 36.3613772 ], [ 129.3914466, 36.3609665 ], [ 129.3911435, 36.3606902 ], [ 129.391173, 36.360483 ], [ 129.3901591, 36.3600683 ], [ 129.389643299999989, 36.3598574 ], [ 129.3890648, 36.3599775 ], [ 129.388888900000012, 36.3602898 ], [ 129.388551, 36.3602882 ], [ 129.388543199999987, 36.360139 ], [ 129.388295, 36.3601243 ], [ 129.388028600000013, 36.3603553 ], [ 129.3875367, 36.3604429 ], [ 129.3870479, 36.360667 ], [ 129.386935, 36.3608493 ], [ 129.385374, 36.3613426 ], [ 129.384794699999986, 36.3602195 ], [ 129.383646700000014, 36.3602972 ], [ 129.3826918, 36.360997 ], [ 129.38287, 36.3617809 ], [ 129.3826426, 36.3623787 ], [ 129.382939, 36.3628226 ], [ 129.3831432, 36.3628687 ], [ 129.3832995, 36.3630592 ], [ 129.383226, 36.3631128 ], [ 129.3836397, 36.3638643 ], [ 129.3837078, 36.3638431 ], [ 129.384013399999986, 36.3642898 ], [ 129.384424200000012, 36.3642367 ], [ 129.3845564, 36.3641381 ], [ 129.3850656, 36.3640658 ], [ 129.3848486, 36.3642556 ], [ 129.3848865, 36.3643898 ], [ 129.384603199999987, 36.3645862 ], [ 129.3846984, 36.3650651 ], [ 129.385614800000013, 36.3656618 ], [ 129.386725899999988, 36.3654205 ], [ 129.387927499999989, 36.3659043 ], [ 129.3875198, 36.3665436 ] ], [ [ 129.389089, 36.3615571 ], [ 129.389569099999989, 36.3614599 ], [ 129.3897945, 36.3613605 ], [ 129.389832, 36.3615592 ], [ 129.390089499999988, 36.3614339 ], [ 129.390183400000012, 36.3615052 ], [ 129.3901512, 36.3617234 ], [ 129.3903403, 36.3622188 ], [ 129.3905007, 36.3622942 ], [ 129.3905749, 36.3623472 ], [ 129.3906155, 36.3624346 ], [ 129.3906206, 36.362837 ], [ 129.3904523, 36.3629798 ], [ 129.3904646, 36.3640094 ], [ 129.3896442, 36.3640054 ], [ 129.389515100000011, 36.3640596 ], [ 129.389265, 36.3640596 ], [ 129.3891492, 36.3641496 ], [ 129.3888402, 36.3641562 ], [ 129.3887101, 36.3640367 ], [ 129.3886113, 36.3635989 ], [ 129.388558, 36.3633628 ], [ 129.388478600000013, 36.3621306 ], [ 129.3890381, 36.3619156 ], [ 129.389089, 36.3615571 ] ] ] } },
{ "type": "Feature", "properties": { "natural": "wood", "name": null }, "geometry": { "type": "MultiPolygon", "coordinates": [ [ [ [ 129.4089773, 36.4894775 ], [ 129.4091598, 36.4879091 ], [ 129.4086498, 36.4867016 ], [ 129.4084824, 36.4862438 ], [ 129.4083397, 36.4857906 ], [ 129.4082737, 36.4854411 ], [ 129.408264, 36.4851972 ], [ 129.4083209, 36.4846473 ], [ 129.408334200000013, 36.484374 ], [ 129.4083097, 36.4841486 ], [ 129.4080591, 36.484052 ], [ 129.40730210000001, 36.4841904 ], [ 129.4065445, 36.4841185 ], [ 129.406317300000012, 36.4841349 ], [ 129.405667599999987, 36.4843858 ], [ 129.4053465, 36.4842851 ], [ 129.4046252, 36.4843412 ], [ 129.4046373, 36.484243 ], [ 129.4051363, 36.4841298 ], [ 129.406022299999989, 36.4840373 ], [ 129.4066278, 36.4839611 ], [ 129.4069699, 36.4840465 ], [ 129.4075497, 36.4840018 ], [ 129.4080385, 36.4837981 ], [ 129.4082521, 36.4837274 ], [ 129.4080879, 36.4826346 ], [ 129.407656, 36.4805823 ], [ 129.407596, 36.4803392 ], [ 129.4073468, 36.4802129 ], [ 129.4073071, 36.4799379 ], [ 129.407482499999986, 36.4799874 ], [ 129.4075284, 36.4794771 ], [ 129.407560499999988, 36.478811 ], [ 129.4075334, 36.4783517 ], [ 129.4073967, 36.4782855 ], [ 129.407168899999988, 36.4778643 ], [ 129.407322599999986, 36.4777026 ], [ 129.407143, 36.477505 ], [ 129.4071897, 36.4771381 ], [ 129.4074407, 36.4767405 ], [ 129.407350799999989, 36.4764273 ], [ 129.407196, 36.4761007 ], [ 129.4069844, 36.4757055 ], [ 129.4055711, 36.4735643 ], [ 129.405184, 36.4735643 ], [ 129.404126600000012, 36.473821 ], [ 129.4037382, 36.4738361 ], [ 129.4030128, 36.4738317 ], [ 129.4029214, 36.4738576 ], [ 129.402837, 36.4739223 ], [ 129.4024369, 36.4740992 ], [ 129.4021562, 36.4741833 ], [ 129.4020059, 36.4742588 ], [ 129.4017025, 36.4743019 ], [ 129.4015824, 36.4743559 ], [ 129.401117, 36.474641 ], [ 129.4006498, 36.4747627 ], [ 129.400518799999986, 36.4748248 ], [ 129.400433600000014, 36.4748913 ], [ 129.4003797, 36.4750312 ], [ 129.4002227, 36.4749854 ], [ 129.4002064, 36.4748808 ], [ 129.4004329, 36.4746158 ], [ 129.4007565, 36.4745077 ], [ 129.4013227, 36.474263 ], [ 129.4017284, 36.4740172 ], [ 129.401918599999988, 36.4740561 ], [ 129.4021387, 36.4739806 ], [ 129.4022584, 36.4738404 ], [ 129.402526, 36.4737142 ], [ 129.4025579, 36.4736231 ], [ 129.4032149, 36.4735689 ], [ 129.4039213, 36.4736441 ], [ 129.404698599999989, 36.4735341 ], [ 129.4052481, 36.473134 ], [ 129.4042742, 36.4726865 ], [ 129.4022568, 36.4697123 ], [ 129.4012854, 36.4686457 ], [ 129.400071200000014, 36.4679697 ], [ 129.400089900000012, 36.4672637 ], [ 129.3986142, 36.4648751 ], [ 129.400164600000011, 36.4650553 ], [ 129.4012854, 36.4668881 ], [ 129.4022007, 36.4670383 ], [ 129.402873199999988, 36.4657314 ], [ 129.4019018, 36.463553 ], [ 129.4020796, 36.460858 ], [ 129.4010436, 36.4608394 ], [ 129.401231700000011, 36.4596569 ], [ 129.401575, 36.4571027 ], [ 129.401483, 36.4553049 ], [ 129.400576, 36.4541093 ], [ 129.400142100000011, 36.4531044 ], [ 129.3994978, 36.453017 ], [ 129.3993753, 36.4528961 ], [ 129.3994561, 36.4527701 ], [ 129.400086, 36.4528305 ], [ 129.4002178, 36.4521404 ], [ 129.400140099999987, 36.4513611 ], [ 129.4001025, 36.4510979 ], [ 129.4001082, 36.4504739 ], [ 129.399625500000013, 36.4498861 ], [ 129.398876699999988, 36.4488992 ], [ 129.3984391, 36.4487504 ], [ 129.3983354, 36.4486089 ], [ 129.3970046, 36.448148 ], [ 129.3966718, 36.4481605 ], [ 129.3962004, 36.4479182 ], [ 129.3961493, 36.4477631 ], [ 129.3961577, 36.4468602 ], [ 129.395728100000014, 36.4459157 ], [ 129.395122, 36.4453578 ], [ 129.3947843, 36.4449763 ], [ 129.39486740000001, 36.4448562 ], [ 129.3933821, 36.4434581 ], [ 129.3931839, 36.4432892 ], [ 129.392593, 36.4429373 ], [ 129.3920742, 36.4426324 ], [ 129.3920111, 36.4434199 ], [ 129.3921374, 36.4439134 ], [ 129.392110300000013, 36.4447081 ], [ 129.3921374, 36.4452742 ], [ 129.392344900000012, 36.4454846 ], [ 129.3923945, 36.44596 ], [ 129.3924486, 36.4462757 ], [ 129.3920381, 36.446468 ], [ 129.391799, 36.4464136 ], [ 129.3916998, 36.4467293 ], [ 129.3916637, 36.4470849 ], [ 129.3911675, 36.4473026 ], [ 129.39096, 36.4475638 ], [ 129.3908563, 36.447767 ], [ 129.3906758, 36.4477344 ], [ 129.3906172, 36.4475747 ], [ 129.3907525, 36.4472155 ], [ 129.3911991, 36.4466785 ], [ 129.391203600000011, 36.4460688 ], [ 129.390967, 36.4458319 ], [ 129.3903315, 36.4452661 ], [ 129.38975210000001, 36.4460342 ], [ 129.3891406, 36.4466815 ], [ 129.3890816, 36.447044 ], [ 129.3880355, 36.4480063 ], [ 129.386820699999987, 36.4496652 ], [ 129.386384600000014, 36.4501057 ], [ 129.3862201, 36.4504002 ], [ 129.3860398, 36.4505735 ], [ 129.3859138, 36.4507075 ], [ 129.3856978, 36.4510611 ], [ 129.3851526, 36.4518161 ], [ 129.3849803, 36.4520874 ], [ 129.3848398, 36.4524215 ], [ 129.386901200000011, 36.4580617 ], [ 129.3873749, 36.4583489 ], [ 129.387778200000014, 36.4582654 ], [ 129.3881041, 36.4580214 ], [ 129.3884861, 36.4577593 ], [ 129.388778300000013, 36.4576192 ], [ 129.3892951, 36.457583 ], [ 129.3897671, 36.4575605 ], [ 129.389800799999989, 36.4577051 ], [ 129.389688400000011, 36.45794 ], [ 129.3893232, 36.4581072 ], [ 129.388812, 36.4582518 ], [ 129.3883344, 36.4584325 ], [ 129.387952399999989, 36.4585771 ], [ 129.3876884, 36.4587353 ], [ 129.3874693, 36.4589025 ], [ 129.387418700000012, 36.4594266 ], [ 129.3873513, 36.4599734 ], [ 129.3873681, 36.4603077 ], [ 129.3874075, 36.460624 ], [ 129.3877221, 36.4608274 ], [ 129.3880816, 36.4606602 ], [ 129.3885816, 36.460615 ], [ 129.3886491, 36.4608003 ], [ 129.3881715, 36.4608906 ], [ 129.387587200000013, 36.4609945 ], [ 129.3873063, 36.4612069 ], [ 129.387120900000014, 36.461975 ], [ 129.386959499999989, 36.4625257 ], [ 129.38788120000001, 36.4627144 ], [ 129.387126, 36.4631174 ], [ 129.3877237, 36.4645145 ], [ 129.3887511, 36.4669482 ], [ 129.3887511, 36.4684654 ], [ 129.389274199999988, 36.4698324 ], [ 129.3907872, 36.4708089 ], [ 129.3936266, 36.4711694 ], [ 129.3946914, 36.4714548 ], [ 129.3957748, 36.4728968 ], [ 129.396241800000013, 36.4737831 ], [ 129.3970003, 36.4734825 ], [ 129.3973612, 36.47412 ], [ 129.3972909, 36.4762027 ], [ 129.3971541, 36.4767795 ], [ 129.3979936, 36.4777317 ], [ 129.398051900000013, 36.4781601 ], [ 129.3971752, 36.4782665 ], [ 129.396168, 36.4782492 ], [ 129.3959429, 36.4784996 ], [ 129.395289100000014, 36.4804672 ], [ 129.3947661, 36.4814285 ], [ 129.395065, 36.4822996 ], [ 129.3957188, 36.4831557 ], [ 129.3962938, 36.4822376 ], [ 129.397048899999987, 36.4819312 ], [ 129.3974524, 36.482396 ], [ 129.3969844, 36.4842042 ], [ 129.398855, 36.4834288 ], [ 129.3990143, 36.4844087 ], [ 129.3985231, 36.4853716 ], [ 129.396785599999987, 36.4863526 ], [ 129.3962128, 36.486108 ], [ 129.3960093, 36.4857332 ], [ 129.3949529, 36.4868053 ], [ 129.394205699999986, 36.4877214 ], [ 129.3917212, 36.488142 ], [ 129.3911982, 36.4890431 ], [ 129.390469700000011, 36.4896137 ], [ 129.3906191, 36.4900342 ], [ 129.3918333, 36.4904998 ], [ 129.392842, 36.4913408 ], [ 129.3925805, 36.4925873 ], [ 129.3929354, 36.4934282 ], [ 129.3915718, 36.4955306 ], [ 129.3909554, 36.4970323 ], [ 129.390395, 36.4985339 ], [ 129.3898532, 36.5008915 ], [ 129.39004, 36.5016873 ], [ 129.3896851, 36.5029937 ], [ 129.3900774, 36.5036844 ], [ 129.3910488, 36.5044802 ], [ 129.3911982, 36.5038045 ], [ 129.3909554, 36.5020927 ], [ 129.3929728, 36.5022129 ], [ 129.3939255, 36.5031739 ], [ 129.3944672, 36.5045853 ], [ 129.394929499999989, 36.5054074 ], [ 129.3952821, 36.5050113 ], [ 129.3972453, 36.5037153 ], [ 129.397854200000012, 36.503613 ], [ 129.39835260000001, 36.5046904 ], [ 129.4008931, 36.5037294 ], [ 129.4018458, 36.5028135 ], [ 129.4022941, 36.5032339 ], [ 129.4021447, 36.50433 ], [ 129.402817199999987, 36.5047505 ], [ 129.403994, 36.505321 ], [ 129.4052082, 36.5061168 ], [ 129.40690810000001, 36.506252 ], [ 129.407655299999988, 36.5055312 ], [ 129.4084398, 36.5049757 ], [ 129.409297, 36.5048257 ], [ 129.408934499999987, 36.5043163 ], [ 129.4090827, 36.5042645 ], [ 129.4093803, 36.5046438 ], [ 129.4100276, 36.5040297 ], [ 129.410681399999987, 36.5035492 ], [ 129.410550699999988, 36.5011768 ], [ 129.4105865, 36.5000514 ], [ 129.4109003, 36.5000464 ], [ 129.4109296, 36.5004171 ], [ 129.4109456, 36.500752 ], [ 129.411059200000011, 36.5011653 ], [ 129.4112782, 36.5020573 ], [ 129.411436, 36.5021646 ], [ 129.4115742, 36.5027469 ], [ 129.4118038, 36.5031534 ], [ 129.4121365, 36.502738 ], [ 129.412387700000011, 36.502354 ], [ 129.4125895, 36.5019756 ], [ 129.412812300000013, 36.5012721 ], [ 129.412890299999987, 36.5008014 ], [ 129.4122505, 36.4991796 ], [ 129.41187690000001, 36.4980835 ], [ 129.4111297, 36.497633 ], [ 129.41086820000001, 36.4990595 ], [ 129.4099529, 36.4994199 ], [ 129.40980350000001, 36.4982336 ], [ 129.4094485, 36.4974077 ], [ 129.4083464, 36.4969272 ], [ 129.4091123, 36.4966118 ], [ 129.410065, 36.4957859 ], [ 129.4108309, 36.4949149 ], [ 129.410247, 36.4919959 ], [ 129.4097317, 36.4921262 ], [ 129.409524, 36.4919909 ], [ 129.4095108, 36.4917554 ], [ 129.4100321, 36.4912014 ], [ 129.409915500000011, 36.4900793 ], [ 129.4089773, 36.4894775 ] ] ], [ [ [ 129.4121758, 36.4942692 ], [ 129.4123439, 36.4948699 ], [ 129.4130725, 36.4961463 ], [ 129.4138197, 36.495846 ], [ 129.4135482, 36.4951389 ], [ 129.4133527, 36.4946296 ], [ 129.4133153, 36.4936835 ], [ 129.4140251, 36.4922419 ], [ 129.4132032, 36.4916562 ], [ 129.4128265, 36.4901798 ], [ 129.4137311, 36.49016 ], [ 129.4140279, 36.4896339 ], [ 129.4137518, 36.4893247 ], [ 129.4131812, 36.4893104 ], [ 129.4127554, 36.4898263 ], [ 129.412392899999986, 36.4899024 ], [ 129.4111859, 36.4896134 ], [ 129.411013200000014, 36.4902123 ], [ 129.4119703, 36.494119 ], [ 129.4121758, 36.4942692 ] ] ] ] } },
{ "type": "Feature", "properties": { "natural": "wood", "name": null }, "geometry": { "type": "MultiPolygon", "coordinates": [ [ [ [ 129.3851144, 36.3471386 ], [ 129.385274399999986, 36.3470328 ], [ 129.3853354, 36.3469722 ], [ 129.385374, 36.346913 ], [ 129.3853996, 36.3468517 ], [ 129.385411, 36.3467723 ], [ 129.3854095, 36.3466822 ], [ 129.3852397, 36.3459816 ], [ 129.3852051, 36.34589 ], [ 129.385164300000014, 36.3458215 ], [ 129.3851071, 36.345773 ], [ 129.3850253, 36.3457315 ], [ 129.384904, 36.3456927 ], [ 129.384717200000011, 36.3456792 ], [ 129.3834985, 36.3456709 ], [ 129.3834821, 36.3462234 ], [ 129.38356490000001, 36.3463547 ], [ 129.383681, 36.3463169 ], [ 129.3836176, 36.3461893 ], [ 129.383625599999988, 36.3460953 ], [ 129.3837627, 36.3459807 ], [ 129.3845995, 36.3460681 ], [ 129.3847237, 36.3462229 ], [ 129.3845303, 36.3464189 ], [ 129.384058, 36.3466112 ], [ 129.3839959, 36.3467024 ], [ 129.383703700000012, 36.346723 ], [ 129.3836948, 36.3469784 ], [ 129.3833938, 36.3472334 ], [ 129.3833615, 36.3475981 ], [ 129.3838323, 36.3478338 ], [ 129.3851144, 36.3471386 ] ] ], [ [ [ 129.3831451, 36.3479399 ], [ 129.383186599999988, 36.3477913 ], [ 129.3832414, 36.347266 ], [ 129.382755800000012, 36.3472253 ], [ 129.3827824, 36.3468673 ], [ 129.3826211, 36.3468426 ], [ 129.382663900000011, 36.3463755 ], [ 129.3824227, 36.3463705 ], [ 129.38241690000001, 36.3462367 ], [ 129.382220600000011, 36.3462326 ], [ 129.3820735, 36.346007 ], [ 129.381722700000012, 36.3459824 ], [ 129.3815936, 36.3460459 ], [ 129.3812759, 36.3472346 ], [ 129.380784799999986, 36.3477258 ], [ 129.3794422, 36.3494449 ], [ 129.3795807, 36.3504664 ], [ 129.379777499999989, 36.3508668 ], [ 129.3798849, 36.3512999 ], [ 129.379943200000014, 36.3513898 ], [ 129.380194, 36.3515622 ], [ 129.380580900000012, 36.3515616 ], [ 129.3806641, 36.3516299 ], [ 129.38064510000001, 36.3520534 ], [ 129.3805032, 36.3521507 ], [ 129.380468, 36.3523614 ], [ 129.3807047, 36.3524161 ], [ 129.3805537, 36.3532808 ], [ 129.380508, 36.3534002 ], [ 129.3804323, 36.3535122 ], [ 129.380429600000014, 36.353699 ], [ 129.3804501, 36.3538712 ], [ 129.3805736, 36.3541214 ], [ 129.3810091, 36.3543712 ], [ 129.380965, 36.3544541 ], [ 129.381218100000012, 36.3546396 ], [ 129.381646, 36.3544625 ], [ 129.381760899999989, 36.3542495 ], [ 129.382137, 36.3542557 ], [ 129.382181800000012, 36.354137 ], [ 129.382415900000012, 36.3540286 ], [ 129.3824143, 36.3542574 ], [ 129.3822647, 36.3544859 ], [ 129.3823232, 36.3547071 ], [ 129.382228700000013, 36.354809 ], [ 129.3816821, 36.3548425 ], [ 129.381742300000013, 36.3552364 ], [ 129.3817197, 36.3555374 ], [ 129.381828899999988, 36.3555762 ], [ 129.3818766, 36.3557783 ], [ 129.381599, 36.3557873 ], [ 129.3814677, 36.3560778 ], [ 129.3816014, 36.3564803 ], [ 129.38182, 36.3567483 ], [ 129.3821922, 36.3568587 ], [ 129.3822942, 36.357014 ], [ 129.382473800000014, 36.3570103 ], [ 129.382503500000013, 36.3569268 ], [ 129.382740500000011, 36.3569218 ], [ 129.3827674, 36.3568071 ], [ 129.3828863, 36.3567282 ], [ 129.3835062, 36.3568652 ], [ 129.3836073, 36.3569671 ], [ 129.383792, 36.3570016 ], [ 129.3841161, 36.3569338 ], [ 129.3846888, 36.356651 ], [ 129.3850889, 36.3564409 ], [ 129.385212700000011, 36.356198 ], [ 129.3853814, 36.3560196 ], [ 129.385648800000013, 36.3559206 ], [ 129.3857746, 36.3557668 ], [ 129.3858806, 36.3556005 ], [ 129.386004500000013, 36.3555596 ], [ 129.386140399999988, 36.3553233 ], [ 129.386498, 36.3551877 ], [ 129.3866521, 36.3546981 ], [ 129.386248599999988, 36.354613 ], [ 129.3861456, 36.3545031 ], [ 129.386202, 36.3543415 ], [ 129.3864273, 36.3542607 ], [ 129.386626299999989, 36.3542624 ], [ 129.386621, 36.3540549 ], [ 129.3865596, 36.3538988 ], [ 129.3864058, 36.3538668 ], [ 129.3862306, 36.3534255 ], [ 129.385729199999986, 36.3534174 ], [ 129.3855872, 36.3534885 ], [ 129.3854361, 36.3533181 ], [ 129.3852982, 36.3533971 ], [ 129.3850813, 36.3534266 ], [ 129.3847498, 36.3539539 ], [ 129.3845748, 36.3539346 ], [ 129.3845212, 36.3537141 ], [ 129.384700900000013, 36.3533879 ], [ 129.384942099999989, 36.3529972 ], [ 129.385074, 36.3529897 ], [ 129.385198699999989, 36.3527804 ], [ 129.385617200000013, 36.3527886 ], [ 129.385751699999986, 36.3528794 ], [ 129.3859098, 36.3530858 ], [ 129.3860719, 36.3530553 ], [ 129.3861397, 36.3528973 ], [ 129.3861613, 36.3523543 ], [ 129.386199800000014, 36.3522118 ], [ 129.3862653, 36.3521406 ], [ 129.3863935, 36.3521149 ], [ 129.3865562, 36.3521368 ], [ 129.387256900000011, 36.3520807 ], [ 129.3873752, 36.3517716 ], [ 129.3873522, 36.3513737 ], [ 129.3874357, 36.3513661 ], [ 129.387647, 36.3508734 ], [ 129.3875832, 36.3507536 ], [ 129.3876273, 36.3505984 ], [ 129.3878139, 36.3506712 ], [ 129.3879442, 36.3505091 ], [ 129.388003200000014, 36.350366 ], [ 129.3880111, 36.3502424 ], [ 129.3879983, 36.3497263 ], [ 129.387975399999988, 36.349623 ], [ 129.38782710000001, 36.3492645 ], [ 129.3878817, 36.3487915 ], [ 129.387849, 36.3487 ], [ 129.3877197, 36.3487251 ], [ 129.3876381, 36.3487883 ], [ 129.3875593, 36.3487284 ], [ 129.387674, 36.3485895 ], [ 129.38750490000001, 36.3484402 ], [ 129.3875107, 36.3483685 ], [ 129.3874888, 36.3482414 ], [ 129.386851400000012, 36.3474738 ], [ 129.386729, 36.3471296 ], [ 129.3866199, 36.3465322 ], [ 129.3864251, 36.3457298 ], [ 129.3862724, 36.3454207 ], [ 129.385872, 36.3455164 ], [ 129.3858145, 36.345759 ], [ 129.3856144, 36.3457826 ], [ 129.385529100000014, 36.3460022 ], [ 129.3856841, 36.3467437 ], [ 129.3856685, 36.3468982 ], [ 129.385606, 36.3470545 ], [ 129.3854882, 36.3471845 ], [ 129.3850381, 36.3474882 ], [ 129.3849732, 36.3475824 ], [ 129.3849141, 36.347708 ], [ 129.3849305, 36.347834 ], [ 129.3850127, 36.3479661 ], [ 129.3851206, 36.3480535 ], [ 129.3858495, 36.3484422 ], [ 129.3858222, 36.3485183 ], [ 129.3862701, 36.348739 ], [ 129.3867624, 36.3487185 ], [ 129.3868574, 36.3489936 ], [ 129.38675, 36.3493444 ], [ 129.3869547, 36.3493339 ], [ 129.3871923, 36.3498023 ], [ 129.387172, 36.3499695 ], [ 129.3871216, 36.3501086 ], [ 129.387402900000012, 36.3503545 ], [ 129.3872092, 36.3505622 ], [ 129.387106499999987, 36.3506934 ], [ 129.386756, 36.3513531 ], [ 129.386676, 36.3514527 ], [ 129.3866021, 36.3515202 ], [ 129.3864975, 36.3515616 ], [ 129.3859055, 36.3516728 ], [ 129.385677500000014, 36.3516882 ], [ 129.385391199999987, 36.3516785 ], [ 129.3852928, 36.3516934 ], [ 129.3852306, 36.3517288 ], [ 129.3851981, 36.3517995 ], [ 129.3851755, 36.3519582 ], [ 129.385105, 36.3521073 ], [ 129.384985300000011, 36.3522289 ], [ 129.3848379, 36.3522839 ], [ 129.3846917, 36.3522857 ], [ 129.3839707, 36.3520481 ], [ 129.383569, 36.3519834 ], [ 129.3834311, 36.3519967 ], [ 129.383318, 36.3520516 ], [ 129.383516500000013, 36.3521785 ], [ 129.3834393, 36.3522728 ], [ 129.3833428, 36.3525085 ], [ 129.382972599999988, 36.3528204 ], [ 129.382756199999989, 36.3525718 ], [ 129.3831587, 36.3522285 ], [ 129.383199100000013, 36.3520779 ], [ 129.382713599999988, 36.3520788 ], [ 129.382733699999989, 36.3512654 ], [ 129.382565, 36.350964 ], [ 129.3825977, 36.3505275 ], [ 129.3827459, 36.3500639 ], [ 129.3830849, 36.3500205 ], [ 129.3830505, 36.3505992 ], [ 129.3832396, 36.3507145 ], [ 129.3834875, 36.3506221 ], [ 129.3837753, 36.3503615 ], [ 129.3834754, 36.3503226 ], [ 129.383593499999989, 36.3496174 ], [ 129.3838106, 36.3494767 ], [ 129.3835446, 36.349071 ], [ 129.3832054, 36.3487101 ], [ 129.3827225, 36.3484102 ], [ 129.3830728, 36.3480626 ], [ 129.3831451, 36.3479399 ] ] ] ] } },
{ "type": "Feature", "properties": { "natural": "wood", "name": null }, "geometry": { "type": "Polygon", "coordinates": [ [ [ 129.4123559, 36.5033668 ], [ 129.4122832, 36.5039068 ], [ 129.4139104, 36.5046816 ], [ 129.415373100000011, 36.5053188 ], [ 129.4172035, 36.5053645 ], [ 129.418126199999989, 36.5054335 ], [ 129.4182978, 36.5046056 ], [ 129.4187485, 36.5033292 ], [ 129.4183193, 36.5023633 ], [ 129.4173042, 36.5013317 ], [ 129.4167196, 36.5010947 ], [ 129.415271100000012, 36.5009234 ], [ 129.4136313, 36.5009508 ], [ 129.413124900000014, 36.5012354 ], [ 129.412968799999987, 36.5020756 ], [ 129.412900900000011, 36.5022373 ], [ 129.4125187, 36.5030851 ], [ 129.4123559, 36.5033668 ] ] ] } },
{ "type": "Feature", "properties": { "natural": "wood", "name": null }, "geometry": { "type": "Polygon", "coordinates": [ [ [ 129.386226599999986, 36.5816124 ], [ 129.38617, 36.5800095 ], [ 129.386552200000011, 36.5793956 ], [ 129.3875291, 36.579748 ], [ 129.388152, 36.5794411 ], [ 129.3883501, 36.5786112 ], [ 129.387783899999988, 36.5777017 ], [ 129.387076, 36.5771446 ], [ 129.3877272, 36.5765307 ], [ 129.388406800000013, 36.5767581 ], [ 129.3882571, 36.5761025 ], [ 129.388722, 36.5755877 ], [ 129.3892674, 36.5759621 ], [ 129.3896584, 36.5761994 ], [ 129.3906938, 36.5765542 ], [ 129.3913169, 36.5779488 ], [ 129.3927251, 36.5786833 ], [ 129.3928051, 36.5791241 ], [ 129.3924131, 36.5800209 ], [ 129.392399, 36.5809189 ], [ 129.3928095, 36.5817033 ], [ 129.3926821, 36.5825105 ], [ 129.392568899999986, 36.5842952 ], [ 129.3932059, 36.5851023 ], [ 129.393489100000011, 36.5859435 ], [ 129.392399, 36.5861936 ], [ 129.391861, 36.587012 ], [ 129.3921159, 36.587785 ], [ 129.3935598, 36.5877168 ], [ 129.3942252, 36.5870006 ], [ 129.395173699999987, 36.5865801 ], [ 129.3961081, 36.586887 ], [ 129.39738220000001, 36.5871712 ], [ 129.3981891, 36.5876145 ], [ 129.399718, 36.5885352 ], [ 129.4010771, 36.5893082 ], [ 129.401643400000012, 36.5904789 ], [ 129.4023795, 36.5918998 ], [ 129.4022946, 36.5923544 ], [ 129.4018274, 36.5931387 ], [ 129.401884, 36.5935706 ], [ 129.4018132, 36.5942071 ], [ 129.4013744, 36.5942526 ], [ 129.4001144, 36.5942185 ], [ 129.3983165, 36.5947641 ], [ 129.3975237, 36.5950823 ], [ 129.3964478, 36.5954347 ], [ 129.3953153, 36.5957529 ], [ 129.395287, 36.5965258 ], [ 129.394678199999987, 36.5962985 ], [ 129.393758, 36.5963667 ], [ 129.3932342, 36.5969463 ], [ 129.392965299999986, 36.5974578 ], [ 129.392200800000012, 36.5977192 ], [ 129.3917619, 36.5974692 ], [ 129.3907002, 36.5979238 ], [ 129.3900773, 36.5978442 ], [ 129.389242, 36.597867 ], [ 129.3887324, 36.5976624 ], [ 129.388109500000013, 36.597401 ], [ 129.387189299999989, 36.5974123 ], [ 129.386297399999989, 36.597185 ], [ 129.3856179, 36.5968554 ], [ 129.38523570000001, 36.5964803 ], [ 129.3854197, 36.5953324 ], [ 129.3855471, 36.5944004 ], [ 129.3863399, 36.5938548 ], [ 129.3870336, 36.5927636 ], [ 129.387076, 36.5914792 ], [ 129.386821200000014, 36.5907404 ], [ 129.3871044, 36.5893195 ], [ 129.3878688, 36.5890922 ], [ 129.388152, 36.5883192 ], [ 129.3877272, 36.5874212 ], [ 129.3875574, 36.5859435 ], [ 129.38744410000001, 36.585 ], [ 129.387911300000013, 36.5839996 ], [ 129.387911300000013, 36.5833744 ], [ 129.3874016, 36.5829197 ], [ 129.386552200000011, 36.5821012 ], [ 129.386439, 36.5818284 ], [ 129.386226599999986, 36.5816124 ] ] ] } },
{ "type": "Feature", "properties": { "natural": "wood", "name": null }, "geometry": { "type": "Polygon", "coordinates": [ [ [ 129.378289099999989, 36.5522118 ], [ 129.3778663, 36.5529956 ], [ 129.376695399999988, 36.5531785 ], [ 129.376419, 36.5528127 ], [ 129.376695399999988, 36.5523947 ], [ 129.3774272, 36.5516762 ], [ 129.3788908, 36.5508924 ], [ 129.380305600000014, 36.5498865 ], [ 129.3809723, 36.5485801 ], [ 129.3819968, 36.5475872 ], [ 129.3827774, 36.5474697 ], [ 129.3834604, 36.5464506 ], [ 129.38378560000001, 36.5470777 ], [ 129.383980799999989, 36.5478224 ], [ 129.3851028, 36.5480967 ], [ 129.3842247, 36.548972 ], [ 129.3835092, 36.5495468 ], [ 129.3844686, 36.5494815 ], [ 129.3855256, 36.5496122 ], [ 129.3860135, 36.5506442 ], [ 129.386046, 36.551219 ], [ 129.3855582, 36.5521596 ], [ 129.3847939, 36.5526429 ], [ 129.3830213, 36.5527997 ], [ 129.3822733, 36.5529956 ], [ 129.3800779, 36.5530087 ], [ 129.3791185, 36.5526952 ], [ 129.378289099999989, 36.5522118 ] ] ] } },
{ "type": "Feature", "properties": { "natural": "wood", "name": null }, "geometry": { "type": "Polygon", "coordinates": [ [ [ 129.3409399, 36.5689168 ], [ 129.3406201, 36.5686124 ], [ 129.3393743, 36.5685705 ], [ 129.338369199999988, 36.5684909 ], [ 129.3373216, 36.5685023 ], [ 129.3364297, 36.5686387 ], [ 129.3357502, 36.5684568 ], [ 129.334561, 36.5682635 ], [ 129.334008899999986, 36.5679906 ], [ 129.3346601, 36.5675586 ], [ 129.33522640000001, 36.5671606 ], [ 129.3354812, 36.5664216 ], [ 129.3358917, 36.5657507 ], [ 129.336245600000012, 36.5651936 ], [ 129.3372932, 36.564625 ], [ 129.3382842, 36.5644545 ], [ 129.3396857, 36.564409 ], [ 129.340379399999989, 36.5639314 ], [ 129.3413425, 36.563335 ], [ 129.342488800000012, 36.5627261 ], [ 129.3428032, 36.5626203 ], [ 129.3409399, 36.5689168 ] ] ] } },
{ "type": "Feature", "properties": { "natural": "wood", "name": null }, "geometry": { "type": "Polygon", "coordinates": [ [ [ 129.385754100000014, 36.5593947 ], [ 129.3848529, 36.561325 ], [ 129.385089, 36.5631692 ], [ 129.3851962, 36.5643584 ], [ 129.385882900000013, 36.5650822 ], [ 129.3862691, 36.566099 ], [ 129.385410799999988, 36.5673227 ], [ 129.3859258, 36.5680982 ], [ 129.385518100000013, 36.5691839 ], [ 129.3851104, 36.570149 ], [ 129.384552500000012, 36.5711829 ], [ 129.3842306, 36.573337 ], [ 129.383608400000014, 36.5735438 ], [ 129.3828359, 36.5736128 ], [ 129.381934699999988, 36.5735438 ], [ 129.3803897, 36.573337 ], [ 129.3796816, 36.5729062 ], [ 129.3790593, 36.5720101 ], [ 129.3789735, 36.5712174 ], [ 129.380261, 36.5708038 ], [ 129.3809047, 36.569115 ], [ 129.3807545, 36.5686324 ], [ 129.380733, 36.5675639 ], [ 129.3813768, 36.5667367 ], [ 129.3818918, 36.5658922 ], [ 129.3817201, 36.5648237 ], [ 129.3821922, 36.5632036 ], [ 129.3827715, 36.5625832 ], [ 129.3830934, 36.563083 ], [ 129.3832865, 36.5627211 ], [ 129.3829217, 36.5623074 ], [ 129.3826857, 36.5618421 ], [ 129.3837371, 36.5611354 ], [ 129.3842306, 36.5602564 ], [ 129.38481, 36.5597049 ], [ 129.3854323, 36.5592051 ], [ 129.385754100000014, 36.5593947 ] ] ] } },
{ "type": "Feature", "properties": { "natural": "wood", "name": null }, "geometry": { "type": "Polygon", "coordinates": [ [ [ 129.354056899999989, 36.5268179 ], [ 129.354329, 36.5268089 ], [ 129.354563899999988, 36.5268506 ], [ 129.354727, 36.5269282 ], [ 129.3548557, 36.5269821 ], [ 129.3551419, 36.5270611 ], [ 129.3554447, 36.5270794 ], [ 129.3568527, 36.5265941 ], [ 129.357268299999987, 36.5273488 ], [ 129.3581796, 36.5278528 ], [ 129.3588136, 36.528503 ], [ 129.35904020000001, 36.5286148 ], [ 129.3594326, 36.528673 ], [ 129.359637, 36.5288748 ], [ 129.3599423, 36.5296407 ], [ 129.3585904, 36.5299166 ], [ 129.3569382, 36.5300028 ], [ 129.3555005, 36.529589 ], [ 129.353633699999989, 36.529658 ], [ 129.352174600000012, 36.530227 ], [ 129.34964260000001, 36.5306925 ], [ 129.348441, 36.5311925 ], [ 129.3472179, 36.5309684 ], [ 129.3460806, 36.5299338 ], [ 129.3457802, 36.5287441 ], [ 129.3456085, 36.5271061 ], [ 129.3457588, 36.5260025 ], [ 129.3456962, 36.524975 ], [ 129.3454903, 36.5248971 ], [ 129.3454285, 36.5251355 ], [ 129.345048, 36.525441 ], [ 129.343804799999987, 36.5250481 ], [ 129.343338100000011, 36.5252302 ], [ 129.3429137, 36.5252149 ], [ 129.3425145, 36.525553 ], [ 129.3418897, 36.5253797 ], [ 129.3429406, 36.52283 ], [ 129.3432618, 36.5230259 ], [ 129.343396, 36.5226532 ], [ 129.3434224, 36.5223884 ], [ 129.343672700000013, 36.5217646 ], [ 129.3437932, 36.5215845 ], [ 129.343899, 36.5213177 ], [ 129.3442001, 36.5210551 ], [ 129.3442268, 36.5208306 ], [ 129.3449468, 36.5202214 ], [ 129.3451124, 36.5201525 ], [ 129.3452672, 36.5201227 ], [ 129.3454112, 36.5201201 ], [ 129.3457292, 36.5202142 ], [ 129.3456344, 36.5200301 ], [ 129.3458195, 36.5199509 ], [ 129.3462247, 36.519834 ], [ 129.3466152, 36.5197428 ], [ 129.3470638, 36.519705 ], [ 129.347248900000011, 36.519709 ], [ 129.347539399999988, 36.5196109 ], [ 129.3477078, 36.5195868 ], [ 129.347941100000014, 36.5196122 ], [ 129.3480826, 36.519579 ], [ 129.3486321, 36.5196252 ], [ 129.3488716, 36.5195751 ], [ 129.349176699999987, 36.5194897 ], [ 129.3493882, 36.5194893 ], [ 129.3495187, 36.5195569 ], [ 129.349687499999987, 36.5197383 ], [ 129.349754100000013, 36.5198673 ], [ 129.349787, 36.520124 ], [ 129.3499026, 36.5203189 ], [ 129.3500082, 36.5205153 ], [ 129.3500261, 36.5206486 ], [ 129.3500106, 36.520976 ], [ 129.3501972, 36.5208989 ], [ 129.350367299999988, 36.5210896 ], [ 129.3505621, 36.5211957 ], [ 129.3506835, 36.5213258 ], [ 129.3508498, 36.5214049 ], [ 129.351070600000014, 36.5216738 ], [ 129.3511737, 36.5217068 ], [ 129.3513199, 36.5218835 ], [ 129.351439, 36.5219416 ], [ 129.351605400000011, 36.5221233 ], [ 129.35194340000001, 36.5224119 ], [ 129.352156799999989, 36.522707 ], [ 129.352166899999986, 36.5228313 ], [ 129.3520699, 36.5228521 ], [ 129.3520979, 36.5229829 ], [ 129.3521046, 36.5230711 ], [ 129.3520613, 36.5231624 ], [ 129.3517058, 36.5234815 ], [ 129.3514762, 36.5236476 ], [ 129.3512646, 36.5237238 ], [ 129.3508898, 36.5238239 ], [ 129.3507377, 36.5238928 ], [ 129.3505393, 36.5240533 ], [ 129.3505145, 36.5241798 ], [ 129.3503562, 36.5243152 ], [ 129.3503522, 36.5243684 ], [ 129.3502617, 36.5244306 ], [ 129.3502469, 36.5244933 ], [ 129.3504456, 36.5244121 ], [ 129.350530600000013, 36.5242871 ], [ 129.3506657, 36.5242243 ], [ 129.350701500000014, 36.5241386 ], [ 129.350884799999989, 36.5240596 ], [ 129.350950399999988, 36.5240487 ], [ 129.3510909, 36.5239913 ], [ 129.3511853, 36.5240002 ], [ 129.3514073, 36.5239388 ], [ 129.351499100000012, 36.5239511 ], [ 129.3515678, 36.5238851 ], [ 129.351667600000013, 36.5238843 ], [ 129.351798300000013, 36.5239465 ], [ 129.35181510000001, 36.5238552 ], [ 129.3520804, 36.5238109 ], [ 129.35222490000001, 36.5237152 ], [ 129.3523712, 36.5236878 ], [ 129.3524895, 36.5237106 ], [ 129.3525928, 36.5237648 ], [ 129.352628, 36.5239146 ], [ 129.352804099999986, 36.5241124 ], [ 129.3529141, 36.5244482 ], [ 129.35312, 36.5244565 ], [ 129.3532113, 36.5245318 ], [ 129.353304, 36.5246397 ], [ 129.353465, 36.5246877 ], [ 129.353552900000011, 36.5248262 ], [ 129.353706499999987, 36.5249276 ], [ 129.353655800000013, 36.5250056 ], [ 129.3534487, 36.5250685 ], [ 129.3534034, 36.5252467 ], [ 129.3533449, 36.5254154 ], [ 129.3535202, 36.5253738 ], [ 129.353691199999986, 36.525344 ], [ 129.3539252, 36.5253943 ], [ 129.3540939, 36.5258435 ], [ 129.3541031, 36.5259583 ], [ 129.3539706, 36.5261912 ], [ 129.353900900000014, 36.5262677 ], [ 129.3537341, 36.5263364 ], [ 129.3535568, 36.5264287 ], [ 129.3533299, 36.5265836 ], [ 129.3531417, 36.5266694 ], [ 129.352889299999987, 36.5267296 ], [ 129.3527302, 36.526915 ], [ 129.3530288, 36.5268721 ], [ 129.353477199999986, 36.5267508 ], [ 129.353613, 36.526755 ], [ 129.353722299999987, 36.5267897 ], [ 129.3538006, 36.5268538 ], [ 129.3538901, 36.5268661 ], [ 129.354056899999989, 36.5268179 ] ] ] } },
{ "type": "Feature", "properties": { "natural": "wood", "name": "죽도산(Chuck-Do mountain)" }, "geometry": { "type": "Polygon", "coordinates": [ [ [ 129.45232390000001, 36.5088083 ], [ 129.450076200000012, 36.5084966 ], [ 129.4498647, 36.5082352 ], [ 129.450035500000013, 36.5075359 ], [ 129.4501981, 36.5073856 ], [ 129.4499379, 36.5069804 ], [ 129.44990820000001, 36.5064594 ], [ 129.4498819, 36.506249 ], [ 129.449688900000012, 36.50587 ], [ 129.4503589, 36.5054675 ], [ 129.4506718, 36.5055742 ], [ 129.451142, 36.5059832 ], [ 129.4515763, 36.506206 ], [ 129.4519736, 36.5065197 ], [ 129.4522246, 36.5068008 ], [ 129.4523595, 36.507153 ], [ 129.4526457, 36.5075456 ], [ 129.4527817, 36.5081429 ], [ 129.4527798, 36.5082684 ], [ 129.452629800000011, 36.5086478 ], [ 129.45232390000001, 36.5088083 ] ] ] } },
{ "type": "Feature", "properties": { "natural": "wood", "name": null }, "geometry": { "type": "Polygon", "coordinates": [ [ [ 129.4446208, 36.5116088 ], [ 129.4444976, 36.5112225 ], [ 129.4459765, 36.5101527 ], [ 129.4466913, 36.5100833 ], [ 129.447245900000013, 36.510222 ], [ 129.447953, 36.511625 ], [ 129.4466591, 36.5117514 ], [ 129.4462479, 36.5119828 ], [ 129.4464709, 36.5122581 ], [ 129.4463, 36.5122785 ], [ 129.4458568, 36.5121888 ], [ 129.4451508, 36.5119654 ], [ 129.4446208, 36.5116088 ] ] ] } },
{ "type": "Feature", "properties": { "natural": "wood", "name": null }, "geometry": { "type": "Polygon", "coordinates": [ [ [ 129.3231992, 36.6003374 ], [ 129.3241219, 36.6003891 ], [ 129.325044600000012, 36.5995795 ], [ 129.3265305, 36.5982057 ], [ 129.3272172, 36.5949755 ], [ 129.3282659, 36.5929576 ], [ 129.329143, 36.592051 ], [ 129.330409, 36.5912241 ], [ 129.331803799999989, 36.591448 ], [ 129.3333273, 36.5913102 ], [ 129.334958, 36.591672 ], [ 129.3372326, 36.5914653 ], [ 129.337018, 36.5908795 ], [ 129.3362884, 36.5902593 ], [ 129.33659, 36.58752 ], [ 129.336331300000012, 36.5868134 ], [ 129.3368463, 36.5859347 ], [ 129.33764020000001, 36.5847803 ], [ 129.337897700000013, 36.5841256 ], [ 129.3378548, 36.5830573 ], [ 129.3378119, 36.5813515 ], [ 129.339271, 36.5798352 ], [ 129.3395285, 36.5786117 ], [ 129.3389063, 36.5770264 ], [ 129.3383698, 36.5756651 ], [ 129.3384986, 36.5739419 ], [ 129.3386702, 36.5724771 ], [ 129.3386702, 36.5710813 ], [ 129.336953599999987, 36.5706332 ], [ 129.334679099999988, 36.5706849 ], [ 129.3322115, 36.5702541 ], [ 129.3313102, 36.5697715 ], [ 129.3307523, 36.5683929 ], [ 129.3310098, 36.567221 ], [ 129.3331556, 36.5656354 ], [ 129.333820800000012, 36.5645497 ], [ 129.3331771, 36.5640499 ], [ 129.3339924, 36.5632398 ], [ 129.3348078, 36.5636362 ], [ 129.3354516, 36.5634466 ], [ 129.3357949, 36.5628262 ], [ 129.3355589, 36.5620506 ], [ 129.333713499999988, 36.5613612 ], [ 129.3330054, 36.5613095 ], [ 129.333949499999989, 36.5606718 ], [ 129.3341212, 36.5597238 ], [ 129.335237, 36.5595687 ], [ 129.3356018, 36.5590172 ], [ 129.3353443, 36.558638 ], [ 129.33379930000001, 36.5593619 ], [ 129.3346362, 36.5580347 ], [ 129.3344645, 36.5564663 ], [ 129.3355589, 36.5543462 ], [ 129.3378548, 36.5516055 ], [ 129.3397216, 36.5504505 ], [ 129.3412022, 36.5494163 ], [ 129.34221070000001, 36.5481062 ], [ 129.343197800000013, 36.5478649 ], [ 129.3428974, 36.5470891 ], [ 129.3418245, 36.5472443 ], [ 129.339850399999989, 36.5478649 ], [ 129.338005, 36.5481407 ], [ 129.3367819, 36.5489336 ], [ 129.335151200000013, 36.5495197 ], [ 129.3340139, 36.5492439 ], [ 129.3325548, 36.5498128 ], [ 129.331634799999989, 36.549761 ], [ 129.330928, 36.5498278 ], [ 129.330634300000014, 36.5500606 ], [ 129.3302454, 36.5500401 ], [ 129.329764, 36.5498187 ], [ 129.3294803, 36.5492598 ], [ 129.329081, 36.5490514 ], [ 129.3289216, 36.5490033 ], [ 129.3287507, 36.5489986 ], [ 129.328566, 36.5490286 ], [ 129.3283813, 36.5491017 ], [ 129.328257900000011, 36.5491814 ], [ 129.3276785, 36.5499776 ], [ 129.3281345, 36.5507264 ], [ 129.327126, 36.5516227 ], [ 129.3256025, 36.5526397 ], [ 129.3255925, 36.5529675 ], [ 129.325048900000013, 36.5528402 ], [ 129.3243579, 36.5531881 ], [ 129.324053099999986, 36.5532609 ], [ 129.3238641, 36.5534834 ], [ 129.323184199999986, 36.5537906 ], [ 129.3230246, 36.5541044 ], [ 129.323230099999989, 36.5543054 ], [ 129.3224954, 36.554739 ], [ 129.321829799999989, 36.5548917 ], [ 129.321507, 36.5553403 ], [ 129.321028399999989, 36.5554862 ], [ 129.321679499999988, 36.5561012 ], [ 129.3220742, 36.5560234 ], [ 129.322259300000013, 36.5561478 ], [ 129.322167799999988, 36.5562971 ], [ 129.3222422, 36.556658 ], [ 129.3224458, 36.556987 ], [ 129.3225401, 36.5572463 ], [ 129.322554700000012, 36.5574989 ], [ 129.322507699999989, 36.5577887 ], [ 129.3224571, 36.5587352 ], [ 129.322171200000014, 36.5592131 ], [ 129.321759899999989, 36.559439 ], [ 129.3218186, 36.5595422 ], [ 129.321486, 36.5597342 ], [ 129.3215231, 36.5599085 ], [ 129.3209462, 36.5602299 ], [ 129.3208693, 36.5605311 ], [ 129.3197982, 36.5609527 ], [ 129.3195797, 36.5612745 ], [ 129.319381600000014, 36.5613613 ], [ 129.319274400000012, 36.5613185 ], [ 129.3187532, 36.5615746 ], [ 129.318582099999986, 36.5615003 ], [ 129.317984200000012, 36.5619072 ], [ 129.317941499999989, 36.5620453 ], [ 129.3182998, 36.5623489 ], [ 129.318253700000014, 36.5626744 ], [ 129.317860700000011, 36.5626804 ], [ 129.3176358, 36.5625234 ], [ 129.3173282, 36.5626081 ], [ 129.3158449, 36.5639534 ], [ 129.3157033, 36.564306 ], [ 129.3155381, 36.564428 ], [ 129.315534500000012, 36.5646931 ], [ 129.3154107, 36.5648386 ], [ 129.31498, 36.5647894 ], [ 129.3148914, 36.5649149 ], [ 129.3148984, 36.5651049 ], [ 129.3122493, 36.5726394 ], [ 129.3121466, 36.5735378 ], [ 129.314465899999988, 36.5744589 ], [ 129.3152599, 36.5749414 ], [ 129.315302800000012, 36.5773021 ], [ 129.3149166, 36.5786634 ], [ 129.3143801, 36.5811102 ], [ 129.3142085, 36.5819373 ], [ 129.31410120000001, 36.5834191 ], [ 129.3141226, 36.585952 ], [ 129.3150239, 36.5872786 ], [ 129.3152384, 36.5884502 ], [ 129.3148093, 36.5897252 ], [ 129.314466, 36.5908623 ], [ 129.3147878, 36.5917754 ], [ 129.316032400000012, 36.5917926 ], [ 129.3173198, 36.5916031 ], [ 129.3176846, 36.5924128 ], [ 129.3181138, 36.5930675 ], [ 129.3190579, 36.5929124 ], [ 129.3197875, 36.5932742 ], [ 129.3205385, 36.5940495 ], [ 129.3207531, 36.5955828 ], [ 129.3222336, 36.5958584 ], [ 129.3229011, 36.5976618 ], [ 129.3225866, 36.5982864 ], [ 129.3231992, 36.6003374 ] ] ] } },
{ "type": "Feature", "properties": { "natural": "wood", "name": null }, "geometry": { "type": "Polygon", "coordinates": [ [ [ 129.4231854, 36.5675815 ], [ 129.42299220000001, 36.5674566 ], [ 129.422960100000012, 36.5674006 ], [ 129.422944, 36.5673403 ], [ 129.422933199999989, 36.5672756 ], [ 129.4229225, 36.5671981 ], [ 129.4229225, 36.567099 ], [ 129.4229225, 36.5670128 ], [ 129.4229225, 36.5669482 ], [ 129.4229225, 36.5668922 ], [ 129.4229225, 36.5668232 ], [ 129.422944, 36.5667715 ], [ 129.4229976, 36.5667112 ], [ 129.423088799999988, 36.5666638 ], [ 129.4231532, 36.5666552 ], [ 129.4232336, 36.5666423 ], [ 129.4233034, 36.566638 ], [ 129.4233678, 36.5666509 ], [ 129.4234429, 36.5666681 ], [ 129.423518, 36.566694 ], [ 129.4235823, 36.5667198 ], [ 129.423641300000014, 36.5667457 ], [ 129.423716399999989, 36.5667845 ], [ 129.4237808, 36.5668319 ], [ 129.4238291, 36.5668663 ], [ 129.4238774, 36.5669223 ], [ 129.4238666, 36.566987 ], [ 129.423796900000013, 36.5670904 ], [ 129.423754, 36.5671507 ], [ 129.423695, 36.5671895 ], [ 129.4236253, 36.5672239 ], [ 129.4235501, 36.5672498 ], [ 129.423475, 36.5673273 ], [ 129.423432100000014, 36.5673963 ], [ 129.4233624, 36.5674523 ], [ 129.4233195, 36.5674695 ], [ 129.4231854, 36.5675815 ] ] ] } },
{ "type": "Feature", "properties": { "natural": "wood", "name": null }, "geometry": { "type": "Polygon", "coordinates": [ [ [ 129.42229660000001, 36.5674801 ], [ 129.422888199999989, 36.5676484 ], [ 129.4229683, 36.5677127 ], [ 129.4230114, 36.5677672 ], [ 129.4230114, 36.5678513 ], [ 129.4230114, 36.5679156 ], [ 129.4230053, 36.567975 ], [ 129.422937499999989, 36.5680196 ], [ 129.4228635, 36.568074 ], [ 129.4227773, 36.5681334 ], [ 129.422734100000014, 36.5681829 ], [ 129.422728, 36.5682472 ], [ 129.422654, 36.5683462 ], [ 129.422592400000013, 36.5684106 ], [ 129.422549299999986, 36.5684699 ], [ 129.4225, 36.5685293 ], [ 129.4218754, 36.569236 ], [ 129.4212006, 36.5699478 ], [ 129.421127399999989, 36.5700065 ], [ 129.421054199999986, 36.5700914 ], [ 129.4209648, 36.5701633 ], [ 129.4207859, 36.5702155 ], [ 129.4206883, 36.5701437 ], [ 129.4206395, 36.5700457 ], [ 129.420566400000013, 36.5699869 ], [ 129.4204444, 36.5700065 ], [ 129.420355, 36.5700718 ], [ 129.4203468, 36.570209 ], [ 129.42042, 36.5702808 ], [ 129.420542, 36.5702939 ], [ 129.4206802, 36.5702939 ], [ 129.4207778, 36.5703004 ], [ 129.4208591, 36.5703592 ], [ 129.4208428, 36.570444 ], [ 129.4207696, 36.5705028 ], [ 129.4202249, 36.5709795 ], [ 129.4198264, 36.571417 ], [ 129.4197614, 36.5714758 ], [ 129.4196557, 36.5715738 ], [ 129.419533699999988, 36.5717044 ], [ 129.419476800000012, 36.5717762 ], [ 129.4194118, 36.5718611 ], [ 129.4193548, 36.571946 ], [ 129.4192979, 36.5720113 ], [ 129.419241, 36.5720831 ], [ 129.4191678, 36.5721615 ], [ 129.419119099999989, 36.5722333 ], [ 129.4190621, 36.5723051 ], [ 129.418989, 36.5723574 ], [ 129.418867, 36.5723117 ], [ 129.4187776, 36.5722725 ], [ 129.41868, 36.5722268 ], [ 129.4186393, 36.5721549 ], [ 129.4186962, 36.5720766 ], [ 129.4187532, 36.5720047 ], [ 129.4188101, 36.5719264 ], [ 129.4188751, 36.5718611 ], [ 129.418948300000011, 36.5717958 ], [ 129.419005199999987, 36.5717174 ], [ 129.419070299999987, 36.5716391 ], [ 129.4191353, 36.5715672 ], [ 129.4192004, 36.5714758 ], [ 129.4192166, 36.5713844 ], [ 129.4191434, 36.5712864 ], [ 129.4191272, 36.5712081 ], [ 129.4191678, 36.5711232 ], [ 129.4203143, 36.5695755 ], [ 129.4206558, 36.5691315 ], [ 129.4207127, 36.5690596 ], [ 129.4207778, 36.5689682 ], [ 129.4208347, 36.5688899 ], [ 129.4208916, 36.5688115 ], [ 129.4209485, 36.5687462 ], [ 129.4210136, 36.5686613 ], [ 129.4211518, 36.5685503 ], [ 129.42184, 36.5678584 ], [ 129.422105, 36.5676505 ], [ 129.4222097, 36.5675714 ], [ 129.42229660000001, 36.5674801 ] ] ] } },
{ "type": "Feature", "properties": { "natural": "wood", "name": null }, "geometry": { "type": "Polygon", "coordinates": [ [ [ 129.3421869, 36.5592089 ], [ 129.3420198, 36.5592734 ], [ 129.3418805, 36.5599628 ], [ 129.3418236, 36.5602096 ], [ 129.3418992, 36.5603423 ], [ 129.3418941, 36.5605167 ], [ 129.342013, 36.5606108 ], [ 129.3420379, 36.560911 ], [ 129.3415647, 36.5608699 ], [ 129.3407082, 36.5610246 ], [ 129.340477099999987, 36.5605586 ], [ 129.3402572, 36.5603561 ], [ 129.339989, 36.5599295 ], [ 129.339720699999987, 36.5593349 ], [ 129.339533, 36.559029 ], [ 129.339114599999988, 36.5585937 ], [ 129.338937499999986, 36.5582102 ], [ 129.3387605, 36.5577449 ], [ 129.3384172, 36.5571933 ], [ 129.3383475, 36.5568271 ], [ 129.3384869, 36.5566762 ], [ 129.3388249, 36.5566288 ], [ 129.339248700000013, 36.5566202 ], [ 129.339693899999986, 36.5564651 ], [ 129.3403323, 36.5562152 ], [ 129.3406649, 36.5560428 ], [ 129.3409117, 36.5558317 ], [ 129.3412389, 36.5556334 ], [ 129.341432, 36.5557369 ], [ 129.341619799999989, 36.556004 ], [ 129.3419336, 36.5561677 ], [ 129.341896, 36.5563423 ], [ 129.34188, 36.5565426 ], [ 129.3419443, 36.5570727 ], [ 129.3420811, 36.5577772 ], [ 129.3421267, 36.558221 ], [ 129.3421869, 36.5592089 ] ] ] } },
{ "type": "Feature", "properties": { "natural": "wood", "name": null }, "geometry": { "type": "Polygon", "coordinates": [ [ [ 129.353942499999988, 36.5838818 ], [ 129.3532433, 36.5856054 ], [ 129.3538287, 36.5864933 ], [ 129.352544, 36.5867153 ], [ 129.3522025, 36.5863366 ], [ 129.3523001, 36.5856185 ], [ 129.3509503, 36.585514 ], [ 129.3507715, 36.5866631 ], [ 129.3516821, 36.5872246 ], [ 129.3518772, 36.5884382 ], [ 129.3437267, 36.5873146 ], [ 129.3433561, 36.5867153 ], [ 129.343112100000013, 36.5850962 ], [ 129.3427544, 36.5842996 ], [ 129.342673100000013, 36.5832811 ], [ 129.3428194, 36.581479 ], [ 129.3428032, 36.5798075 ], [ 129.342705599999988, 36.5791416 ], [ 129.3435675, 36.5790763 ], [ 129.344689499999987, 36.5787367 ], [ 129.3453725, 36.5785931 ], [ 129.3443318, 36.5784494 ], [ 129.343730099999988, 36.5782274 ], [ 129.344087800000011, 36.5776659 ], [ 129.345193599999988, 36.5773916 ], [ 129.344966, 36.5768432 ], [ 129.3439252, 36.5771305 ], [ 129.3432422, 36.5771043 ], [ 129.3429983, 36.5762816 ], [ 129.34307960000001, 36.5758768 ], [ 129.3438602, 36.5753675 ], [ 129.3450798, 36.5752107 ], [ 129.346332, 36.5748451 ], [ 129.3448359, 36.5746231 ], [ 129.343063300000011, 36.5745578 ], [ 129.3425104, 36.5745186 ], [ 129.3424942, 36.5736566 ], [ 129.3429495, 36.5729645 ], [ 129.343730099999988, 36.5719066 ], [ 129.3433723, 36.571332 ], [ 129.3432422, 36.5709924 ], [ 129.342917, 36.5705484 ], [ 129.3410103, 36.5704276 ], [ 129.3410225, 36.5697321 ], [ 129.341225799999989, 36.5696929 ], [ 129.3409399, 36.5689168 ], [ 129.3428032, 36.5626203 ], [ 129.3427706, 36.5614709 ], [ 129.3424779, 36.5607264 ], [ 129.3428194, 36.5601125 ], [ 129.343525, 36.5601313 ], [ 129.344162399999988, 36.5611241 ], [ 129.3442895, 36.5613163 ], [ 129.3443384, 36.5616183 ], [ 129.344229, 36.5619926 ], [ 129.3444154, 36.5621046 ], [ 129.3448744, 36.5616505 ], [ 129.3454259, 36.56183 ], [ 129.3457602, 36.5617638 ], [ 129.345674699999989, 36.5614337 ], [ 129.3450161, 36.5614501 ], [ 129.3445907, 36.5612571 ], [ 129.344546900000012, 36.5611632 ], [ 129.344083399999988, 36.5608616 ], [ 129.3439333, 36.5604863 ], [ 129.3430257, 36.5592103 ], [ 129.3428621, 36.5590332 ], [ 129.3429319, 36.5589304 ], [ 129.3429274, 36.5587532 ], [ 129.3427412, 36.55827 ], [ 129.3427901, 36.5579603 ], [ 129.342854100000011, 36.5577717 ], [ 129.3429104, 36.5576055 ], [ 129.3429332, 36.5573855 ], [ 129.3428312, 36.5573472 ], [ 129.3427839, 36.5572789 ], [ 129.3427752, 36.5571811 ], [ 129.342809100000011, 36.5570576 ], [ 129.3429022, 36.5568601 ], [ 129.3430534, 36.5567268 ], [ 129.343225499999988, 36.556643 ], [ 129.343432299999989, 36.556614 ], [ 129.3439031, 36.5565779 ], [ 129.3439234, 36.5564858 ], [ 129.343741599999987, 36.5563441 ], [ 129.343394100000012, 36.5562649 ], [ 129.343234, 36.5560768 ], [ 129.343077099999988, 36.5559834 ], [ 129.342878899999988, 36.5557563 ], [ 129.342983, 36.5553901 ], [ 129.3430935, 36.5552258 ], [ 129.343272500000012, 36.5550836 ], [ 129.3434647, 36.5549937 ], [ 129.3440445, 36.5548251 ], [ 129.344673300000011, 36.5544956 ], [ 129.3456002, 36.5538685 ], [ 129.3465596, 36.553137 ], [ 129.346803599999987, 36.5529803 ], [ 129.348689900000011, 36.5518437 ], [ 129.3500559, 36.5517654 ], [ 129.3511943, 36.5512951 ], [ 129.3520724, 36.5505374 ], [ 129.3522676, 36.5495968 ], [ 129.3525928, 36.5487868 ], [ 129.3531132, 36.5472191 ], [ 129.3527392, 36.5464222 ], [ 129.3527052, 36.5461384 ], [ 129.353893699999986, 36.5457102 ], [ 129.3541539, 36.5455077 ], [ 129.3543328, 36.5453444 ], [ 129.354528, 36.5452333 ], [ 129.355056499999989, 36.5451157 ], [ 129.355503700000014, 36.5451289 ], [ 129.3557802, 36.5453966 ], [ 129.3552877, 36.5456702 ], [ 129.3550971, 36.5461087 ], [ 129.354666, 36.5465098 ], [ 129.3549581, 36.5467324 ], [ 129.3558289, 36.5466835 ], [ 129.3563005, 36.5462654 ], [ 129.3573088, 36.5459062 ], [ 129.3574063, 36.5461871 ], [ 129.3573901, 36.5469056 ], [ 129.3573456, 36.5473171 ], [ 129.3577397, 36.5475515 ], [ 129.358382, 36.5469709 ], [ 129.3594228, 36.5467227 ], [ 129.360138299999988, 36.5471407 ], [ 129.3609839, 36.5493616 ], [ 129.3617482, 36.5497927 ], [ 129.3635045, 36.5503545 ], [ 129.3640574, 36.5512951 ], [ 129.3638623, 36.5529933 ], [ 129.363699700000012, 36.5535812 ], [ 129.3640249, 36.5539992 ], [ 129.3648705, 36.5534897 ], [ 129.365683600000011, 36.5535028 ], [ 129.3658137, 36.55396 ], [ 129.3669195, 36.5545217 ], [ 129.368887199999989, 36.5548875 ], [ 129.3691962, 36.5555667 ], [ 129.3684969, 36.5569253 ], [ 129.367277300000012, 36.5564028 ], [ 129.365748700000012, 36.5564028 ], [ 129.366789399999988, 36.5569644 ], [ 129.3681554, 36.5574478 ], [ 129.367635, 36.5584797 ], [ 129.3671309, 36.5592896 ], [ 129.3680253, 36.5596422 ], [ 129.368285500000013, 36.5588063 ], [ 129.368726900000013, 36.5585646 ], [ 129.3697328, 36.558127 ], [ 129.3701068, 36.5575261 ], [ 129.3710663, 36.5561023 ], [ 129.3720908, 36.55541 ], [ 129.3732291, 36.5553969 ], [ 129.3744975, 36.5552532 ], [ 129.3752293, 36.554783 ], [ 129.376058699999987, 36.5543519 ], [ 129.376481500000011, 36.5539077 ], [ 129.3773271, 36.5537379 ], [ 129.37802640000001, 36.5533591 ], [ 129.3789533, 36.5536203 ], [ 129.378254, 36.5544041 ], [ 129.3767579, 36.5553316 ], [ 129.3762701, 36.5559717 ], [ 129.375993599999987, 36.5568991 ], [ 129.376969300000013, 36.5566901 ], [ 129.3776198, 36.5558933 ], [ 129.378628099999986, 36.555005 ], [ 129.3795225, 36.5543519 ], [ 129.3799615, 36.5538555 ], [ 129.3810348, 36.5539992 ], [ 129.3815552, 36.5541559 ], [ 129.3818479, 36.5546785 ], [ 129.3824333, 36.5543127 ], [ 129.383344, 36.5539992 ], [ 129.3854093, 36.5535681 ], [ 129.386336199999988, 36.5538294 ], [ 129.385815799999989, 36.5548875 ], [ 129.386759, 36.555201 ], [ 129.3861736, 36.5560892 ], [ 129.3855881, 36.5568861 ], [ 129.384807599999988, 36.5574869 ], [ 129.3838806, 36.5578527 ], [ 129.38313260000001, 36.5577482 ], [ 129.3830025, 36.5571865 ], [ 129.3820756, 36.5574347 ], [ 129.3805307, 36.5571865 ], [ 129.3783516, 36.5575392 ], [ 129.3776849, 36.558336 ], [ 129.3767417, 36.5590544 ], [ 129.3762376, 36.5601125 ], [ 129.3757822, 36.5613142 ], [ 129.37540820000001, 36.5617713 ], [ 129.375083, 36.5624244 ], [ 129.375977400000011, 36.5625289 ], [ 129.3767742, 36.5619411 ], [ 129.376985600000012, 36.5611835 ], [ 129.3773434, 36.5600863 ], [ 129.3782621, 36.5592602 ], [ 129.3794412, 36.5588193 ], [ 129.3803843, 36.5588193 ], [ 129.3809698, 36.5587148 ], [ 129.3818235, 36.5584666 ], [ 129.382238199999989, 36.5585189 ], [ 129.3820105, 36.5588063 ], [ 129.381067300000012, 36.5590414 ], [ 129.381132400000013, 36.5593157 ], [ 129.3813601, 36.5599035 ], [ 129.3809047, 36.5606219 ], [ 129.380107900000013, 36.5603345 ], [ 129.379132199999987, 36.5608309 ], [ 129.380091599999986, 36.5613272 ], [ 129.380205499999988, 36.5619281 ], [ 129.379571199999987, 36.5638873 ], [ 129.378628099999986, 36.5643575 ], [ 129.377636099999989, 36.5650106 ], [ 129.3781239, 36.5654547 ], [ 129.3793761, 36.5653502 ], [ 129.3792297, 36.5662906 ], [ 129.378498, 36.5679885 ], [ 129.3783191, 36.5691639 ], [ 129.3776844, 36.5697405 ], [ 129.377227, 36.5698981 ], [ 129.3773822, 36.5701593 ], [ 129.3777136, 36.5702859 ], [ 129.3777359, 36.570434 ], [ 129.3777034, 36.5705591 ], [ 129.3774728, 36.5705601 ], [ 129.3773041, 36.5706132 ], [ 129.377116, 36.5706602 ], [ 129.37658540000001, 36.5711738 ], [ 129.3764779, 36.5713809 ], [ 129.3764018, 36.5715876 ], [ 129.3761786, 36.5720759 ], [ 129.3762061, 36.5723042 ], [ 129.3764535, 36.5722286 ], [ 129.3766751, 36.5722065 ], [ 129.37679270000001, 36.5721645 ], [ 129.376936199999989, 36.57218 ], [ 129.377134399999989, 36.5721501 ], [ 129.377023900000012, 36.572282 ], [ 129.376904700000011, 36.5723042 ], [ 129.3767824, 36.5723271 ], [ 129.376586, 36.5723715 ], [ 129.376387, 36.572537 ], [ 129.376168299999989, 36.5727327 ], [ 129.37585390000001, 36.5727786 ], [ 129.3756826, 36.5728129 ], [ 129.375312799999989, 36.5726339 ], [ 129.3749599, 36.5725186 ], [ 129.3746927, 36.5725727 ], [ 129.3742803, 36.5726609 ], [ 129.373919199999989, 36.5729975 ], [ 129.3737765, 36.5731551 ], [ 129.3735624, 36.5734093 ], [ 129.373482200000012, 36.5739142 ], [ 129.3734911, 36.5741076 ], [ 129.3734599, 36.5744621 ], [ 129.373432400000013, 36.5746681 ], [ 129.3733114, 36.5746741 ], [ 129.3727336, 36.5750489 ], [ 129.3718419, 36.5750529 ], [ 129.371265599999987, 36.5756979 ], [ 129.370689199999987, 36.5760359 ], [ 129.3699598, 36.5761059 ], [ 129.3694317, 36.5760349 ], [ 129.3689306, 36.5763486 ], [ 129.3684188, 36.5764149 ], [ 129.3680427, 36.5760087 ], [ 129.36729, 36.5760522 ], [ 129.3667116, 36.5757994 ], [ 129.3662439, 36.5758904 ], [ 129.3659733, 36.5759854 ], [ 129.3655876, 36.5764479 ], [ 129.3663005, 36.5765485 ], [ 129.3665976, 36.5767288 ], [ 129.367593, 36.5766828 ], [ 129.3679045, 36.5769527 ], [ 129.367773199999988, 36.5771979 ], [ 129.365176600000012, 36.578308 ], [ 129.36329, 36.578698 ], [ 129.361272500000013, 36.578623 ], [ 129.3606187, 36.577798 ], [ 129.3597221, 36.5776029 ], [ 129.357742, 36.5759378 ], [ 129.35699360000001, 36.5750776 ], [ 129.3566257, 36.5751716 ], [ 129.3556826, 36.5757592 ], [ 129.3568209, 36.5762033 ], [ 129.3573413, 36.5767256 ], [ 129.3566583, 36.5767779 ], [ 129.3561379, 36.5770652 ], [ 129.3560824, 36.5774773 ], [ 129.3567555, 36.5780213 ], [ 129.357973, 36.5782827 ], [ 129.359360400000014, 36.5789194 ], [ 129.3595302, 36.5798061 ], [ 129.3602381, 36.5805109 ], [ 129.3609947, 36.5805188 ], [ 129.3614771, 36.580396 ], [ 129.361547800000011, 36.5802259 ], [ 129.3615831, 36.5799802 ], [ 129.361971399999987, 36.5800936 ], [ 129.362112599999989, 36.5803487 ], [ 129.3617243, 36.5809252 ], [ 129.361771299999987, 36.5813882 ], [ 129.3615242, 36.5816622 ], [ 129.362042, 36.5818796 ], [ 129.3624892, 36.5821725 ], [ 129.36336, 36.5823331 ], [ 129.3633364, 36.5820686 ], [ 129.3627716, 36.5818796 ], [ 129.362701, 36.581426 ], [ 129.3626539, 36.5810008 ], [ 129.362842199999989, 36.5801692 ], [ 129.362924600000014, 36.5799518 ], [ 129.3633364, 36.5798857 ], [ 129.3635483, 36.579914 ], [ 129.363595299999986, 36.5802826 ], [ 129.363877699999989, 36.5802731 ], [ 129.3641249, 36.579914 ], [ 129.364548500000012, 36.5800936 ], [ 129.3649015, 36.5803015 ], [ 129.3649251, 36.5801503 ], [ 129.3648545, 36.5796872 ], [ 129.365395799999988, 36.5793282 ], [ 129.365737, 36.5790447 ], [ 129.366553900000014, 36.5784305 ], [ 129.3667726, 36.5784588 ], [ 129.3673727, 36.5785533 ], [ 129.367749300000014, 36.578695 ], [ 129.367949399999986, 36.578988 ], [ 129.3679847, 36.5792053 ], [ 129.367890499999987, 36.5795361 ], [ 129.367666899999989, 36.5797817 ], [ 129.367219799999987, 36.5798951 ], [ 129.3669726, 36.5799707 ], [ 129.367055, 36.5801503 ], [ 129.3676434, 36.5802353 ], [ 129.367408, 36.5804716 ], [ 129.3670079, 36.5813976 ], [ 129.3668667, 36.5816811 ], [ 129.366372500000011, 36.5820402 ], [ 129.3658312, 36.5823142 ], [ 129.3659489, 36.583004 ], [ 129.3660195, 36.5833253 ], [ 129.365478200000013, 36.5836088 ], [ 129.364972099999989, 36.5835521 ], [ 129.3644544, 36.583486 ], [ 129.3636895, 36.5833726 ], [ 129.3635365, 36.5831458 ], [ 129.3632658, 36.5834482 ], [ 129.3626892, 36.5837316 ], [ 129.3620185, 36.5837978 ], [ 129.3615595, 36.5833631 ], [ 129.3613124, 36.5833631 ], [ 129.3614183, 36.5836371 ], [ 129.3617007, 36.5841002 ], [ 129.361547800000011, 36.5843269 ], [ 129.36103, 36.5843836 ], [ 129.3604887, 36.5842608 ], [ 129.3599356, 36.5839395 ], [ 129.359712, 36.5834954 ], [ 129.3593472, 36.5832592 ], [ 129.358935300000013, 36.5830229 ], [ 129.358794100000011, 36.5828056 ], [ 129.358570500000013, 36.5823615 ], [ 129.3582293, 36.5822103 ], [ 129.3574997, 36.5821064 ], [ 129.357087799999988, 36.5819079 ], [ 129.3565936, 36.5812086 ], [ 129.3558169, 36.5808023 ], [ 129.3554756, 36.5803676 ], [ 129.3547107, 36.5798668 ], [ 129.3540753, 36.5796305 ], [ 129.3538399, 36.5792715 ], [ 129.353604600000011, 36.5796589 ], [ 129.353534, 36.580018 ], [ 129.3544636, 36.5806795 ], [ 129.354251799999986, 36.5808401 ], [ 129.353687, 36.5808118 ], [ 129.353075, 36.5807645 ], [ 129.353075, 36.5808874 ], [ 129.35273380000001, 36.5811236 ], [ 129.3532045, 36.5811519 ], [ 129.3541459, 36.5811047 ], [ 129.3548049, 36.5811519 ], [ 129.355181499999986, 36.5814921 ], [ 129.3556169, 36.5817378 ], [ 129.3561346, 36.581993 ], [ 129.356558299999989, 36.5823426 ], [ 129.3570525, 36.5825599 ], [ 129.358064500000012, 36.5828623 ], [ 129.3584764, 36.5831174 ], [ 129.3587, 36.5835994 ], [ 129.359076499999986, 36.5840624 ], [ 129.3594649, 36.5845443 ], [ 129.358994200000012, 36.58479 ], [ 129.3586411, 36.5850356 ], [ 129.3581704, 36.5848844 ], [ 129.3578292, 36.5844025 ], [ 129.3572761, 36.5843458 ], [ 129.3569819, 36.5840151 ], [ 129.356417099999987, 36.5840246 ], [ 129.3557463, 36.5840151 ], [ 129.35559330000001, 36.5837316 ], [ 129.355146100000013, 36.5841285 ], [ 129.3546754, 36.5841569 ], [ 129.353942499999988, 36.5838818 ] ] ] } },
{ "type": "Feature", "properties": { "natural": "wood", "name": null }, "geometry": { "type": "Polygon", "coordinates": [ [ [ 129.3633001, 36.5976633 ], [ 129.363897900000012, 36.5973409 ], [ 129.3639633, 36.5971609 ], [ 129.363972600000011, 36.5968685 ], [ 129.3642715, 36.5965835 ], [ 129.3645143, 36.5963361 ], [ 129.3646731, 36.5958111 ], [ 129.3647758, 36.5954362 ], [ 129.364869199999987, 36.5951663 ], [ 129.3650374, 36.5948513 ], [ 129.3648599, 36.5944089 ], [ 129.3644022, 36.5943189 ], [ 129.3641594, 36.5943339 ], [ 129.3637671, 36.5945064 ], [ 129.363384200000013, 36.5944239 ], [ 129.3628798, 36.5944464 ], [ 129.3625156, 36.5943714 ], [ 129.3625156, 36.5941689 ], [ 129.3631507, 36.5939889 ], [ 129.3637671, 36.5939364 ], [ 129.364374199999986, 36.5938015 ], [ 129.364561, 36.593584 ], [ 129.3651494, 36.5931191 ], [ 129.3655791, 36.5928941 ], [ 129.3663076, 36.5927141 ], [ 129.3664197, 36.5926241 ], [ 129.366401, 36.5924217 ], [ 129.3663823, 36.5920392 ], [ 129.3664197, 36.5918517 ], [ 129.3664384, 36.5917092 ], [ 129.3669894, 36.5914393 ], [ 129.3674004, 36.5913118 ], [ 129.367689899999988, 36.5910943 ], [ 129.3677179, 36.5909443 ], [ 129.3673257, 36.5905319 ], [ 129.3669614, 36.5903669 ], [ 129.3663263, 36.5904044 ], [ 129.3660461, 36.5903594 ], [ 129.3659247, 36.5901644 ], [ 129.3656631, 36.5901194 ], [ 129.3653176, 36.5901944 ], [ 129.3647852, 36.5903819 ], [ 129.3647011, 36.5906294 ], [ 129.3645237, 36.5911093 ], [ 129.3642341, 36.5911843 ], [ 129.363711099999989, 36.5913943 ], [ 129.3631787, 36.5914693 ], [ 129.3628798, 36.5916118 ], [ 129.3628238, 36.5919117 ], [ 129.362693, 36.5921592 ], [ 129.362085900000011, 36.5929691 ], [ 129.3617777, 36.593284 ], [ 129.3615255, 36.593674 ], [ 129.3615629, 36.5939739 ], [ 129.3612453, 36.5942439 ], [ 129.360853, 36.5945439 ], [ 129.360834399999987, 36.5948363 ], [ 129.3605355, 36.5951663 ], [ 129.3602273, 36.5957437 ], [ 129.3599471, 36.5959986 ], [ 129.359461399999986, 36.5961561 ], [ 129.3585928, 36.596486 ], [ 129.3581725, 36.596471 ], [ 129.3576774, 36.5964035 ], [ 129.3573786, 36.5963361 ], [ 129.3569676, 36.5962461 ], [ 129.356547299999988, 36.5962686 ], [ 129.355977599999989, 36.5964635 ], [ 129.3559589, 36.5965535 ], [ 129.3562297, 36.596666 ], [ 129.356594, 36.596801 ], [ 129.3569209, 36.5972284 ], [ 129.3573319, 36.5972284 ], [ 129.35768680000001, 36.5972884 ], [ 129.3579109, 36.5974533 ], [ 129.3583499, 36.5980307 ], [ 129.3583499, 36.5983007 ], [ 129.3582098, 36.5984656 ], [ 129.3576774, 36.5986081 ], [ 129.357593400000013, 36.5988256 ], [ 129.3573505, 36.599148 ], [ 129.3574439, 36.5993205 ], [ 129.3578923, 36.5991855 ], [ 129.3584994, 36.599073 ], [ 129.3590691, 36.5988481 ], [ 129.359807, 36.5987281 ], [ 129.3601712, 36.5988781 ], [ 129.360797, 36.599028 ], [ 129.3611799, 36.5989231 ], [ 129.361460099999988, 36.5986681 ], [ 129.3617497, 36.5984432 ], [ 129.3623661, 36.5982857 ], [ 129.3624782, 36.5981057 ], [ 129.3627677, 36.5978508 ], [ 129.3630666, 36.5976783 ], [ 129.3633001, 36.5976633 ] ] ] } },
{ "type": "Feature", "properties": { "natural": "wood", "name": null }, "geometry": { "type": "Polygon", "coordinates": [ [ [ 129.4190437, 36.4200235 ], [ 129.418831399999988, 36.4201118 ], [ 129.4184704, 36.4202685 ], [ 129.418247400000013, 36.4202969 ], [ 129.418074, 36.4203995 ], [ 129.417886399999986, 36.420482 ], [ 129.417642199999989, 36.4205191 ], [ 129.4175148, 36.4205077 ], [ 129.417408599999987, 36.4204165 ], [ 129.4173768, 36.420314 ], [ 129.417426299999988, 36.4201802 ], [ 129.4175396, 36.4200207 ], [ 129.417713, 36.4199153 ], [ 129.4177767, 36.4198441 ], [ 129.4178298, 36.4197501 ], [ 129.417936, 36.4196846 ], [ 129.4182085, 36.4194255 ], [ 129.418343, 36.4194198 ], [ 129.4184704, 36.4193827 ], [ 129.4186544, 36.4192717 ], [ 129.4187641, 36.4192546 ], [ 129.4188703, 36.41934 ], [ 129.4189836, 36.4194027 ], [ 129.4190791, 36.4194568 ], [ 129.41908620000001, 36.4195422 ], [ 129.4188628, 36.4195819 ], [ 129.4187679, 36.4196984 ], [ 129.4185477, 36.4197699 ], [ 129.4183338, 36.4198439 ], [ 129.4183435, 36.4199133 ], [ 129.418544700000012, 36.4199751 ], [ 129.4186226, 36.4199837 ], [ 129.418760600000013, 36.4199523 ], [ 129.418824300000011, 36.4199495 ], [ 129.418948199999988, 36.4199837 ], [ 129.4190437, 36.4200235 ] ] ] } },
{ "type": "Feature", "properties": { "natural": "wood", "name": null }, "geometry": { "type": "Polygon", "coordinates": [ [ [ 129.4028901, 36.4507644 ], [ 129.4029094, 36.4505571 ], [ 129.40297480000001, 36.4504277 ], [ 129.40297480000001, 36.4501365 ], [ 129.4028692, 36.4496148 ], [ 129.402854100000013, 36.4494692 ], [ 129.402612800000014, 36.4492387 ], [ 129.402502199999986, 36.4491659 ], [ 129.4022508, 36.4492549 ], [ 129.4021402, 36.4494126 ], [ 129.4019692, 36.4495905 ], [ 129.401939, 36.4497442 ], [ 129.4019843, 36.449906 ], [ 129.4020547, 36.4501972 ], [ 129.4019692, 36.4504034 ], [ 129.4019916, 36.4505167 ], [ 129.402072800000013, 36.4505787 ], [ 129.4028901, 36.4507644 ] ] ] } },
{ "type": "Feature", "properties": { "natural": "wood", "name": null }, "geometry": { "type": "Polygon", "coordinates": [ [ [ 129.4026073, 36.4536247 ], [ 129.402433800000011, 36.4527052 ], [ 129.4022498, 36.4521729 ], [ 129.4020056, 36.4517743 ], [ 129.4017225, 36.451427 ], [ 129.4014287, 36.4511679 ], [ 129.4011759, 36.4516917 ], [ 129.4009902, 36.4519104 ], [ 129.4007913, 36.4522251 ], [ 129.4005459, 36.4524278 ], [ 129.4004531, 36.4526891 ], [ 129.400579099999987, 36.4529185 ], [ 129.401189100000011, 36.4534198 ], [ 129.40154720000001, 36.4537131 ], [ 129.4017063, 36.4539051 ], [ 129.4019384, 36.4540171 ], [ 129.4022302, 36.4543905 ], [ 129.402402599999988, 36.4549985 ], [ 129.4024755, 36.4549238 ], [ 129.4025418, 36.4546571 ], [ 129.402575, 36.4541505 ], [ 129.4026073, 36.4536247 ] ] ] } },
{ "type": "Feature", "properties": { "natural": "wood", "name": null }, "geometry": { "type": "Polygon", "coordinates": [ [ [ 129.4196302, 36.447045 ], [ 129.4194114, 36.4471784 ], [ 129.4191793, 36.4471464 ], [ 129.4187284, 36.4471037 ], [ 129.418549399999989, 36.4469064 ], [ 129.4185295, 36.446725 ], [ 129.41843, 36.4462343 ], [ 129.4182112, 36.4459943 ], [ 129.41813830000001, 36.4457542 ], [ 129.4181118, 36.4455195 ], [ 129.418098500000013, 36.4452475 ], [ 129.4182112, 36.4451568 ], [ 129.418556, 36.4450661 ], [ 129.4189605, 36.4450075 ], [ 129.4193119, 36.4449435 ], [ 129.419491, 36.4449968 ], [ 129.4197297, 36.4451995 ], [ 129.4197695, 36.4453008 ], [ 129.41947110000001, 36.4453969 ], [ 129.4192721, 36.4453542 ], [ 129.4190997, 36.4453542 ], [ 129.4189605, 36.4454982 ], [ 129.4190533, 36.4456102 ], [ 129.41906, 36.4457702 ], [ 129.4190069, 36.4460049 ], [ 129.419033399999989, 36.4461863 ], [ 129.4191329, 36.446421 ], [ 129.4193318, 36.4467357 ], [ 129.4195374, 36.4468423 ], [ 129.4196567, 36.4468957 ], [ 129.4196302, 36.447045 ] ] ] } },
{ "type": "Feature", "properties": { "natural": "wood", "name": null }, "geometry": { "type": "Polygon", "coordinates": [ [ [ 129.376949599999989, 36.4212912 ], [ 129.3768608, 36.4216323 ], [ 129.376592499999987, 36.4214553 ], [ 129.376152600000012, 36.4211316 ], [ 129.375734200000011, 36.4208251 ], [ 129.3753265, 36.4201215 ], [ 129.37516020000001, 36.4198107 ], [ 129.3750583, 36.4193445 ], [ 129.3748223, 36.4188783 ], [ 129.3749081, 36.4186193 ], [ 129.3747257, 36.4181013 ], [ 129.374291199999988, 36.4176653 ], [ 129.374269700000013, 36.417307 ], [ 129.374082, 36.4168796 ], [ 129.3738459, 36.4167674 ], [ 129.3736046, 36.4163184 ], [ 129.3735241, 36.4159083 ], [ 129.3734919, 36.4155284 ], [ 129.3737065, 36.4152521 ], [ 129.373980100000011, 36.4151399 ], [ 129.3744307, 36.4151356 ], [ 129.3749242, 36.4153428 ], [ 129.375069, 36.4154464 ], [ 129.3751388, 36.4157702 ], [ 129.3751978, 36.4159731 ], [ 129.37549820000001, 36.4160939 ], [ 129.3755357, 36.4162062 ], [ 129.3753963, 36.4165213 ], [ 129.3753855, 36.4168321 ], [ 129.3754499, 36.4170566 ], [ 129.3756591, 36.417048 ], [ 129.3759059, 36.4170005 ], [ 129.3760615, 36.4171645 ], [ 129.37607220000001, 36.4175142 ], [ 129.3759595, 36.4178682 ], [ 129.375626899999986, 36.4178854 ], [ 129.3756645, 36.4180624 ], [ 129.375675199999989, 36.4185459 ], [ 129.375728900000013, 36.4187358 ], [ 129.375857599999989, 36.4190941 ], [ 129.3760668, 36.4192668 ], [ 129.375991699999986, 36.4194826 ], [ 129.3760346, 36.4198841 ], [ 129.376302900000013, 36.4200093 ], [ 129.376431599999989, 36.4202639 ], [ 129.3765067, 36.420497 ], [ 129.3766784, 36.4207862 ], [ 129.3768125, 36.4208337 ], [ 129.376949599999989, 36.4212912 ] ] ] } },
{ "type": "Feature", "properties": { "natural": "wood", "name": null }, "geometry": { "type": "Polygon", "coordinates": [ [ [ 129.376839100000012, 36.4165183 ], [ 129.3764122, 36.4163154 ], [ 129.3763269, 36.4159883 ], [ 129.3761236, 36.4157953 ], [ 129.3759854, 36.4155891 ], [ 129.3757496, 36.4154943 ], [ 129.375310500000012, 36.4152129 ], [ 129.375156, 36.4149937 ], [ 129.375156, 36.414889 ], [ 129.3756195, 36.4148301 ], [ 129.375830900000011, 36.4146404 ], [ 129.3761805, 36.4144768 ], [ 129.3766602, 36.4142903 ], [ 129.3769936, 36.4142347 ], [ 129.3771725, 36.4142805 ], [ 129.377316, 36.4144918 ], [ 129.377266, 36.4149708 ], [ 129.3772904, 36.4151965 ], [ 129.377294400000011, 36.4154975 ], [ 129.3772538, 36.4157135 ], [ 129.377144, 36.416021 ], [ 129.377046400000012, 36.416358 ], [ 129.3771237, 36.4164201 ], [ 129.37714, 36.4165444 ], [ 129.3770912, 36.4167833 ], [ 129.3770017, 36.4167865 ], [ 129.376957, 36.4166426 ], [ 129.376839100000012, 36.4165183 ] ] ] } },
{ "type": "Feature", "properties": { "natural": "wood", "name": null }, "geometry": { "type": "Polygon", "coordinates": [ [ [ 129.3815262, 36.4197826 ], [ 129.381797299999988, 36.4195694 ], [ 129.381846599999989, 36.4192867 ], [ 129.3820253, 36.4190983 ], [ 129.3821917, 36.4190289 ], [ 129.382222500000012, 36.4186719 ], [ 129.38198220000001, 36.4185033 ], [ 129.381612499999989, 36.4183297 ], [ 129.381329, 36.4181661 ], [ 129.381119500000011, 36.4179777 ], [ 129.38091, 36.417819 ], [ 129.3807559, 36.417819 ], [ 129.380552599999987, 36.4180124 ], [ 129.3804232, 36.4183446 ], [ 129.3806758, 36.4186719 ], [ 129.380792899999989, 36.4188752 ], [ 129.3807067, 36.4192322 ], [ 129.3806882, 36.4193413 ], [ 129.3806882, 36.4193909 ], [ 129.3815262, 36.4197826 ] ] ] } },
{ "type": "Feature", "properties": { "natural": "wood", "name": null }, "geometry": { "type": "Polygon", "coordinates": [ [ [ 129.3974723, 36.4353379 ], [ 129.397626800000012, 36.4349781 ], [ 129.397765, 36.4346576 ], [ 129.3978626, 36.4338334 ], [ 129.3978544, 36.4334212 ], [ 129.397732499999989, 36.4331726 ], [ 129.3973991, 36.4326166 ], [ 129.3972528, 36.43244 ], [ 129.3970251, 36.4323222 ], [ 129.3967486, 36.4320998 ], [ 129.3965454, 36.4319297 ], [ 129.3963014, 36.4318577 ], [ 129.396065599999986, 36.4318512 ], [ 129.395903, 36.4319166 ], [ 129.3956672, 36.4320671 ], [ 129.395473399999986, 36.4321986 ], [ 129.395438, 36.4323923 ], [ 129.3953814, 36.4327339 ], [ 129.3953885, 36.4330244 ], [ 129.3955584, 36.4333718 ], [ 129.395707, 36.4335312 ], [ 129.3958557, 36.4336964 ], [ 129.3959901, 36.4338729 ], [ 129.396138799999989, 36.4340666 ], [ 129.3964078, 36.4342203 ], [ 129.39659180000001, 36.4345108 ], [ 129.39679, 36.4348695 ], [ 129.3968466, 36.4351201 ], [ 129.396924500000011, 36.4354333 ], [ 129.3969528, 36.4356269 ], [ 129.397023600000011, 36.4358547 ], [ 129.3971439, 36.4358775 ], [ 129.3974723, 36.4353379 ] ] ] } },
{ "type": "Feature", "properties": { "natural": "wood", "name": null }, "geometry": { "type": "Polygon", "coordinates": [ [ [ 129.373315100000013, 36.3836948 ], [ 129.373315100000013, 36.383879 ], [ 129.3734225, 36.3839693 ], [ 129.3735579, 36.3840275 ], [ 129.373714400000011, 36.3840407 ], [ 129.373747, 36.3842193 ], [ 129.3738825, 36.384349 ], [ 129.3738755, 36.3846986 ], [ 129.373847399999988, 36.3847613 ], [ 129.3732681, 36.3850772 ], [ 129.3731376, 36.3850783 ], [ 129.372813, 36.3850783 ], [ 129.37260520000001, 36.385084 ], [ 129.3724348, 36.3850483 ], [ 129.372339, 36.3849843 ], [ 129.3722807, 36.3848396 ], [ 129.372285299999987, 36.3846197 ], [ 129.372397400000011, 36.3844148 ], [ 129.372418399999987, 36.3843452 ], [ 129.3725585, 36.3842832 ], [ 129.372649599999988, 36.384114 ], [ 129.372841099999988, 36.383926 ], [ 129.3730069, 36.3837662 ], [ 129.373256700000013, 36.3835576 ], [ 129.373315100000013, 36.3836948 ] ] ] } },
{ "type": "Feature", "properties": { "natural": "wood", "name": null }, "geometry": { "type": "Polygon", "coordinates": [ [ [ 129.3886812, 36.5750899 ], [ 129.389026800000011, 36.5754295 ], [ 129.3894089, 36.5756776 ], [ 129.3897829, 36.57588 ], [ 129.3901529, 36.5759877 ], [ 129.3904497, 36.57604 ], [ 129.3904944, 36.5757788 ], [ 129.390787100000011, 36.5754784 ], [ 129.3909741, 36.5754752 ], [ 129.391067600000014, 36.5752009 ], [ 129.3910879, 36.5749169 ], [ 129.3910514, 36.5747536 ], [ 129.3911489, 36.5747014 ], [ 129.3909701, 36.5742508 ], [ 129.3909619, 36.5740941 ], [ 129.3910392, 36.5738786 ], [ 129.3912872, 36.573735 ], [ 129.3914335, 36.5735913 ], [ 129.3914687, 36.5735273 ], [ 129.3914945, 36.5734803 ], [ 129.391372499999989, 36.5733954 ], [ 129.3912628, 36.5733856 ], [ 129.391153, 36.5734117 ], [ 129.390795200000014, 36.5734542 ], [ 129.390718, 36.5735423 ], [ 129.390628600000014, 36.5737089 ], [ 129.390364299999987, 36.5740713 ], [ 129.3902098, 36.5741594 ], [ 129.3899293, 36.5742149 ], [ 129.3892707, 36.5741398 ], [ 129.3891812, 36.5743618 ], [ 129.3886324, 36.5744075 ], [ 129.3885836, 36.5745871 ], [ 129.3885511, 36.574943 ], [ 129.3886812, 36.5750899 ] ] ] } },
{ "type": "Feature", "properties": { "natural": "wood", "name": null }, "geometry": { "type": "Polygon", "coordinates": [ [ [ 129.404566100000011, 36.5294456 ], [ 129.404374600000011, 36.5288227 ], [ 129.4042579, 36.5286538 ], [ 129.4041224, 36.5285187 ], [ 129.404524, 36.5273479 ], [ 129.4046315, 36.5272503 ], [ 129.404757499999988, 36.5272091 ], [ 129.4051545, 36.5272241 ], [ 129.4054767, 36.5273329 ], [ 129.4056028, 36.5273179 ], [ 129.4060418, 36.527423 ], [ 129.4062846, 36.527468 ], [ 129.4068871, 36.5276256 ], [ 129.4071252, 36.5277532 ], [ 129.4073027, 36.5278996 ], [ 129.407293399999986, 36.5281322 ], [ 129.407195300000012, 36.5283311 ], [ 129.407078500000011, 36.5285825 ], [ 129.4070879, 36.5287373 ], [ 129.407349399999987, 36.5288417 ], [ 129.407442800000013, 36.529044 ], [ 129.406929100000013, 36.5294114 ], [ 129.406761, 36.5290497 ], [ 129.406583500000011, 36.5286689 ], [ 129.4062099, 36.5289015 ], [ 129.4046548, 36.5294925 ], [ 129.404566100000011, 36.5294456 ] ] ] } },
{ "type": "Feature", "properties": { "natural": "wood", "name": null }, "geometry": { "type": "Polygon", "coordinates": [ [ [ 129.3988852, 36.5176043 ], [ 129.39921, 36.517636 ], [ 129.3995553, 36.5179646 ], [ 129.399764800000014, 36.5177294 ], [ 129.3999743, 36.5177516 ], [ 129.400113, 36.51766 ], [ 129.400245500000011, 36.5174619 ], [ 129.400470399999989, 36.5173059 ], [ 129.4008031, 36.5167686 ], [ 129.4010096, 36.5164913 ], [ 129.4011883, 36.5164071 ], [ 129.401206699999989, 36.5163254 ], [ 129.400479600000011, 36.5161025 ], [ 129.400464199999988, 36.5158598 ], [ 129.4006522, 36.5156246 ], [ 129.3992256, 36.5147554 ], [ 129.3989607, 36.5150501 ], [ 129.398899, 36.5154389 ], [ 129.3989268, 36.5157583 ], [ 129.398815899999988, 36.5163526 ], [ 129.3988852, 36.5176043 ] ] ] } },
{ "type": "Feature", "properties": { "natural": "wood", "name": null }, "geometry": { "type": "Polygon", "coordinates": [ [ [ 129.3966057, 36.5130205 ], [ 129.3971147, 36.5125738 ], [ 129.3973015, 36.5125213 ], [ 129.3976377, 36.5126076 ], [ 129.3978105, 36.5127352 ], [ 129.3981748, 36.5133695 ], [ 129.3983289, 36.5140676 ], [ 129.3983242, 36.5145331 ], [ 129.397903899999989, 36.5145556 ], [ 129.3979693, 36.5149196 ], [ 129.398286899999988, 36.5148971 ], [ 129.3984457, 36.5160306 ], [ 129.3981795, 36.5160606 ], [ 129.398058, 36.5158467 ], [ 129.39803, 36.5152049 ], [ 129.397712500000011, 36.5152387 ], [ 129.3976518, 36.5150885 ], [ 129.3973015, 36.5149872 ], [ 129.3972081, 36.5147883 ], [ 129.3968765, 36.5147282 ], [ 129.396339500000011, 36.5148296 ], [ 129.396302100000014, 36.5145293 ], [ 129.3964609, 36.5142628 ], [ 129.3964796, 36.5140414 ], [ 129.396568300000013, 36.5137561 ], [ 129.3965777, 36.5134033 ], [ 129.3966057, 36.5130205 ] ] ] } },
{ "type": "Feature", "properties": { "natural": "wood", "name": null }, "geometry": { "type": "Polygon", "coordinates": [ [ [ 129.4341648, 36.4549543 ], [ 129.4344232, 36.4550112 ], [ 129.4345577, 36.4549999 ], [ 129.4354319, 36.4552788 ], [ 129.435428300000012, 36.4548888 ], [ 129.4353434, 36.454459 ], [ 129.4353505, 36.4542028 ], [ 129.4350921, 36.4537245 ], [ 129.4350718, 36.4535324 ], [ 129.435231499999986, 36.4528983 ], [ 129.435290400000014, 36.4527066 ], [ 129.4353729, 36.452383 ], [ 129.4351735, 36.4521671 ], [ 129.4354898, 36.4522028 ], [ 129.4357049, 36.4518266 ], [ 129.43573330000001, 36.4516688 ], [ 129.4357028, 36.451415 ], [ 129.435699699999986, 36.4511671 ], [ 129.4355826, 36.4509975 ], [ 129.435741400000012, 36.4507948 ], [ 129.4355179, 36.4503861 ], [ 129.435803099999987, 36.4502641 ], [ 129.4361946, 36.449273 ], [ 129.436250699999988, 36.4485943 ], [ 129.4362542, 36.4478743 ], [ 129.435493400000013, 36.4481614 ], [ 129.435463700000014, 36.4487488 ], [ 129.435567, 36.4490374 ], [ 129.4353989, 36.4493937 ], [ 129.4351289, 36.4500472 ], [ 129.4349594, 36.4501106 ], [ 129.4347587, 36.4503976 ], [ 129.4347434, 36.45053 ], [ 129.4348431, 36.4507361 ], [ 129.43479880000001, 36.450975 ], [ 129.434621600000014, 36.4509726 ], [ 129.434511, 36.451151 ], [ 129.4345753, 36.4512362 ], [ 129.4347697, 36.4512331 ], [ 129.4345987, 36.4514799 ], [ 129.434389900000014, 36.4514729 ], [ 129.4344803, 36.4519232 ], [ 129.4344864, 36.4521534 ], [ 129.4343699, 36.4530709 ], [ 129.4343719, 36.453289 ], [ 129.4344161, 36.4536335 ], [ 129.4346214, 36.4543394 ], [ 129.4345719, 36.4545273 ], [ 129.4344551, 36.454664 ], [ 129.434179, 36.4548575 ], [ 129.4341648, 36.4549543 ] ] ] } },
{ "type": "Feature", "properties": { "natural": "wood", "name": null }, "geometry": { "type": "Polygon", "coordinates": [ [ [ 129.4054247, 36.4696512 ], [ 129.406940600000013, 36.472109 ], [ 129.4068605, 36.4721437 ], [ 129.406084, 36.471564 ], [ 129.4057205, 36.4712617 ], [ 129.405202800000012, 36.471222 ], [ 129.40479, 36.4713261 ], [ 129.4041923, 36.4711279 ], [ 129.404032, 36.4708256 ], [ 129.404198400000013, 36.4705085 ], [ 129.4044264, 36.470449 ], [ 129.404543499999988, 36.4706819 ], [ 129.4048886, 36.4705927 ], [ 129.405055, 36.470667 ], [ 129.4053323, 36.4704936 ], [ 129.4049071, 36.4701666 ], [ 129.4050858, 36.4699237 ], [ 129.4054247, 36.4696512 ] ] ] } },
{ "type": "Feature", "properties": { "natural": "wood", "name": null }, "geometry": { "type": "Polygon", "coordinates": [ [ [ 129.4030412, 36.4700442 ], [ 129.4035508, 36.470467 ], [ 129.4040819, 36.4702469 ], [ 129.4044199, 36.4700183 ], [ 129.404688099999987, 36.4692504 ], [ 129.404967, 36.4689959 ], [ 129.4037279, 36.4670589 ], [ 129.4036098, 36.4671409 ], [ 129.4034167, 36.4670115 ], [ 129.402832, 36.4670072 ], [ 129.402494, 36.4674688 ], [ 129.402628099999987, 36.4679131 ], [ 129.4026067, 36.4683704 ], [ 129.403100200000011, 36.4693971 ], [ 129.403148499999986, 36.4697509 ], [ 129.4030412, 36.4700442 ] ] ] } },
{ "type": "Feature", "properties": { "natural": "wood", "name": null }, "geometry": { "type": "Polygon", "coordinates": [ [ [ 129.3752299, 36.4135689 ], [ 129.375808299999989, 36.4133949 ], [ 129.3759923, 36.4134273 ], [ 129.3762822, 36.413549 ], [ 129.3766372, 36.4136931 ], [ 129.376706899999988, 36.4135938 ], [ 129.3769349, 36.4136391 ], [ 129.3768732, 36.4137212 ], [ 129.3770395, 36.4138485 ], [ 129.37717090000001, 36.4140385 ], [ 129.3768652, 36.4139867 ], [ 129.376664, 36.4139888 ], [ 129.376476200000013, 36.4140169 ], [ 129.3762697, 36.414073 ], [ 129.3761034, 36.4141464 ], [ 129.3754892, 36.4144401 ], [ 129.3751914, 36.4142732 ], [ 129.375029, 36.4135663 ], [ 129.3752299, 36.4135689 ] ] ] } },
{ "type": "Feature", "properties": { "natural": "wood", "name": "도천숲" }, "geometry": { "type": "Polygon", "coordinates": [ [ [ 129.351283200000012, 36.3069814 ], [ 129.3516529, 36.3070757 ], [ 129.351976400000012, 36.3071974 ], [ 129.3522907, 36.3073637 ], [ 129.3526388, 36.3074059 ], [ 129.3528484, 36.307401 ], [ 129.353396800000013, 36.3072669 ], [ 129.3534553, 36.3071775 ], [ 129.3534985, 36.3070385 ], [ 129.3535262, 36.3067579 ], [ 129.35352, 36.3065667 ], [ 129.3534707, 36.3063159 ], [ 129.352725099999986, 36.3063557 ], [ 129.352722, 36.3061322 ], [ 129.3526697, 36.3060354 ], [ 129.35223830000001, 36.3062712 ], [ 129.3520442, 36.3065096 ], [ 129.351847, 36.3064922 ], [ 129.351763799999986, 36.3064153 ], [ 129.3513879, 36.3066834 ], [ 129.351283200000012, 36.3069814 ] ] ] } },
{ "type": "Feature", "properties": { "natural": "wood", "name": null }, "geometry": { "type": "Polygon", "coordinates": [ [ [ 129.409964699999989, 36.5983999 ], [ 129.4100994, 36.598378 ], [ 129.4101509, 36.5983612 ], [ 129.4102389, 36.5983327 ], [ 129.4101369, 36.5979882 ], [ 129.409976, 36.5973249 ], [ 129.4098338, 36.5968404 ], [ 129.40976950000001, 36.596694 ], [ 129.4095924, 36.5965368 ], [ 129.40956030000001, 36.5964593 ], [ 129.409635400000013, 36.5963322 ], [ 129.4094208, 36.5955742 ], [ 129.4093806, 36.5955031 ], [ 129.409066700000011, 36.595529 ], [ 129.4091096, 36.5958046 ], [ 129.409345699999989, 36.5966531 ], [ 129.4095898, 36.5975252 ], [ 129.40993850000001, 36.5983134 ], [ 129.409964699999989, 36.5983999 ] ] ] } },
{ "type": "Feature", "properties": { "natural": "wood", "name": null }, "geometry": { "type": "Polygon", "coordinates": [ [ [ 129.40958710000001, 36.587255 ], [ 129.4099009, 36.5873562 ], [ 129.4102469, 36.5873455 ], [ 129.4108987, 36.5873885 ], [ 129.4105017, 36.588993 ], [ 129.4100296, 36.590591 ], [ 129.4098821, 36.5911875 ], [ 129.4097453, 36.5919499 ], [ 129.4094422, 36.5919499 ], [ 129.4093698, 36.590858 ], [ 129.4089165, 36.5908602 ], [ 129.4089514, 36.5901732 ], [ 129.4090453, 36.5896843 ], [ 129.40919550000001, 36.5888573 ], [ 129.4092894, 36.5885687 ], [ 129.409796300000011, 36.5886312 ], [ 129.4098043, 36.5877956 ], [ 129.409571, 36.5874381 ], [ 129.409571, 36.5873648 ], [ 129.40958710000001, 36.587255 ] ] ] } },
{ "type": "Feature", "properties": { "natural": "wood", "name": null }, "geometry": { "type": "Polygon", "coordinates": [ [ [ 129.4126099, 36.5805697 ], [ 129.4134602, 36.5809703 ], [ 129.4129667, 36.5819288 ], [ 129.4128272, 36.5820903 ], [ 129.412349799999987, 36.5820515 ], [ 129.4118053, 36.5820795 ], [ 129.4115746, 36.5822001 ], [ 129.4114968, 36.5824414 ], [ 129.4118267, 36.582702 ], [ 129.412207599999988, 36.5826352 ], [ 129.412483900000012, 36.5828075 ], [ 129.411976900000013, 36.5840395 ], [ 129.4113064, 36.5858034 ], [ 129.4109094, 36.586639 ], [ 129.4102684, 36.5869449 ], [ 129.4099143, 36.586947 ], [ 129.409667500000012, 36.5868824 ], [ 129.410128899999989, 36.5851745 ], [ 129.4105554, 36.5841881 ], [ 129.4111428, 36.5829971 ], [ 129.4114807, 36.58231 ], [ 129.4117597, 36.58189 ], [ 129.4124088, 36.5809121 ], [ 129.4126099, 36.5805697 ] ] ] } },
{ "type": "Feature", "properties": { "natural": "wood", "name": null }, "geometry": { "type": "Polygon", "coordinates": [ [ [ 129.372906300000011, 36.3821132 ], [ 129.3727341, 36.3812016 ], [ 129.371973200000014, 36.3795752 ], [ 129.3722903, 36.379247 ], [ 129.373486, 36.3784885 ], [ 129.3739752, 36.3777591 ], [ 129.37416540000001, 36.3779196 ], [ 129.3740114, 36.3786125 ], [ 129.3732958, 36.3793856 ], [ 129.3731146, 36.380217 ], [ 129.3733139, 36.3807202 ], [ 129.3738031, 36.380764 ], [ 129.3742107, 36.3806837 ], [ 129.3739208, 36.3811943 ], [ 129.373794, 36.3818725 ], [ 129.373730599999988, 36.3820913 ], [ 129.3734135, 36.3821278 ], [ 129.372906300000011, 36.3821132 ] ] ] } },
{ "type": "Feature", "properties": { "natural": "wood", "name": null }, "geometry": { "type": "Polygon", "coordinates": [ [ [ 129.378367200000014, 36.4237856 ], [ 129.3779936, 36.4229379 ], [ 129.377799399999986, 36.4223306 ], [ 129.378031, 36.4225892 ], [ 129.3784943, 36.4236473 ], [ 129.3791742, 36.4248799 ], [ 129.3801829, 36.4269059 ], [ 129.3803996, 36.4274591 ], [ 129.3802054, 36.4273989 ], [ 129.380041, 36.4271344 ], [ 129.3794955, 36.4272366 ], [ 129.3792116, 36.4265272 ], [ 129.379645, 36.4261905 ], [ 129.3793461, 36.4260643 ], [ 129.3789127, 36.4258057 ], [ 129.3791966, 36.4255292 ], [ 129.379323699999986, 36.4253849 ], [ 129.378942599999988, 36.4247235 ], [ 129.3786512, 36.4247235 ], [ 129.3786063, 36.4246273 ], [ 129.378636199999988, 36.4242065 ], [ 129.378367200000014, 36.4237856 ] ] ] } },
{ "type": "Feature", "properties": { "natural": "wood", "name": null }, "geometry": { "type": "Polygon", "coordinates": [ [ [ 129.3783278, 36.4314313 ], [ 129.3782248, 36.431093 ], [ 129.3784565, 36.4295875 ], [ 129.378877100000011, 36.4291248 ], [ 129.3794178, 36.4286967 ], [ 129.3799071, 36.4291732 ], [ 129.3804735, 36.429042 ], [ 129.3803963, 36.4289038 ], [ 129.3811001, 36.4289798 ], [ 129.3816923, 36.4301745 ], [ 129.382361800000012, 36.4314175 ], [ 129.382490600000011, 36.4319493 ], [ 129.3818125, 36.4324189 ], [ 129.3818812, 36.4317145 ], [ 129.3816838, 36.4312518 ], [ 129.3812718, 36.431162 ], [ 129.3806538, 36.4318181 ], [ 129.3800186, 36.4320736 ], [ 129.3795208, 36.431894 ], [ 129.3783278, 36.4314313 ] ] ] } },
{ "type": "Feature", "properties": { "natural": "wood", "name": null }, "geometry": { "type": "Polygon", "coordinates": [ [ [ 129.276042600000011, 36.3513069 ], [ 129.276131099999986, 36.3513911 ], [ 129.2763028, 36.3511448 ], [ 129.2764235, 36.3509051 ], [ 129.276664899999986, 36.3504104 ], [ 129.2766514, 36.3502505 ], [ 129.2764637, 36.3498984 ], [ 129.276107, 36.3497579 ], [ 129.276042600000011, 36.3495873 ], [ 129.2760077, 36.3492481 ], [ 129.2758977, 36.3491271 ], [ 129.2756885, 36.3491293 ], [ 129.275530300000014, 36.3491833 ], [ 129.2753774, 36.3492978 ], [ 129.275203, 36.3494555 ], [ 129.275130600000011, 36.3495452 ], [ 129.2750877, 36.3496996 ], [ 129.2751065, 36.349839 ], [ 129.2751802, 36.3499513 ], [ 129.2754579, 36.350338 ], [ 129.2755812, 36.3504784 ], [ 129.27563090000001, 36.3506825 ], [ 129.2758347, 36.3508889 ], [ 129.2758924, 36.3509774 ], [ 129.2759849, 36.3510833 ], [ 129.2760439, 36.351241 ], [ 129.276042600000011, 36.3513069 ] ] ] } }
]
}
